ateId,ateColaborador,ateCliente,ateDataCompra,ateDataVencimento,ateTotal,atePago,ateFormaPagamento,ateEntrada
10021,2,7,10-Feb-15,10-Feb-15,"960,00",Carnê aberto,CARNÊ,
10024,2,20,12-Aug-16,23-Sep-16,"550,00",Carnê concluído,CARNÊ,"0,00"
10025,2,21,07-Dec-16,07-Feb-17,"1800,00",Carnê concluído,CARNÊ,"0,00"
10026,,17,12-Feb-16,12-May-16,"700,00",Carnê concluído,CARNÊ,"0,00"
10027,,15,03-Jun-16,05-Jul-16,"800,00",Carnê concluído,CARNÊ,"160,00"
10028,,14,05-May-16,05-Jun-16,"780,00",Carnê concluído,CARNÊ,"0,00"
10029,,11,08-May-12,10-Jun-12,"450,00",Carnê aberto,CARNÊ,"0,00"
10031,2,16,22-Feb-16,22-Mar-16,"800,00",Carnê concluído,CARNÊ,"0,00"
10032,2,24,10-Dec-14,10-Jan-15,"1200,00",Carnê concluído,CARNÊ,"0,00"
10033,2,23,22-Oct-13,10-Nov-13,"630,00",Carnê aberto,CARNÊ,"30,00"
10034,2,22,09-Nov-12,10-Sep-14,"1330,00",Carnê aberto,CARNÊ,"0,00"
10035,2,26,24-Dec-15,05-Mar-16,"1250,00",Carnê aberto,CARNÊ,"884,00"
10036,2,106,15-Apr-16,10-May-16,"780,00",Carnê concluído,CARNÊ,"0,00"
10037,,36,26-Nov-14,06-Jan-15,"850,00",Carnê aberto,CARNÊ,"170,00"
10038,2,32,16-Jan-17,,"210,00",Pago com sucesso em dinheiro,DINHEIRO,"0,00"
10039,2,31,07-Aug-15,,"960,00",Pago com sucesso em dinheiro,DINHEIRO,"0,00"
10040,2,31,28-May-16,05-Jul-16,"180,00",Carnê concluído,CARNÊ,"50,00"
10041,2,30,16-Jan-17,04-Jun-16,"750,00",Carnê concluído,CARNÊ,"0,00"
10042,,40,31-Aug-15,27-Jan-17,"3010,00",Carnê concluído,CARNÊ,"2738,00"
10043,,8,05-Mar-15,,"1920,00",Pago com sucesso em dinheiro,DINHEIRO,"0,00"
10044,,29,09-Aug-16,07-Nov-16,"240,00",Carnê concluído,CARNÊ,"130,00"
10045,,28,14-Jun-16,,"1015,00",Pago com sucesso em dinheiro,DINHEIRO,"0,00"
10046,2,38,28-Nov-16,05-Jan-17,"690,00",Carnê concluído,CARNÊ,"0,00"
10047,2,39,07-Jul-16,23-Jan-17,"580,00",Carnê concluído,CARNÊ,"464,00"
10048,2,41,27-May-16,01-Feb-17,"1250,00",Carnê concluído,CARNÊ,"650,00"
10049,2,42,12-Jan-16,18-Jan-16,"600,00",Carnê concluído,CARNÊ,"0,00"
10050,2,43,30-Oct-15,17-Apr-16,"1200,00",Carnê concluído,CARNÊ,"1000,00"
10051,2,44,29-Oct-15,12-Aug-16,"1600,00",Carnê concluído,CARNÊ,"1000,00"
10052,2,45,13-Jun-16,15-Feb-17,"1000,00",Carnê concluído,CARNÊ,"660,00"
10054,2,46,01-Mar-16,,"800,00",Pago com sucesso em dinheiro,DINHEIRO,"0,00"
10056,2,158,10-Jan-17,,400,Pago com sucesso em dinheiro,DINHEIRO,"0,00"
10057,2,159,17-Jan-17,31-Jan-17,"310,00",Carnê concluído,CARNÊ,"150,00"
10058,2,161,18-Jan-17,,"660,00",Pago com sucesso no catão de crédito em 6 parcelas,CRÉDITO,"0,00"
10060,2,174,25-Jan-17,28-Feb-17,"900,00",Carnê concluído,CARNÊ,"0,00"
10061,2,160,23-Jan-17,15-Feb-17,"1200,00",Carnê concluído,CARNÊ,"300,00"
10062,2,197,25-Jan-17,25-Feb-17,"600,00",Carnê aberto,CARNÊ,"120,00"
10063,2,272,01-Feb-17,01-Feb-17,"320,00",Carnê concluído,CARNÊ,"0,00"
10064,2,198,25-Jan-17,02-Feb-17,"780,00",Carnê concluído,CARNÊ,"0,00"
10066,2,67,28-Dec-16,06-Feb-17,"480,00",Carnê concluído,CARNÊ,"0,00"
10068,,293,04-Feb-17,,"960,00",Pago com sucesso no catão de crédito em 6 parcelas,CRÉDITO,"0,00"
10069,,292,08-Feb-17,,"500,00",Pago com sucesso no catão de crédito em 4 parcelas,CRÉDITO,"150,00"
10070,,294,06-Feb-17,,"560,00",Pago com sucesso no cartão de débito,DÉBITO,"0,00"
10071,,295,08-Feb-17,,"250,00",Pago com sucesso em dinheiro,DINHEIRO,"0,00"
10072,,296,08-Feb-17,,"400,00",Pago com sucesso no catão de crédito em 4 parcelas,CRÉDITO,"0,00"
10073,1,180,03-Feb-17,03-Mar-17,"1300,00",Carnê concluído,CARNÊ,"200,00"
10074,2,3,03-Oct-16,20-Nov-16,"1280,00",Carnê concluído,CARNÊ,"256,00"
10075,2,345,11-Feb-17,11-Mar-17,"700,00",Carnê aberto,CARNÊ,"200,00"
10076,2,354,15-Feb-17,15-Mar-17,"700,00",Carnê concluído,CARNÊ,"140,00"
10077,2,341,09-Feb-17,,"900,00",Pago com sucesso no catão de crédito em 1 parcelas,CRÉDITO,"0,00"
10078,2,342,09-Feb-17,,"1630,00",Pago com sucesso no catão de crédito em 1 parcelas,CRÉDITO,"0,00"
10079,2,343,10-Feb-17,,"200,00",Pago com sucesso no catão de crédito em 1 parcelas,CRÉDITO,"0,00"
10080,2,344,10-Feb-17,,"700,00",Pago com sucesso em dinheiro,DINHEIRO,"0,00"
10081,2,347,13-Feb-17,,"500,00",Pago com sucesso em dinheiro,DINHEIRO,"0,00"
10082,2,349,14-Feb-17,,"1300,00",Pago com sucesso no catão de crédito em 1 parcelas,CRÉDITO,"0,00"
10083,2,350,14-Feb-17,,"500,00",Pago com sucesso no catão de crédito em 1 parcelas,CRÉDITO,"0,00"
10084,2,356,16-Feb-17,,"250,00",Pago com sucesso em dinheiro,DINHEIRO,"0,00"
10085,2,298,08-Feb-17,01-Mar-17,"400,00",Carnê concluído,CARNÊ,"0,00"
10086,2,297,07-Feb-17,,"800,00",Pago com sucesso em dinheiro,DINHEIRO,"0,00"
10087,2,402,23-Mar-17,,"500,00",Pago com sucesso no cartão de débito,DÉBITO,"0,00"
10088,2,401,24-Feb-17,,"840,00",Pago com sucesso no catão de crédito em 6 parcelas,CRÉDITO,"0,00"
10090,2,103,23-Dec-16,05-Jan-17,"900,00",Carnê concluído,CARNÊ,"0,00"
10091,2,399,20-Feb-17,05-Mar-17,"240,00",Carnê concluído,CARNÊ,"0,00"
10092,2,99,16-Nov-16,10-Dec-16,"700,00",Carnê concluído,CARNÊ,"300,00"
10093,2,351,14-Feb-17,,"450,00",Pago com sucesso em dinheiro,DINHEIRO,"0,00"
10094,2,327,26-May-14,26-Jan-16,"2120,00",Carnê concluído,CARNÊ,"1855,00"
10095,2,48,27-Aug-15,06-Jan-16,"960,00",Carnê concluído,CARNÊ,"660,00"
10096,2,405,02-Mar-17,02-Apr-17,"370,00",Carnê aberto,CARNÊ,"0,00"
10097,2,404,02-Sep-14,30-Dec-15,"900,00",Carnê aberto,CARNÊ,"600,00"
10098,2,50,25-Apr-13,25-Jun-13,"800,00",Carnê aberto,CARNÊ,"650,00"
10099,2,52,05-Dec-16,08-Feb-17,"910,00",Carnê concluído,CARNÊ,"350,00"
10100,2,51,29-Dec-16,25-Jan-17,"1680,00",Carnê concluído,CARNÊ,"0,00"
10101,2,59,13-Jan-16,10-Feb-16,"500,00",Carnê aberto,CARNÊ,"0,00"
10102,2,55,16-Nov-16,21-Dec-16,"300,00",Carnê concluído,CARNÊ,"0,00"
10103,,54,30-Aug-16,05-Oct-16,"990,00",Carnê concluído,CARNÊ,"0,00"
10104,2,51,24-Jan-17,24-Feb-17,"200,00",Carnê concluído,CARNÊ,"0,00"
10105,2,56,08-Jan-14,26-Feb-14,"800,00",Carnê aberto,CARNÊ,"200,00"
10106,,57,12-Apr-16,20-May-16,"825,00",Carnê concluído,CARNÊ,"100,00"
10107,,58,28-Nov-14,28-Dec-14,"1680,00",Carnê aberto,CARNÊ,"0,00"
10108,2,63,03-Nov-12,15-Jul-15,"2410,00",Carnê concluído,CARNÊ,"1910,00"
10109,2,108,04-Aug-16,05-Nov-16,"1530,00",Carnê aberto,CARNÊ,"850,00"
10110,2,53,13-Mar-17,30-Dec-16,"1200,00",Carnê aberto,CARNÊ,"0,00"
10111,2,53,26-Dec-16,28-Feb-17,"600,00",Carnê aberto,CARNÊ,"0,00"
10112,2,64,22-Apr-14,22-May-14,"1780,00",Carnê aberto,CARNÊ,"845,00"
10113,2,66,07-Dec-16,07-Jan-17,"720,00",Carnê concluído,CARNÊ,"0,00"
10114,2,68,18-May-16,10-Jun-16,"620,00",Carnê concluído,CARNÊ,"200,00"
10115,2,72,03-Aug-15,10-Sep-15,"600,00",Carnê concluído,CARNÊ,"0,00"
10118,2,71,21-Mar-15,21-Apr-15,"700,00",Carnê aberto,CARNÊ,"0,00"
10119,2,407,07-Mar-17,30-Mar-17,"810,00",Carnê concluído,CARNÊ,"0,00"
10120,2,408,02-Mar-17,,"400,00",Pago com sucesso em dinheiro,DINHEIRO,"0,00"
10121,2,409,08-Mar-17,,"500,00",Pago com sucesso em dinheiro,DINHEIRO,"0,00"
10122,2,410,09-Mar-17,08-Apr-17,"345,00",Carnê concluído,CARNÊ,"0,00"
10123,2,406,14-Mar-17,02-Apr-17,"500,00",Carnê concluído,CARNÊ,"0,00"
10124,2,411,14-Mar-17,,"600,00",Pago com sucesso no catão de crédito em 1 parcelas,CRÉDITO,"0,00"
10125,2,348,15-Mar-17,20-Apr-17,"1685,00",Carnê concluído,CARNÊ,"500,00"
10126,2,413,15-Mar-17,10-Apr-17,"980,00",Carnê concluído,CARNÊ,"200,00"
10127,2,107,19-Jul-16,19-Aug-16,"840,00",Carnê concluído,CARNÊ,"400,00"
10128,2,75,08-Nov-16,25-Nov-16,"650,00",Carnê concluído,CARNÊ,"0,00"
10129,2,83,30-Apr-16,05-Jun-16,"690,00",Carnê concluído,CARNÊ,"115,00"
10130,2,77,15-Sep-16,30-Sep-16,"1925,00",Carnê concluído,CARNÊ,"0,00"
10131,2,143,14-Feb-17,15-Mar-17,"420,00",Carnê aberto,CARNÊ,"140,00"
10132,2,16,07-Mar-17,10-Apr-17,"850,00",Carnê concluído,CARNÊ,"0,00"
10134,2,415,11-Mar-17,18-Apr-17,"500,00",Carnê concluído,CARNÊ,"200,00"
10135,2,418,18-Mar-17,,"240,00",Pago com sucesso no catão de crédito em 2 parcelas,CRÉDITO,"0,00"
10136,2,85,03-Mar-15,16-Apr-15,"1320,00",Carnê concluído,CARNÊ,"0,00"
10137,2,87,27-Sep-16,05-Nov-16,"2050,00",Carnê aberto,CARNÊ,"350,00"
10138,2,89,09-Dec-15,09-Jan-16,"900,00",Carnê aberto,CARNÊ,"150,00"
10139,2,90,27-Oct-16,05-Dec-16,"1015,00",Carnê concluído,CARNÊ,"0,00"
10140,2,91,06-Jul-11,12-Jan-13,"750,00",Carnê aberto,CARNÊ,"475,00"
10141,2,93,08-Nov-16,14-Dec-16,"770,00",Carnê concluído,CARNÊ,"490,00"
10142,2,97,24-Nov-16,24-Dec-16,"750,00",Carnê concluído,CARNÊ,"0,00"
10143,2,95,03-Feb-16,04-Mar-16,"600,00",Carnê concluído,CARNÊ,"150,00"
10144,2,98,20-Aug-16,20-Sep-16,"500,00",Carnê concluído,CARNÊ,"0,00"
10145,2,100,28-Apr-12,10-May-12,"500,00",Carnê aberto,CARNÊ,"0,00"
10146,2,104,10-Dec-16,10-Jan-17,"900,00",Carnê concluído,CARNÊ,"0,00"
10147,2,105,12-Sep-16,30-Sep-16,"550,00",Carnê concluído,CARNÊ,"100,00"
10148,2,110,06-Apr-10,06-May-10,"390,00",Carnê aberto,CARNÊ,"50,00"
10149,2,111,21-Aug-12,07-Sep-12,"795,00",Carnê aberto,CARNÊ,"135,00"
10150,2,112,23-Dec-13,30-Jan-14,"1200,00",Carnê aberto,CARNÊ,"0,00"
10151,2,113,26-Aug-13,10-Sep-13,"1500,00",Carnê aberto,CARNÊ,"0,00"
10152,2,416,17-Mar-17,05-Apr-17,"840,00",Carnê concluído,CARNÊ,"400,00"
10153,2,412,15-Mar-17,06-Apr-17,"590,00",Carnê concluído,CARNÊ,"70,00"
10154,,420,20-Mar-17,,"700,00",Pago com sucesso no cartão de débito,DÉBITO,"0,00"
10155,,419,20-Mar-17,20-Apr-17,"700,00",Carnê concluído,CARNÊ,"0,00"
10157,2,424,22-Mar-17,22-Apr-17,"1150,00",Carnê concluído,CARNÊ,"1000,00"
10158,2,423,22-Mar-17,05-Apr-17,"750,00",Carnê concluído,CARNÊ,"0,00"
10159,2,442,23-Mar-17,,"960,00",Pago com sucesso no catão de crédito em 6 parcelas,CRÉDITO,"0,00"
10160,2,443,24-Mar-17,20-Apr-17,"2200,00",Carnê concluído,CARNÊ,"1000,00"
10161,2,444,24-Mar-17,09-May-17,"960,00",Carnê concluído,CARNÊ,"200,00"
10162,2,445,28-Mar-17,23-Apr-17,"550,00",Carnê concluído,CARNÊ,"0,00"
10163,2,406,29-Mar-17,02-May-17,"675,00",Carnê aberto,CARNÊ,"0,00"
10164,2,460,30-Mar-17,30-Apr-17,"500,00",Carnê concluído,CARNÊ,"100,00"
10165,2,186,31-Mar-17,17-Apr-17,"1290,00",Carnê concluído,CARNÊ,"0,00"
10166,2,462,03-Apr-17,15-May-17,"780,00",Carnê concluído,CARNÊ,"130,00"
10167,2,47,02-Jun-14,05-Nov-14,"1500,00",Carnê concluído,CARNÊ,"1250,00"
10168,2,19,10-Sep-15,20-Oct-15,"675,00",Carnê concluído,CARNÊ,"135,00"
10169,2,514,04-Apr-17,,"840,00",Pago com sucesso no catão de crédito em 6 parcelas,CRÉDITO,"0,00"
10170,2,515,04-Apr-17,02-May-17,"900,00",Carnê concluído,CARNÊ,"200,00"
10171,2,516,05-Apr-17,,"410,00",Pago com sucesso em dinheiro,DINHEIRO,"0,00"
10172,2,518,07-Apr-17,,"600,00",Pago com sucesso no catão de crédito em 5 parcelas,CRÉDITO,"0,00"
10173,2,519,07-Apr-17,,"290,00",Pago com sucesso no cartão de débito,DÉBITO,"0,00"
10174,2,517,06-Apr-17,08-May-17,"250,00",Carnê concluído,CARNÊ,"100,00"
10175,2,76,21-Nov-16,15-May-17,"1624,00",Carnê concluído,CARNÊ,"1392,00"
10176,2,565,20-Apr-17,,"200,00",Pago com sucesso em dinheiro,DINHEIRO,"0,00"
10178,2,519,07-Apr-17,,"890,00",Pago com sucesso no catão de crédito em 4 parcelas,CRÉDITO,"290,00"
10179,2,420,19-Apr-17,,"300,00",Pago com sucesso em dinheiro,DINHEIRO,"0,00"
10180,2,581,24-Apr-17,10-May-17,"1800,00",Carnê concluído,CARNÊ,"0,00"
10181,2,580,24-Apr-17,,"70,00",Pago com sucesso em dinheiro,DINHEIRO,"0,00"
10182,2,592,24-Apr-17,05-May-17,"600,00",Carnê concluído,CARNÊ,"80,00"
10183,2,223,24-Apr-17,,"1000,00",Pago com sucesso no catão de crédito em 5 parcelas,CRÉDITO,"400,00"
10184,2,589,25-Apr-17,08-May-17,"690,00",Carnê concluído,CARNÊ,"0,00"
10185,2,590,25-Apr-17,,"200,00",Pago com sucesso no cartão de débito,DÉBITO,"0,00"
10186,2,591,25-Apr-17,,"450,00",Pago com sucesso no catão de crédito em 3 parcelas,CRÉDITO,"0,00"
10187,2,461,03-Apr-17,07-May-17,"960,00",Carnê concluído,CARNÊ,"0,00"
10189,2,566,20-Apr-17,10-May-17,"800,00",Carnê concluído,CARNÊ,"0,00"
10190,2,445,28-Apr-17,23-May-17,"1140,00",Carnê concluído,CARNÊ,"0,00"
10191,2,632,04-May-17,,"450,00",Pago com sucesso em dinheiro,DINHEIRO,"0,00"
10192,2,633,06-May-17,,"1050,00",Pago com sucesso no catão de crédito em 6 parcelas,CRÉDITO,"0,00"
10193,2,635,08-May-17,,"380,00",Pago com sucesso em dinheiro,DINHEIRO,"0,00"
10194,2,636,09-May-17,,"1300,00",Pago com sucesso no catão de crédito em 6 parcelas,CRÉDITO,"0,00"
10195,2,637,09-May-17,,"380,00",Pago com sucesso em dinheiro,DINHEIRO,"0,00"
10196,2,664,13-May-17,,"1200,00",Pago com sucesso no catão de crédito em 6 parcelas,CRÉDITO,"0,00"
10197,2,418,15-May-17,,"400,00",Pago com sucesso no catão de crédito em 4 parcelas,CRÉDITO,"0,00"
10198,2,666,17-May-17,,"200,00",Pago com sucesso em dinheiro,DINHEIRO,"0,00"
10199,2,618,17-May-17,17-Jun-17,"300,00",Carnê concluído,CARNÊ,"100,00"
10200,2,667,17-May-17,05-Jun-17,"900,00",Carnê concluído,CARNÊ,"0,00"
10201,2,665,17-May-17,02-Jul-17,"1120,00",Carnê concluído,CARNÊ,"160,00"
10202,2,634,08-May-17,10-Jun-17,"590,00",Carnê concluído,CARNÊ,"300,00"
10203,692,710,26-Nov-16,26-Nov-16,"1320,00",Pago com sucesso no catão de crédito em 1 parcelas,CRÉDITO,"0,00"
10204,2,746,23-May-17,,"100,00",Pago com sucesso em dinheiro,DINHEIRO,"0,00"
10205,2,706,26-May-17,26-Jun-17,"640,00",Carnê concluído,CARNÊ,"200,00"
10206,2,763,30-May-17,,"380,00",Pago com sucesso no catão de crédito em 2 parcelas,CRÉDITO,"0,00"
10207,2,775,31-May-17,,"300,00",Pago com sucesso no catão de crédito em 3 parcelas,CRÉDITO,"0,00"
10208,2,776,02-Jun-17,30-Jun-17,"600,00",Carnê concluído,CARNÊ,"0,00"
10209,2,777,02-Jun-17,03-Jul-17,"600,00",Pago com sucesso no catão de crédito em 3 parcelas,CRÉDITO,"0,00"
10210,2,38,03-Jun-17,05-May-17,"50,00",Carnê concluído,CARNÊ,"0,00"
10211,2,779,03-Jun-17,04-Jul-17,"1000,00",Carnê concluído,CARNÊ,"250,00"
10212,2,778,03-Jun-17,,"850,00",Pago com sucesso no catão de crédito em 6 parcelas,CRÉDITO,"0,00"
10213,2,780,02-Jun-17,05-Jul-17,"480,00",Carnê concluído,CARNÊ,"150,00"
10214,2,782,05-Jun-17,15-Jul-17,1110,Carnê aberto,CARNÊ,"185,00"
10215,2,783,12-May-17,,"300,00",Pago com sucesso em dinheiro,DINHEIRO,"0,00"
10216,2,784,20-May-17,,"60,00",Pago com sucesso em dinheiro,DINHEIRO,"0,00"
10217,692,791,08-Jun-17,,"1000,00",Pago com sucesso no cartão de débito,DÉBITO,"0,00"
10218,2,792,08-Jun-17,,"100,00",Pago com sucesso em dinheiro,DINHEIRO,"0,00"
10219,2,793,08-Jun-17,,"280,00",Pago com sucesso em dinheiro,DINHEIRO,"0,00"
10220,2,803,10-Jun-17,,"1200,00",Pago com sucesso no catão de crédito em 6 parcelas,CRÉDITO,"0,00"
10221,2,804,24-Apr-17,17-May-17,"780,00",Carnê concluído,CARNÊ,"300,00"
10222,2,805,12-Jun-17,27-Jun-17,"930,00",Carnê concluído,CARNÊ,"0,00"
10223,2,807,14-Jun-17,10-Jul-17,"930,00",Carnê concluído,CARNÊ,"0,00"
10225,2,810,16-Jun-17,,"700,00",Pago com sucesso no cartão de débito,DÉBITO,"0,00"
10226,2,811,16-Jun-17,,"500,00",Pago com sucesso no catão de crédito em 3 parcelas,CRÉDITO,"0,00"
10227,2,812,17-Jun-17,,"580,00",Pago com sucesso no catão de crédito em 6 parcelas,CRÉDITO,"0,00"
10228,2,813,20-Jun-17,,"400,00",Pago com sucesso em dinheiro,DINHEIRO,"0,00"
10229,2,816,21-Jun-17,,"450,00",Pago com sucesso em dinheiro,DINHEIRO,"0,00"
10230,2,808,14-Jun-17,22-Jul-17,"870,00",Carnê concluído,CARNÊ,"200,00"
10231,2,818,27-Jul-17,15-Jul-17,"900,00",Carnê concluído,CARNÊ,"0,00"
10232,2,819,28-Jul-17,,"700,00",Pago com sucesso em dinheiro,DINHEIRO,"0,00"
10233,2,209,26-Jan-17,24-Feb-17,"1100,00",Carnê concluído,CARNÊ,"500,00"
10234,2,430,06-Jul-17,07-Aug-17,"1650,00",Carnê concluído,CARNÊ,"500,00"
10235,2,822,05-Jul-17,05-Aug-17,"580,00",Carnê concluído,CARNÊ,"100,00"
10236,2,825,06-Jul-17,06-Aug-17,"1740,00",Carnê concluído,CARNÊ,"290,00"
10237,2,824,07-Jul-17,18-Jul-17,"200,00",Carnê concluído,CARNÊ,"0,00"
10238,2,826,08-Jul-17,,"520,00",Pago com sucesso em dinheiro,DINHEIRO,"0,00"
10239,2,738,08-Jul-17,,"500,00",Pago com sucesso no catão de crédito em 5 parcelas,CRÉDITO,"0,00"
10240,2,827,10-Jul-17,08-Aug-17,"750,00",Carnê concluído,CARNÊ,"125,00"
10241,2,828,10-Jul-17,10-Aug-17,"960,00",Carnê concluído,CARNÊ,"160,00"
10242,2,829,10-Jul-17,08-Aug-17,"740,00",Carnê concluído,CARNÊ,"200,00"
10243,2,801,10-Jul-17,10-Aug-17,"500,00",Carnê concluído,CARNÊ,"200,00"
10244,2,378,11-Jul-17,11-Aug-17,"1680,00",Carnê concluído,CARNÊ,"280,00"
10245,2,830,11-Jul-17,25-Jul-17,"660,00",Carnê concluído,CARNÊ,"0,00"
10246,2,831,11-Jul-17,,"840,00",Pago com sucesso no catão de crédito em 5 parcelas,CRÉDITO,"0,00"
10247,2,832,13-Jul-17,,"1350,00",Pago com sucesso no catão de crédito em 6 parcelas,CRÉDITO,"0,00"
10248,2,833,13-Jul-17,13-Jul-17,"680,00",Carnê concluído,CARNÊ,"150,00"
10249,2,43,13-Jul-17,28-Jul-17,"2580,00",Carnê concluído,CARNÊ,"0,00"
10250,2,817,21-Jun-17,05-Jul-17,"780,00",Carnê aberto,CARNÊ,"0,00"
10251,2,839,18-Jul-17,,"250,00",Pago com sucesso em dinheiro,DINHEIRO,"0,00"
10252,2,740,18-Jul-17,18-Aug-17,"1020,00",Carnê concluído,CARNÊ,"0,00"
10253,2,845,20-Jul-17,,"800,00",Pago com sucesso em dinheiro,DINHEIRO,"0,00"
10254,2,830,24-Jul-17,25-Aug-17,"600,00",Carnê concluído,CARNÊ,"0,00"
10255,2,855,27-Jul-17,,"350,00",Pago com sucesso no catão de crédito em 4 parcelas,CRÉDITO,"0,00"
10256,2,855,03-Aug-17,,"300,00",Pago com sucesso no catão de crédito em 3 parcelas,CRÉDITO,"0,00"
10257,2,857,31-Jul-17,31-Aug-17,"935,00",Pago com sucesso no catão de crédito em 6 parcelas,CRÉDITO,"0,00"
10258,2,877,31-Jul-17,31-Aug-17,"600,00",Pago com sucesso no catão de crédito em 6 parcelas,CRÉDITO,"100,00"
10259,2,874,02-Aug-17,07-Sep-17,"800,00",Carnê concluído,CARNÊ,"200,00"
10260,2,879,07-Aug-17,07-Aug-17,"270,00",Pago com sucesso no catão de crédito em 3 parcelas,CRÉDITO,"0,00"
10261,2,761,07-Aug-17,07-Sep-17,"1100,00",Carnê concluído,CARNÊ,"200,00"
10262,2,880,09-Aug-17,09-Sep-17,"550,00",Pago com sucesso no catão de crédito em 5 parcelas,CRÉDITO,"0,00"
10263,2,881,09-Aug-17,10-Sep-17,"450,00",Carnê concluído,CARNÊ,"300,00"
10264,2,657,09-Aug-17,15-Sep-17,"1155,00",Carnê concluído,CARNÊ,"0,00"
10265,2,573,09-Aug-17,05-Sep-17,"924,00",Carnê concluído,CARNÊ,"0,00"
10266,2,882,10-Aug-17,10-Sep-17,"700,00",Pago com sucesso no catão de crédito em 5 parcelas,CRÉDITO,"0,00"
10267,2,884,10-Aug-17,10-Sep-17,"700,00",Pago com sucesso no catão de crédito em 5 parcelas,CRÉDITO,"0,00"
10268,2,886,10-Aug-17,,"450,00",Pago com sucesso no cartão de débito,DÉBITO,"0,00"
10269,2,887,11-Aug-17,11-Sep-17,"660,00",Pago com sucesso no catão de crédito em 6 parcelas,CRÉDITO,"0,00"
10270,2,889,11-Aug-17,30-Aug-17,"1340,00",Carnê concluído,CARNÊ,"150,00"
10271,2,891,15-Aug-17,09-Sep-17,"845,00",Pago com sucesso no catão de crédito em 6 parcelas,CRÉDITO,"0,00"
10272,2,892,15-Aug-17,,"500,00",Pago com sucesso no cartão de débito,DÉBITO,"0,00"
10273,2,150,16-Aug-17,16-Sep-17,"1110,00",Carnê concluído,CARNÊ,"185,00"
10274,2,445,16-Aug-17,25-Aug-17,"1200,00",Carnê concluído,CARNÊ,"0,00"
10275,2,893,16-Aug-17,30-Aug-17,"2295,00",Pago com sucesso no catão de crédito em 6 parcelas,CRÉDITO,"915,00"
10276,2,894,17-Aug-17,10-Sep-17,"900,00",Carnê concluído,CARNÊ,"180,00"
10277,2,895,18-Aug-17,18-Sep-17,"270,00",Pago com sucesso no catão de crédito em 4 parcelas,CRÉDITO,"0,00"
10278,2,896,19-Aug-17,,"250,00",Pago com sucesso no cartão de débito,DÉBITO,"0,00"
10279,2,897,22-Aug-17,22-Sep-17,"1300,00",Pago com sucesso no catão de crédito em 6 parcelas,CRÉDITO,"0,00"
10280,2,906,25-Aug-17,15-Sep-17,"1170,00",Carnê concluído,CARNÊ,"200,00"
10281,2,903,28-Aug-17,02-Sep-17,"500,00",Carnê concluído,CARNÊ,"0,00"
10283,,911,30-Aug-17,30-Sep-17,"500,00",Pago com sucesso no catão de crédito em 5 parcelas,CRÉDITO,"0,00"
10284,,912,30-Aug-17,20-Sep-17,"810,00",Carnê concluído,CARNÊ,"0,00"
10285,2,914,31-Aug-17,01-Oct-17,"1300,00",Carnê concluído,CARNÊ,"900,00"
10286,2,913,31-Aug-17,02-Oct-17,"2640,00",Pago com sucesso no catão de crédito em 4 parcelas,CRÉDITO,"1000,00"
10287,2,915,04-Sep-17,,"100,00",Pago com sucesso em dinheiro,DINHEIRO,"0,00"
10288,2,908,28-Aug-17,05-Oct-17,"945,00",Carnê concluído,CARNÊ,"0,00"
10289,2,922,11-Sep-17,,"120,00",Pago com sucesso em dinheiro,DINHEIRO,"0,00"
10290,2,923,09-Sep-17,,"850,00",Pago com sucesso em dinheiro,DINHEIRO,"0,00"
10291,2,924,13-Sep-17,05-Oct-17,"550,00",Carnê aberto,CARNÊ,"0,00"
10292,2,102,13-Sep-17,05-Oct-17,"840,00",Carnê concluído,CARNÊ,"0,00"
10293,2,934,14-Sep-17,14-Oct-17,"660,00",Pago com sucesso no catão de crédito em 6 parcelas,CRÉDITO,"0,00"
10294,2,935,15-Sep-17,26-Sep-17,"675,00",Carnê concluído,CARNÊ,"0,00"
10295,2,86,18-Sep-17,19-Oct-17,"400,00",Pago com sucesso no catão de crédito em 4 parcelas,CRÉDITO,"0,00"
10296,2,990,16-Sep-17,16-Oct-17,"780,00",Pago com sucesso no catão de crédito em 6 parcelas,CRÉDITO,"0,00"
10297,2,991,18-Sep-17,,"800,00",Pago com sucesso no cartão de débito,DÉBITO,"0,00"
10298,2,992,18-Sep-17,07-Oct-17,"360,00",Carnê concluído,CARNÊ,"200,00"
10299,2,424,18-Sep-17,05-Oct-17,"390,00",Carnê concluído,CARNÊ,"0,00"
10300,2,993,19-Sep-17,,"200,00",Pago com sucesso em dinheiro,DINHEIRO,"0,00"
10301,2,994,20-Sep-17,20-Oct-17,"500,00",Pago com sucesso no catão de crédito em 4 parcelas,CRÉDITO,"100,00"
10302,2,995,21-Sep-17,,"0,01",Pago com sucesso em dinheiro,DINHEIRO,"0,00"
10303,2,999,22-Sep-17,,"450,00",Pago com sucesso no cartão de débito,DÉBITO,"0,00"
10304,2,1018,22-Sep-17,,"880,00",Pago com sucesso no catão de crédito em 5 parcelas,CRÉDITO,"0,00"
10305,2,1019,25-Sep-17,25-Oct-17,"580,00",Carnê concluído,CARNÊ,"180,00"
10306,2,927,26-Sep-17,10-Oct-17,"700,00",Carnê concluído,CARNÊ,"0,00"
10307,2,761,26-Sep-17,,"100,00",Pago com sucesso em dinheiro,DINHEIRO,"0,00"
10308,2,899,28-Sep-17,,"60,00",Pago com sucesso em dinheiro,DINHEIRO,"0,00"
10309,2,1031,28-Sep-17,,"170,00",Pago com sucesso no catão de crédito em 1 parcelas,CRÉDITO,"0,00"
10310,2,1085,28-Sep-17,,"500,00",Pago com sucesso em dinheiro,DINHEIRO,"0,00"
10311,2,14,29-Sep-17,05-Nov-17,"990,00",Carnê concluído,CARNÊ,"0,00"
10312,2,609,03-Oct-17,10-Nov-17,"750,00",Carnê concluído,CARNÊ,"150,00"
10313,2,1114,05-Oct-17,10-Nov-17,"900,00",Carnê concluído,CARNÊ,"150,00"
10314,2,1136,09-Oct-17,,"600,00",Pago com sucesso no catão de crédito em 2 parcelas,CRÉDITO,"0,00"
10315,2,67,06-Oct-17,06-Nov-17,"475,00",Carnê concluído,CARNÊ,"95,00"
10316,2,637,17-Oct-17,10-Nov-17,"400,00",Carnê concluído,CARNÊ,"0,00"
10317,2,1179,17-Oct-17,16-Nov-17,"810,00",Carnê concluído,CARNÊ,"135,00"
10318,2,216,17-Oct-17,17-Oct-17,"750,00",Carnê aberto,CARNÊ,"100,00"
10319,2,854,17-Oct-17,17-Nov-17,"810,00",Carnê aberto,CARNÊ,"0,00"
10320,2,1195,17-Oct-17,,"250,00",Pago com sucesso no catão de crédito em 2 parcelas,CRÉDITO,"100,00"
10321,,86,17-Oct-17,17-Nov-17,"850,00",Carnê concluído,CARNÊ,"0,00"
10322,2,1213,20-Oct-17,20-Nov-17,"700,00",Pago com sucesso no catão de crédito em 6 parcelas,CRÉDITO,"0,00"
10323,2,32,20-Oct-17,20-Nov-17,"350,00",Carnê concluído,CARNÊ,"175,00"
10324,2,420,24-Oct-17,,"500,00",Pago com sucesso em dinheiro,DINHEIRO,"0,00"
10325,2,478,24-Oct-17,10-Nov-17,"480,00",Carnê concluído,CARNÊ,"240,00"
10326,2,90,25-Oct-17,05-Nov-17,"200,00",Carnê concluído,CARNÊ,"0,00"
10327,2,1214,26-Oct-17,10-Nov-17,"390,00",Carnê concluído,CARNÊ,"0,00"
10328,2,75,26-Oct-17,10-Nov-17,"900,00",Carnê concluído,CARNÊ,"0,00"
10329,2,1255,28-Oct-17,28-Nov-17,"1100,00",Pago com sucesso no catão de crédito em 6 parcelas,CRÉDITO,"0,00"
10330,2,1273,31-Oct-17,,"680,00",Pago com sucesso no cartão de débito,DÉBITO,"300,00"
10331,2,80,01-Nov-17,10-Dec-17,"660,00",Carnê concluído,CARNÊ,"110,00"
10332,2,1294,03-Nov-17,,"922,00",Pago com sucesso em dinheiro,DINHEIRO,"0,00"
10333,2,302,07-Nov-17,07-Dec-17,"900,00",Carnê concluído,CARNÊ,"150,00"
10334,2,1295,07-Nov-17,20-Dec-17,"620,00",Carnê concluído,CARNÊ,"155,00"
10335,2,1296,08-Nov-17,,"230,00",Pago com sucesso no catão de crédito em 1 parcelas,CRÉDITO,"0,00"
10336,2,1129,08-Nov-17,,"450,00",Pago com sucesso em dinheiro,DINHEIRO,"0,00"
10337,2,1276,10-Nov-17,30-Nov-17,"700,00",Carnê concluído,CARNÊ,"200,00"
10338,2,1255,10-Nov-17,10-Dec-17,"340,00",Pago com sucesso no catão de crédito em 2 parcelas,CRÉDITO,"0,00"
10339,2,908,10-Nov-17,05-Dec-17,"325,00",Carnê concluído,CARNÊ,"0,00"
10340,2,1317,14-Nov-17,10-Dec-17,"1300,00",Carnê concluído,CARNÊ,"100,00"
10341,2,1318,14-Nov-17,,"300,00",Pago com sucesso em dinheiro,DINHEIRO,"0,00"
10342,2,1319,14-Nov-17,,"230,00",Pago com sucesso no cartão de débito,DÉBITO,"0,00"
10343,2,618,14-Nov-17,05-Dec-17,"200,00",Carnê concluído,CARNÊ,"50,00"
10344,2,968,17-Nov-17,10-Dec-17,"680,00",Carnê concluído,CARNÊ,"170,00"
10345,2,874,21-Nov-17,10-Dec-17,"900,00",Carnê concluído,CARNÊ,"0,00"
10346,2,1378,22-Nov-17,29-Dec-17,"500,00",Carnê aberto,CARNÊ,"100,00"
10347,2,1379,22-Nov-17,05-Dec-17,"400,00",Carnê concluído,CARNÊ,"200,00"
10348,2,1403,28-Nov-17,28-Dec-17,"700,00",Pago com sucesso no catão de crédito em 2 parcelas,CRÉDITO,"0,00"
10349,,805,23-Nov-17,,"155,00",Pago com sucesso em dinheiro,DINHEIRO,"0,00"
10350,,1428,30-Nov-17,30-Dec-17,"650,00",Pago com sucesso no catão de crédito em 6 parcelas,CRÉDITO,"0,00"
10351,2,1457,01-Dec-17,18-Dec-17,"700,00",Carnê concluído,CARNÊ,"0,00"
10352,2,1458,04-Dec-17,,"1440,00",Pago com sucesso no catão de crédito em 6 parcelas,CRÉDITO,"240,00"
10353,2,67,06-Dec-17,10-Jan-18,"780,00",Carnê concluído,CARNÊ,"0,00"
10354,2,1459,05-Dec-17,,"200,00",Pago com sucesso em dinheiro,DINHEIRO,"0,00"
10356,2,1460,11-Dec-17,,"1200,00",Pago com sucesso no catão de crédito em 6 parcelas,CRÉDITO,"0,00"
10357,2,1461,11-Dec-17,,"240,00",Pago com sucesso em dinheiro,DINHEIRO,"0,00"
10358,2,1462,11-Dec-17,11-Jan-18,"900,00",Carnê concluído,CARNÊ,"225,00"
10359,2,1463,12-Dec-17,,"750,00",Pago com sucesso no catão de crédito em 1 parcelas,CRÉDITO,"400,00"
10360,2,1464,13-Dec-17,10-Jan-18,"675,00",Carnê concluído,CARNÊ,"0,00"
10361,2,1465,14-Dec-17,,"340,00",Pago com sucesso no catão de crédito em 3 parcelas,CRÉDITO,"0,00"
10362,2,1379,15-Dec-17,23-Dec-17,"300,00",Carnê concluído,CARNÊ,"100,00"
10363,2,832,19-Dec-17,,"500,00",Pago com sucesso no catão de crédito em 5 parcelas,CRÉDITO,"0,00"
10364,2,1466,19-Dec-17,,"300,00",Pago com sucesso no catão de crédito em 3 parcelas,CRÉDITO,"0,00"
10367,2,424,22-Dec-17,,"1152,00",Pago com sucesso no catão de crédito em 1 parcelas,CRÉDITO,"192,00"
10368,2,1468,26-Dec-17,10-Dec-17,"640,00",Carnê concluído,CARNÊ,"0,00"
10369,2,310,26-Dec-17,25-Jan-18,"900,00",Carnê concluído,CARNÊ,"0,00"
10370,2,298,28-Dec-17,10-Jan-18,"500,00",Carnê concluído,CARNÊ,"0,00"
10371,2,910,29-Dec-17,06-Jan-18,"900,00",Carnê concluído,CARNÊ,"0,00"
10372,2,109,20-Dec-17,10-Jan-18,"375,00",Carnê concluído,CARNÊ,"0,00"
10373,2,807,06-Dec-17,10-Jan-18,"100,00",Carnê concluído,CARNÊ,"0,00"
10374,2,1467,21-Dec-17,05-Feb-18,"800,00",Carnê concluído,CARNÊ,"100,00"
10375,2,1472,28-Dec-17,05-Feb-18,"350,00",Carnê concluído,CARNÊ,"70,00"
10376,2,1467,17-Jan-18,05-Feb-18,"800,00",Carnê concluído,CARNÊ,"100,00"
10377,2,78,18-Jan-18,30-Jan-18,"990,00",Carnê concluído,CARNÊ,"0,00"
10378,2,1112,02-Jan-18,,"550,00",Pago com sucesso em dinheiro,DINHEIRO,"0,00"
10379,2,518,06-Jan-18,,"350,00",Pago com sucesso no catão de crédito em 2 parcelas,CRÉDITO,"0,00"
10380,2,1104,06-Jan-18,,"1000,00",Pago com sucesso no catão de crédito em 5 parcelas,CRÉDITO,"0,00"
10381,2,1473,08-Jan-18,15-Feb-18,"872,00",Carnê concluído,CARNÊ,"500,00"
10382,2,722,08-Jan-18,05-Feb-18,"1380,00",Carnê concluído,CARNÊ,"0,00"
10383,2,622,08-Jan-18,08-Feb-18,"1500,00",Carnê concluído,CARNÊ,"700,00"
10384,2,1474,09-Jan-18,10-Feb-18,"300,00",Carnê concluído,CARNÊ,"100,00"
10385,2,1475,09-Jan-18,05-Feb-18,"900,00",Carnê concluído,CARNÊ,"150,00"
10386,2,832,12-Jan-18,,"1332,00",Pago com sucesso no catão de crédito em 6 parcelas,CRÉDITO,"0,00"
10387,2,1282,12-Jan-18,15-Feb-18,"400,00",Carnê concluído,CARNÊ,"0,00"
10388,2,1476,15-Jan-18,,"85,00",Pago com sucesso em dinheiro,DINHEIRO,"0,00"
10389,2,1477,15-Jan-18,10-Feb-18,"400,00",Carnê concluído,CARNÊ,"0,00"
10390,2,1478,18-Jan-18,,"180,00",Pago com sucesso no cartão de débito,DÉBITO,"0,00"
10391,2,1479,22-Jan-18,,"500,00",Pago com sucesso no catão de crédito em 5 parcelas,CRÉDITO,"0,00"
10392,2,1480,23-Jan-18,29-Jan-18,"200,00",Carnê concluído,CARNÊ,"0,00"
10393,2,1483,23-Jan-18,23-Feb-18,"600,00",Carnê concluído,CARNÊ,"0,00"
10394,2,804,23-Jan-18,,"450,00",Pago com sucesso no catão de crédito em 4 parcelas,CRÉDITO,"0,00"
10395,2,1484,26-Jan-18,05-Mar-18,"600,00",Carnê concluído,CARNÊ,"200,00"
10396,2,1485,27-Jan-18,,"530,00",Pago com sucesso no catão de crédito em 5 parcelas,CRÉDITO,"0,00"
10397,2,1487,30-Jan-18,,"150,00",Pago com sucesso no cartão de débito,DÉBITO,"0,00"
10398,2,1488,30-Jan-18,,"600,00",Pago com sucesso em dinheiro,DINHEIRO,"0,00"
10399,2,1493,22-Jan-18,,"200,00",Pago com sucesso em dinheiro,DINHEIRO,"0,00"
10400,2,939,22-Jan-18,,"200,00",Pago com sucesso em dinheiro,DINHEIRO,"0,00"
10401,2,1505,03-Feb-18,10-Feb-18,"600,00",Carnê concluído,CARNÊ,"0,00"
10402,2,927,05-Feb-18,10-Mar-18,"400,00",Carnê concluído,CARNÊ,"0,00"
10403,2,1513,08-Feb-18,,"810,00",Pago com sucesso no catão de crédito em 6 parcelas,CRÉDITO,"0,00"
10404,2,1512,07-Feb-18,16-Mar-18,"850,00",Carnê concluído,CARNÊ,"300,00"
10405,2,1514,08-Feb-18,,"900,00",Pago com sucesso em dinheiro,DINHEIRO,"0,00"
10406,2,805,09-Feb-18,28-Feb-18,"700,00",Carnê concluído,CARNÊ,"0,00"
10407,2,578,10-Feb-18,,"400,00",Pago com sucesso no catão de crédito em 4 parcelas,CRÉDITO,"0,00"
10408,2,434,15-Feb-18,15-Mar-18,"600,00",Carnê concluído,CARNÊ,"100,00"
10409,2,1515,14-Feb-18,,"200,00",Pago com sucesso em dinheiro,DINHEIRO,"0,00"
10410,2,1516,15-Feb-18,05-Mar-18,"700,00",Carnê concluído,CARNÊ,"0,00"
10411,2,592,15-Feb-18,06-Mar-18,"750,00",Carnê concluído,CARNÊ,"150,00"
10412,2,67,16-Feb-18,10-Jul-18,"780,00",Carnê concluído,CARNÊ,"0,00"
10413,2,1517,17-Feb-18,,"100,00",Pago com sucesso em dinheiro,DINHEIRO,"0,00"
10414,2,573,19-Feb-18,05-Mar-18,"550,00",Carnê concluído,CARNÊ,"0,00"
10415,2,1518,19-Feb-18,05-Mar-18,"300,00",Carnê concluído,CARNÊ,"0,00"
10416,2,184,19-Feb-18,,"750,00",Pago com sucesso no catão de crédito em 6 parcelas,CRÉDITO,"0,00"
10417,2,1172,26-Feb-18,,"1650,00",Pago com sucesso no catão de crédito em 6 parcelas,CRÉDITO,"460,00"
10418,2,1522,26-Feb-18,,"0,01",Pago com sucesso em dinheiro,DINHEIRO,"0,00"
10419,2,1519,23-Feb-18,,"700,00",Pago com sucesso no catão de crédito em 6 parcelas,CRÉDITO,"100,00"
10420,2,1520,24-Feb-18,15-Apr-18,701,Carnê concluído,CARNÊ,"350,00"
10421,2,1521,26-Feb-18,,"450,00",Pago com sucesso em dinheiro,DINHEIRO,"0,00"
10422,2,601,28-Feb-18,20-Mar-18,"1440,00",Carnê concluído,CARNÊ,"0,00"
10423,2,1524,02-Mar-18,02-Apr-18,"700,00",Carnê concluído,CARNÊ,"0,00"
10424,2,1525,02-Mar-18,,"680,00",Pago com sucesso no catão de crédito em 6 parcelas,CRÉDITO,"0,00"
10425,2,1526,03-Mar-18,,"780,00",Pago com sucesso no catão de crédito em 4 parcelas,CRÉDITO,"0,00"
10426,2,1172,06-Mar-18,,"0,01",Pago com sucesso em dinheiro,DINHEIRO,"0,00"
10427,2,1523,07-Mar-18,,"600,00",Pago com sucesso no catão de crédito em 6 parcelas,CRÉDITO,"0,00"
10428,2,1527,08-Mar-18,,"600,00",Pago com sucesso no catão de crédito em 6 parcelas,CRÉDITO,"0,00"
10430,2,1529,09-Mar-18,05-Apr-18,"875,00",Carnê concluído,CARNÊ,"175,00"
10431,2,706,12-Mar-18,12-Apr-18,"1200,00",Carnê concluído,CARNÊ,"200,00"
10432,2,1530,16-Mar-18,16-Apr-18,"800,00",Carnê concluído,CARNÊ,"500,00"
10433,2,1531,19-Mar-18,,"600,00",Pago com sucesso no catão de crédito em 5 parcelas,CRÉDITO,"0,00"
10434,2,1468,20-Mar-18,10-Apr-18,"600,00",Carnê concluído,CARNÊ,"0,00"
10435,2,503,20-Mar-18,,"1300,00",Pago com sucesso no catão de crédito em 6 parcelas,CRÉDITO,"400,00"
10436,2,665,20-Mar-18,05-Apr-18,"390,00",Carnê concluído,CARNÊ,"0,00"
10437,2,1532,24-Mar-18,,"1120,20",Pago com sucesso no catão de crédito em 6 parcelas,CRÉDITO,"0,00"
10438,2,1533,24-Mar-18,,"1800,00",Pago com sucesso no catão de crédito em 6 parcelas,CRÉDITO,"700,00"
10439,2,43,28-Mar-18,28-Apr-18,"1330,00",Carnê concluído,CARNÊ,"0,00"
10440,2,1534,28-Mar-18,,"1000,00",Pago com sucesso no catão de crédito em 6 parcelas,CRÉDITO,"0,00"
10441,2,707,04-Apr-18,04-May-18,"1720,00",Carnê concluído,CARNÊ,"250,00"
10442,2,1536,03-Apr-18,20-May-18,"480,00",Carnê concluído,CARNÊ,"120,00"
10443,2,1535,05-Apr-18,30-Apr-18,"550,00",Carnê concluído,CARNÊ,"100,00"
10444,2,1537,06-Apr-18,06-May-18,"550,00",Carnê concluído,CARNÊ,"250,00"
10445,2,592,09-Apr-18,30-Apr-18,"1400,00",Carnê concluído,CARNÊ,"0,00"
10446,2,1539,07-Apr-18,23-Apr-18,"900,00",Carnê concluído,CARNÊ,"0,00"
10447,2,1540,07-Apr-18,,"800,00",Pago com sucesso no catão de crédito em 3 parcelas,CRÉDITO,"500,00"
10448,2,1541,09-Apr-18,,"800,00",Pago com sucesso no catão de crédito em 2 parcelas,CRÉDITO,"300,00"
10449,2,920,10-Apr-18,10-May-18,"1548,00",Carnê concluído,CARNÊ,"0,00"
10450,2,51,10-Apr-18,25-May-18,"1290,00",Carnê concluído,CARNÊ,"0,00"
10451,2,618,11-Apr-18,,"300,00",Pago com sucesso em dinheiro,DINHEIRO,"0,00"
10452,2,65,11-Apr-18,30-Apr-18,"1600,00",Carnê aberto,CARNÊ,"0,00"
10453,2,1316,11-Apr-18,06-May-18,"600,00",Carnê concluído,CARNÊ,"0,00"
10454,2,1457,12-Apr-18,15-May-18,"650,00",Carnê concluído,CARNÊ,"0,00"
10456,2,652,13-Apr-18,18-May-18,"1200,00",Carnê concluído,CARNÊ,"0,00"
10457,2,1542,13-Apr-18,,"1110,00",Pago com sucesso no catão de crédito em 6 parcelas,CRÉDITO,"0,00"
10458,2,1543,13-Apr-18,,"725,00",Pago com sucesso no catão de crédito em 6 parcelas,CRÉDITO,"0,00"
10459,2,1544,13-Apr-18,15-May-18,"500,00",Carnê concluído,CARNÊ,"0,00"
10460,2,1299,14-Apr-18,,"690,00",Pago com sucesso no catão de crédito em 3 parcelas,CRÉDITO,"0,00"
10461,2,1546,18-Apr-18,10-May-18,"900,00",Carnê concluído,CARNÊ,"500,00"
10462,2,988,20-Apr-18,10-Apr-18,"1650,00",Carnê concluído,CARNÊ,"250,00"
10463,2,1547,23-Apr-18,10-May-18,"780,00",Carnê concluído,CARNÊ,"0,00"
10464,2,1548,24-Apr-18,10-May-18,"900,00",Carnê concluído,CARNÊ,"200,00"
10465,2,1549,24-Apr-18,,"800,00",Pago com sucesso em dinheiro,DINHEIRO,"0,00"
10466,,806,26-Apr-18,06-May-18,"1110,00",Carnê concluído,CARNÊ,"0,00"
10467,2,1550,27-Apr-18,,"50,00",Pago com sucesso em dinheiro,DINHEIRO,"0,00"
10468,2,1551,27-Apr-18,,"750,00",Pago com sucesso em dinheiro,DINHEIRO,"0,00"
10469,2,1517,20-Apr-18,20-May-18,"120,00",Carnê concluído,CARNÊ,"100,00"
10470,2,1553,04-May-18,,"960,00",Pago com sucesso no catão de crédito em 6 parcelas,CRÉDITO,"0,00"
10471,2,710,05-May-18,,"800,00",Pago com sucesso no catão de crédito em 4 parcelas,CRÉDITO,"0,00"
10472,2,1555,07-May-18,,"400,00",Pago com sucesso em dinheiro,DINHEIRO,"0,00"
10473,2,1554,07-May-18,,"850,00",Pago com sucesso no catão de crédito em 6 parcelas,CRÉDITO,"0,00"
10474,2,83,07-May-18,19-May-18,"480,00",Carnê concluído,CARNÊ,"0,00"
10475,,618,17-May-18,,"300,00",Pago com sucesso em dinheiro,DINHEIRO,"0,00"
10476,2,1556,09-May-18,09-Jun-18,"1100,00",Carnê aberto,CARNÊ,"100,00"
10477,2,1557,10-May-18,,"1200,00",Pago com sucesso no catão de crédito em 6 parcelas,CRÉDITO,"0,00"
10478,2,761,11-May-18,10-Jun-18,"700,00",Carnê concluído,CARNÊ,"0,00"
10479,2,1558,12-May-18,,"440,00",Pago com sucesso no catão de crédito em 1 parcelas,CRÉDITO,"300,00"
10480,2,1559,15-May-18,,"330,00",Pago com sucesso no catão de crédito em 3 parcelas,CRÉDITO,"0,00"
10481,,1560,21-May-18,21-Jun-18,"270,00",Carnê concluído,CARNÊ,"200,00"
10482,,654,21-May-18,25-Jun-18,"1380,00",Carnê concluído,CARNÊ,"0,00"
10483,,1561,22-May-18,05-Jul-18,"900,00",Carnê concluído,CARNÊ,"800,00"
10484,,1562,22-May-18,,"880,00",Pago com sucesso no catão de crédito em 6 parcelas,CRÉDITO,"0,00"
10485,,1563,23-May-18,,"840,00",Pago com sucesso no catão de crédito em 7 parcelas,CRÉDITO,"0,00"
10486,,1564,23-May-18,25-Jun-18,"650,00",Carnê concluído,CARNÊ,"0,00"
10487,2,1565,25-May-18,05-Jun-18,"400,00",Carnê concluído,CARNÊ,"0,00"
10488,2,1566,25-May-18,,"400,00",Pago com sucesso no catão de crédito em 4 parcelas,CRÉDITO,"0,00"
10489,2,1567,29-May-18,,"1200,00",Pago com sucesso no catão de crédito em 6 parcelas,CRÉDITO,"0,00"
10490,2,691,02-Jun-18,,"590,00",Pago com sucesso no catão de crédito em 2 parcelas,CRÉDITO,"300,00"
10491,2,70,15-Jun-18,15-Jul-18,"700,00",Carnê concluído,CARNÊ,"100,00"
10492,2,464,02-Jun-18,02-Jul-18,"350,00",Carnê aberto,CARNÊ,"150,00"
10493,2,1568,12-Jun-18,30-Jun-18,"900,00",Carnê concluído,CARNÊ,"0,00"
10494,2,1569,12-Jun-18,,"185,00",Pago com sucesso no cartão de débito,DÉBITO,"0,00"
10495,,1570,12-Jun-18,,"80,00",Pago com sucesso em dinheiro,DINHEIRO,"0,00"
10496,,1572,21-Jun-18,10-Jul-18,"675,00",Carnê aberto,CARNÊ,"0,00"
10497,2,1571,21-Jun-18,02-Aug-18,"1300,00",Carnê concluído,CARNÊ,"300,00"
10498,2,1573,25-Jun-18,10-Jul-18,"560,00",Carnê concluído,CARNÊ,"0,00"
10499,2,1574,26-Jun-18,,"150,00",Pago com sucesso no catão de crédito em 1 parcelas,CRÉDITO,"0,00"
10500,2,1575,28-Jun-18,,"850,00",Pago com sucesso no catão de crédito em 2 parcelas,CRÉDITO,"500,00"
10501,2,1576,03-Jul-18,20-Jul-18,"900,00",Carnê concluído,CARNÊ,"0,00"
10502,,1577,04-Jul-18,,"1440,00",Pago com sucesso no catão de crédito em 8 parcelas,CRÉDITO,"0,00"
10503,2,1578,04-Jul-18,,"800,00",Pago com sucesso no catão de crédito em 6 parcelas,CRÉDITO,"0,00"
10504,2,494,05-Jul-18,05-Aug-18,"1795,00",Carnê concluído,CARNÊ,"150,00"
10505,,1579,09-Jul-18,,"700,00",Pago com sucesso no cartão de débito,DÉBITO,"200,00"
10506,,1580,10-Jul-18,,"180,00",Pago com sucesso no cartão de débito,DÉBITO,"0,00"
10507,2,1581,10-Jul-18,,"750,00",Pago com sucesso no catão de crédito em 4 parcelas,CRÉDITO,"300,00"
10508,2,700,10-Jul-18,,"720,00",Pago com sucesso no catão de crédito em 6 parcelas,CRÉDITO,"0,00"
10509,2,1582,10-Jul-18,,"640,00",Pago com sucesso no catão de crédito em 4 parcelas,CRÉDITO,"0,00"
10510,2,1583,11-Jul-18,,"500,00",Pago com sucesso no catão de crédito em 5 parcelas,CRÉDITO,"0,00"
10511,2,85,11-Jul-18,16-Aug-18,"900,00",Carnê concluído,CARNÊ,"150,00"
10513,2,1584,13-Jul-18,,"2892,00",Pago com sucesso no catão de crédito em 6 parcelas,CRÉDITO,"0,00"
10514,,1585,16-Jul-18,,"900,00",Pago com sucesso no cartão de débito,DÉBITO,"0,00"
10515,,1381,16-Jul-18,05-Aug-18,"440,00",Carnê concluído,CARNÊ,"0,00"
10516,2,109,12-Jul-18,10-Aug-18,"1200,00",Carnê concluído,CARNÊ,"0,00"
10517,2,1588,17-Jul-18,,"180,00",Pago com sucesso em dinheiro,DINHEIRO,"0,00"
10518,2,1590,17-Jul-18,01-Nov-18,"800,00",Carnê concluído,CARNÊ,"0,00"
10519,2,1589,17-Jul-18,25-Aug-18,"400,00",Carnê concluído,CARNÊ,"0,00"
10520,2,87,18-Jul-18,15-Aug-18,"600,00",Carnê aberto,CARNÊ,"0,00"
10521,2,1592,18-Jul-18,,"500,00",Pago com sucesso no catão de crédito em 5 parcelas,CRÉDITO,"0,00"
10522,2,1544,18-Jul-18,10-Oct-18,"200,00",Carnê concluído,CARNÊ,"0,00"
10523,2,801,19-Jul-18,05-Sep-18,"1200,00",Carnê concluído,CARNÊ,"300,00"
10524,2,146,10-Jul-18,10-Aug-18,"1300,00",Carnê aberto,CARNÊ,"200,00"
10525,2,1593,20-Jul-18,25-Aug-18,"1400,00",Carnê concluído,CARNÊ,"400,00"
10526,2,1255,20-Jul-18,,"840,00",Pago com sucesso no catão de crédito em 5 parcelas,CRÉDITO,"0,00"
10527,2,1594,21-Jul-18,,"270,00",Pago com sucesso em dinheiro,DINHEIRO,"0,00"
10528,2,424,25-Jul-18,,"0,01",Pago com sucesso em dinheiro,DINHEIRO,"0,00"
10529,2,1595,25-Jul-18,,"680,00",Pago com sucesso no catão de crédito em 5 parcelas,CRÉDITO,"0,00"
10530,2,1211,26-Jul-18,08-Aug-18,"800,00",Carnê aberto,CARNÊ,"0,00"
10531,2,1596,27-Jul-18,08-Aug-18,"900,00",Carnê concluído,CARNÊ,"0,00"
10532,2,1035,27-Jul-18,,"650,00",Pago com sucesso no catão de crédito em 4 parcelas,CRÉDITO,"0,00"
10533,2,922,30-Jul-18,,"120,00",Pago com sucesso em dinheiro,DINHEIRO,"0,00"
10534,2,1553,30-Jul-18,,"440,00",Pago com sucesso no catão de crédito em 3 parcelas,CRÉDITO,"0,00"
10535,2,1587,30-Jul-18,20-Sep-18,"350,00",Carnê concluído,CARNÊ,"50,00"
10536,2,1597,01-Aug-18,,"280,00",Pago com sucesso em dinheiro,DINHEIRO,"0,00"
10537,2,86,01-Aug-18,01-Sep-18,"1000,00",Carnê concluído,CARNÊ,"200,00"
10538,2,1598,01-Aug-18,,"800,00",Pago com sucesso no catão de crédito em 3 parcelas,CRÉDITO,"0,00"
10539,2,1600,01-Aug-18,,"900,00",Pago com sucesso no catão de crédito em 6 parcelas,CRÉDITO,"0,00"
10540,2,1601,01-Aug-18,,"400,00",Pago com sucesso em dinheiro,DINHEIRO,"0,00"
10541,2,1602,02-Aug-18,,"250,00",Pago com sucesso no cartão de débito,DÉBITO,"0,00"
10542,2,204,03-Aug-18,05-Sep-18,"1000,00",Carnê concluído,CARNÊ,"200,00"
10543,2,1603,06-Aug-18,,"600,00",Pago com sucesso no catão de crédito em 4 parcelas,CRÉDITO,"200,00"
10544,2,1604,06-Aug-18,,"900,00",Pago com sucesso no catão de crédito em 6 parcelas,CRÉDITO,"0,00"
10545,2,1605,06-Aug-18,,"1000,00",Pago com sucesso no catão de crédito em 6 parcelas,CRÉDITO,"200,00"
10546,2,660,06-Aug-18,06-Sep-18,"500,00",Carnê concluído,CARNÊ,"200,00"
10547,2,889,06-Aug-18,,"150,00",Pago com sucesso em dinheiro,DINHEIRO,"0,00"
10548,2,1606,08-Aug-18,,"800,00",Pago com sucesso no catão de crédito em 3 parcelas,CRÉDITO,"0,00"
10549,2,1607,07-Aug-18,20-Sep-18,"640,00",Carnê concluído,CARNÊ,"400,00"
10552,2,1609,08-Aug-18,,"500,00",Pago com sucesso em dinheiro,DINHEIRO,"0,00"
10553,2,1610,09-Aug-18,,"500,00",Pago com sucesso em dinheiro,DINHEIRO,"0,00"
10554,2,1611,09-Aug-18,,"680,00",Pago com sucesso no catão de crédito em 5 parcelas,CRÉDITO,"0,00"
10555,2,1594,09-Aug-18,10-Sep-18,"380,00",Carnê concluído,CARNÊ,"0,00"
10556,2,1612,11-Aug-18,,"1200,00",Pago com sucesso no catão de crédito em 6 parcelas,CRÉDITO,"0,00"
10557,2,420,13-Aug-18,,"300,00",Pago com sucesso em dinheiro,DINHEIRO,"0,00"
10558,2,1613,14-Aug-18,,"290,00",Pago com sucesso em dinheiro,DINHEIRO,"0,00"
10559,2,81,14-Aug-18,05-Sep-18,"900,00",Carnê aberto,CARNÊ,"0,00"
10560,,1614,15-Aug-18,,"500,00",Pago com sucesso no catão de crédito em 3 parcelas,CRÉDITO,"120,00"
10561,,1615,17-Aug-18,,"85,00",Pago com sucesso em dinheiro,DINHEIRO,"0,00"
10562,,74,18-Aug-18,,"0,01",Pago com sucesso em dinheiro,DINHEIRO,"0,00"
10563,,1616,22-Aug-18,,"800,00",Pago com sucesso no catão de crédito em 5 parcelas,CRÉDITO,"0,00"
10564,,1617,27-Aug-18,03-Sep-18,"600,00",Carnê aberto,CARNÊ,"0,00"
10565,,1618,28-Aug-18,,"1650,00",Pago com sucesso no catão de crédito em 6 parcelas,CRÉDITO,"0,00"
10566,2,1083,01-Sep-18,28-Sep-18,"600,00",Carnê concluído,CARNÊ,"0,00"
10567,2,1608,07-Aug-18,08-Sep-18,"900,00",Carnê concluído,CARNÊ,"600,00"
10568,2,378,03-Sep-18,20-Oct-18,"1200,00",Carnê concluído,CARNÊ,"200,00"
10569,2,1619,04-Sep-18,,"900,00",Pago com sucesso em dinheiro,DINHEIRO,"0,00"
10570,2,1621,10-Sep-18,30-Sep-18,"850,00",Carnê concluído,CARNÊ,"0,00"
10571,2,722,11-Sep-18,30-Oct-18,"1980,00",Carnê concluído,CARNÊ,"0,00"
10572,2,340,12-Sep-18,10-Oct-18,"900,00",Carnê concluído,CARNÊ,"0,00"
10573,2,1622,13-Sep-18,,"820,00",Pago com sucesso no catão de crédito em 4 parcelas,CRÉDITO,"0,00"
10574,2,516,14-Sep-18,,"250,00",Pago com sucesso em dinheiro,DINHEIRO,"0,00"
10575,2,1623,17-Sep-18,,"1480,00",Pago com sucesso no catão de crédito em 5 parcelas,CRÉDITO,"0,00"
10576,2,1624,18-Sep-18,,"200,00",Pago com sucesso em dinheiro,DINHEIRO,"0,00"
10577,2,1620,19-Sep-18,23-Oct-18,"750,00",Carnê concluído,CARNÊ,"225,00"
10578,2,834,19-Sep-18,,"1350,00",Pago com sucesso em dinheiro,DINHEIRO,"0,00"
10579,2,1625,19-Sep-18,30-Oct-18,"1440,00",Carnê concluído,CARNÊ,"0,00"
10580,2,1626,24-Sep-18,,"550,00",Pago com sucesso no catão de crédito em 5 parcelas,CRÉDITO,"0,00"
10581,2,1627,24-Sep-18,10-Oct-18,"1100,00",Carnê concluído,CARNÊ,"100,00"
10582,2,1628,25-Sep-18,,"700,00",Pago com sucesso no catão de crédito em 6 parcelas,CRÉDITO,"0,00"
10583,2,995,26-Sep-18,25-Nov-18,"150,00",Carnê concluído,CARNÊ,"100,00"
10584,2,1629,26-Sep-18,,"1560,00",Pago com sucesso no catão de crédito em 1 parcelas,CRÉDITO,"0,00"
10585,2,578,28-Sep-18,,"1300,00",Pago com sucesso no catão de crédito em 8 parcelas,CRÉDITO,"0,00"
10586,,1630,28-Sep-18,,"1000,00",Pago com sucesso no catão de crédito em 5 parcelas,CRÉDITO,"300,00"
10587,2,1631,29-Sep-18,05-Oct-18,"300,00",Carnê concluído,CARNÊ,"0,00"
10588,2,627,01-Oct-18,10-Nov-18,"800,00",Carnê concluído,CARNÊ,"160,00"
10589,2,15,01-Oct-18,,"340,00",Pago com sucesso em dinheiro,DINHEIRO,"0,00"
10590,2,1632,02-Oct-18,,"200,00",Pago com sucesso em dinheiro,DINHEIRO,"0,00"
10591,2,1633,08-Oct-18,10-Nov-18,"500,00",Carnê concluído,CARNÊ,"0,00"
10592,2,1634,08-Oct-18,25-Nov-18,"700,00",Carnê concluído,CARNÊ,"140,00"
10593,2,1635,09-Oct-18,,"200,00",Pago com sucesso no cartão de débito,DÉBITO,"50,00"
10594,2,1024,11-Oct-18,08-Nov-18,"820,00",Carnê aberto,CARNÊ,"0,00"
10595,2,80,15-Oct-18,10-Dec-18,"930,00",Carnê concluído,CARNÊ,"155,00"
10596,2,1636,16-Oct-18,,"300,00",Pago com sucesso em dinheiro,DINHEIRO,"0,00"
10597,2,898,17-Oct-18,,"0,01",Pago com sucesso em dinheiro,DINHEIRO,"0,00"
10598,2,1637,16-Oct-18,,"600,00",Pago com sucesso no catão de crédito em 6 parcelas,CRÉDITO,"0,00"
10599,2,445,17-Oct-18,25-Oct-18,"1152,00",Carnê concluído,CARNÊ,"0,00"
10600,2,728,17-Oct-18,29-Sep-18,"540,00",Carnê concluído,CARNÊ,"270,00"
10601,2,588,18-Oct-18,,"420,00",Pago com sucesso no catão de crédito em 4 parcelas,CRÉDITO,"0,00"
10602,2,1640,25-Oct-18,,"650,00",Pago com sucesso no catão de crédito em 3 parcelas,CRÉDITO,"0,00"
10603,2,1244,08-Aug-18,08-Sep-18,"500,00",Carnê concluído,CARNÊ,"180,00"
10604,2,30,01-Nov-18,20-Nov-18,"1610,00",Carnê concluído,CARNÊ,"0,00"
10605,2,1642,05-Nov-18,,"750,00",Pago com sucesso no catão de crédito em 5 parcelas,CRÉDITO,"0,00"
10606,2,1544,10-Nov-18,10-Dec-18,"500,00",Carnê concluído,CARNÊ,"0,00"
10607,2,1255,14-Nov-18,,"300,00",Pago com sucesso no catão de crédito em 2 parcelas,CRÉDITO,"0,00"
10608,2,1643,14-Nov-18,,"600,00",Pago com sucesso em dinheiro,DINHEIRO,"0,00"
10609,2,1644,16-Nov-18,,"280,00",Pago com sucesso no cartão de débito,DÉBITO,"0,00"
10610,2,1645,16-Nov-18,,"250,00",Pago com sucesso em dinheiro,DINHEIRO,"0,00"
10611,2,1573,21-Nov-18,21-Dec-18,"780,00",Carnê concluído,CARNÊ,"0,00"
10612,2,716,23-Nov-18,02-Jan-19,"840,00",Carnê concluído,CARNÊ,"0,00"
10613,2,51,23-Nov-18,23-Dec-18,"1290,00",Carnê concluído,CARNÊ,"0,00"
10614,,942,26-Nov-18,05-Jan-19,"1200,00",Carnê concluído,CARNÊ,"0,00"
10615,2,1641,26-Nov-18,,"600,00",Pago com sucesso em dinheiro,DINHEIRO,"0,00"
10616,2,151,27-Nov-18,15-Dec-18,"1380,00",Carnê concluído,CARNÊ,"0,00"
10617,2,14,28-Nov-18,05-Jan-19,"285,00",Carnê concluído,CARNÊ,"0,00"
10618,2,1466,28-Nov-18,,"1100,00",Pago com sucesso no catão de crédito em 3 parcelas,CRÉDITO,"0,00"
10619,,1646,01-Dec-18,,"220,00",Pago com sucesso em dinheiro,DINHEIRO,"0,00"
10620,,86,03-Dec-18,03-Jan-19,"570,00",Carnê concluído,CARNÊ,"0,00"
10621,2,942,03-Dec-18,,"300,00",Pago com sucesso em dinheiro,DINHEIRO,"0,00"
10622,2,1647,05-Dec-18,,"150,00",Pago com sucesso em dinheiro,DINHEIRO,"0,00"
10623,2,1648,05-Dec-18,,"2140,00",Pago com sucesso no catão de crédito em 8 parcelas,CRÉDITO,"0,00"
10624,2,1363,05-Dec-18,10-Jan-19,"1200,00",Carnê concluído,CARNÊ,"0,00"
10625,2,1649,12-Dec-18,05-Dec-18,"505,00",Carnê concluído,CARNÊ,"100,00"
10626,2,1650,13-Dec-18,10-Jan-19,"900,00",Carnê concluído,CARNÊ,"400,00"
10627,2,1651,14-Dec-18,,"550,00",Pago com sucesso no catão de crédito em 5 parcelas,CRÉDITO,"150,00"
10628,2,1652,15-Dec-18,,"220,00",Pago com sucesso no cartão de débito,DÉBITO,"0,00"
10629,2,1653,18-Dec-18,10-Jan-19,"840,00",Carnê concluído,CARNÊ,"140,00"
10630,2,638,18-Dec-18,18-Jan-19,"390,00",Carnê concluído,CARNÊ,"0,00"
10631,2,1055,27-Dec-18,,"500,00",Pago com sucesso em dinheiro,DINHEIRO,"0,00"
10632,,86,28-Dec-18,,"280,00",Pago com sucesso em dinheiro,DINHEIRO,"0,00"
10633,,1654,29-Dec-18,,"800,00",Pago com sucesso no catão de crédito em 3 parcelas,CRÉDITO,"200,00"
10634,2,805,04-Jan-19,30-Jan-19,"700,00",Carnê concluído,CARNÊ,"100,00"
10635,2,45,04-Jan-19,04-Feb-19,"340,00",Carnê concluído,CARNÊ,"110,00"
10636,2,1655,05-Jan-19,,"650,00",Pago com sucesso no cartão de débito,DÉBITO,"0,00"
10637,2,1656,07-Jan-19,,"900,00",Pago com sucesso no catão de crédito em 6 parcelas,CRÉDITO,"0,00"
10638,2,1657,08-Jan-19,,"380,00",Pago com sucesso em dinheiro,DINHEIRO,"0,00"
10639,2,1092,08-Jan-19,,"350,00",Pago com sucesso no catão de crédito em 5 parcelas,CRÉDITO,"0,00"
10640,2,1658,08-Jan-19,10-Feb-19,"290,00",Carnê concluído,CARNÊ,"0,00"
10641,2,1659,09-Jan-19,10-Feb-19,"930,00",Carnê concluído,CARNÊ,"200,00"
10642,2,1660,09-Jan-19,,"600,00",Pago com sucesso em dinheiro,DINHEIRO,"0,00"
10643,2,1661,11-Jan-19,,"420,00",Pago com sucesso no catão de crédito em 1 parcelas,CRÉDITO,"0,00"
10644,2,1662,15-Jan-19,,"650,00",Pago com sucesso no catão de crédito em 6 parcelas,CRÉDITO,"0,00"
10645,2,239,15-Jan-19,15-Feb-19,"600,00",Carnê concluído,CARNÊ,"0,00"
10646,2,3,15-Jan-19,05-Feb-19,1590,Carnê concluído,CARNÊ,"0,00"
10647,2,1575,17-Jan-19,,"850,00",Pago com sucesso no cartão de débito,DÉBITO,"0,00"
10648,2,1663,17-Jan-19,,"300,00",Pago com sucesso em dinheiro,DINHEIRO,"0,00"
10649,2,31,18-Jan-19,10-Feb-19,"660,00",Carnê concluído,CARNÊ,"0,00"
10650,2,1664,18-Jan-19,,"350,00",Pago com sucesso em dinheiro,DINHEIRO,"0,00"
10652,2,1666,19-Jan-19,,"250,00",Pago com sucesso no cartão de débito,DÉBITO,"0,00"
10653,2,1667,21-Jan-19,,250,Pago com sucesso no catão de crédito em 3 parcelas,CRÉDITO,"0,00"
10654,2,1668,26-Jan-19,05-Feb-19,"300,00",Carnê concluído,CARNÊ,"0,00"
10655,2,1669,28-Jan-19,02-Mar-19,"650,00",Carnê concluído,CARNÊ,"130,00"
10657,2,1670,30-Jan-19,,"200,00",Pago com sucesso em dinheiro,DINHEIRO,"0,00"
10658,2,1671,31-Jan-19,,"1000,00",Pago com sucesso no cartão de débito,DÉBITO,"500,00"
10659,2,1672,04-Feb-19,04-Mar-19,"600,00",Carnê concluído,CARNÊ,"100,00"
10660,2,696,04-Feb-19,04-Mar-19,"900,00",Carnê concluído,CARNÊ,"150,00"
10661,2,1673,04-Feb-19,,"600,00",Pago com sucesso no catão de crédito em 4 parcelas,CRÉDITO,"0,00"
10662,2,1517,05-Feb-19,28-Feb-19,"555,00",Carnê concluído,CARNÊ,"0,00"
10663,2,1674,05-Feb-19,,"840,00",Pago com sucesso no catão de crédito em 4 parcelas,CRÉDITO,"300,00"
10664,2,1675,06-Feb-19,,"400,00",Pago com sucesso no catão de crédito em 3 parcelas,CRÉDITO,"0,00"
10665,2,1676,06-Feb-19,,"800,00",Pago com sucesso no catão de crédito em 6 parcelas,CRÉDITO,"0,00"
10666,2,1677,07-Feb-19,,"200,00",Pago com sucesso no catão de crédito em 2 parcelas,CRÉDITO,"0,00"
10667,2,1678,07-Feb-19,05-Mar-19,"440,00",Carnê concluído,CARNÊ,"110,00"
10668,2,1679,08-Feb-19,28-Mar-19,"700,00",Carnê concluído,CARNÊ,"100,00"
10669,2,1680,09-Feb-19,,"200,00",Pago com sucesso em dinheiro,DINHEIRO,"0,00"
10670,2,21,11-Feb-19,15-Apr-19,"1170,00",Carnê concluído,CARNÊ,"0,00"
10671,2,1681,11-Feb-19,15-Mar-19,"840,00",Carnê concluído,CARNÊ,"0,00"
10672,2,1682,13-Feb-19,05-Mar-19,"650,00",Carnê concluído,CARNÊ,"0,00"
10673,2,1255,29-Jan-19,,"1300,00",Pago com sucesso no catão de crédito em 6 parcelas,CRÉDITO,"0,00"
10674,2,292,07-Feb-19,,"170,00",Pago com sucesso em dinheiro,DINHEIRO,"0,00"
10675,2,1544,14-Feb-19,10-May-19,"400,00",Carnê concluído,CARNÊ,"0,00"
10676,2,1683,14-Feb-19,,"1200,00",Pago com sucesso em dinheiro,DINHEIRO,"0,00"
10677,,1684,16-Feb-19,,"570,00",Pago com sucesso em dinheiro,DINHEIRO,"0,00"
10678,,1059,16-Feb-19,,"550,00",Pago com sucesso no cartão de débito,DÉBITO,"0,00"
10679,,1685,18-Feb-19,18-Mar-19,"800,00",Carnê concluído,CARNÊ,"300,00"
10680,,1686,19-Feb-19,,"600,00",Pago com sucesso no catão de crédito em 6 parcelas,CRÉDITO,"0,00"
10681,,1688,21-Feb-19,,"0,01",Pago com sucesso em dinheiro,DINHEIRO,"0,00"
10682,,1687,22-Feb-19,,"1000,00",Pago com sucesso no catão de crédito em 6 parcelas,CRÉDITO,"0,00"
10683,2,1689,22-Feb-19,,"800,00",Pago com sucesso no catão de crédito em 5 parcelas,CRÉDITO,"0,00"
10684,2,839,27-Feb-19,,"440,00",Pago com sucesso no catão de crédito em 2 parcelas,CRÉDITO,"0,00"
10685,2,1690,28-Feb-19,,"500,00",Pago com sucesso no catão de crédito em 5 parcelas,CRÉDITO,"0,00"
10686,2,1691,01-Mar-19,,"600,00",Pago com sucesso no catão de crédito em 6 parcelas,CRÉDITO,"0,00"
10687,2,1692,01-Mar-19,,"558,00",Pago com sucesso no cartão de débito,DÉBITO,"0,00"
10688,2,45,01-Mar-19,01-Apr-19,"590,00",Carnê concluído,CARNÊ,"130,00"
10689,2,1693,09-Mar-19,,"500,00",Pago com sucesso em dinheiro,DINHEIRO,"0,00"
10690,2,1694,12-Mar-19,,"600,00",Pago com sucesso no catão de crédito em 5 parcelas,CRÉDITO,"0,00"
10691,2,1457,13-Mar-19,15-Apr-19,"600,00",Carnê concluído,CARNÊ,"0,00"
10692,,1695,14-Mar-19,,"510,00",Pago com sucesso no cartão de débito,DÉBITO,"0,00"
10693,2,1696,16-Mar-19,,"900,00",Pago com sucesso no catão de crédito em 6 parcelas,CRÉDITO,"0,00"
10694,2,3,18-Mar-19,05-Aug-19,"1000,00",Carnê concluído,CARNÊ,"0,00"
10695,2,1697,19-Mar-19,,"450,00",Pago com sucesso em dinheiro,DINHEIRO,"0,00"
10696,2,1698,04-Apr-19,,"240,00",Pago com sucesso no catão de crédito em 2 parcelas,CRÉDITO,"0,00"
10697,2,1699,20-Mar-19,20-Apr-19,"1764,00",Carnê concluído,CARNÊ,"0,00"
10698,2,1700,23-Mar-19,22-Apr-19,"1100,00",Carnê concluído,CARNÊ,"0,00"
10699,2,43,26-Mar-19,28-Apr-19,"320,00",Carnê concluído,CARNÊ,"0,00"
10700,2,1701,27-Mar-19,,"250,00",Pago com sucesso em dinheiro,DINHEIRO,"0,00"
10701,2,1702,29-Mar-19,,"720,00",Pago com sucesso no cartão de débito,DÉBITO,"0,00"
10702,2,1703,30-Mar-19,06-May-19,"350,00",Carnê concluído,CARNÊ,"300,00"
10703,2,1606,01-Apr-19,,"580,00",Pago com sucesso no catão de crédito em 5 parcelas,CRÉDITO,"0,00"
10704,2,1704,02-Apr-19,,"770,00",Pago com sucesso no catão de crédito em 6 parcelas,CRÉDITO,"0,00"
10705,2,1294,02-Apr-19,25-May-19,"420,00",Carnê concluído,CARNÊ,"120,00"
10706,2,830,02-Apr-19,25-Apr-19,"1200,00",Carnê concluído,CARNÊ,"0,00"
10707,2,127,03-Apr-19,05-May-19,"560,00",Carnê concluído,CARNÊ,"200,00"
10708,2,1705,03-Apr-19,05-May-19,"680,00",Carnê concluído,CARNÊ,"600,00"
10709,2,1070,04-Apr-19,03-May-19,"2280,00",Carnê concluído,CARNÊ,"0,00"
10710,2,1644,08-Apr-19,,"230,00",Pago com sucesso no catão de crédito em 1 parcelas,CRÉDITO,"0,00"
10711,2,1706,08-Apr-19,05-May-19,"500,00",Carnê concluído,CARNÊ,"0,00"
10712,2,1707,08-Apr-19,10-May-19,"390,00",Carnê concluído,CARNÊ,"140,00"
10713,2,192,09-Apr-19,,"120,00",Pago com sucesso em dinheiro,DINHEIRO,"0,00"
10714,2,1706,13-Apr-19,,"300,00",Pago com sucesso em dinheiro,DINHEIRO,"0,00"
10715,2,1516,22-Apr-19,05-May-19,"600,00",Carnê concluído,CARNÊ,"0,00"
10716,2,824,24-Apr-19,,"0,01",Pago com sucesso em dinheiro,DINHEIRO,"0,00"
10717,2,1708,24-Apr-19,10-May-19,"1116,00",Carnê concluído,CARNÊ,"0,00"
10718,2,1709,27-Apr-19,,"580,00",Pago com sucesso no catão de crédito em 4 parcelas,CRÉDITO,"0,00"
10719,2,1255,30-Apr-19,,"350,00",Pago com sucesso no catão de crédito em 3 parcelas,CRÉDITO,"0,00"
10721,2,1710,30-Apr-19,02-Jun-19,"340,00",Carnê aberto,CARNÊ,"140,00"
10722,,1642,30-Apr-19,,"600,00",Pago com sucesso no catão de crédito em 6 parcelas,CRÉDITO,"0,00"
10723,2,828,06-May-19,25-Jun-19,"930,00",Carnê concluído,CARNÊ,"155,00"
10724,2,1711,06-May-19,,"500,00",Pago com sucesso em dinheiro,DINHEIRO,"0,00"
10725,2,1712,07-May-19,,"700,00",Pago com sucesso no catão de crédito em 5 parcelas,CRÉDITO,"0,00"
10726,2,1713,07-May-19,,"690,00",Pago com sucesso no catão de crédito em 6 parcelas,CRÉDITO,"0,00"
10727,,1714,16-May-19,09-Jun-19,"1350,00",Carnê concluído,CARNÊ,"500,00"
10728,2,1716,10-May-19,,"450,00",Pago com sucesso no catão de crédito em 4 parcelas,CRÉDITO,"0,00"
10729,2,1717,13-May-19,,"150,00",Pago com sucesso no catão de crédito em 2 parcelas,CRÉDITO,"50,00"
10730,,1718,15-May-19,,"500,00",Pago com sucesso em dinheiro,DINHEIRO,"0,00"
10731,,1720,17-May-19,,"550,00",Pago com sucesso em dinheiro,DINHEIRO,"0,00"
10732,2,1719,16-May-19,15-Jun-19,"1170,00",Carnê concluído,CARNÊ,"0,00"
10733,2,1721,18-May-19,,"800,00",Pago com sucesso no catão de crédito em 6 parcelas,CRÉDITO,"0,00"
10734,2,1722,20-May-19,30-May-19,"255,00",Carnê concluído,CARNÊ,"75,00"
10735,2,378,20-May-19,06-Jun-19,"1200,00",Carnê concluído,CARNÊ,"0,00"
10736,,341,24-May-19,,"1245,00",Pago com sucesso no catão de crédito em 6 parcelas,CRÉDITO,"0,00"
10737,2,1727,25-May-19,05-Jul-19,"1150,00",Carnê concluído,CARNÊ,"300,00"
10738,2,1728,28-May-19,30-Jun-19,"900,00",Carnê concluído,CARNÊ,"300,00"
10739,2,968,29-May-19,10-Jul-19,"700,00",Carnê concluído,CARNÊ,"200,00"
10740,2,654,29-May-19,05-Jul-19,"800,00",Carnê concluído,CARNÊ,"0,00"
10741,2,1623,31-May-19,01-Jul-19,"850,00",Carnê concluído,CARNÊ,"0,00"
10742,2,104,01-Jun-19,10-Jul-19,"1300,00",Carnê concluído,CARNÊ,"0,00"
10743,2,1381,04-Jun-19,01-Jul-19,"180,00",Carnê concluído,CARNÊ,"0,00"
10744,2,1509,08-Jun-19,,"750,00",Pago com sucesso no catão de crédito em 1 parcelas,CRÉDITO,"0,00"
10745,2,1736,08-Jun-19,10-Jul-19,"850,00",Carnê concluído,CARNÊ,"150,00"
10746,2,833,08-Jun-19,,"250,00",Pago com sucesso no catão de crédito em 3 parcelas,CRÉDITO,"0,00"
10747,2,1739,11-Jun-19,,"300,00",Pago com sucesso em dinheiro,DINHEIRO,"0,00"
10748,2,1740,12-Jun-19,,"930,00",Pago com sucesso no catão de crédito em 6 parcelas,CRÉDITO,"0,00"
10749,2,1660,13-Jun-19,,"200,00",Pago com sucesso em dinheiro,DINHEIRO,"0,00"
10750,2,1737,13-Jun-19,,"350,00",Pago com sucesso no catão de crédito em 3 parcelas,CRÉDITO,"0,00"
10751,2,1741,14-Jun-19,,"700,00",Pago com sucesso no catão de crédito em 5 parcelas,CRÉDITO,"0,00"
10752,2,1742,19-Jun-19,,"600,00",Pago com sucesso no catão de crédito em 6 parcelas,CRÉDITO,"0,00"
10753,2,423,19-Jun-19,05-Jul-19,"800,00",Carnê aberto,CARNÊ,"0,00"
10754,2,1744,21-Jun-19,,"3420,00",Pago com sucesso no catão de crédito em 10 parcelas,CRÉDITO,"0,00"
10755,2,1745,22-Jun-19,,"550,00",Pago com sucesso no catão de crédito em 5 parcelas,CRÉDITO,"0,00"
10756,2,184,24-Jun-19,,"750,00",Pago com sucesso no catão de crédito em 5 parcelas,CRÉDITO,"0,00"
10757,2,198,27-Jun-19,15-Jul-19,"870,00",Carnê concluído,CARNÊ,"0,00"
10758,2,1748,27-Jun-19,,"450,00",Pago com sucesso no catão de crédito em 2 parcelas,CRÉDITO,"0,00"
10759,2,1746,28-Jun-19,,"1827,00",Pago com sucesso no cartão de débito,DÉBITO,"0,00"
10760,2,1487,28-Jun-19,,"130,00",Pago com sucesso no cartão de débito,DÉBITO,"0,00"
10761,2,899,22-May-19,,"0,01",Pago com sucesso em dinheiro,DINHEIRO,"0,00"
10762,2,1536,02-Jul-19,,"400,00",Pago com sucesso em dinheiro,DINHEIRO,"0,00"
10763,2,1750,04-Jul-19,,"2000,00",Pago com sucesso no catão de crédito em 4 parcelas,CRÉDITO,"1000,00"
10764,2,1460,05-Jul-19,,"800,00",Pago com sucesso no catão de crédito em 4 parcelas,CRÉDITO,"0,00"
10765,2,1751,06-Jul-19,05-Aug-19,"600,00",Carnê concluído,CARNÊ,"0,00"
10766,2,899,09-Jul-19,,"0,01",Pago com sucesso em dinheiro,DINHEIRO,"0,00"
10767,2,1752,08-Jul-19,,"280,00",Pago com sucesso no catão de crédito em 3 parcelas,CRÉDITO,"0,00"
10768,2,226,08-Jul-19,,"180,00",Pago com sucesso em dinheiro,DINHEIRO,"0,00"
10769,2,1464,09-Jul-19,05-Aug-19,"700,00",Carnê concluído,CARNÊ,"0,00"
10770,2,989,11-Jul-19,20-Aug-19,"675,00",Carnê aberto,CARNÊ,"100,00"
10771,2,302,11-Jul-19,06-Aug-19,"900,00",Carnê concluído,CARNÊ,"150,00"
10772,2,1753,11-Jul-19,,"900,00",Pago com sucesso no catão de crédito em 6 parcelas,CRÉDITO,"300,00"
10773,2,1754,15-Jul-19,,"250,00",Pago com sucesso em dinheiro,DINHEIRO,"0,00"
10775,2,1761,20-Jul-19,,"300,00",Pago com sucesso no catão de crédito em 1 parcelas,CRÉDITO,"0,00"
10776,2,913,23-Jul-19,,"3500,00",Pago com sucesso no catão de crédito em 8 parcelas,CRÉDITO,"0,00"
10777,2,1762,26-Jul-19,,"600,00",Pago com sucesso no catão de crédito em 6 parcelas,CRÉDITO,"0,00"
10778,2,1493,06-Aug-19,,"218,00",Pago com sucesso em dinheiro,DINHEIRO,"0,00"
10779,2,1557,29-Jul-19,,"200,00",Pago com sucesso em dinheiro,DINHEIRO,"0,00"
10780,2,1763,30-Jul-19,03-Sep-19,"680,00",Carnê concluído,CARNÊ,"200,00"
10781,2,1070,31-Jul-19,,"500,00",Pago com sucesso em dinheiro,DINHEIRO,"0,00"
10782,2,888,01-Aug-19,,"350,00",Pago com sucesso no catão de crédito em 3 parcelas,CRÉDITO,"100,00"
10783,2,1764,02-Aug-19,25-Aug-19,"170,00",Carnê concluído,CARNÊ,"0,00"
10784,2,29,02-Aug-19,05-Sep-19,"660,00",Carnê concluído,CARNÊ,"0,00"
10785,2,939,05-Aug-19,,"253,00",Pago com sucesso em dinheiro,DINHEIRO,"0,00"
10786,2,828,05-Aug-19,25-Sep-19,"700,00",Carnê aberto,CARNÊ,"100,00"
10787,2,1755,16-Jul-19,,"600,00",Pago com sucesso em dinheiro,DINHEIRO,"0,00"
10788,2,1765,06-Aug-19,,"720,00",Pago com sucesso no catão de crédito em 4 parcelas,CRÉDITO,"300,00"
10789,,1766,07-Aug-19,,"350,00",Pago com sucesso no catão de crédito em 3 parcelas,CRÉDITO,"0,00"
10790,,1767,07-Aug-19,,"550,00",Pago com sucesso em dinheiro,DINHEIRO,"0,00"
10791,2,1768,08-Aug-19,,"320,00",Pago com sucesso em dinheiro,DINHEIRO,"0,00"
10792,2,1273,08-Aug-19,08-Sep-19,"900,00",Carnê concluído,CARNÊ,"200,00"
10793,2,1781,08-Aug-19,10-Sep-19,"840,00",Carnê concluído,CARNÊ,"0,00"
10794,2,1769,09-Aug-19,,"100,00",Pago com sucesso em dinheiro,DINHEIRO,"0,00"
10795,2,1770,12-Aug-19,,"840,00",Pago com sucesso no catão de crédito em 5 parcelas,CRÉDITO,"0,00"
10796,2,75,13-Aug-19,13-Sep-19,"950,00",Carnê concluído,CARNÊ,"200,00"
10797,2,1771,13-Aug-19,,"500,00",Pago com sucesso no catão de crédito em 4 parcelas,CRÉDITO,"100,00"
10798,2,1772,14-Aug-19,,"550,00",Pago com sucesso no catão de crédito em 5 parcelas,CRÉDITO,"0,00"
10799,2,1773,19-Aug-19,,"250,00",Pago com sucesso em dinheiro,DINHEIRO,"0,00"
10800,2,1774,21-Aug-19,,"450,00",Pago com sucesso no catão de crédito em 2 parcelas,CRÉDITO,"0,00"
10801,2,1775,22-Aug-19,,"200,00",Pago com sucesso no catão de crédito em 1 parcelas,CRÉDITO,"0,00"
10802,2,1776,22-Aug-19,,"1400,00",Pago com sucesso no catão de crédito em 6 parcelas,CRÉDITO,"0,00"
10803,2,1777,22-Aug-19,,"690,00",Pago com sucesso no catão de crédito em 6 parcelas,CRÉDITO,"0,00"
10804,2,1778,24-Aug-19,05-Oct-19,"1150,00",Carnê concluído,CARNÊ,"150,00"
10805,2,292,24-Aug-19,05-Oct-19,"550,00",Carnê concluído,CARNÊ,"100,00"
10806,2,226,26-Aug-19,07-Oct-19,"250,00",Carnê concluído,CARNÊ,"130,00"
10807,2,1779,27-Aug-19,,"439,00",Pago com sucesso no cartão de débito,DÉBITO,"0,00"
10808,2,1780,27-Aug-19,,"1100,00",Pago com sucesso no catão de crédito em 3 parcelas,CRÉDITO,"0,00"
10809,2,1782,31-Aug-19,,"550,00",Pago com sucesso no catão de crédito em 10 parcelas,CRÉDITO,"0,00"
10810,2,1783,02-Sep-19,02-Sep-19,"400,00",Carnê aberto,CARNÊ,"100,00"
10811,2,1784,04-Sep-19,04-Oct-19,"810,00",Carnê concluído,CARNÊ,"0,00"
10812,2,1649,05-Sep-19,05-Oct-19,"810,00",Carnê aberto,CARNÊ,"135,00"
10813,2,1785,05-Sep-19,07-Oct-19,"552,00",Carnê concluído,CARNÊ,"0,00"
10814,2,1786,06-Sep-19,,"280,00",Pago com sucesso no catão de crédito em 3 parcelas,CRÉDITO,"100,00"
10815,2,1787,09-Sep-19,05-Oct-19,"500,00",Carnê concluído,CARNÊ,"0,00"
10816,2,874,09-Sep-19,06-Oct-19,"900,00",Carnê concluído,CARNÊ,"0,00"
10817,2,1788,09-Sep-19,,"810,00",Pago com sucesso no catão de crédito em 6 parcelas,CRÉDITO,"0,00"
10818,2,1517,10-Sep-19,04-Nov-19,"450,00",Carnê concluído,CARNÊ,"200,00"
10819,2,1789,14-Sep-19,,"400,00",Pago com sucesso no catão de crédito em 2 parcelas,CRÉDITO,"200,00"
10820,2,976,17-Sep-19,10-Oct-19,"900,00",Carnê concluído,CARNÊ,"150,00"
10821,2,1795,19-Sep-19,,"220,00",Pago com sucesso em dinheiro,DINHEIRO,"0,00"
10822,2,1791,19-Sep-19,,"0,01",Pago com sucesso em dinheiro,DINHEIRO,"0,00"
10823,2,1792,23-Sep-19,,"1256,00",Pago com sucesso no catão de crédito em 6 parcelas,CRÉDITO,"0,00"
10824,2,1793,23-Sep-19,,"280,00",Pago com sucesso no catão de crédito em 2 parcelas,CRÉDITO,"0,00"
10825,2,1794,24-Sep-19,,"500,00",Pago com sucesso em dinheiro,DINHEIRO,"0,00"
10826,2,740,25-Sep-19,05-Oct-19,"400,00",Carnê concluído,CARNÊ,"0,00"
10827,2,1796,26-Sep-19,,"150,00",Pago com sucesso no catão de crédito em 1 parcelas,CRÉDITO,"0,00"
10828,2,1550,01-Oct-19,,"100,00",Pago com sucesso em dinheiro,DINHEIRO,"0,00"
10829,2,898,01-Oct-19,,"500,00",0,,
10830,2,1797,02-Oct-19,,"750,00",Pago com sucesso no catão de crédito em 6 parcelas,CRÉDITO,"0,00"
10831,2,1638,01-Oct-19,,"0,01",Pago com sucesso em dinheiro,DINHEIRO,"0,00"
10832,2,1798,07-Oct-19,07-Nov-19,"460,00",Carnê concluído,CARNÊ,"100,00"
10833,,1800,08-Oct-19,12-Nov-19,"650,00",Carnê concluído,CARNÊ,"0,00"
10834,2,1801,09-Oct-19,,"200,00",Pago com sucesso no cartão de débito,DÉBITO,"0,00"
10835,2,1799,09-Oct-19,,"600,00",Pago com sucesso no catão de crédito em 3 parcelas,CRÉDITO,"0,00"
10836,2,398,10-Oct-19,10-Nov-19,"1080,00",Carnê concluído,CARNÊ,"180,00"
10837,2,1803,11-Oct-19,05-Nov-19,"270,00",Carnê concluído,CARNÊ,"0,00"
10838,2,273,16-Oct-19,,"200,00",Pago com sucesso em dinheiro,DINHEIRO,"0,00"
10839,2,39,17-Oct-19,08-Nov-19,850,Carnê concluído,CARNÊ,"0,00"
10840,2,1809,18-Oct-19,,"300,00",Pago com sucesso no catão de crédito em 1 parcelas,CRÉDITO,"0,00"
10841,2,1810,18-Oct-19,,"500,00",Pago com sucesso em dinheiro,DINHEIRO,"0,00"
10842,2,226,22-Oct-19,10-Nov-19,"250,00",Carnê concluído,CARNÊ,"0,00"
10843,2,1811,24-Oct-19,,"950,00",Pago com sucesso no catão de crédito em 6 parcelas,CRÉDITO,"0,00"
10844,2,1812,24-Oct-19,,"150,00",Pago com sucesso em dinheiro,DINHEIRO,"0,00"
10845,2,1813,24-Oct-19,01-Dec-19,"660,00",Carnê concluído,CARNÊ,"260,00"
10846,2,1802,24-Oct-19,,"1800,00",Pago com sucesso no cartão de débito,DÉBITO,"0,00"
10847,2,1814,28-Oct-19,,"500,00",Pago com sucesso no catão de crédito em 5 parcelas,CRÉDITO,"0,00"
10848,2,1585,28-Oct-19,,"1200,00",Pago com sucesso no catão de crédito em 1 parcelas,CRÉDITO,"0,00"
10849,2,1611,28-Oct-19,,"800,00",Pago com sucesso no catão de crédito em 10 parcelas,CRÉDITO,"0,00"
10850,2,1815,29-Oct-19,,"480,00",Pago com sucesso em dinheiro,DINHEIRO,"0,00"
10851,2,1816,31-Oct-19,30-Nov-19,"350,00",Carnê concluído,CARNÊ,"100,00"
10852,2,942,04-Nov-19,05-Dec-19,"600,00",Carnê concluído,CARNÊ,"0,00"
10853,2,1818,04-Nov-19,,"1000,00",Pago com sucesso no catão de crédito em 3 parcelas,CRÉDITO,"0,00"
10854,2,667,08-Nov-19,20-Nov-19,"390,00",Carnê concluído,CARNÊ,"0,00"
10855,2,832,11-Nov-19,,"2000,00",Pago com sucesso no catão de crédito em 6 parcelas,CRÉDITO,"0,00"
10856,2,727,12-Dec-19,,"400,00",Pago com sucesso no cartão de débito,DÉBITO,"300,00"
10857,2,44,14-Nov-19,05-Dec-19,"1470,00",Carnê concluído,CARNÊ,"245,00"
10858,2,494,16-Nov-19,10-Dec-19,"1310,00",Carnê concluído,CARNÊ,"200,00"
10859,2,1819,18-Nov-19,,"400,00",Pago com sucesso no catão de crédito em 4 parcelas,CRÉDITO,"0,00"
10860,2,573,19-Nov-19,05-Jan-20,"800,00",Carnê concluído,CARNÊ,"150,00"
10861,2,1820,20-Nov-19,,"900,00",Pago com sucesso no catão de crédito em 6 parcelas,CRÉDITO,"0,00"
10862,2,1467,26-Nov-19,05-Jan-20,"200,00",Carnê concluído,CARNÊ,"0,00"
10863,2,740,26-Nov-19,25-Feb-20,"250,00",Carnê concluído,CARNÊ,"0,00"
10864,2,1821,25-Nov-19,05-Dec-19,"500,00",Carnê concluído,CARNÊ,"0,00"
10865,2,102,27-Nov-19,05-Dec-19,"720,00",Carnê concluído,CARNÊ,"0,00"
10866,2,1823,28-Nov-19,,"200,00",Pago com sucesso no catão de crédito em 1 parcelas,CRÉDITO,"0,00"
10867,2,577,03-Dec-19,,"1200,00",Pago com sucesso no catão de crédito em 6 parcelas,CRÉDITO,"0,00"
10868,2,1824,04-Dec-19,,"400,00",Pago com sucesso em dinheiro,DINHEIRO,"0,00"
10869,2,1822,04-Dec-19,04-Jan-20,"840,00",Carnê concluído,CARNÊ,"140,00"
10870,2,1575,04-Dec-19,,"675,00",Pago com sucesso no catão de crédito em 3 parcelas,CRÉDITO,"300,00"
10871,2,1825,09-Dec-19,,"1140,00",Pago com sucesso no catão de crédito em 6 parcelas,CRÉDITO,"0,00"
10872,2,1827,10-Dec-19,,"800,00",Pago com sucesso no catão de crédito em 4 parcelas,CRÉDITO,"0,00"
10873,2,1828,10-Dec-19,10-Feb-20,"1154,00",Carnê concluído,CARNÊ,"204,00"
10874,2,908,13-Dec-19,10-Jan-20,"780,00",Carnê concluído,CARNÊ,"0,00"
10875,2,740,16-Dec-19,16-Jan-20,"400,00",Carnê concluído,CARNÊ,"0,00"
10876,2,1829,17-Dec-19,,"660,00",Pago com sucesso no catão de crédito em 4 parcelas,CRÉDITO,"0,00"
10877,,204,19-Dec-19,10-Feb-20,"700,00",Carnê concluído,CARNÊ,"200,00"
10878,2,1830,19-Dec-19,,"950,00",Pago com sucesso no catão de crédito em 6 parcelas,CRÉDITO,"0,00"
10879,2,1831,21-Dec-19,,"900,00",Pago com sucesso no catão de crédito em 6 parcelas,CRÉDITO,"0,00"
10880,2,923,23-Dec-19,20-Jan-20,"2000,00",Carnê concluído,CARNÊ,"0,00"
10881,2,1832,27-Dec-19,,"800,00",Pago com sucesso no catão de crédito em 6 parcelas,CRÉDITO,"0,00"
10882,2,662,28-Dec-19,,"750,00",Pago com sucesso em dinheiro,DINHEIRO,"0,00"
10883,2,1826,28-Dec-19,,"200,00",Pago com sucesso em dinheiro,DINHEIRO,"0,00"
10884,2,657,30-Dec-19,05-Feb-20,"400,00",Carnê concluído,CARNÊ,"0,00"
10885,2,994,03-Jan-20,,"350,00",Pago com sucesso em dinheiro,DINHEIRO,"0,00"
10886,2,804,06-Jan-20,05-Feb-20,"950,00",Carnê concluído,CARNÊ,"300,00"
10887,2,1833,06-Jan-20,,"295,00",Pago com sucesso no catão de crédito em 3 parcelas,CRÉDITO,"0,00"
10888,2,1704,06-Jan-20,,"106,00",Pago com sucesso no cartão de débito,DÉBITO,"0,00"
10889,2,1834,08-Jan-20,,"500,00",Pago com sucesso em dinheiro,DINHEIRO,"0,00"
10890,2,1835,08-Jan-20,,"600,00",Pago com sucesso no catão de crédito em 4 parcelas,CRÉDITO,"0,00"
10891,2,1836,08-Jan-20,,"500,00",Pago com sucesso em dinheiro,DINHEIRO,"0,00"
10892,2,86,10-Jan-20,10-Feb-20,"950,00",Carnê concluído,CARNÊ,"0,00"
10893,2,1818,13-Jan-20,,"220,00",Pago com sucesso no catão de crédito em 1 parcelas,CRÉDITO,"0,00"
10894,2,1557,14-Jan-20,,"320,00",Pago com sucesso no catão de crédito em 2 parcelas,CRÉDITO,"0,00"
10895,2,28,14-Jan-20,05-Feb-20,"840,00",Carnê concluído,CARNÊ,"0,00"
10896,,1634,14-Jan-20,28-Feb-20,"480,00",Carnê concluído,CARNÊ,"200,00"
10897,,1837,14-Jan-20,,"260,00",Pago com sucesso em dinheiro,DINHEIRO,"0,00"
10898,2,1838,16-Jan-20,,"330,00",Pago com sucesso em dinheiro,DINHEIRO,"0,00"
10899,2,722,17-Jan-20,,"1300,00",Pago com sucesso em dinheiro,DINHEIRO,"0,00"
10900,2,1593,17-Jan-20,15-Feb-20,"1610,00",Carnê concluído,CARNÊ,"230,00"
10901,2,54,20-Jan-20,01-Feb-20,"990,00",Carnê concluído,CARNÊ,"0,00"
10902,2,1839,20-Jan-20,,"1200,00",Pago com sucesso no catão de crédito em 6 parcelas,CRÉDITO,"0,00"
10903,2,1840,20-Jan-20,,"700,00",Pago com sucesso no catão de crédito em 6 parcelas,CRÉDITO,"0,00"
10904,2,1841,23-Jan-20,,"180,00",Pago com sucesso em dinheiro,DINHEIRO,"0,00"
10905,2,55,23-Jan-20,05-Mar-20,"700,00",Carnê concluído,CARNÊ,"0,00"
10906,2,1818,23-Jan-20,,"250,00",Pago com sucesso no cartão de débito,DÉBITO,"0,00"
10907,2,1539,28-Jan-20,06-Feb-20,"990,00",Carnê concluído,CARNÊ,"0,00"
10908,2,1842,29-Jan-20,,"0,01",Pago com sucesso em dinheiro,DINHEIRO,"0,00"
10909,2,1172,07-Feb-20,,"1930,00",Pago com sucesso no catão de crédito em 10 parcelas,CRÉDITO,"0,00"
10910,2,1862,10-Feb-20,10-Mar-20,"1000,00",Carnê aberto,CARNÊ,"400,00"
10911,2,85,10-Feb-20,10-Mar-20,"725,00",Carnê concluído,CARNÊ,"145,00"
10912,2,1863,10-Feb-20,05-Mar-20,"260,00",Pago com sucesso no catão de crédito em 1 parcelas,CRÉDITO,"170,00"
10913,2,1864,12-Feb-20,,"600,00",Pago com sucesso no catão de crédito em 10 parcelas,CRÉDITO,"0,00"
10914,2,1865,13-Feb-20,,"125,00",Pago com sucesso em dinheiro,DINHEIRO,"0,00"
10915,2,1866,14-Feb-20,,"600,00",Pago com sucesso no catão de crédito em 6 parcelas,CRÉDITO,"0,00"
10916,2,349,14-Feb-20,25-Mar-20,"1350,00",Carnê concluído,CARNÊ,"200,00"
10917,2,1867,19-Feb-20,,"380,00",Pago com sucesso em dinheiro,DINHEIRO,"0,00"
10918,2,374,19-Feb-20,,"2700,00",Pago com sucesso no catão de crédito em 10 parcelas,CRÉDITO,"1000,00"
10919,2,1868,19-Feb-20,,"340,00",Pago com sucesso no catão de crédito em 2 parcelas,CRÉDITO,"0,00"
10921,2,1869,28-Feb-20,,"80,00",Pago com sucesso no catão de crédito em 2 parcelas,CRÉDITO,"0,00"
10922,2,1870,28-Feb-20,10-Mar-20,"1050,00",Carnê concluído,CARNÊ,"0,00"
10923,2,1495,22-Feb-20,06-Apr-20,"360,00",Carnê concluído,CARNÊ,"0,00"
10924,2,1872,03-Mar-20,,"150,00",Pago com sucesso em dinheiro,DINHEIRO,"0,00"
10925,2,1639,04-Mar-20,09-Apr-20,"700,00",Carnê aberto,CARNÊ,"100,00"
10926,2,1873,05-Mar-20,,"750,00",Pago com sucesso em dinheiro,DINHEIRO,"0,00"
10927,2,1874,05-Mar-20,,"55,00",Pago com sucesso no catão de crédito em 1 parcelas,CRÉDITO,"0,00"
10928,2,3,06-Mar-20,05-Apr-20,"960,00",Carnê concluído,CARNÊ,"0,00"
10929,2,1460,10-Mar-20,,"800,00",Pago com sucesso no catão de crédito em 8 parcelas,CRÉDITO,"0,00"
10930,2,1878,11-Mar-20,,"0,01",Pago com sucesso em dinheiro,DINHEIRO,"0,00"
10931,2,1879,11-Mar-20,10-Apr-20,"900,00",Carnê concluído,CARNÊ,"0,00"
10932,2,257,11-Mar-20,08-Apr-20,"1630,00",Carnê concluído,CARNÊ,"0,00"
10933,2,1880,11-Mar-20,,"200,00",Pago com sucesso no catão de crédito em 1 parcelas,CRÉDITO,"0,00"
10934,2,1648,16-Mar-20,,"2150,00",Pago com sucesso no catão de crédito em 10 parcelas,CRÉDITO,"0,00"
10935,2,378,20-Mar-20,29-May-20,"2190,00",Carnê concluído,CARNÊ,"600,00"
10936,,874,07-Apr-20,07-May-20,"1110,00",Carnê concluído,CARNÊ,"0,00"
10937,,1882,07-Apr-20,,"400,00",Pago com sucesso no catão de crédito em 4 parcelas,CRÉDITO,"0,00"
10938,,1883,11-Apr-20,,"300,00",Pago com sucesso em dinheiro,DINHEIRO,"0,00"
10939,,464,02-May-20,,"300,00",Pago com sucesso no cartão de débito,DÉBITO,"0,00"
10940,2,1885,28-May-20,,"250,00",Pago com sucesso no catão de crédito em 3 parcelas,CRÉDITO,"0,00"
10941,2,445,28-May-20,25-Jun-20,"1200,00",Carnê concluído,CARNÊ,"0,00"
10942,2,1886,30-May-20,,"300,00",Pago com sucesso no catão de crédito em 1 parcelas,CRÉDITO,"200,00"
10943,,1887,30-May-20,,"1590,00",Pago com sucesso no catão de crédito em 5 parcelas,CRÉDITO,"0,00"
10944,,1888,01-Jun-20,,"100,00",Pago com sucesso em dinheiro,DINHEIRO,"0,00"
10945,,573,03-Jun-20,05-Aug-20,"1300,00",Carnê concluído,CARNÊ,"220,00"
10946,,1889,04-Jun-20,,"300,00",Pago com sucesso em dinheiro,DINHEIRO,"0,00"
10947,,1890,05-Jun-20,,"300,00",Pago com sucesso em dinheiro,DINHEIRO,"0,00"
10948,,1385,05-Jun-20,,"100,00",Pago com sucesso em dinheiro,DINHEIRO,"0,00"
10949,2,1430,06-Jun-20,,"800,00",Pago com sucesso no cartão de débito,DÉBITO,"0,00"
10950,2,1477,08-Jun-20,15-Jul-20,"300,00",Carnê concluído,CARNÊ,"0,00"
10951,2,1892,08-Jun-20,,"950,00",Pago com sucesso no catão de crédito em 4 parcelas,CRÉDITO,"0,00"
10952,2,1893,09-Jun-20,,"540,00",Pago com sucesso no cartão de débito,DÉBITO,"0,00"
10953,2,1884,08-Jun-20,,"145,00",Pago com sucesso em dinheiro,DINHEIRO,"0,00"
10954,2,683,16-Jun-20,,"950,00",Pago com sucesso no catão de crédito em 6 parcelas,CRÉDITO,"0,00"
10955,2,1894,12-Jun-20,,"550,00",Pago com sucesso em dinheiro,DINHEIRO,"0,00"
10956,2,888,15-Jun-20,,"1400,00",Pago com sucesso no cartão de débito,DÉBITO,"0,00"
10957,2,627,15-Jun-20,01-Jul-20,"800,00",Carnê aberto,CARNÊ,"0,00"
10960,,1896,17-Jun-20,06-Jul-20,"1350,00",Carnê concluído,CARNÊ,"250,00"
10962,,69,18-Jun-20,18-Jul-20,"500,00",Pago com sucesso no catão de crédito em 2 parcelas,CRÉDITO,"250,00"
10963,2,1895,15-Jun-20,15-Jul-20,"1660,00",Pago com sucesso no catão de crédito em 10 parcelas,CRÉDITO,"0,00"
10964,2,1897,19-Jun-20,19-Jul-20,"600,00",Pago com sucesso no catão de crédito em 6 parcelas,CRÉDITO,"0,00"
10965,2,1900,22-Jun-20,10-Aug-20,"700,00",Pago com sucesso no catão de crédito em 3 parcelas,CRÉDITO,"550,00"
10966,2,550,22-Jun-20,,"300,00",Pago com sucesso em dinheiro,DINHEIRO,"0,00"
10967,2,194,22-Jun-20,10-Jul-20,"680,00",Carnê concluído,CARNÊ,"0,00"
10969,,1901,22-Jun-20,22-Jul-20,"1215,00",Pago com sucesso no catão de crédito em 10 parcelas,CRÉDITO,"0,00"
10970,2,1906,30-Jun-20,10-Jul-20,"500,00",Carnê concluído,CARNÊ,"0,00"
10971,2,1464,23-Jun-20,01-Jul-20,"660,00",Pago com sucesso em dinheiro,DINHEIRO,"0,00"
10972,2,1576,24-Jun-20,10-Jul-20,"135,00",Carnê concluído,CARNÊ,"0,00"
10973,2,1902,26-Jun-20,,"2000,00",Pago com sucesso no catão de crédito em 5 parcelas,CRÉDITO,"400,00"
10974,2,1903,27-Jun-20,,"680,00",Pago com sucesso no catão de crédito em 7 parcelas,CRÉDITO,"0,00"
10975,2,1898,27-Jun-20,10-Jul-20,"1575,00",Carnê concluído,CARNÊ,"0,00"
10976,2,445,27-Jun-20,25-Dec-20,"300,00",Carnê concluído,CARNÊ,"0,00"
10977,,1907,30-Jun-20,30-Jul-20,"1260,00",Pago com sucesso no catão de crédito em 10 parcelas,CRÉDITO,"260,00"
10978,2,1908,01-Jul-20,,"280,00",Pago com sucesso no catão de crédito em 3 parcelas,CRÉDITO,"0,00"
10979,2,1909,02-Jul-20,,"120,00",Pago com sucesso no cartão de débito,DÉBITO,"0,00"
10980,2,1910,03-Jul-20,,"450,00",Pago com sucesso no catão de crédito em 4 parcelas,CRÉDITO,"0,00"
10981,2,994,03-Jul-20,,"1400,00",Pago com sucesso no cartão de débito,DÉBITO,"0,00"
10983,,665,06-Jul-20,02-Aug-20,"1500,00",Carnê concluído,CARNÊ,"300,00"
10984,,1708,06-Jul-20,03-Aug-20,"1380,00",Carnê concluído,CARNÊ,"0,00"
10985,2,1911,07-Jul-20,,"1280,00",Pago com sucesso no catão de crédito em 10 parcelas,CRÉDITO,"0,00"
10986,2,1912,08-Jul-20,,"600,00",Pago com sucesso no catão de crédito em 1 parcelas,CRÉDITO,"0,00"
10987,2,445,09-Jul-20,25-Aug-20,"1260,00",Carnê concluído,CARNÊ,"0,00"
10988,2,310,17-Jul-20,30-Jul-20,"750,00",Carnê concluído,CARNÊ,"0,00"
10989,2,1913,09-Jul-20,,"550,00",Pago com sucesso no catão de crédito em 5 parcelas,CRÉDITO,"0,00"
10990,2,1914,10-Jul-20,,"1120,00",Pago com sucesso no catão de crédito em 8 parcelas,CRÉDITO,"0,00"
10991,2,657,10-Jul-20,10-Aug-20,"600,00",Carnê concluído,CARNÊ,"0,00"
10992,,294,14-Jul-20,,"700,00",Pago com sucesso no cartão de débito,DÉBITO,"0,00"
10993,,1675,14-Jul-20,,"970,00",Pago com sucesso em dinheiro,DINHEIRO,"0,00"
10994,2,90,14-Jul-20,05-Aug-20,"600,00",Carnê concluído,CARNÊ,"0,00"
10995,2,1915,15-Jul-20,,"240,00",Pago com sucesso no cartão de débito,DÉBITO,"120,00"
10996,2,1916,15-Jul-20,,"550,00",Pago com sucesso no cartão de débito,DÉBITO,"0,00"
10997,2,1919,16-Jul-20,,"2350,00",Pago com sucesso no catão de crédito em 12 parcelas,CRÉDITO,"0,00"
10998,2,1917,15-Jul-20,,"1940,00",Pago com sucesso no catão de crédito em 5 parcelas,CRÉDITO,"940,00"
10999,2,1918,15-Jul-20,15-Aug-20,"1020,00",Carnê concluído,CARNÊ,"510,00"
11000,2,1920,24-Jul-20,,"600,00",Pago com sucesso no catão de crédito em 4 parcelas,CRÉDITO,"200,00"
11001,,1505,27-Jul-20,15-Aug-20,"520,00",Carnê concluído,CARNÊ,"120,00"
11002,,899,30-Jun-20,,"0,01",Pago com sucesso em dinheiro,DINHEIRO,"0,00"
11003,,1921,27-Jul-20,,"180,00",Pago com sucesso no catão de crédito em 1 parcelas,CRÉDITO,"100,00"
11004,,1922,28-Jul-20,,"1450,00",Pago com sucesso no catão de crédito em 10 parcelas,CRÉDITO,"0,00"
11005,,1923,29-Jul-20,25-Aug-20,"750,00",Carnê concluído,CARNÊ,"400,00"
11006,,1924,30-Jul-20,10-Aug-20,"1200,00",Carnê concluído,CARNÊ,"0,00"
11007,,1926,01-Aug-20,,"1280,00",Pago com sucesso no catão de crédito em 2 parcelas,CRÉDITO,"280,00"
11008,,32,01-Aug-20,05-Oct-20,"500,00",Carnê concluído,CARNÊ,"100,00"
11009,,1927,30-Jul-20,,"430,00",Pago com sucesso em dinheiro,DINHEIRO,"0,00"
11010,,660,30-Jul-20,,"1000,00",Pago com sucesso no catão de crédito em 5 parcelas,CRÉDITO,"200,00"
11011,,1925,30-Jul-20,,"350,00",Pago com sucesso no catão de crédito em 1 parcelas,CRÉDITO,"0,00"
11012,2,1928,01-Aug-20,,"700,00",Pago com sucesso no catão de crédito em 3 parcelas,CRÉDITO,"200,00"
11013,2,67,04-Aug-20,04-Sep-20,"250,00",Carnê concluído,CARNÊ,"125,00"
11014,2,75,06-Aug-20,12-Sep-20,"950,00",Carnê concluído,CARNÊ,"200,00"
11015,2,1929,07-Aug-20,,"800,00",Pago com sucesso em dinheiro,DINHEIRO,"0,00"
11016,2,43,07-Aug-20,05-Oct-20,"1900,00",Carnê concluído,CARNÊ,"500,00"
11017,,1931,08-Aug-20,,"425,00",Pago com sucesso no catão de crédito em 2 parcelas,CRÉDITO,"200,00"
11018,2,995,11-Aug-20,25-Sep-20,"240,00",Carnê concluído,CARNÊ,"80,00"
11019,2,1422,11-Aug-20,11-Sep-20,"1110,00",Carnê concluído,CARNÊ,"0,00"
11020,2,1460,12-Aug-20,,"280,00",Pago com sucesso no catão de crédito em 2 parcelas,CRÉDITO,"0,00"
11021,2,1932,13-Aug-20,,"220,00",Pago com sucesso em dinheiro,DINHEIRO,"0,00"
11022,2,99,14-Aug-20,,"1200,00",Pago com sucesso no catão de crédito em 6 parcelas,CRÉDITO,"300,00"
11023,,1933,14-Aug-20,15-Sep-20,"600,00",Carnê aberto,CARNÊ,"120,00"
11024,,1777,14-Aug-20,,"290,00",Pago com sucesso no catão de crédito em 1 parcelas,CRÉDITO,"0,00"
11025,,1934,14-Aug-20,,"750,00",Pago com sucesso no catão de crédito em 10 parcelas,CRÉDITO,"0,00"
11026,,1935,15-Aug-20,,"400,00",Pago com sucesso em dinheiro,DINHEIRO,"0,00"
11027,2,1936,17-Aug-20,,"370,00",Pago com sucesso no catão de crédito em 3 parcelas,CRÉDITO,"0,00"
11028,2,1937,17-Aug-20,,"430,00",Pago com sucesso no cartão de débito,DÉBITO,"0,00"
11029,2,1938,17-Aug-20,,"400,00",Pago com sucesso em dinheiro,DINHEIRO,"0,00"
11030,2,1939,18-Aug-20,,"250,00",Pago com sucesso no cartão de débito,DÉBITO,"0,00"
11031,2,86,20-Aug-20,20-Sep-20,"180,00",Carnê concluído,CARNÊ,"90,00"
11032,2,833,21-Aug-20,10-Sep-20,"980,00",Carnê concluído,CARNÊ,"90,00"
11033,2,1940,21-Aug-20,,"350,00",Pago com sucesso em dinheiro,DINHEIRO,"0,00"
11034,2,1941,24-Aug-20,,"200,00",Pago com sucesso em dinheiro,DINHEIRO,"0,00"
11035,2,1942,25-Aug-20,,"600,00",Pago com sucesso no catão de crédito em 6 parcelas,CRÉDITO,"0,00"
11036,2,1517,25-Aug-20,05-Sep-20,"500,00",Carnê concluído,CARNÊ,"0,00"
11037,2,31,25-Aug-20,10-Sep-20,"1244,00",Carnê concluído,CARNÊ,"200,00"
11038,2,1943,25-Aug-20,15-Sep-20,"2184,00",Carnê concluído,CARNÊ,"300,00"
11039,2,1944,26-Aug-20,,"400,00",Pago com sucesso no catão de crédito em 4 parcelas,CRÉDITO,"0,00"
11040,2,1945,27-Aug-20,,"400,00",Pago com sucesso em dinheiro,DINHEIRO,"0,00"
11041,2,566,28-Sep-20,,"395,00",Pago com sucesso no catão de crédito em 5 parcelas,CRÉDITO,"0,00"
11042,2,51,28-Aug-20,01-Oct-20,"2400,00",Carnê concluído,CARNÊ,"0,00"
11043,,805,02-Sep-20,,"390,00",Pago com sucesso no catão de crédito em 4 parcelas,CRÉDITO,"0,00"
11044,2,1828,02-Sep-20,30-Sep-20,"300,00",Carnê concluído,CARNÊ,"50,00"
11046,2,1946,03-Sep-20,01-Oct-20,"250,00",Carnê concluído,CARNÊ,"0,00"
11047,2,1884,09-Sep-20,,"270,00",Pago com sucesso em dinheiro,DINHEIRO,"0,00"
11048,2,1436,11-Sep-20,15-Oct-20,"645,00",Carnê concluído,CARNÊ,"300,00"
11049,2,1976,14-Sep-20,,"300,00",Pago com sucesso em dinheiro,DINHEIRO,"0,00"
11051,2,1508,17-Sep-20,,"400,00",Pago com sucesso no catão de crédito em 4 parcelas,CRÉDITO,"0,00"
11052,2,1978,17-Sep-20,,"300,00",Pago com sucesso no catão de crédito em 2 parcelas,CRÉDITO,"0,00"
11053,2,1977,17-Sep-20,10-Oct-20,"1500,00",Carnê concluído,CARNÊ,"0,00"
11054,2,1947,04-Sep-20,04-Oct-20,"750,00",Carnê concluído,CARNÊ,"250,00"
11055,2,1979,17-Sep-20,,"800,00",Pago com sucesso no catão de crédito em 8 parcelas,CRÉDITO,"0,00"
11056,2,1590,18-Sep-20,,"1500,00",Pago com sucesso em dinheiro,DINHEIRO,"0,00"
11057,2,1980,18-Sep-20,,"500,00",Pago com sucesso em dinheiro,DINHEIRO,"0,00"
11058,2,1981,21-Sep-20,30-Oct-20,"220,00",Carnê concluído,CARNÊ,"0,00"
11059,,1982,24-Sep-20,,"1400,00",Pago com sucesso no catão de crédito em 10 parcelas,CRÉDITO,"0,00"
11060,,854,24-Sep-20,05-Nov-20,"380,00",Carnê aberto,CARNÊ,"100,00"
11061,2,939,28-Sep-20,10-Nov-20,"1170,00",Carnê concluído,CARNÊ,"0,00"
11062,2,1983,29-Sep-20,,"700,00",Pago com sucesso no catão de crédito em 2 parcelas,CRÉDITO,"350,00"
11063,2,1984,01-Oct-20,10-Nov-20,"600,00",Carnê concluído,CARNÊ,"120,00"
11064,2,51,02-Oct-20,25-Nov-20,"380,00",Carnê concluído,CARNÊ,"0,00"
11065,2,1985,03-Oct-20,03-Oct-20,"200,00",Pago com sucesso em dinheiro,DINHEIRO,"0,00"
11066,2,1986,03-Oct-20,03-Oct-20,"350,00",Pago com sucesso no catão de crédito em 3 parcelas,CRÉDITO,"0,00"
11067,2,1987,05-Oct-20,05-Oct-20,"250,00",Pago com sucesso no catão de crédito em 1 parcelas,CRÉDITO,"0,00"
11068,2,424,05-Oct-20,10-Dec-20,"800,00",Carnê aberto,CARNÊ,"500,00"
11069,2,102,07-Oct-20,05-Nov-20,"600,00",Carnê concluído,CARNÊ,"0,00"
11070,2,1988,07-Oct-20,,"500,00",Pago com sucesso no catão de crédito em 3 parcelas,CRÉDITO,"150,00"
11071,2,186,07-Oct-20,,"2130,00",Pago com sucesso no catão de crédito em 10 parcelas,CRÉDITO,"0,00"
11072,,1989,07-Oct-20,,"500,00",Pago com sucesso em dinheiro,DINHEIRO,"0,00"
11073,,1990,10-Oct-20,25-Nov-20,"950,00",Carnê concluído,CARNÊ,"200,00"
11075,,1991,16-Oct-20,,"570,00",Pago com sucesso em dinheiro,DINHEIRO,"0,00"
11076,2,1992,16-Oct-20,,"120,00",Pago com sucesso no cartão de débito,DÉBITO,"0,00"
11077,2,1634,17-Oct-20,05-Nov-20,"350,00",Carnê concluído,CARNÊ,"0,00"
11078,2,1993,17-Oct-20,,"2350,00",Pago com sucesso no catão de crédito em 10 parcelas,CRÉDITO,"0,00"
11079,2,1764,17-Oct-20,25-Nov-20,"350,00",Carnê concluído,CARNÊ,"50,00"
11080,2,893,20-Oct-20,,"1800,00",Pago com sucesso no catão de crédito em 10 parcelas,CRÉDITO,"0,00"
11081,2,728,20-Oct-20,,"300,00",Pago com sucesso no catão de crédito em 3 parcelas,CRÉDITO,"0,00"
11082,2,1994,21-Oct-20,,"570,00",Pago com sucesso em dinheiro,DINHEIRO,"0,00"
11083,2,1995,22-Oct-20,,"1620,00",Pago com sucesso no catão de crédito em 6 parcelas,CRÉDITO,"0,00"
11084,2,1996,22-Oct-20,,"1100,00",Pago com sucesso no catão de crédito em 4 parcelas,CRÉDITO,"0,00"
11085,,1998,26-Oct-20,,"250,00",Pago com sucesso no catão de crédito em 3 parcelas,CRÉDITO,"0,00"
11086,,1999,30-Nov-20,,"1650,00",Pago com sucesso em dinheiro,DINHEIRO,"0,00"
11087,,1997,31-Oct-20,,"950,00",Pago com sucesso no catão de crédito em 10 parcelas,CRÉDITO,"0,00"
11088,2,80,14-Oct-20,05-Nov-20,"1520,00",Carnê concluído,CARNÊ,"0,00"
11089,2,2000,03-Nov-20,03-Nov-20,"400,00",Carnê concluído,CARNÊ,"0,00"
11090,2,740,03-Nov-20,03-Dec-20,"400,00",Carnê concluído,CARNÊ,"0,00"
11091,2,2001,04-Nov-20,,"450,00",Pago com sucesso no cartão de débito,DÉBITO,"0,00"
11092,2,2002,05-Nov-20,,"250,00",Pago com sucesso no catão de crédito em 3 parcelas,CRÉDITO,"0,00"
11093,,2003,06-Nov-20,,"300,00",Pago com sucesso em dinheiro,DINHEIRO,"0,00"
11094,,2004,03-Nov-20,,"400,00",Pago com sucesso em dinheiro,DINHEIRO,"0,00"
11095,,830,09-Nov-20,25-Nov-20,"500,00",Carnê concluído,CARNÊ,"0,00"
11096,,2005,09-Nov-20,,"1100,00",Pago com sucesso no catão de crédito em 5 parcelas,CRÉDITO,"300,00"
11097,,2006,09-Nov-20,,"280,00",Pago com sucesso no catão de crédito em 4 parcelas,CRÉDITO,"0,00"
11098,,1751,09-Nov-20,05-Jan-21,"600,00",Carnê aberto,CARNÊ,"0,00"
11099,,2007,09-Nov-20,,"80,00",Pago com sucesso em dinheiro,DINHEIRO,"0,00"
11100,,2008,10-Nov-20,,"850,00",Pago com sucesso no catão de crédito em 6 parcelas,CRÉDITO,"0,00"
11101,2,2009,10-Nov-20,,"700,00",Pago com sucesso no catão de crédito em 4 parcelas,CRÉDITO,"0,00"
11102,2,2010,10-Nov-20,,"100,00",Pago com sucesso no catão de crédito em 1 parcelas,CRÉDITO,"0,00"
11103,2,2011,11-Nov-20,,"600,00",Pago com sucesso no cartão de débito,DÉBITO,"0,00"
11104,2,2012,12-Nov-20,03-Dec-20,"400,00",Carnê concluído,CARNÊ,"0,00"
11105,2,2000,12-Nov-20,03-Dec-20,"250,00",Carnê concluído,CARNÊ,"0,00"
11106,2,2013,17-Nov-20,,"100,00",Pago com sucesso em dinheiro,DINHEIRO,"0,00"
11107,2,2014,19-Nov-20,,"400,00",Pago com sucesso no catão de crédito em 2 parcelas,CRÉDITO,"0,00"
11108,2,2015,23-Nov-20,,"750,00",Pago com sucesso no catão de crédito em 6 parcelas,CRÉDITO,"0,00"
11109,2,1799,23-Nov-20,,"300,00",Pago com sucesso no catão de crédito em 2 parcelas,CRÉDITO,"0,00"
11110,2,2016,24-Nov-20,10-Dec-20,"1000,00",Carnê concluído,CARNÊ,"200,00"
11111,2,1898,24-Nov-20,10-Apr-21,"1000,00",Carnê concluído,CARNÊ,"200,00"
11112,2,1696,24-Nov-20,,"1350,00",Pago com sucesso no catão de crédito em 6 parcelas,CRÉDITO,"600,00"
11114,2,2018,27-Nov-20,,"1800,00",Pago com sucesso no catão de crédito em 10 parcelas,CRÉDITO,"0,00"
11115,2,1675,30-Nov-20,,"1200,00",Pago com sucesso no catão de crédito em 4 parcelas,CRÉDITO,"0,00"
11116,2,1779,30-Nov-20,,"100,00",Pago com sucesso em dinheiro,DINHEIRO,"0,00"
11117,2,2019,30-Nov-20,,"900,00",Pago com sucesso em dinheiro,DINHEIRO,"0,00"
11118,2,2020,30-Nov-20,,"270,00",Pago com sucesso em dinheiro,DINHEIRO,"0,00"
11119,2,927,03-Dec-20,22-Jan-21,"1000,00",Carnê concluído,CARNÊ,"200,00"
11120,2,2021,04-Dec-20,,"600,00",Pago com sucesso no catão de crédito em 3 parcelas,CRÉDITO,"0,00"
11121,2,2022,04-Dec-20,,"500,00",Pago com sucesso no catão de crédito em 2 parcelas,CRÉDITO,"10,00"
11122,2,1573,04-Dec-20,07-Jan-21,"570,00",Carnê concluído,CARNÊ,"0,00"
11123,2,2017,25-Nov-20,05-Dec-20,"180,00",Carnê concluído,CARNÊ,"0,00"
11124,2,945,07-Dec-20,,"750,00",Pago com sucesso no catão de crédito em 6 parcelas,CRÉDITO,"300,00"
11125,2,2023,07-Dec-20,,"350,00",Pago com sucesso em dinheiro,DINHEIRO,"0,00"
11126,2,1530,07-Dec-20,05-Jan-21,"650,00",Carnê concluído,CARNÊ,"150,00"
11127,2,2024,07-Dec-20,,"400,00",Pago com sucesso em dinheiro,DINHEIRO,"0,00"
11128,2,2025,08-Dec-20,,"180,00",Pago com sucesso em dinheiro,DINHEIRO,"0,00"
11129,2,2026,10-Dec-20,,"200,00",Pago com sucesso em dinheiro,DINHEIRO,"0,00"
11130,2,1493,16-Dec-20,,"60,00",Pago com sucesso em dinheiro,DINHEIRO,"0,00"
11131,2,1516,17-Dec-20,06-Jan-21,"500,00",Carnê concluído,CARNÊ,"0,00"
11132,2,2027,17-Dec-20,,"450,00",Pago com sucesso em dinheiro,DINHEIRO,"0,00"
11133,2,2028,18-Dec-20,,"720,00",Pago com sucesso no catão de crédito em 1 parcelas,CRÉDITO,"400,00"
11134,2,262,19-Dec-20,26-Feb-21,"850,00",Carnê aberto,CARNÊ,"750,00"
11135,2,2029,21-Dec-20,,"500,00",Pago com sucesso em dinheiro,DINHEIRO,"0,00"
11136,2,1638,30-Dec-20,,"0,01",Pago com sucesso em dinheiro,DINHEIRO,"0,00"
11137,2,2030,02-Jan-21,,"400,00",Pago com sucesso em dinheiro,DINHEIRO,"0,00"
11138,2,2031,04-Jan-21,,"1200,00",Pago com sucesso no catão de crédito em 2 parcelas,CRÉDITO,"500,00"
11139,2,573,08-Jan-21,05-Feb-21,"600,00",Carnê concluído,CARNÊ,"0,00"
11140,2,1495,09-Jan-21,05-Feb-21,"100,00",Carnê concluído,CARNÊ,"0,00"
11141,2,1467,20-Jan-21,05-Feb-21,"260,00",Carnê concluído,CARNÊ,"0,00"
11142,2,1457,09-Jan-21,12-Feb-21,"700,00",Carnê concluído,CARNÊ,"140,00"
11143,2,728,11-Jan-21,,"70,00",Pago com sucesso em dinheiro,DINHEIRO,"0,00"
11144,2,2032,20-Jan-21,11-Feb-21,"800,00",Carnê concluído,CARNÊ,"300,00"
11145,2,2033,11-Jan-21,,"350,00",Pago com sucesso no catão de crédito em 1 parcelas,CRÉDITO,"200,00"
11146,2,2034,19-Jan-21,,"600,00",Pago com sucesso em dinheiro,DINHEIRO,"0,00"
11147,2,1216,20-Jan-21,10-Feb-21,"650,00",Carnê concluído,CARNÊ,"0,00"
11148,2,1457,20-Jan-21,21-Feb-21,"700,00",Carnê concluído,CARNÊ,"140,00"
11149,2,1035,03-Feb-21,,"1000,00",Pago com sucesso no catão de crédito em 10 parcelas,CRÉDITO,"0,00"
11150,2,2035,22-Jan-21,,"720,00",Pago com sucesso no cartão de débito,DÉBITO,"0,00"
11151,2,2036,25-Jan-21,01-Mar-21,"600,00",Carnê concluído,CARNÊ,"300,00"
11152,2,1741,26-Jan-21,,"300,00",Pago com sucesso no catão de crédito em 3 parcelas,CRÉDITO,"0,00"
11153,2,2037,27-Jan-21,,"310,00",Pago com sucesso no catão de crédito em 2 parcelas,CRÉDITO,"0,00"
11154,2,464,29-Jan-21,,"320,00",Pago com sucesso em dinheiro,DINHEIRO,"0,00"
11155,2,2020,30-Dec-20,,"70,00",Pago com sucesso em dinheiro,DINHEIRO,"0,00"
11156,2,2020,30-Jan-21,,"195,00",Pago com sucesso em dinheiro,DINHEIRO,"0,00"
11157,2,2038,02-Feb-21,02-Mar-21,"1380,00",Carnê concluído,CARNÊ,"230,00"
11158,2,1230,03-Feb-21,,"700,00",Pago com sucesso no catão de crédito em 2 parcelas,CRÉDITO,"0,00"
11159,2,292,04-Feb-21,05-Mar-21,"500,00",Carnê concluído,CARNÊ,"100,00"
11160,2,2039,06-Feb-21,,"1600,00",Pago com sucesso no catão de crédito em 10 parcelas,CRÉDITO,"0,00"
11161,2,341,08-Feb-21,,1100,Pago com sucesso no catão de crédito em 5 parcelas,CRÉDITO,"0,00"
11162,2,2040,09-Feb-21,,"1100,00",Pago com sucesso no catão de crédito em 3 parcelas,CRÉDITO,"200,00"
11163,2,2041,12-Feb-21,,"160,00",Pago com sucesso no cartão de débito,DÉBITO,"0,00"
11164,2,1255,13-Feb-21,,"800,00",Pago com sucesso no catão de crédito em 4 parcelas,CRÉDITO,"0,00"
11165,2,2042,13-Feb-21,,"670,00",Pago com sucesso em dinheiro,DINHEIRO,"0,00"
11166,2,88,15-Feb-21,25-Feb-21,"300,00",Carnê concluído,CARNÊ,"0,00"
11167,2,1363,23-Feb-21,30-Mar-21,"1350,00",Carnê concluído,CARNÊ,"350,00"
11168,2,2043,24-Feb-21,,"1200,00",Pago com sucesso no catão de crédito em 10 parcelas,CRÉDITO,"0,00"
11169,2,2044,25-Feb-21,,"100,00",Pago com sucesso em dinheiro,DINHEIRO,"0,00"
11170,2,1702,27-Feb-21,,"500,00",Pago com sucesso no cartão de débito,DÉBITO,"0,00"
11171,2,2045,02-Mar-21,29-Mar-21,"500,00",Carnê concluído,CARNÊ,"0,00"
11172,2,2046,02-Mar-21,23-Mar-21,"1260,00",Carnê concluído,CARNÊ,"0,00"
11173,2,2047,05-Mar-21,05-Apr-21,"300,00",Carnê concluído,CARNÊ,"100,00"
11174,2,1255,05-Mar-21,,"300,00",Pago com sucesso no catão de crédito em 3 parcelas,CRÉDITO,"0,00"
11175,2,589,09-Mar-21,10-Apr-21,"680,00",Carnê concluído,CARNÊ,"0,00"
11176,2,923,13-Mar-21,10-Apr-21,"2000,00",Carnê concluído,CARNÊ,"0,00"
11177,2,2048,16-Mar-21,,"350,00",Pago com sucesso em dinheiro,DINHEIRO,"0,00"
11178,2,86,16-Mar-21,,"1400,00",Pago com sucesso no catão de crédito em 6 parcelas,CRÉDITO,"0,00"
11179,2,899,19-Mar-21,,"0,01",Pago com sucesso em dinheiro,DINHEIRO,"0,00"
11180,2,696,22-Mar-21,29-Apr-21,"800,00",Carnê concluído,CARNÊ,"160,00"
11181,2,1096,23-Mar-21,,"900,00",Pago com sucesso em dinheiro,DINHEIRO,"0,00"
11182,2,1294,29-Mar-21,,"1150,00",Pago com sucesso no catão de crédito em 10 parcelas,CRÉDITO,"0,00"
11183,2,464,30-Mar-21,,"300,00",Pago com sucesso no cartão de débito,DÉBITO,"0,00"
11184,2,2068,05-Apr-21,,"200,00",Pago com sucesso em dinheiro,DINHEIRO,"0,00"
11185,2,1464,06-Apr-21,05-May-21,"705,00",Carnê concluído,CARNÊ,"0,00"
11186,2,2069,06-Apr-21,,"285,00",Pago com sucesso no catão de crédito em 1 parcelas,CRÉDITO,"100,00"
11187,2,1811,09-Apr-21,,"600,00",Pago com sucesso no catão de crédito em 1 parcelas,CRÉDITO,"0,00"
11188,2,2070,10-Apr-21,,"600,00",Pago com sucesso no catão de crédito em 3 parcelas,CRÉDITO,"0,00"
11189,2,2020,26-Feb-21,,"162,50",Pago com sucesso em dinheiro,DINHEIRO,"0,00"
11190,2,2020,31-Mar-21,,"70,00",Pago com sucesso em dinheiro,DINHEIRO,"0,00"
11191,2,2072,15-Apr-21,,"310,00",Pago com sucesso no cartão de débito,DÉBITO,"0,00"
11192,2,1255,16-Apr-21,,"850,00",Pago com sucesso no catão de crédito em 1 parcelas,CRÉDITO,"0,00"
11193,2,988,16-Apr-21,15-May-21,"2000,00",Carnê concluído,CARNÊ,"200,00"
11194,2,2073,17-Apr-21,22-May-21,"1900,00",Carnê concluído,CARNÊ,"300,00"
11195,2,85,19-Apr-21,,"800,00",Pago com sucesso no catão de crédito em 5 parcelas,CRÉDITO,"0,00"
11196,2,2074,20-Apr-21,,"670,00",Pago com sucesso no catão de crédito em 1 parcelas,CRÉDITO,"0,00"
11197,2,2075,20-Apr-21,,"700,00",Pago com sucesso no catão de crédito em 1 parcelas,CRÉDITO,"0,00"
11198,2,830,24-Apr-21,,"450,00",Pago com sucesso no catão de crédito em 5 parcelas,CRÉDITO,"0,00"
11199,2,2076,24-Apr-21,,"370,00",Pago com sucesso no cartão de débito,DÉBITO,"190,00"
11200,2,70,26-Apr-21,28-Jun-21,"750,00",Carnê concluído,CARNÊ,"150,00"
11201,2,2077,28-Apr-21,,"300,00",Pago com sucesso em dinheiro,DINHEIRO,"0,00"
11202,2,2078,29-Apr-21,,"100,00",Pago com sucesso no catão de crédito em 1 parcelas,CRÉDITO,"0,00"
11203,2,115,06-May-21,05-Jun-21,"200,00",Carnê aberto,CARNÊ,"0,00"
11204,2,601,20-May-21,01-Jun-21,"1530,00",Carnê concluído,CARNÊ,"0,00"
11205,2,1245,04-May-21,10-Jun-21,"710,00",Carnê concluído,CARNÊ,"200,00"
11206,,2079,06-May-21,,"250,00",Pago com sucesso no cartão de débito,DÉBITO,"0,00"
11207,,2080,10-May-21,,"2380,00",Pago com sucesso no catão de crédito em 10 parcelas,CRÉDITO,"0,00"
11208,,1244,10-May-21,30-May-21,"700,00",Carnê concluído,CARNÊ,"0,00"
11209,2,67,11-May-21,06-Jun-21,"810,00",Carnê concluído,CARNÊ,"0,00"
11210,2,124,02-Jun-21,02-Jul-21,"405,00",Carnê aberto,CARNÊ,"135,00"
11211,2,1650,13-May-21,,"650,00",Pago com sucesso no catão de crédito em 4 parcelas,CRÉDITO,"250,00"
11212,2,2081,13-May-21,08-Jun-21,"300,00",Carnê concluído,CARNÊ,"0,00"
11213,2,2029,14-May-21,,"1100,00",Pago com sucesso em dinheiro,DINHEIRO,"0,00"
11214,2,102,18-May-21,05-Jul-21,"500,00",Carnê concluído,CARNÊ,"0,00"
11215,2,2082,20-May-21,,"240,00",Pago com sucesso em dinheiro,DINHEIRO,"0,00"
11216,2,2083,20-May-21,,"600,00",Pago com sucesso em dinheiro,DINHEIRO,"0,00"
11217,2,2084,24-May-21,06-Sep-21,"900,00",Carnê concluído,CARNÊ,"0,00"
11218,2,2085,25-May-21,,"650,00",Pago com sucesso em dinheiro,DINHEIRO,"0,00"
11219,2,86,26-May-21,,"500,00",Pago com sucesso em dinheiro,DINHEIRO,"0,00"
11220,2,2086,27-May-21,08-Jun-21,"740,00",Carnê concluído,CARNÊ,"0,00"
11221,2,591,28-May-21,,"600,00",Pago com sucesso no catão de crédito em 3 parcelas,CRÉDITO,"0,00"
11222,2,2088,04-Jun-21,04-Jul-21,"1000,00",Carnê concluído,CARNÊ,"200,00"
11223,2,2087,04-Jun-21,,"970,00",Pago com sucesso em dinheiro,DINHEIRO,"0,00"
11224,2,1604,07-Jun-21,,"900,00",Pago com sucesso no catão de crédito em 6 parcelas,CRÉDITO,"0,00"
11225,2,155,08-Jun-21,10-Jun-21,"1140,00",Carnê concluído,CARNÊ,"190,00"
11226,2,778,08-Jun-21,08-Jul-21,"700,00",Carnê concluído,CARNÊ,"140,00"
11227,2,691,15-Jun-21,,"1140,00",Pago com sucesso no catão de crédito em 6 parcelas,CRÉDITO,"500,00"
11228,2,2089,17-Jun-21,,"350,00",Pago com sucesso no cartão de débito,DÉBITO,"0,00"
11229,2,2090,18-Jun-21,22-Oct-21,"500,00",Carnê concluído,CARNÊ,"0,00"
11230,2,2091,18-Jun-21,,"600,00",Pago com sucesso em dinheiro,DINHEIRO,"0,00"
11231,,2092,18-Jun-21,,"1000,00",Pago com sucesso no catão de crédito em 5 parcelas,CRÉDITO,"300,00"
11232,2,2020,30-Apr-21,,"185,00",Pago com sucesso em dinheiro,DINHEIRO,"0,00"
11233,2,2020,31-May-21,,"70,00",Pago com sucesso em dinheiro,DINHEIRO,"0,00"
11234,2,728,25-Jun-21,20-Jul-21,"180,00",Carnê concluído,CARNÊ,"100,00"
11235,2,464,26-Jul-21,05-Jul-21,"380,00",Carnê concluído,CARNÊ,"100,00"
11236,2,1774,28-Jun-21,,"900,00",Pago com sucesso no catão de crédito em 6 parcelas,CRÉDITO,"0,00"
11237,2,1520,28-Jun-21,,"1000,00",Pago com sucesso no catão de crédito em 10 parcelas,CRÉDITO,"0,00"
11238,2,2094,30-Jun-21,30-Jul-21,"790,00",Carnê concluído,CARNÊ,"350,00"
11239,2,2045,01-Jul-21,30-Jul-21,"250,00",Carnê concluído,CARNÊ,"0,00"
11240,2,2020,30-Jun-21,,"170,00",Pago com sucesso em dinheiro,DINHEIRO,"0,00"
11241,2,899,05-Jul-21,,"0,01",Pago com sucesso em dinheiro,DINHEIRO,"0,00"
11242,2,1112,05-Jul-21,,"900,00",Pago com sucesso no catão de crédito em 2 parcelas,CRÉDITO,"500,00"
11243,,2095,07-Jul-21,,"150,00",Pago com sucesso em dinheiro,DINHEIRO,"0,00"
11244,2,2096,09-Jul-21,,"550,00",Pago com sucesso em dinheiro,DINHEIRO,"0,00"
11245,2,2097,08-Jul-21,15-Aug-21,"510,00",Carnê aberto,CARNÊ,"170,00"
11246,2,2097,08-Jul-21,,"300,00",Pago com sucesso em dinheiro,DINHEIRO,"0,00"
11247,2,1136,09-Jul-21,,"720,00",Pago com sucesso no catão de crédito em 3 parcelas,CRÉDITO,"250,00"
11248,2,272,09-Jul-21,10-Aug-21,"780,00",Carnê concluído,CARNÊ,"160,00"
11249,2,2086,23-Jul-21,,"350,00",Pago com sucesso no catão de crédito em 3 parcelas,CRÉDITO,"0,00"
11250,2,2098,14-Jul-21,02-Aug-21,"900,00",Carnê concluído,CARNÊ,"300,00"
11251,2,1612,14-Jul-21,,"1000,00",Pago com sucesso no catão de crédito em 6 parcelas,CRÉDITO,"0,00"
11252,2,86,14-Jul-21,05-Aug-21,"1400,00",Carnê concluído,CARNÊ,"0,00"
11253,,2099,16-Jul-21,,"280,00",Pago com sucesso no catão de crédito em 6 parcelas,CRÉDITO,"0,00"
11254,,2100,19-Jul-21,,"500,00",Pago com sucesso em dinheiro,DINHEIRO,"0,00"
11255,2,2101,22-Jul-21,,"300,00",Pago com sucesso no catão de crédito em 2 parcelas,CRÉDITO,"200,00"
11256,2,2102,22-Jul-21,,"700,00",Pago com sucesso no catão de crédito em 7 parcelas,CRÉDITO,"0,00"
11257,2,2103,22-Jul-21,,"690,00",Pago com sucesso no catão de crédito em 7 parcelas,CRÉDITO,"0,00"
11258,2,2104,27-Jul-21,,"500,00",Pago com sucesso em dinheiro,DINHEIRO,"0,00"
11259,2,657,28-Jul-21,,"200,00",Pago com sucesso no catão de crédito em 4 parcelas,CRÉDITO,"0,00"
11260,2,2105,28-Jul-21,,"120,00",Pago com sucesso no cartão de débito,DÉBITO,"70,00"
11261,2,2020,31-Jul-21,,"135,00",Pago com sucesso em dinheiro,DINHEIRO,"0,00"
11262,,2106,02-Aug-21,,"1250,00",Pago com sucesso no catão de crédito em 6 parcelas,CRÉDITO,"350,00"
11263,,44,03-Aug-21,30-Aug-21,"1650,00",Carnê concluído,CARNÊ,"0,00"
11264,,2098,04-Aug-21,03-Sep-21,"200,00",Carnê concluído,CARNÊ,"50,00"
11265,2,2076,05-Aug-21,,"180,00",Pago com sucesso em dinheiro,DINHEIRO,"0,00"
11266,2,638,10-Aug-21,15-Sep-21,"1150,00",Carnê concluído,CARNÊ,"350,00"
11267,2,2107,10-Aug-21,,"650,00",Pago com sucesso no catão de crédito em 6 parcelas,CRÉDITO,"0,00"
11268,2,2108,11-Aug-21,,"980,00",Pago com sucesso no catão de crédito em 10 parcelas,CRÉDITO,"0,00"
11269,2,2045,12-Aug-21,29-Aug-21,"600,00",Carnê concluído,CARNÊ,"100,00"
11270,2,1819,13-Aug-21,,"900,00",Pago com sucesso no catão de crédito em 10 parcelas,CRÉDITO,"0,00"
11271,2,913,14-Aug-21,,"1400,00",Pago com sucesso no catão de crédito em 5 parcelas,CRÉDITO,"0,00"
11272,2,51,16-Aug-21,16-Sep-21,"300,00",Carnê concluído,CARNÊ,"0,00"
11273,2,577,17-Aug-21,,"100,00",Pago com sucesso em dinheiro,DINHEIRO,"0,00"
11274,2,834,17-Aug-21,,"1400,00",Pago com sucesso em dinheiro,DINHEIRO,"0,00"
11275,2,2109,19-Aug-21,,"200,00",Pago com sucesso em dinheiro,DINHEIRO,"0,00"
11276,2,2005,23-Aug-21,,"550,00",Pago com sucesso no catão de crédito em 2 parcelas,CRÉDITO,"300,00"
11277,2,2110,24-Aug-21,,"250,00",Pago com sucesso em dinheiro,DINHEIRO,"0,00"
11278,2,2111,27-Aug-21,,"220,00",Pago com sucesso em dinheiro,DINHEIRO,"0,00"
11279,2,2112,28-Aug-21,,"1300,00",Pago com sucesso no catão de crédito em 10 parcelas,CRÉDITO,"0,00"
11280,2,2113,01-Sep-21,,"800,00",Pago com sucesso no catão de crédito em 8 parcelas,CRÉDITO,"0,00"
11281,2,2116,02-Sep-21,,"850,00",Pago com sucesso no catão de crédito em 10 parcelas,CRÉDITO,"0,00"
11282,2,2115,03-Sep-21,,"1200,00",Pago com sucesso no catão de crédito em 8 parcelas,CRÉDITO,"0,00"
11283,2,2114,04-Sep-21,,"120,00",Pago com sucesso no catão de crédito em 2 parcelas,CRÉDITO,"0,00"
11284,2,162,09-Sep-21,10-Oct-21,"400,00",Carnê concluído,CARNÊ,"100,00"
11285,2,830,09-Sep-21,,"1000,00",Pago com sucesso no catão de crédito em 10 parcelas,CRÉDITO,"0,00"
11286,2,1132,15-Sep-21,,"2000,00",Pago com sucesso no catão de crédito em 10 parcelas,CRÉDITO,"0,00"
11287,2,1777,15-Sep-21,,"2900,00",Pago com sucesso no catão de crédito em 10 parcelas,CRÉDITO,"0,00"
11288,2,2117,17-Sep-21,,"720,00",Pago com sucesso em dinheiro,DINHEIRO,"0,00"
11289,2,1846,22-Sep-21,06-Oct-21,"800,00",Carnê concluído,CARNÊ,"0,00"
11290,2,1634,28-Sep-21,28-Oct-21,"750,00",Carnê concluído,CARNÊ,"150,00"
11291,2,1828,28-Sep-21,10-Oct-21,"150,00",Carnê concluído,CARNÊ,"0,00"
11292,2,2118,29-Sep-21,,"450,00",Pago com sucesso em dinheiro,DINHEIRO,"0,00"
11293,2,2119,29-Sep-21,,"600,00",Pago com sucesso no catão de crédito em 4 parcelas,CRÉDITO,"0,00"
11294,2,69,04-Oct-21,15-Nov-21,"1240,00",Carnê concluído,CARNÊ,"400,00"
11295,2,591,08-Oct-21,,"1380,00",Pago com sucesso no catão de crédito em 4 parcelas,CRÉDITO,"0,00"
11296,2,1687,11-Oct-21,,"1300,00",Pago com sucesso no catão de crédito em 10 parcelas,CRÉDITO,"0,00"
11297,2,2120,11-Oct-21,05-Nov-21,"400,00",Carnê concluído,CARNÊ,"0,00"
11298,2,1699,14-Oct-21,01-Nov-21,"4400,00",Carnê concluído,CARNÊ,"0,00"
11299,2,1172,14-Oct-21,,"2000,00",Pago com sucesso no catão de crédito em 10 parcelas,CRÉDITO,"0,00"
11300,2,2121,14-Oct-21,,"800,00",Pago com sucesso em dinheiro,DINHEIRO,"0,00"
11301,2,2122,15-Oct-21,,"650,00",Pago com sucesso no catão de crédito em 5 parcelas,CRÉDITO,"0,00"
11302,,578,16-Oct-21,,"1500,00",Pago com sucesso no catão de crédito em 3 parcelas,CRÉDITO,"0,00"
11303,,728,19-Oct-21,05-Nov-21,"350,00",Carnê aberto,CARNÊ,"0,00"
11304,,1842,21-Oct-21,,"2000,00",Pago com sucesso no catão de crédito em 10 parcelas,CRÉDITO,"0,00"
11305,2,566,21-Oct-21,,"2100,00",Pago com sucesso no catão de crédito em 10 parcelas,CRÉDITO,"1000,00"
11306,2,2123,22-Oct-21,,"1800,00",Pago com sucesso no catão de crédito em 10 parcelas,CRÉDITO,"0,00"
11307,2,2124,22-Oct-21,,"1100,00",Pago com sucesso no catão de crédito em 10 parcelas,CRÉDITO,"0,00"
11308,2,1799,23-Oct-21,,"200,00",Pago com sucesso em dinheiro,DINHEIRO,"0,00"
11309,2,2125,25-Oct-21,,"350,00",Pago com sucesso em dinheiro,DINHEIRO,"0,00"
11310,2,1724,28-Oct-21,,"400,00",Pago com sucesso em dinheiro,DINHEIRO,"0,00"
11311,2,2126,05-Nov-21,,"100,00",Pago com sucesso em dinheiro,DINHEIRO,"0,00"
11312,2,3,08-Nov-21,10-Dec-21,"840,00",Carnê concluído,CARNÊ,"0,00"
11313,2,2127,09-Nov-21,,"500,00",Pago com sucesso em dinheiro,DINHEIRO,"0,00"
11314,2,1779,09-Nov-21,,"300,00",Pago com sucesso no catão de crédito em 1 parcelas,CRÉDITO,"0,00"
11315,2,1780,09-Nov-21,,"1000,00",Pago com sucesso no catão de crédito em 1 parcelas,CRÉDITO,"0,00"
11316,2,2128,16-Nov-21,,"650,00",Pago com sucesso no catão de crédito em 5 parcelas,CRÉDITO,"0,00"
11317,2,2129,18-Nov-21,,"350,00",Pago com sucesso no cartão de débito,DÉBITO,"0,00"
11318,2,2130,19-Nov-21,,"110,00",Pago com sucesso em dinheiro,DINHEIRO,"0,00"
11319,2,2131,19-Nov-21,05-Jan-22,"900,00",Carnê concluído,CARNÊ,"200,00"
11320,2,1172,25-Nov-21,,"450,00",Pago com sucesso em dinheiro,DINHEIRO,"0,00"
11321,2,2132,26-Nov-21,,"730,00",Pago com sucesso em dinheiro,DINHEIRO,"0,00"
11322,2,2133,26-Nov-21,,"780,00",Pago com sucesso no catão de crédito em 1 parcelas,CRÉDITO,"0,00"
11323,2,2134,27-Nov-21,,"300,00",Pago com sucesso em dinheiro,DINHEIRO,"0,00"
11324,2,2135,29-Nov-21,,"900,00",Pago com sucesso no catão de crédito em 6 parcelas,CRÉDITO,"0,00"
11325,2,1886,29-Nov-21,,"220,00",Pago com sucesso no catão de crédito em 5 parcelas,CRÉDITO,"0,00"
11326,2,2020,30-Nov-21,,"125,00",Pago com sucesso em dinheiro,DINHEIRO,"0,00"
11327,2,1493,30-Nov-21,,"90,00",Pago com sucesso em dinheiro,DINHEIRO,"0,00"
11328,2,877,01-Dec-21,,"265,00",Pago com sucesso no catão de crédito em 5 parcelas,CRÉDITO,"0,00"
11329,2,2136,03-Dec-21,,"500,00",Pago com sucesso no catão de crédito em 5 parcelas,CRÉDITO,"0,00"
11330,2,2137,06-Dec-21,,"800,00",Pago com sucesso no catão de crédito em 10 parcelas,CRÉDITO,"0,00"
11331,2,2116,06-Dec-21,,"100,00",Pago com sucesso no catão de crédito em 2 parcelas,CRÉDITO,"0,00"
11332,2,1932,11-Dec-21,,"530,00",Pago com sucesso em dinheiro,DINHEIRO,"0,00"
11333,2,2138,07-Dec-21,20-Dec-21,"1320,00",Carnê concluído,CARNÊ,"0,00"
11334,2,608,10-Dec-21,,"300,00",Pago com sucesso em dinheiro,DINHEIRO,"0,00"
11335,2,2139,13-Dec-21,,"450,00",Pago com sucesso no catão de crédito em 3 parcelas,CRÉDITO,"150,00"
11336,2,1779,13-Dec-21,,"220,00",Pago com sucesso em dinheiro,DINHEIRO,"0,00"
11337,2,2140,13-Dec-21,,"1000,00",Pago com sucesso no catão de crédito em 4 parcelas,CRÉDITO,"200,00"
11338,2,1573,13-Dec-21,05-Jan-22,"900,00",Carnê concluído,CARNÊ,"0,00"
11339,2,2141,14-Dec-21,,"500,00",Pago com sucesso no catão de crédito em 5 parcelas,CRÉDITO,"0,00"
11340,2,1505,22-Dec-21,10-Jan-22,"600,00",Carnê concluído,CARNÊ,"0,00"
11341,2,341,24-Dec-21,,"1600,00",Pago com sucesso em dinheiro,DINHEIRO,"0,00"
11342,2,2142,27-Dec-21,,"1500,00",Pago com sucesso no catão de crédito em 3 parcelas,CRÉDITO,"0,00"
11343,2,2143,28-Dec-21,,"800,00",Pago com sucesso no catão de crédito em 5 parcelas,CRÉDITO,"300,00"
11344,2,2144,30-Dec-21,,"600,00",Pago com sucesso em dinheiro,DINHEIRO,"0,00"
11345,2,2145,30-Dec-21,,"1250,00",Pago com sucesso em dinheiro,DINHEIRO,"0,00"
11346,2,198,05-Jan-22,10-Feb-22,"825,00",Carnê concluído,CARNÊ,"0,00"
11347,2,2146,05-Jan-22,,"280,00",Pago com sucesso em dinheiro,DINHEIRO,"0,00"
11348,2,1090,06-Jan-22,,"810,00",Pago com sucesso no catão de crédito em 6 parcelas,CRÉDITO,"0,00"
11349,2,2147,10-Jan-22,,"600,00",Pago com sucesso no catão de crédito em 6 parcelas,CRÉDITO,"0,00"
11350,2,1414,14-Jan-22,14-Feb-22,"900,00",Carnê concluído,CARNÊ,"300,00"
11351,2,1645,14-Jan-22,,"1500,00",Pago com sucesso em dinheiro,DINHEIRO,"0,00"
11352,2,2148,20-Jan-22,,"600,00",Pago com sucesso em dinheiro,DINHEIRO,"0,00"
11353,2,2149,25-Jan-22,,"1700,00",Pago com sucesso no catão de crédito em 10 parcelas,CRÉDITO,"0,00"
11354,2,757,27-Jan-22,15-Feb-22,"900,00",Carnê concluído,CARNÊ,"300,00"
11355,2,556,02-Feb-22,,"2070,00",Pago com sucesso no catão de crédito em 10 parcelas,CRÉDITO,"0,00"
11356,,2020,31-Jan-22,,"210,00",Pago com sucesso em dinheiro,DINHEIRO,"0,00"
11357,2,302,15-Feb-22,10-Mar-22,"686,00",Carnê concluído,CARNÊ,"150,00"
11358,2,2163,08-Feb-22,,"1150,00",Pago com sucesso no catão de crédito em 6 parcelas,CRÉDITO,"0,00"
11359,2,1642,08-Feb-22,,"1790,00",Pago com sucesso no catão de crédito em 8 parcelas,CRÉDITO,"0,00"
11360,2,2165,09-Feb-22,,"1320,00",Pago com sucesso no catão de crédito em 8 parcelas,CRÉDITO,"0,00"
11361,2,2166,09-Feb-22,,"950,00",Pago com sucesso no catão de crédito em 6 parcelas,CRÉDITO,"0,00"
11362,2,2167,09-Feb-22,,"500,00",Pago com sucesso no cartão de débito,DÉBITO,"0,00"
11363,2,2168,10-Feb-22,,"550,00",Pago com sucesso no catão de crédito em 4 parcelas,CRÉDITO,"50,00"
11364,2,2169,10-Feb-22,,"5550,00",Pago com sucesso no cartão de débito,DÉBITO,"2775,00"
11365,2,2039,10-Feb-22,15-Mar-22,"2120,00",Carnê concluído,CARNÊ,"0,00"
11366,2,2170,11-Feb-22,,"1600,00",Pago com sucesso no catão de crédito em 6 parcelas,CRÉDITO,"0,00"
11367,2,1655,12-Feb-22,,"750,00",Pago com sucesso no cartão de débito,DÉBITO,"0,00"
11368,2,1675,14-Feb-22,,"500,00",Pago com sucesso no catão de crédito em 2 parcelas,CRÉDITO,"0,00"
11369,2,2171,16-Feb-22,,"850,00",Pago com sucesso no catão de crédito em 6 parcelas,CRÉDITO,"0,00"
11370,2,2172,16-Feb-22,,"1600,00",Pago com sucesso no catão de crédito em 6 parcelas,CRÉDITO,"0,00"
11371,2,1479,16-Feb-22,,"1300,00",Pago com sucesso no catão de crédito em 5 parcelas,CRÉDITO,"0,00"
11372,2,2116,25-Feb-22,,"1000,00",Pago com sucesso no catão de crédito em 10 parcelas,CRÉDITO,"0,00"
11373,2,774,03-Mar-22,04-Apr-22,"500,00",Carnê concluído,CARNÊ,"100,00"
11374,2,2173,03-Mar-22,,"1100,00",Pago com sucesso em dinheiro,DINHEIRO,"0,00"
11375,2,1680,04-Mar-22,,"1000,00",Pago com sucesso no catão de crédito em 5 parcelas,CRÉDITO,"0,00"
11376,2,1664,04-Mar-22,,"1500,00",Pago com sucesso no catão de crédito em 5 parcelas,CRÉDITO,"0,00"
11377,2,1596,09-Mar-22,05-Apr-22,"1100,00",Carnê concluído,CARNÊ,"600,00"
11378,2,2174,07-Mar-22,,"250,00",Pago com sucesso em dinheiro,DINHEIRO,"0,00"
11379,2,2166,08-Mar-22,,"650,00",Pago com sucesso em dinheiro,DINHEIRO,"0,00"
11380,2,294,08-Mar-22,,"2600,00",Pago com sucesso no catão de crédito em 8 parcelas,CRÉDITO,"1000,00"
11381,2,2175,11-Mar-22,,"280,00",Pago com sucesso no catão de crédito em 3 parcelas,CRÉDITO,"0,00"
11382,2,573,08-Mar-22,,"350,00",Pago com sucesso em dinheiro,DINHEIRO,"200,00"
11383,2,2189,14-Mar-22,,"30,00",Pago com sucesso no cartão de débito,DÉBITO,"0,00"
11384,2,2242,17-Mar-22,06-Apr-22,"1000,00",Carnê concluído,CARNÊ,"0,00"
11385,2,2243,19-Mar-22,,"1000,00",Pago com sucesso no catão de crédito em 1 parcelas,CRÉDITO,"800,00"
11386,2,1675,21-Mar-22,05-Apr-22,"1500,00",Carnê concluído,CARNÊ,"400,00"
11388,2,2252,23-Mar-22,,"40,00",Pago com sucesso em dinheiro,DINHEIRO,"0,00"
11389,2,2253,24-Mar-22,,"700,00",Pago com sucesso no catão de crédito em 5 parcelas,CRÉDITO,"0,00"
11390,2,1595,26-Mar-22,,"1700,00",Pago com sucesso no catão de crédito em 6 parcelas,CRÉDITO,"500,00"
11391,2,2254,29-Mar-22,,"1250,00",Pago com sucesso no catão de crédito em 6 parcelas,CRÉDITO,"0,00"
11392,2,32,30-Mar-22,30-Apr-22,"800,00",Carnê aberto,CARNÊ,"200,00"
11393,2,2255,30-Mar-22,,"800,00",Pago com sucesso em dinheiro,DINHEIRO,"0,00"
11394,2,1059,31-Mar-22,,"450,00",Pago com sucesso em dinheiro,DINHEIRO,"0,00"
11395,2,2256,31-Mar-22,,"300,00",Pago com sucesso em dinheiro,DINHEIRO,"0,00"
11396,2,2271,02-Apr-22,,"850,00",Pago com sucesso no catão de crédito em 6 parcelas,CRÉDITO,"0,00"
11397,2,2293,06-Apr-22,05-May-22,"500,00",Carnê concluído,CARNÊ,"0,00"
11398,2,2294,07-Apr-22,,"1800,00",Pago com sucesso no catão de crédito em 4 parcelas,CRÉDITO,"0,00"
11399,2,494,09-Apr-22,09-May-22,"3801,00",Carnê concluído,CARNÊ,"543,00"
11400,2,2295,11-Apr-22,25-Apr-22,"2000,00",Carnê concluído,CARNÊ,"0,00"
11401,2,3,11-Apr-22,10-May-22,"1470,00",Carnê concluído,CARNÊ,"0,00"
11402,2,2296,11-Apr-22,12-May-22,"800,00",Carnê concluído,CARNÊ,"200,00"
11403,2,949,13-Apr-22,24-Apr-22,"1000,00",Carnê concluído,CARNÊ,"0,00"
11404,2,662,22-Apr-22,,"1000,00",Pago com sucesso no cartão de débito,DÉBITO,"0,00"
11405,2,652,22-Apr-22,16-May-22,"1715,00",Carnê concluído,CARNÊ,"0,00"
11406,2,2300,25-Apr-22,30-Apr-22,"1100,00",Carnê aberto,CARNÊ,"200,00"
11407,2,2301,25-Apr-22,05-May-22,"1200,00",Carnê concluído,CARNÊ,"0,00"
11408,2,2301,25-Apr-22,,"500,00",Pago com sucesso no catão de crédito em 1 parcelas,CRÉDITO,"0,00"
11409,2,2046,26-Apr-22,23-May-22,"2000,00",Carnê concluído,CARNÊ,"0,00"
11410,2,1801,28-Apr-22,,"300,00",Pago com sucesso em dinheiro,DINHEIRO,"0,00"
11411,2,2020,30-Apr-22,,"180,00",Pago com sucesso em dinheiro,DINHEIRO,"0,00"
11412,2,1828,03-May-22,16-May-22,"300,00",Carnê concluído,CARNÊ,"0,00"
11413,2,2302,04-May-22,,"100,00",Pago com sucesso em dinheiro,DINHEIRO,"0,00"
11414,2,2312,09-May-22,23-May-22,"1110,00",Carnê aberto,CARNÊ,"0,00"
11415,2,2313,06-May-22,,"330,00",Pago com sucesso no catão de crédito em 3 parcelas,CRÉDITO,"0,00"
11416,2,2314,07-May-22,10-Jun-22,"2000,00",Carnê concluído,CARNÊ,"500,00"
11417,2,727,07-May-22,,"300,00",Pago com sucesso no cartão de débito,DÉBITO,"0,00"
11418,2,2315,09-May-22,,"800,00",Pago com sucesso no catão de crédito em 3 parcelas,CRÉDITO,"0,00"
11419,2,2316,11-May-22,,"250,00",Pago com sucesso em dinheiro,DINHEIRO,"0,00"
11420,2,216,11-May-22,,"1250,00",Pago com sucesso no catão de crédito em 5 parcelas,CRÉDITO,"550,00"
11421,2,2317,11-May-22,,"450,00",Pago com sucesso no catão de crédito em 2 parcelas,CRÉDITO,"250,00"
11422,2,2318,16-May-22,,"170,00",Pago com sucesso em dinheiro,DINHEIRO,"0,00"
11423,2,1696,17-May-22,,"1700,00",Pago com sucesso no catão de crédito em 10 parcelas,CRÉDITO,"0,00"
11424,2,1898,19-May-22,10-Jun-22,"500,00",Carnê concluído,CARNÊ,"0,00"
11425,2,1631,20-May-22,,"400,00",Pago com sucesso no catão de crédito em 2 parcelas,CRÉDITO,"0,00"
11426,2,654,23-May-22,05-Jul-22,"1110,00",Carnê concluído,CARNÊ,"0,00"
11427,2,2319,24-May-22,31-May-22,"150,00",Carnê concluído,CARNÊ,"0,00"
11428,2,2075,24-May-22,,"810,00",Pago com sucesso no catão de crédito em 7 parcelas,CRÉDITO,"0,00"
11429,2,2320,25-May-22,,"600,00",Pago com sucesso no catão de crédito em 10 parcelas,CRÉDITO,"0,00"
11430,2,2321,25-May-22,,"1300,00",Pago com sucesso no catão de crédito em 6 parcelas,CRÉDITO,"0,00"
11431,2,2322,31-May-22,,"900,00",Pago com sucesso no catão de crédito em 8 parcelas,CRÉDITO,"0,00"
11432,2,573,01-Jun-22,,"1380,00",Pago com sucesso no catão de crédito em 7 parcelas,CRÉDITO,"0,00"
11433,2,2323,03-Jun-22,,"650,00",Pago com sucesso no cartão de débito,DÉBITO,"0,00"
11434,2,1571,03-Jun-22,,"1100,00",Pago com sucesso no catão de crédito em 6 parcelas,CRÉDITO,"200,00"
11435,2,1728,03-Jun-22,30-Jun-22,"900,00",Carnê concluído,CARNÊ,"300,00"
11436,2,710,04-Jun-22,,"1500,00",Pago com sucesso no catão de crédito em 5 parcelas,CRÉDITO,"0,00"
11437,2,2326,04-Jun-22,,"300,00",Pago com sucesso no catão de crédito em 3 parcelas,CRÉDITO,"0,00"
11438,2,75,09-Jun-22,05-Jul-22,"2400,00",Carnê concluído,CARNÊ,"1000,00"
11439,2,2327,13-Jun-22,05-Jul-22,"1000,00",Carnê concluído,CARNÊ,"700,00"
11440,2,2328,16-Jun-22,,"220,00",Pago com sucesso em dinheiro,DINHEIRO,"0,00"
11441,2,2329,18-Jun-22,,"330,00",Pago com sucesso no cartão de débito,DÉBITO,"0,00"
11442,2,2330,22-Jun-22,,"1000,00",Pago com sucesso em dinheiro,DINHEIRO,"0,00"
11443,,2331,25-Jun-22,25-Jul-22,"500,00",Carnê concluído,CARNÊ,"0,00"
11444,,1648,30-Jun-22,,"150,00",Pago com sucesso em dinheiro,DINHEIRO,"0,00"
11445,,55,27-Jun-22,,"55,00",Pago com sucesso em dinheiro,DINHEIRO,"0,00"
11446,,1818,27-Jun-22,,"350,00",Pago com sucesso no catão de crédito em 1 parcelas,CRÉDITO,"0,00"
11447,,2332,28-Jun-22,,"700,00",Pago com sucesso no cartão de débito,DÉBITO,"350,00"
11448,,1467,30-Jun-22,05-Aug-22,"500,00",Carnê concluído,CARNÊ,"100,00"
11449,,2333,30-Jun-22,,"450,00",Pago com sucesso em dinheiro,DINHEIRO,"0,00"
11450,2,1744,02-Jul-22,,"3400,00",Pago com sucesso no catão de crédito em 10 parcelas,CRÉDITO,"0,00"
11451,2,2329,07-Jul-22,,"170,00",Pago com sucesso no cartão de débito,DÉBITO,"0,00"
11452,,2334,07-Jul-22,,"2100,00",Pago com sucesso no catão de crédito em 6 parcelas,CRÉDITO,"500,00"
11453,,1947,12-Jul-22,25-Jul-22,"1700,00",Carnê concluído,CARNÊ,"0,00"
11454,,830,14-Jul-22,05-Aug-22,"700,00",Carnê concluído,CARNÊ,"0,00"
11455,2,2110,14-Jul-22,,"680,00",Pago com sucesso no catão de crédito em 4 parcelas,CRÉDITO,"0,00"
11456,2,2335,15-Jul-22,15-Aug-22,"800,00",Carnê concluído,CARNÊ,"100,00"
11457,2,2336,16-Jul-22,05-Aug-22,"1100,00",Carnê aberto,CARNÊ,"0,00"
11458,2,2337,20-Jul-22,,"550,00",Pago com sucesso no catão de crédito em 2 parcelas,CRÉDITO,"300,00"
11459,2,969,20-Jul-22,30-Aug-22,"1120,00",Carnê concluído,CARNÊ,"500,00"
11460,2,2338,22-Jul-22,,"650,00",Pago com sucesso no catão de crédito em 5 parcelas,CRÉDITO,"0,00"
11461,2,1675,28-Jul-22,29-Aug-22,"550,00",Carnê concluído,CARNÊ,"300,00"
11462,2,2339,28-Jul-22,,"320,00",Pago com sucesso em dinheiro,DINHEIRO,"0,00"
11463,2,2340,29-Aug-22,,"150,00",Pago com sucesso no catão de crédito em 2 parcelas,CRÉDITO,"0,00"
11464,2,2020,30-Jul-22,,"35,00",Pago com sucesso em dinheiro,DINHEIRO,"0,00"
11465,2,1539,01-Aug-22,10-Sep-22,"1075,00",Carnê concluído,CARNÊ,"250,00"
11466,2,2319,02-Aug-22,02-Sep-22,"300,00",Carnê aberto,CARNÊ,"0,00"
11467,2,2342,03-Aug-22,,"400,00",Pago com sucesso no catão de crédito em 4 parcelas,CRÉDITO,"0,00"
11468,2,2343,06-Aug-22,,"450,00",Pago com sucesso no catão de crédito em 3 parcelas,CRÉDITO,"0,00"
11469,2,77,06-Aug-22,,"2400,00",Pago com sucesso no catão de crédito em 8 parcelas,CRÉDITO,"0,00"
11470,2,1781,08-Aug-22,08-Sep-22,"804,00",Carnê concluído,CARNÊ,"0,00"
11471,2,2344,09-Aug-22,,"700,00",Pago com sucesso em dinheiro,DINHEIRO,"0,00"
11472,2,2345,09-Aug-22,,"1000,00",Pago com sucesso no catão de crédito em 10 parcelas,CRÉDITO,"0,00"
11473,2,2346,10-Aug-22,,"300,00",Pago com sucesso em dinheiro,DINHEIRO,"0,00"
11474,2,2102,15-Aug-22,,"900,00",Pago com sucesso no catão de crédito em 6 parcelas,CRÉDITO,"0,00"
11475,2,1645,17-Aug-22,,"550,00",Pago com sucesso em dinheiro,DINHEIRO,"0,00"
11476,2,243,17-Aug-22,,"690,00",Pago com sucesso no catão de crédito em 5 parcelas,CRÉDITO,"0,00"
11477,2,2347,17-Aug-22,,"600,00",Pago com sucesso no catão de crédito em 6 parcelas,CRÉDITO,"0,00"
11478,2,104,17-Aug-22,17-Sep-22,"1500,00",Carnê concluído,CARNÊ,"0,00"
11479,2,2348,17-Aug-22,,"280,00",Pago com sucesso no catão de crédito em 3 parcelas,CRÉDITO,"0,00"
11480,2,2349,20-Aug-22,,"550,00",Pago com sucesso no catão de crédito em 3 parcelas,CRÉDITO,"0,00"
11481,2,2350,22-Aug-22,,"750,00",Pago com sucesso no catão de crédito em 5 parcelas,CRÉDITO,"0,00"
11482,2,1585,23-Sep-22,,"1700,00",Pago com sucesso no catão de crédito em 6 parcelas,CRÉDITO,"1000,00"
11483,2,1810,26-Aug-22,,"700,00",Pago com sucesso em dinheiro,DINHEIRO,"0,00"
11484,,2244,27-Aug-22,,"470,00",Pago com sucesso em dinheiro,DINHEIRO,"0,00"
11485,,86,06-Sep-22,,"1680,00",Pago com sucesso no catão de crédito em 6 parcelas,CRÉDITO,"680,00"
11486,,1606,29-Aug-22,,"1650,00",Pago com sucesso no catão de crédito em 6 parcelas,CRÉDITO,"0,00"
11487,2,2351,31-Aug-22,30-Sep-22,"500,00",Carnê concluído,CARNÊ,"0,00"
11488,2,2020,31-Aug-22,,"155,00",Pago com sucesso em dinheiro,DINHEIRO,"0,00"
11489,2,2119,06-Sep-22,,"600,00",Pago com sucesso no catão de crédito em 6 parcelas,CRÉDITO,"0,00"
11490,2,2352,09-Sep-22,,"1380,00",Pago com sucesso no catão de crédito em 5 parcelas,CRÉDITO,"0,00"
11491,2,1672,12-Sep-22,12-Oct-22,"500,00",Carnê concluído,CARNÊ,"0,00"
11492,2,2353,12-Sep-22,,"1200,00",Pago com sucesso no catão de crédito em 5 parcelas,CRÉDITO,"450,00"
11493,2,99,12-Sep-22,,"380,00",Pago com sucesso em dinheiro,DINHEIRO,"0,00"
11494,2,2354,12-Sep-22,,"2600,00",Pago com sucesso no catão de crédito em 8 parcelas,CRÉDITO,"0,00"
11495,2,2355,12-Sep-22,12-Oct-22,"750,00",Carnê concluído,CARNÊ,"0,00"
11496,2,2335,13-Sep-22,15-Oct-22,"810,00",Carnê concluído,CARNÊ,"135,00"
11497,2,2356,13-Sep-22,14-Oct-22,"500,00",Carnê concluído,CARNÊ,"0,00"
11498,2,667,14-Sep-22,,"2000,00",Pago com sucesso no catão de crédito em 8 parcelas,CRÉDITO,"0,00"
11499,2,2357,15-Sep-22,,"400,00",Pago com sucesso em dinheiro,DINHEIRO,"0,00"
11500,2,2358,15-Sep-22,,"550,00",Pago com sucesso em dinheiro,DINHEIRO,"0,00"
11501,2,2169,20-Sep-22,,"320,00",Pago com sucesso em dinheiro,DINHEIRO,"0,00"
11502,2,722,20-Sep-22,20-Oct-22,"3800,00",Carnê concluído,CARNÊ,"2500,00"
11503,2,2359,21-Sep-22,21-Oct-22,"500,00",Carnê concluído,CARNÊ,"0,00"
11504,2,1477,21-Sep-22,21-Oct-22,"200,00",Carnê concluído,CARNÊ,"0,00"
11505,2,2360,22-Sep-22,,"1980,00",Pago com sucesso no catão de crédito em 8 parcelas,CRÉDITO,"500,00"
11506,2,2361,24-Sep-22,24-Oct-22,"500,00",Carnê concluído,CARNÊ,"0,00"
11507,2,2349,27-Sep-22,,"130,00",Pago com sucesso em dinheiro,DINHEIRO,"0,00"
11508,2,2362,28-Sep-22,,"450,00",Pago com sucesso no cartão de débito,DÉBITO,"300,00"
11509,2,2363,29-Sep-22,29-Oct-22,"500,00",Carnê concluído,CARNÊ,"0,00"
11510,2,2020,30-Sep-22,,"110,00",Pago com sucesso em dinheiro,DINHEIRO,"0,00"
11511,2,1644,03-Oct-22,,"500,00",Pago com sucesso no catão de crédito em 4 parcelas,CRÉDITO,"250,00"
11512,2,2363,05-Oct-22,05-Nov-22,"500,00",Carnê concluído,CARNÊ,"0,00"
11513,2,1797,03-Oct-22,03-Nov-22,"500,00",Carnê concluído,CARNÊ,"0,00"
11514,2,1872,06-Oct-22,,"180,00",Pago com sucesso no catão de crédito em 1 parcelas,CRÉDITO,"0,00"
11515,2,1148,10-Oct-22,,"1050,00",Pago com sucesso em dinheiro,DINHEIRO,"0,00"
11516,2,2365,11-Oct-22,,"1760,00",Pago com sucesso no catão de crédito em 10 parcelas,CRÉDITO,"0,00"
11517,2,2021,13-Oct-22,,"2100,00",Pago com sucesso no catão de crédito em 10 parcelas,CRÉDITO,"0,00"
11518,2,2367,18-Oct-22,,"1000,00",Pago com sucesso em dinheiro,DINHEIRO,"0,00"
11519,2,2368,18-Oct-22,06-Dec-22,"1000,00",Carnê concluído,CARNÊ,"300,00"
11520,2,1993,19-Oct-22,,"4000,00",Pago com sucesso no catão de crédito em 10 parcelas,CRÉDITO,"1200,00"
11521,2,920,25-Oct-22,,"1800,00",Pago com sucesso no catão de crédito em 10 parcelas,CRÉDITO,"0,00"
11522,2,1780,25-Oct-22,,"390,00",Pago com sucesso em dinheiro,DINHEIRO,"0,00"
11523,2,2367,25-Oct-22,,"350,00",Pago com sucesso no cartão de débito,DÉBITO,"0,00"
11524,2,88,27-Oct-22,27-Nov-22,"380,00",Carnê concluído,CARNÊ,"0,00"
11525,2,1638,31-Oct-22,,"0,01",Pago com sucesso em dinheiro,DINHEIRO,"0,00"
11526,2,2020,31-Oct-22,,"75,00",Pago com sucesso em dinheiro,DINHEIRO,"0,00"
11527,2,1840,01-Nov-22,,"1390,00",Pago com sucesso no catão de crédito em 5 parcelas,CRÉDITO,"0,00"
11528,2,2370,04-Nov-22,,"180,00",Pago com sucesso em dinheiro,DINHEIRO,"0,00"
11529,2,2371,10-Nov-22,,"585,00",Pago com sucesso em dinheiro,DINHEIRO,"0,00"
11530,2,1596,12-Nov-22,12-Dec-22,"1000,00",Carnê aberto,CARNÊ,"0,00"
11531,2,2372,16-Nov-22,,"650,00",Pago com sucesso no catão de crédito em 5 parcelas,CRÉDITO,"0,00"
11532,2,2374,16-Nov-22,,"250,00",Pago com sucesso no catão de crédito em 3 parcelas,CRÉDITO,"0,00"
11533,2,2375,21-Nov-22,,"600,00",Pago com sucesso no catão de crédito em 7 parcelas,CRÉDITO,"0,00"
11534,2,2376,21-Nov-22,28-Dec-22,"840,00",Carnê concluído,CARNÊ,"200,00"
11535,2,2377,22-Nov-22,,"100,00",Pago com sucesso em dinheiro,DINHEIRO,"0,00"
11536,2,2378,22-Nov-22,,"300,00",Pago com sucesso em dinheiro,DINHEIRO,"0,00"
11537,2,1774,30-Nov-22,,"2500,00",Pago com sucesso no catão de crédito em 1 parcelas,CRÉDITO,"0,00"
11538,2,1823,30-Nov-22,,"2900,00",Pago com sucesso no catão de crédito em 1 parcelas,CRÉDITO,"0,00"
11539,2,28,02-Dec-22,05-Dec-22,"840,00",Carnê concluído,CARNÊ,"0,00"
11540,2,2380,03-Dec-22,,"550,00",Pago com sucesso no catão de crédito em 2 parcelas,CRÉDITO,"250,00"
11541,2,578,05-Dec-22,,"800,00",Pago com sucesso em dinheiro,DINHEIRO,"0,00"
11542,2,2381,07-Dec-22,,"980,00",Pago com sucesso no catão de crédito em 8 parcelas,CRÉDITO,"0,00"
11543,2,1819,07-Dec-22,,"1100,00",Pago com sucesso no catão de crédito em 5 parcelas,CRÉDITO,"0,00"
11544,2,2379,07-Dec-22,07-Jan-23,"700,00",Carnê concluído,CARNÊ,"200,00"
11545,2,86,12-Dec-22,,"650,00",Pago com sucesso em dinheiro,DINHEIRO,"0,00"
11546,2,939,12-Dec-22,,"120,00",Pago com sucesso em dinheiro,DINHEIRO,"0,00"
11547,2,1493,12-Dec-22,,"135,00",Pago com sucesso em dinheiro,DINHEIRO,"0,00"
11548,2,2382,13-Dec-22,,"1,00",Pago com sucesso em dinheiro,DINHEIRO,"0,00"
11549,2,1688,13-Dec-22,,"1,00",Pago com sucesso em dinheiro,DINHEIRO,"0,00"
11550,2,1702,19-Dec-22,,"1290,00",Pago com sucesso no catão de crédito em 5 parcelas,CRÉDITO,"0,00"
11551,2,2383,22-Dec-22,,"400,00",Pago com sucesso no catão de crédito em 1 parcelas,CRÉDITO,"0,00"
11552,2,2385,23-Dec-22,,"400,00",Pago com sucesso no catão de crédito em 4 parcelas,CRÉDITO,"0,00"
11553,2,2099,26-Dec-22,,"950,00",Pago com sucesso no catão de crédito em 7 parcelas,CRÉDITO,"0,00"
11554,2,2173,29-Dec-22,06-Feb-23,"550,00",Carnê concluído,CARNÊ,"350,00"
11555,2,2020,30-Dec-22,,"610,00",Pago com sucesso em dinheiro,DINHEIRO,"0,00"
11556,2,2360,25-Nov-22,,"300,00",Pago com sucesso no catão de crédito em 3 parcelas,CRÉDITO,"0,00"
11557,2,2387,02-Jan-23,,"1200,00",Pago com sucesso no catão de crédito em 6 parcelas,CRÉDITO,"0,00"
11558,2,2388,03-Jan-23,,"450,00",Pago com sucesso no catão de crédito em 4 parcelas,CRÉDITO,"0,00"
11559,2,2389,03-Jan-23,,"300,00",Pago com sucesso em dinheiro,DINHEIRO,"0,00"
11560,2,2390,05-Jan-23,,"650,00",Pago com sucesso em dinheiro,DINHEIRO,"0,00"
11562,2,2391,05-Jan-23,,"900,00",Pago com sucesso no catão de crédito em 6 parcelas,CRÉDITO,"0,00"
11563,2,99,06-Jan-23,,"1300,00",Pago com sucesso no catão de crédito em 2 parcelas,CRÉDITO,"800,00"
11564,2,2009,06-Jan-23,,"900,00",Pago com sucesso no catão de crédito em 5 parcelas,CRÉDITO,"400,00"
11565,2,1488,10-Jan-23,20-Feb-23,"990,00",Carnê concluído,CARNÊ,"0,00"
11566,2,1702,11-Jan-23,,"800,00",Pago com sucesso no catão de crédito em 4 parcelas,CRÉDITO,"0,00"
11567,2,2018,13-Jan-23,,"2560,00",Pago com sucesso no catão de crédito em 10 parcelas,CRÉDITO,"0,00"
11569,2,589,14-Jan-23,10-Feb-23,"1200,00",Carnê concluído,CARNÊ,"0,00"
11570,2,1258,14-Jan-23,10-Feb-23,"1200,00",Carnê concluído,CARNÊ,"0,00"
11571,2,2393,16-Jan-23,,"390,00",Pago com sucesso no catão de crédito em 5 parcelas,CRÉDITO,"0,00"
11572,2,487,05-Jan-23,,"120,00",Pago com sucesso em dinheiro,DINHEIRO,"0,00"
11573,2,2392,13-Jan-23,,"1000,00",Pago com sucesso em dinheiro,DINHEIRO,"0,00"
11574,2,988,17-Jan-23,10-Feb-23,"1600,00",Carnê concluído,CARNÊ,"0,00"
11575,2,341,20-Jan-23,,"2500,00",Pago com sucesso no catão de crédito em 5 parcelas,CRÉDITO,"0,00"
11576,2,1147,20-Jan-23,,"880,00",Pago com sucesso no catão de crédito em 5 parcelas,CRÉDITO,"0,00"
11577,2,2394,23-Jan-23,,"900,00",Pago com sucesso no catão de crédito em 5 parcelas,CRÉDITO,"200,00"
11578,2,2395,26-Jan-23,28-Feb-23,"1600,00",Carnê concluído,CARNÊ,"0,00"
11579,,2396,27-Jan-23,05-Jun-23,"1900,00",Carnê concluído,CARNÊ,"0,00"
11580,,2397,30-Jan-23,10-Feb-23,"1380,00",Carnê aberto,CARNÊ,"0,00"
11581,2,2020,31-Jan-23,,460,Pago com sucesso em dinheiro,DINHEIRO,"0,00"
11582,2,69,31-Jan-23,10-Feb-23,"1100,00",Carnê concluído,CARNÊ,"0,00"
11583,2,2398,01-Feb-23,,"855,00",Pago com sucesso no catão de crédito em 3 parcelas,CRÉDITO,"300,00"
11584,2,707,01-Feb-23,,"370,00",Pago com sucesso no catão de crédito em 2 parcelas,CRÉDITO,"200,00"
11585,2,1554,07-Feb-23,,"800,00",Pago com sucesso em dinheiro,DINHEIRO,"0,00"
11586,2,2399,07-Feb-23,10-Mar-23,"625,00",Carnê concluído,CARNÊ,"0,00"
11587,2,1919,07-Feb-23,,"1200,00",Pago com sucesso no catão de crédito em 6 parcelas,CRÉDITO,"0,00"
11588,2,2400,08-Feb-23,,"350,00",Pago com sucesso no catão de crédito em 4 parcelas,CRÉDITO,"0,00"
11589,2,696,13-Feb-23,02-Mar-23,"1110,00",Carnê concluído,CARNÊ,"0,00"
11590,2,2401,14-Feb-23,,"500,00",Pago com sucesso em dinheiro,DINHEIRO,"0,00"
11591,2,2402,14-Feb-23,,"650,00",Pago com sucesso no catão de crédito em 5 parcelas,CRÉDITO,"0,00"
11592,2,2403,14-Feb-23,,"500,00",Pago com sucesso no catão de crédito em 5 parcelas,CRÉDITO,"0,00"
11593,2,2404,15-Feb-23,,"150,00",Pago com sucesso em dinheiro,DINHEIRO,"0,00"
11594,2,581,15-Feb-23,01-Mar-23,"3000,00",Carnê concluído,CARNÊ,"0,00"
11595,2,1255,16-Feb-23,,"350,00",Pago com sucesso no catão de crédito em 3 parcelas,CRÉDITO,"0,00"
11596,2,2405,28-Feb-23,,"900,00",Pago com sucesso em dinheiro,DINHEIRO,"0,00"
11597,2,1679,10-Mar-23,10-Apr-23,"990,00",Carnê concluído,CARNÊ,"0,00"
11598,2,2020,28-Feb-23,,"155,00",Pago com sucesso em dinheiro,DINHEIRO,"0,00"
11599,2,2406,01-Mar-23,,"2000,00",Pago com sucesso no catão de crédito em 6 parcelas,CRÉDITO,"800,00"
11600,2,2407,03-Mar-23,,"630,00",Pago com sucesso no catão de crédito em 4 parcelas,CRÉDITO,"0,00"
11601,2,1112,04-Mar-23,04-Apr-23,"701,00",Carnê concluído,CARNÊ,"200,00"
11602,2,445,04-Mar-23,22-Mar-23,"700,00",Carnê concluído,CARNÊ,"0,00"
11603,2,622,06-Mar-23,06-Apr-23,"2490,00",Carnê concluído,CARNÊ,"1900,00"
11604,2,2408,06-Mar-23,06-Apr-23,"600,00",Carnê concluído,CARNÊ,"150,00"
11605,2,654,07-Mar-23,05-May-23,"600,00",Carnê concluído,CARNÊ,"0,00"
11606,2,69,08-Mar-23,08-Apr-23,"1050,00",Carnê concluído,CARNÊ,"0,00"
11607,2,1255,09-Mar-23,,"1450,00",Pago com sucesso no catão de crédito em 5 parcelas,CRÉDITO,"0,00"
11608,2,85,13-Mar-23,10-Apr-23,"1050,00",Carnê concluído,CARNÊ,"0,00"
11609,2,2074,13-Mar-23,22-Apr-23,"775,00",Carnê concluído,CARNÊ,"200,00"
11610,2,2409,13-Mar-23,,"100,00",Pago com sucesso em dinheiro,DINHEIRO,"0,00"
11611,2,1650,14-Mar-23,,"1950,00",Pago com sucesso no catão de crédito em 10 parcelas,CRÉDITO,"0,00"
11612,2,75,21-Mar-23,21-Apr-23,"300,00",Carnê concluído,CARNÊ,"150,00"
11613,2,1255,25-Mar-23,,"1800,00",Pago com sucesso no catão de crédito em 8 parcelas,CRÉDITO,"0,00"
11614,2,2410,27-Mar-23,,"250,00",Pago com sucesso em dinheiro,DINHEIRO,"0,00"
11615,2,2411,31-Mar-23,,"950,00",Pago com sucesso no catão de crédito em 4 parcelas,CRÉDITO,"0,00"
11616,2,2412,03-Apr-23,,"400,00",Pago com sucesso em dinheiro,DINHEIRO,"0,00"
11617,2,2413,04-Apr-23,,"350,00",Pago com sucesso no catão de crédito em 3 parcelas,CRÉDITO,"0,00"
11618,2,2414,05-Apr-23,,"420,00",Pago com sucesso no catão de crédito em 2 parcelas,CRÉDITO,"0,00"
11619,2,2415,08-Apr-23,,"300,00",Pago com sucesso no catão de crédito em 2 parcelas,CRÉDITO,"0,00"
11620,2,592,10-Apr-23,10-May-23,"1200,00",Carnê concluído,CARNÊ,"200,00"
11621,2,2102,13-Apr-23,,"680,00",Pago com sucesso no catão de crédito em 5 parcelas,CRÉDITO,"0,00"
11622,2,1981,13-Apr-23,13-May-23,"1360,00",Carnê concluído,CARNÊ,"200,00"
11623,2,1896,15-Apr-23,05-Jun-23,"1900,00",Carnê concluído,CARNÊ,"400,00"
11624,2,2416,17-Apr-23,,"1400,00",Pago com sucesso no catão de crédito em 6 parcelas,CRÉDITO,"0,00"
11625,2,2417,17-Apr-23,,"80,00",Pago com sucesso em dinheiro,DINHEIRO,"0,00"
11626,2,2418,18-Apr-23,18-May-23,"600,00",Carnê concluído,CARNÊ,"500,00"
11627,2,2419,20-Apr-23,,"280,00",Pago com sucesso em dinheiro,DINHEIRO,"0,00"
11628,2,292,24-Apr-23,24-May-23,"500,00",Carnê concluído,CARNÊ,"150,00"
11629,2,2420,25-Apr-23,,"600,00",Pago com sucesso no catão de crédito em 6 parcelas,CRÉDITO,"0,00"
11630,,1896,28-Apr-23,05-May-23,"400,00",Carnê concluído,CARNÊ,"0,00"
11631,,2076,28-Apr-23,,"850,00",Pago com sucesso em dinheiro,DINHEIRO,"0,00"
11632,2,2421,02-May-23,,"1000,00",Pago com sucesso no catão de crédito em 5 parcelas,CRÉDITO,"0,00"
11633,2,2422,03-May-23,,"220,00",Pago com sucesso em dinheiro,DINHEIRO,"0,00"
11634,2,86,03-May-23,,"1370,00",Pago com sucesso no catão de crédito em 3 parcelas,CRÉDITO,"1000,00"
11635,2,2423,05-May-23,,"200,00",Pago com sucesso no cartão de débito,DÉBITO,"0,00"
11636,2,2424,05-May-23,,"600,00",Pago com sucesso no catão de crédito em 1 parcelas,CRÉDITO,"0,00"
11637,2,494,06-May-23,06-Jun-23,"2510,00",Carnê concluído,CARNÊ,"200,00"
11638,2,2425,06-May-23,,"350,00",Pago com sucesso em dinheiro,DINHEIRO,"0,00"
11639,2,1604,09-May-23,,"1000,00",Pago com sucesso no catão de crédito em 6 parcelas,CRÉDITO,"0,00"
11640,2,2426,10-May-23,10-Jun-23,"1790,00",Carnê aberto,CARNÊ,"300,00"
11641,2,2096,10-May-23,,"600,00",Pago com sucesso em dinheiro,DINHEIRO,"0,00"
11642,2,1648,10-May-23,,"1000,00",Pago com sucesso no catão de crédito em 5 parcelas,CRÉDITO,"0,00"
11643,2,2427,11-May-23,,"630,00",Pago com sucesso no catão de crédito em 5 parcelas,CRÉDITO,"140,00"
11644,2,90,12-May-23,05-Jun-23,"700,00",Carnê concluído,CARNÊ,"0,00"
11645,2,2428,13-May-23,,"1600,00",Pago com sucesso no catão de crédito em 6 parcelas,CRÉDITO,"0,00"
11646,2,2429,16-May-23,,"110,00",Pago com sucesso em dinheiro,DINHEIRO,"0,00"
11647,2,2430,18-May-23,,"480,00",Pago com sucesso no catão de crédito em 3 parcelas,CRÉDITO,"0,00"
11648,2,2431,22-May-23,,"500,00",Pago com sucesso no catão de crédito em 5 parcelas,CRÉDITO,"0,00"
11649,2,2432,23-Jun-23,05-Jun-23,"700,00",Carnê concluído,CARNÊ,"0,00"
11650,2,2122,24-May-23,,"600,00",Pago com sucesso em dinheiro,DINHEIRO,"0,00"
11651,2,494,27-May-23,06-Jun-23,"1701,00",Carnê concluído,CARNÊ,"0,00"
11652,2,2302,29-May-23,,"100,00",Pago com sucesso em dinheiro,DINHEIRO,"0,00"
11653,2,2433,30-May-23,03-Jun-23,"500,00",Carnê concluído,CARNÊ,"0,00"
11654,2,2148,30-May-23,,"300,00",Pago com sucesso em dinheiro,DINHEIRO,"0,00"
11655,2,2434,30-May-23,,"700,00",Pago com sucesso no catão de crédito em 7 parcelas,CRÉDITO,"0,00"
11656,2,2435,31-May-23,10-Jun-23,"1100,00",Carnê concluído,CARNÊ,"0,00"
11657,2,2436,31-May-23,27-Jun-23,"2304,00",Carnê concluído,CARNÊ,"600,00"
11658,2,2020,31-May-23,,"250,00",Pago com sucesso em dinheiro,DINHEIRO,"0,00"
11659,2,1727,02-Jun-23,02-Jul-23,"1850,00",Carnê concluído,CARNÊ,"350,00"
11660,2,2437,05-Jun-23,,"350,00",Pago com sucesso em dinheiro,DINHEIRO,"0,00"
11661,2,2070,06-Jun-23,,"290,00",Pago com sucesso no catão de crédito em 2 parcelas,CRÉDITO,"0,00"
11662,2,1244,06-Jun-23,30-Jun-23,"1710,00",Carnê concluído,CARNÊ,"300,00"
11663,2,2415,07-Jun-23,,"300,00",Pago com sucesso no catão de crédito em 2 parcelas,CRÉDITO,"0,00"
11664,2,2380,08-Jun-23,,"450,00",Pago com sucesso em dinheiro,DINHEIRO,"0,00"
11665,2,822,09-Jun-23,30-Jul-23,"750,00",Carnê concluído,CARNÊ,"200,00"
11666,2,1083,13-Jun-23,30-Jun-23,"300,00",Carnê concluído,CARNÊ,"0,00"
11667,2,2438,13-Jun-23,,"300,00",Pago com sucesso em dinheiro,DINHEIRO,"0,00"
11668,2,1646,14-Jun-23,,"615,00",Pago com sucesso no catão de crédito em 1 parcelas,CRÉDITO,"0,00"
11669,2,2433,19-Jun-23,20-Jul-23,"390,00",Carnê concluído,CARNÊ,"0,00"
11670,2,2440,20-Jun-23,10-Jul-23,"1000,00",Carnê concluído,CARNÊ,"0,00"
11671,2,834,21-Jun-23,,"3000,00",Pago com sucesso em dinheiro,DINHEIRO,"0,00"
11672,2,2441,22-Jun-23,,"950,00",Pago com sucesso no cartão de débito,DÉBITO,"0,00"
11673,2,2442,22-Jun-23,05-Jul-23,"1110,00",Carnê concluído,CARNÊ,"0,00"
11674,2,1690,27-Jun-23,,"570,00",Pago com sucesso em dinheiro,DINHEIRO,"0,00"
11675,2,2443,27-Jun-23,,"800,00",Pago com sucesso no catão de crédito em 6 parcelas,CRÉDITO,"0,00"
11676,2,2444,28-Jun-23,,"500,00",Pago com sucesso em dinheiro,DINHEIRO,"0,00"
11677,2,204,28-Jun-23,,"3610,00",Pago com sucesso no catão de crédito em 10 parcelas,CRÉDITO,"0,00"
11678,2,2445,04-Jul-23,,"250,00",Pago com sucesso em dinheiro,DINHEIRO,"0,00"
11679,2,727,05-Jul-23,25-Jul-23,"390,00",Carnê concluído,CARNÊ,"130,00"
11680,2,86,07-Jul-23,07-Aug-23,"290,00",Carnê concluído,CARNÊ,"0,00"
11681,2,2446,11-Jul-23,,"350,00",Pago com sucesso em dinheiro,DINHEIRO,"0,00"
11682,2,2447,11-Jul-23,,"400,00",Pago com sucesso no catão de crédito em 4 parcelas,CRÉDITO,"0,00"
11683,2,2448,11-Jul-23,,"330,00",Pago com sucesso em dinheiro,DINHEIRO,"0,00"
11684,2,2385,17-Jul-23,,"400,00",Pago com sucesso no catão de crédito em 4 parcelas,CRÉDITO,"0,00"
11685,,2449,18-Jul-23,30-Aug-23,"1360,00",Carnê concluído,CARNÊ,"260,00"
11686,2,2070,19-Jul-23,,"290,00",Pago com sucesso no catão de crédito em 2 parcelas,CRÉDITO,"0,00"
11687,2,2450,21-Jul-23,,"1000,00",Pago com sucesso em dinheiro,DINHEIRO,"0,00"
11688,2,900,24-Jul-23,25-Aug-23,"1980,00",Carnê concluído,CARNÊ,"0,00"
11689,2,2451,25-Jul-23,,"1000,00",Pago com sucesso em dinheiro,DINHEIRO,"0,00"
11690,2,1244,25-Jul-23,30-Jan-24,"480,00",Carnê aberto,CARNÊ,"0,00"
11691,2,2452,26-Jul-23,,"380,00",Pago com sucesso em dinheiro,DINHEIRO,"0,00"
11692,2,1801,26-Jul-23,,"950,00",Pago com sucesso em dinheiro,DINHEIRO,"0,00"
11693,2,2408,31-Jul-23,04-Sep-23,"300,00",Carnê concluído,CARNÊ,"0,00"
11694,2,1696,01-Aug-23,,"1400,00",Pago com sucesso no catão de crédito em 10 parcelas,CRÉDITO,"0,00"
11695,2,822,02-Aug-23,02-Oct-23,"250,00",Carnê concluído,CARNÊ,"0,00"
11696,2,2453,02-Aug-23,,"600,00",Pago com sucesso no catão de crédito em 3 parcelas,CRÉDITO,"300,00"
11697,2,2110,03-Aug-23,,"1790,00",Pago com sucesso no catão de crédito em 8 parcelas,CRÉDITO,"0,00"
11698,2,2045,04-Aug-23,04-Sep-23,"700,00",Carnê concluído,CARNÊ,"100,00"
11699,2,2454,07-Aug-23,,"500,00",Pago com sucesso no catão de crédito em 5 parcelas,CRÉDITO,"0,00"
11700,2,1990,07-Aug-23,25-Aug-23,"600,00",Carnê concluído,CARNÊ,"0,00"
11701,2,2455,08-Aug-23,,"760,00",Pago com sucesso no cartão de débito,DÉBITO,"0,00"
11702,,2029,09-Aug-23,,"550,00",Pago com sucesso em dinheiro,DINHEIRO,"0,00"
11703,,2456,09-Aug-23,,"360,00",Pago com sucesso em dinheiro,DINHEIRO,"0,00"
11704,2,21,09-Aug-23,,"2340,00",Pago com sucesso no catão de crédito em 10 parcelas,CRÉDITO,"0,00"
11705,2,877,10-Aug-23,,"290,00",Pago com sucesso no catão de crédito em 2 parcelas,CRÉDITO,"200,00"
11706,2,657,11-Aug-23,,"650,00",Pago com sucesso no catão de crédito em 6 parcelas,CRÉDITO,"0,00"
11707,2,2457,11-Aug-23,,"450,00",Pago com sucesso em dinheiro,DINHEIRO,"0,00"
11708,2,2458,11-Aug-23,,"800,00",Pago com sucesso em dinheiro,DINHEIRO,"0,00"
11709,2,1655,12-Aug-23,,"430,00",Pago com sucesso em dinheiro,DINHEIRO,"0,00"
11710,2,1317,21-Aug-23,,"600,00",Pago com sucesso no catão de crédito em 4 parcelas,CRÉDITO,"0,00"
11711,2,1900,23-Aug-23,30-Aug-23,"948,00",Carnê concluído,CARNÊ,"0,00"
11712,2,2459,24-Aug-23,,"330,00",Pago com sucesso no catão de crédito em 3 parcelas,CRÉDITO,"0,00"
11713,2,1381,24-Aug-23,,"1400,00",Pago com sucesso no catão de crédito em 10 parcelas,CRÉDITO,"0,00"
11714,2,2460,24-Aug-23,,"1150,00",Pago com sucesso no catão de crédito em 6 parcelas,CRÉDITO,"0,00"
11715,2,2242,28-Aug-23,25-Sep-23,"700,00",Carnê concluído,CARNÊ,"0,00"
11716,2,2461,29-Aug-23,,"1200,00",Pago com sucesso no catão de crédito em 6 parcelas,CRÉDITO,"0,00"
11717,2,1245,31-Aug-23,05-Oct-23,"700,00",Carnê concluído,CARNÊ,"300,00"
11718,2,2462,25-Sep-23,05-Oct-23,"740,00",Carnê concluído,CARNÊ,"200,00"
11719,2,2335,21-Sep-23,15-Oct-23,"800,00",Carnê concluído,CARNÊ,"150,00"
11720,2,2463,03-Oct-23,03-Nov-23,"650,00",Carnê concluído,CARNÊ,"0,00"
11721,2,1719,04-Sep-23,15-Oct-23,"1410,00",Carnê concluído,CARNÊ,"0,00"
11722,2,416,05-Sep-23,10-Oct-23,"1800,00",Carnê concluído,CARNÊ,"0,00"
11723,2,2046,06-Sep-23,01-Oct-23,"2680,00",Carnê concluído,CARNÊ,"0,00"
11724,2,1257,06-Sep-23,,"80,00",Pago com sucesso em dinheiro,DINHEIRO,"0,00"
11725,2,292,13-Sep-23,05-Oct-23,"650,00",Carnê concluído,CARNÊ,"0,00"
11726,2,2464,15-Sep-23,,"180,00",Pago com sucesso em dinheiro,DINHEIRO,"0,00"
11727,2,2465,23-Sep-23,,"540,00",Pago com sucesso em dinheiro,DINHEIRO,"0,00"
11728,2,51,25-Sep-23,22-Oct-23,"690,00",Carnê aberto,CARNÊ,"0,00"
11729,2,43,25-Sep-23,25-Oct-23,"800,00",Carnê aberto,CARNÊ,"300,00"
11730,2,2466,26-Sep-23,,"1100,00",Pago com sucesso no catão de crédito em 6 parcelas,CRÉDITO,"0,00"
11731,2,1495,28-Sep-23,06-Nov-23,"500,00",Carnê concluído,CARNÊ,"0,00"
11732,2,1675,02-Oct-23,30-Oct-23,"750,00",Carnê concluído,CARNÊ,"0,00"
11733,2,1886,02-Oct-23,06-Nov-23,"2550,00",Carnê concluído,CARNÊ,"1300,00"
11734,2,2363,04-Oct-23,04-Nov-23,"300,00",Carnê concluído,CARNÊ,"100,00"
11735,2,69,04-Oct-23,10-Nov-23,"500,00",Carnê concluído,CARNÊ,"0,00"
11736,2,2467,06-Oct-23,,"1100,00",Pago com sucesso em dinheiro,DINHEIRO,"0,00"
11737,2,1699,06-Oct-23,25-Oct-23,"3870,00",Carnê concluído,CARNÊ,"0,00"
11738,,2468,16-Oct-23,,"500,00",Pago com sucesso no catão de crédito em 1 parcelas,CRÉDITO,"0,00"
11739,,566,16-Oct-23,,"1380,00",Pago com sucesso no catão de crédito em 8 parcelas,CRÉDITO,"0,00"
11740,,1810,25-Oct-23,,"1300,00",Pago com sucesso em dinheiro,DINHEIRO,"0,00"
11741,,2469,31-Oct-23,,"590,00",Pago com sucesso em dinheiro,DINHEIRO,"0,00"
11742,,2370,19-Oct-23,,"210,00",Pago com sucesso no catão de crédito em 1 parcelas,CRÉDITO,"0,00"
11743,2,2470,01-Nov-23,,"680,00",Pago com sucesso em dinheiro,DINHEIRO,"0,00"
11744,2,2471,03-Nov-23,,"250,00",Pago com sucesso em dinheiro,DINHEIRO,"0,00"
11745,2,2472,03-Nov-23,05-Dec-23,"1000,00",Carnê concluído,CARNÊ,"500,00"
11746,2,2473,07-Nov-23,,"140,00",Pago com sucesso em dinheiro,DINHEIRO,"0,00"
11747,2,2474,07-Nov-23,,"690,00",Pago com sucesso em dinheiro,DINHEIRO,"0,00"
11748,2,1931,09-Nov-23,,"1140,00",Pago com sucesso no catão de crédito em 6 parcelas,CRÉDITO,"0,00"
11749,2,1900,13-Nov-23,13-Dec-23,"300,00",Carnê concluído,CARNÊ,"0,00"
11750,2,877,13-Nov-23,,"2350,00",Pago com sucesso no catão de crédito em 7 parcelas,CRÉDITO,"500,00"
11751,2,2475,16-Nov-23,,"750,00",Pago com sucesso em dinheiro,DINHEIRO,"0,00"
11752,2,1779,16-Nov-23,,"1500,00",Pago com sucesso no catão de crédito em 1 parcelas,CRÉDITO,"0,00"
11753,2,2102,17-Nov-23,,"2740,00",Pago com sucesso no catão de crédito em 1 parcelas,CRÉDITO,"0,00"
11754,2,2476,20-Nov-23,,"600,00",Pago com sucesso no cartão de débito,DÉBITO,"0,00"
11755,2,1468,20-Nov-23,,"1500,00",Pago com sucesso no catão de crédito em 6 parcelas,CRÉDITO,"0,00"
11756,2,1878,22-Dec-23,,"0,01",Pago com sucesso em dinheiro,DINHEIRO,"0,00"
11757,2,86,27-Nov-23,,"800,00",Pago com sucesso em dinheiro,DINHEIRO,"0,00"
11758,2,2477,27-Nov-23,,"400,00",Pago com sucesso no catão de crédito em 4 parcelas,CRÉDITO,"0,00"
11759,2,2478,30-Nov-23,,"250,00",Pago com sucesso em dinheiro,DINHEIRO,"0,00"
11760,2,2479,30-Nov-23,,"200,00",Pago com sucesso em dinheiro,DINHEIRO,"0,00"
11761,2,2189,01-Dec-23,,"210,00",Pago com sucesso em dinheiro,DINHEIRO,"0,00"
11762,2,2477,05-Dec-23,,"250,00",Pago com sucesso em dinheiro,DINHEIRO,"0,00"
11763,2,1984,07-Dec-23,25-Dec-23,"700,00",Carnê concluído,CARNÊ,"0,00"
11764,2,2480,07-Dec-23,,"850,00",Pago com sucesso no cartão de débito,DÉBITO,"0,00"
11765,2,2481,14-Dec-23,14-Jan-24,"350,00",Carnê concluído,CARNÊ,"50,00"
11766,2,2482,15-Dec-23,,"350,00",Pago com sucesso em dinheiro,DINHEIRO,"0,00"
11767,2,2483,15-Dec-23,31-Jan-24,"1400,00",Carnê concluído,CARNÊ,"0,00"
11768,,2484,19-Dec-23,10-Jan-24,"300,00",Carnê concluído,CARNÊ,"0,00"
11769,,939,21-Dec-23,21-Jan-24,"1025,00",Carnê concluído,CARNÊ,"0,00"
11770,2,2485,26-Dec-23,,"900,00",Pago com sucesso no catão de crédito em 6 parcelas,CRÉDITO,"0,00"
11771,2,2408,29-Dec-23,05-Feb-24,"500,00",Carnê concluído,CARNÊ,"0,00"
11772,2,2453,30-Dec-23,,"100,00",Pago com sucesso em dinheiro,DINHEIRO,"0,00"
11773,2,622,30-Dec-23,05-Feb-24,"500,00",Carnê concluído,CARNÊ,"200,00"
11774,2,2486,03-Jan-24,,"400,00",Pago com sucesso em dinheiro,DINHEIRO,"0,00"
11775,2,2487,05-Jan-24,,"500,00",Pago com sucesso em dinheiro,DINHEIRO,"0,00"
11776,2,2488,08-Jan-24,,"150,00",Pago com sucesso em dinheiro,DINHEIRO,"0,00"
11777,2,2489,09-Jan-24,,"170,00",Pago com sucesso em dinheiro,DINHEIRO,"0,00"
11779,2,2490,10-Jan-24,,"250,00",Pago com sucesso em dinheiro,DINHEIRO,"0,00"
11780,2,1669,12-Jan-24,,"800,00",Pago com sucesso no catão de crédito em 8 parcelas,CRÉDITO,"0,00"
11781,2,2075,12-Jan-24,,"1100,00",Pago com sucesso no catão de crédito em 8 parcelas,CRÉDITO,"0,00"
11782,2,494,13-Jan-24,13-Feb-24,4080,Carnê concluído,CARNÊ,"300,00"
11783,2,2491,15-Jan-24,,"125,00",Pago com sucesso em dinheiro,DINHEIRO,"0,00"
11784,2,2492,15-Jan-24,,"3000,00",Pago com sucesso no catão de crédito em 10 parcelas,CRÉDITO,"0,00"
11785,2,2493,16-Jan-24,15-Mar-24,"490,00",Carnê concluído,CARNÊ,"300,00"
11786,2,2494,17-Jan-24,,"100,00",Pago com sucesso em dinheiro,DINHEIRO,"0,00"
11787,2,592,17-Jan-24,30-Jan-24,"1200,00",Carnê aberto,CARNÊ,"0,00"
11788,2,1479,17-Jan-24,,"250,00",Pago com sucesso no catão de crédito em 3 parcelas,CRÉDITO,"75,00"
11789,2,2495,18-Jan-24,,"135,00",Pago com sucesso em dinheiro,DINHEIRO,"0,00"
11790,2,2496,18-Jan-24,,"150,00",Pago com sucesso em dinheiro,DINHEIRO,"0,00"
11791,2,2497,19-Jan-24,,"800,00",Pago com sucesso em dinheiro,DINHEIRO,"0,00"
11792,2,1840,19-Jan-24,,"2100,00",Pago com sucesso no catão de crédito em 8 parcelas,CRÉDITO,"0,00"
11793,2,2498,19-Jan-24,,"1080,00",Pago com sucesso no catão de crédito em 8 parcelas,CRÉDITO,"0,00"
11794,2,696,22-Jan-24,,"200,00",Pago com sucesso em dinheiro,DINHEIRO,"0,00"
11795,2,2070,23-Jan-24,,"600,00",Pago com sucesso no catão de crédito em 5 parcelas,CRÉDITO,"0,00"
11796,2,2435,24-Jan-24,10-Feb-24,"650,00",Carnê concluído,CARNÊ,"0,00"
11797,2,2499,25-Jan-24,,"750,00",Pago com sucesso no catão de crédito em 1 parcelas,CRÉDITO,"200,00"
11798,2,2500,27-Jan-24,,"250,00",Pago com sucesso em dinheiro,DINHEIRO,"0,00"
11799,2,1589,29-Jan-24,,"85,00",Pago com sucesso em dinheiro,DINHEIRO,"0,00"
11800,2,727,30-Jan-24,05-Feb-24,"540,00",Carnê concluído,CARNÊ,"100,00"
11801,2,2501,31-Jan-24,,"180,00",Pago com sucesso no catão de crédito em 2 parcelas,CRÉDITO,"0,00"
11802,2,949,31-Jan-24,10-Mar-24,"1700,00",Carnê aberto,CARNÊ,"200,00"
11803,2,2502,01-Feb-24,15-Mar-24,"2250,00",Carnê aberto,CARNÊ,"375,00"
11804,2,1255,01-Feb-24,,"1550,00",Pago com sucesso no catão de crédito em 7 parcelas,CRÉDITO,"0,00"
11805,2,2115,05-Feb-24,,"1680,00",Pago com sucesso no catão de crédito em 7 parcelas,CRÉDITO,"0,00"
11806,2,86,07-Feb-24,07-Mar-24,"1080,00",Carnê concluído,CARNÊ,"0,00"
11807,2,727,07-Feb-24,07-Mar-24,"300,00",Carnê aberto,CARNÊ,"0,00"
11808,2,2503,07-Feb-24,25-Feb-24,"2240,00",Carnê concluído,CARNÊ,"0,00"
11809,2,830,07-Feb-24,25-Mar-24,"2800,00",Carnê concluído,CARNÊ,"0,00"
11810,2,2504,15-Feb-24,,"750,00",Pago com sucesso no cartão de débito,DÉBITO,"0,00"
11811,2,2505,16-Feb-24,,"750,00",Pago com sucesso no catão de crédito em 6 parcelas,CRÉDITO,"0,00"
11812,2,2506,19-Feb-24,,"670,00",Pago com sucesso no catão de crédito em 5 parcelas,CRÉDITO,"200,00"
11813,2,2440,20-Feb-24,20-Mar-24,"656,00",Carnê concluído,CARNÊ,"0,00"
11814,2,2507,20-Feb-24,,"450,00",Pago com sucesso no catão de crédito em 4 parcelas,CRÉDITO,"0,00"
11815,2,2508,23-Feb-24,,"1365,00",Pago com sucesso no catão de crédito em 7 parcelas,CRÉDITO,"0,00"
11816,2,2509,24-Feb-24,,"400,00",Pago com sucesso em dinheiro,DINHEIRO,"0,00"
11817,2,2510,29-Feb-24,,"960,00",Pago com sucesso em dinheiro,DINHEIRO,"0,00"
11818,2,2328,29-Feb-24,,"1100,00",Pago com sucesso em dinheiro,DINHEIRO,"0,00"
11819,2,2370,28-Feb-24,,"210,00",Pago com sucesso no catão de crédito em 1 parcelas,CRÉDITO,"0,00"
11820,2,1172,29-Feb-24,,"3500,00",Pago com sucesso no catão de crédito em 10 parcelas,CRÉDITO,"0,00"
11821,2,2511,01-Mar-24,,"552,00",Pago com sucesso no catão de crédito em 6 parcelas,CRÉDITO,"0,00"
11822,2,1675,01-Mar-24,01-Apr-24,"125,00",Carnê concluído,CARNÊ,"0,00"
11823,2,2512,01-Mar-24,10-Apr-24,"940,00",Carnê concluído,CARNÊ,"100,00"
11824,2,2020,04-Mar-24,,"400,00",Pago com sucesso em dinheiro,DINHEIRO,"0,00"
11825,2,2513,02-Mar-24,02-Apr-24,"60,00",Carnê aberto,CARNÊ,"50,00"
11826,2,727,05-Mar-24,05-Aug-24,"400,00",Carnê aberto,CARNÊ,"0,00"
11827,2,44,05-Mar-24,,"1700,00",Pago com sucesso no catão de crédito em 10 parcelas,CRÉDITO,"0,00"
11828,2,2244,06-Mar-24,,"1400,00",Pago com sucesso no catão de crédito em 4 parcelas,CRÉDITO,"200,00"
11829,2,2514,06-Mar-24,22-Apr-24,"1400,00",Carnê aberto,CARNÊ,"400,00"
11830,2,2515,13-Mar-24,,"1000,00",Pago com sucesso em dinheiro,DINHEIRO,"0,00"
11831,2,2327,15-Mar-24,,"150,00",Pago com sucesso em dinheiro,DINHEIRO,"0,00"
11832,2,398,08-Apr-24,08-May-24,"2190,00",Carnê aberto,CARNÊ,"300,00"
11833,2,2516,16-Apr-24,03-May-24,"1500,00",Carnê aberto,CARNÊ,"0,00"
11834,2,2517,18-Mar-24,,"390,00",Pago com sucesso no catão de crédito em 4 parcelas,CRÉDITO,"0,00"
11835,,2518,18-Mar-24,,"874,00",Pago com sucesso no catão de crédito em 2 parcelas,CRÉDITO,"0,00"
11836,,294,23-Mar-24,,"3700,00",Pago com sucesso no catão de crédito em 10 parcelas,CRÉDITO,"700,00"
11837,,2519,30-Mar-24,,"300,00",Pago com sucesso em dinheiro,DINHEIRO,"0,00"
11838,2,1464,22-Apr-24,05-May-24,"990,00",Carnê aberto,CARNÊ,"0,00"
11839,2,2116,02-Apr-24,,"1000,00",Pago com sucesso no catão de crédito em 10 parcelas,CRÉDITO,"0,00"
11840,2,1593,06-Apr-24,26-Apr-24,"5000,00",Carnê concluído,CARNÊ,"1000,00"
11841,2,399,06-Apr-24,,"0,01",Pago com sucesso em dinheiro,DINHEIRO,"0,00"
11842,2,272,06-Apr-24,08-May-24,"180,00",Carnê concluído,CARNÊ,"40,00"
11843,2,1585,10-Apr-24,,"3140,00",Pago com sucesso no catão de crédito em 10 parcelas,CRÉDITO,"800,00"
11844,2,2521,11-Apr-24,,"290,00",Pago com sucesso em dinheiro,DINHEIRO,"0,00"
11845,2,2522,11-Apr-24,18-Apr-24,"1000,00",Carnê aberto,CARNÊ,"0,00"
11846,2,2523,12-Apr-24,12-May-24,"780,00",Carnê aberto,CARNÊ,"0,00"
11847,2,2524,13-Apr-24,,"800,00",Pago com sucesso no catão de crédito em 6 parcelas,CRÉDITO,"0,00"
11848,2,2525,15-Apr-24,,"1500,00",Pago com sucesso em dinheiro,DINHEIRO,"0,00"
11849,2,2526,16-Apr-24,,"85,00",Pago com sucesso em dinheiro,DINHEIRO,"0,00"
11850,2,1672,17-Apr-24,10-May-24,"990,00",Carnê aberto,CARNÊ,"0,00"
11851,2,2487,20-Apr-24,,250,Pago com sucesso no catão de crédito em 1 parcelas,CRÉDITO,"0,00"
11852,2,2509,23-Apr-24,,"250,00",Pago com sucesso em dinheiro,DINHEIRO,"0,00"
11853,2,2039,27-Apr-24,10-May-24,"2500,00",Carnê concluído,CARNÊ,"0,00"
11854,2,2527,30-Apr-24,,"140,00",Pago com sucesso em dinheiro,DINHEIRO,"0,00"
11855,2,2528,03-May-24,,"700,00",Pago com sucesso em dinheiro,DINHEIRO,"0,00"
11856,2,2529,03-May-24,,"750,00",Pago com sucesso em dinheiro,DINHEIRO,"0,00"
11857,2,2530,07-May-24,,"740,00",Pago com sucesso no catão de crédito em 1 parcelas,CRÉDITO,"370,00"
11858,2,2531,09-May-24,10-Jun-24,"1000,00",Carnê aberto,CARNÊ,"0,00"
11859,2,556,14-May-24,14-Jun-24,"2500,00",Carnê concluído,CARNÊ,"0,00"
11860,2,2532,15-May-24,,"700,00",Pago com sucesso em dinheiro,DINHEIRO,"0,00"
11861,2,995,16-May-24,25-May-24,"800,00",Carnê aberto,CARNÊ,"0,00"
11862,2,2433,17-May-24,07-Jun-24,"2000,00",Carnê aberto,CARNÊ,"0,00"
11863,2,2533,20-May-24,20-Jun-24,"2500,00",Carnê aberto,CARNÊ,"100,00"
11864,2,2534,22-May-24,,"2200,00",Pago com sucesso no catão de crédito em 10 parcelas,CRÉDITO,"500,00"
11865,2,1645,23-May-24,,"350,00",Pago com sucesso em dinheiro,DINHEIRO,"0,00"
11866,2,2535,25-May-24,05-Jul-24,"950,00",Carnê aberto,CARNÊ,"250,00"
11867,2,70,31-May-24,20-Jun-24,"900,00",Carnê aberto,CARNÊ,"0,00"
11868,2,2536,29-May-24,,"748,00",Pago com sucesso no catão de crédito em 2 parcelas,CRÉDITO,"0,00"
11869,2,1622,31-May-24,,"1000,00",Pago com sucesso no catão de crédito em 5 parcelas,CRÉDITO,"150,00"
11870,2,2537,04-Jun-24,,"900,00",Pago com sucesso no catão de crédito em 6 parcelas,CRÉDITO,"0,00"
11871,2,2538,06-Jun-24,06-Jul-24,"1100,00",Carnê aberto,CARNÊ,"200,00"
11872,2,445,08-Jun-24,25-Jun-24,"2000,00",Carnê concluído,CARNÊ,"0,00"
11873,2,2295,10-Jun-24,10-Jul-24,"1200,00",Carnê aberto,CARNÊ,"0,00"
11874,2,2539,10-Jun-24,,"950,00",Pago com sucesso no catão de crédito em 6 parcelas,CRÉDITO,"350,00"
11875,2,2540,15-Jun-24,,"600,00",Pago com sucesso em dinheiro,DINHEIRO,"0,00"
11876,2,2138,15-Jun-24,10-Jul-24,"2280,00",Carnê concluído,CARNÊ,"0,00"
11877,2,2541,17-Jun-24,,"300,00",Pago com sucesso no catão de crédito em 1 parcelas,CRÉDITO,"0,00"
11878,2,2542,17-Jun-24,,"1440,00",Pago com sucesso no catão de crédito em 5 parcelas,CRÉDITO,"400,00"
11879,2,14,19-Jun-24,05-Jul-24,"3000,00",Carnê aberto,CARNÊ,"0,00"
11880,2,494,22-Jun-24,10-Oct-24,"3450,00",Carnê concluído,CARNÊ,"0,00"
11881,2,1774,25-Jun-24,,"3000,00",Pago com sucesso no catão de crédito em 1 parcelas,CRÉDITO,"0,00"
11882,,2543,25-Jun-24,,"1000,00",Pago com sucesso em dinheiro,DINHEIRO,"0,00"
11883,,2544,25-Jun-24,10-Aug-24,"2300,00",Carnê aberto,CARNÊ,"1000,00"
11884,,1638,26-Jun-24,,"1,00",Pago com sucesso em dinheiro,DINHEIRO,"0,00"
11885,,85,02-Jul-24,10-Aug-24,"1610,00",Carnê concluído,CARNÊ,"230,00"
11886,,2545,03-Jul-24,,"350,00",Pago com sucesso em dinheiro,DINHEIRO,"0,00"
11887,,899,04-Jul-24,,"1,00",Pago com sucesso em dinheiro,DINHEIRO,"0,00"
11888,,1890,08-Jul-24,01-Aug-24,"1200,00",Carnê concluído,CARNÊ,"0,00"
11889,2,292,09-Jul-24,10-Aug-24,"1500,00",Carnê concluído,CARNÊ,"0,00"
11890,2,1638,09-Jul-24,,"1,00",Pago com sucesso em dinheiro,DINHEIRO,"0,00"
11891,2,1981,10-Jul-24,05-Aug-24,"1600,00",Carnê aberto,CARNÊ,"400,00"
11892,2,40,11-Jul-24,,"1900,00",Pago com sucesso no catão de crédito em 8 parcelas,CRÉDITO,"0,00"
11893,2,2546,11-Jul-24,,"1750,00",Pago com sucesso no catão de crédito em 6 parcelas,CRÉDITO,"0,00"
11894,2,2547,12-Jul-24,,"400,00",Pago com sucesso no catão de crédito em 3 parcelas,CRÉDITO,"0,00"
11895,2,2548,13-Jul-24,,"700,00",Pago com sucesso no catão de crédito em 1 parcelas,CRÉDITO,"0,00"
11896,2,627,13-Jul-24,10-Aug-24,"1200,00",Carnê aberto,CARNÊ,"240,00"
11897,2,2549,15-Jul-24,,"600,00",Pago com sucesso em dinheiro,DINHEIRO,"0,00"
11898,2,2550,17-Jul-24,,"440,00",Pago com sucesso no catão de crédito em 1 parcelas,CRÉDITO,"0,00"
11899,,1932,09-Jan-25,,"250,00",Pago com sucesso em dinheiro,DINHEIRO,"0,00"
11900,,2551,24-Jul-24,07-Aug-24,"875,00",Carnê concluído,CARNÊ,"0,00"
11901,2,2552,24-Jul-24,,"700,00",Pago com sucesso em dinheiro,DINHEIRO,"0,00"
11902,2,2553,30-Jul-24,04-Sep-24,"3000,00",Carnê aberto,CARNÊ,"600,00"
11903,2,75,31-Jul-24,25-Aug-24,"3600,00",Carnê concluído,CARNÊ,"1000,00"
11904,2,407,01-Aug-24,07-Sep-24,"750,00",Carnê aberto,CARNÊ,"150,00"
11905,2,2554,02-Aug-24,02-Sep-24,"500,00",Carnê concluído,CARNÊ,"0,00"
11906,2,899,06-Aug-24,,"1,00",Pago com sucesso em dinheiro,DINHEIRO,"0,00"
11907,2,2555,09-Aug-24,,"800,00",Pago com sucesso no catão de crédito em 4 parcelas,CRÉDITO,"0,00"
11908,2,2556,09-Aug-24,,"1300,00",Pago com sucesso em dinheiro,DINHEIRO,"0,00"
11909,2,1059,09-Aug-24,,"3000,00",Pago com sucesso em dinheiro,DINHEIRO,"0,00"
11910,2,2557,20-Aug-24,,"880,00",Pago com sucesso no catão de crédito em 6 parcelas,CRÉDITO,"0,00"
11911,2,2558,22-Aug-24,15-Sep-24,"1500,00",Carnê aberto,CARNÊ,"0,00"
11912,2,2559,26-Aug-24,,"960,00",Pago com sucesso no catão de crédito em 6 parcelas,CRÉDITO,"0,00"
11913,2,2327,30-Aug-24,,"120,00",Pago com sucesso em dinheiro,DINHEIRO,"0,00"
11914,2,995,02-Sep-24,02-Oct-24,"280,00",Carnê aberto,CARNÊ,"0,00"
11915,2,2560,03-Sep-24,25-Oct-24,"1200,00",Carnê concluído,CARNÊ,"200,00"
11916,2,2561,04-Sep-24,,"330,00",Pago com sucesso em dinheiro,DINHEIRO,"0,00"
11917,2,2562,04-Sep-24,,"900,00",Pago com sucesso em dinheiro,DINHEIRO,"0,00"
11918,2,2503,06-Sep-24,10-Oct-24,"700,00",Carnê concluído,CARNÊ,"140,00"
11919,2,1927,06-Sep-24,20-Nov-24,"680,00",Carnê concluído,CARNÊ,"0,00"
11920,2,2469,09-Sep-24,,"900,00",Pago com sucesso no catão de crédito em 6 parcelas,CRÉDITO,"0,00"
11921,2,2335,13-Sep-24,15-Oct-24,"900,00",Carnê concluído,CARNÊ,"100,00"
11922,2,2563,13-Sep-24,,"400,00",Pago com sucesso no catão de crédito em 1 parcelas,CRÉDITO,"0,00"
11923,2,1255,14-Sep-24,,"300,00",Pago com sucesso no catão de crédito em 2 parcelas,CRÉDITO,"0,00"
11924,2,2435,14-Sep-24,14-Oct-24,"800,00",Carnê concluído,CARNÊ,"0,00"
11925,2,2564,16-Sep-24,30-Oct-24,"1600,00",Carnê aberto,CARNÊ,"200,00"
11926,2,1842,17-Sep-24,,"3380,00",Pago com sucesso no catão de crédito em 6 parcelas,CRÉDITO,"0,00"
11927,2,942,17-Sep-24,,"350,00",Pago com sucesso no catão de crédito em 3 parcelas,CRÉDITO,"0,00"
11928,2,943,17-Sep-24,,"950,00",Pago com sucesso no catão de crédito em 3 parcelas,CRÉDITO,"0,00"
11929,2,2370,17-Sep-24,,"240,00",Pago com sucesso no catão de crédito em 2 parcelas,CRÉDITO,"0,00"
11930,2,2565,20-Sep-24,,"700,00",Pago com sucesso no catão de crédito em 5 parcelas,CRÉDITO,"0,00"
11931,2,2566,23-Sep-24,,"700,00",Pago com sucesso no catão de crédito em 6 parcelas,CRÉDITO,"0,00"
11932,2,1675,24-Sep-24,27-Dec-24,"2400,00",Carnê aberto,CARNÊ,"1700,00"
11933,2,1539,24-Sep-24,09-Nov-24,"1200,00",Carnê concluído,CARNÊ,"0,00"
11934,2,1842,24-Sep-24,,"220,00",Pago com sucesso no catão de crédito em 1 parcelas,CRÉDITO,"0,00"
11935,2,2164,30-Sep-24,,"1000,00",Pago com sucesso no catão de crédito em 1 parcelas,CRÉDITO,"0,00"
11936,2,2163,30-Sep-24,,"960,00",Pago com sucesso no catão de crédito em 6 parcelas,CRÉDITO,"0,00"
11937,2,2541,02-Oct-24,,"700,00",Pago com sucesso no catão de crédito em 5 parcelas,CRÉDITO,"0,00"
11938,2,1255,04-Oct-24,,"300,00",Pago com sucesso no catão de crédito em 2 parcelas,CRÉDITO,"0,00"
11939,2,2567,05-Oct-24,,"150,00",Pago com sucesso em dinheiro,DINHEIRO,"0,00"
11940,2,2363,07-Oct-24,07-Nov-24,"650,00",Carnê concluído,CARNÊ,"0,00"
11941,2,2394,11-Oct-24,05-Nov-24,"1000,00",Carnê concluído,CARNÊ,"0,00"
11942,2,2568,11-Oct-24,,"550,00",Pago com sucesso no catão de crédito em 5 parcelas,CRÉDITO,"0,00"
11943,2,2569,14-Oct-24,,"900,00",Pago com sucesso no catão de crédito em 3 parcelas,CRÉDITO,"400,00"
11944,2,1984,16-Oct-24,25-Nov-24,"390,00",Carnê concluído,CARNÊ,"0,00"
11945,2,2516,15-Oct-24,15-Nov-24,"300,00",Carnê aberto,CARNÊ,"0,00"
11946,2,2570,18-Oct-24,,"300,00",Pago com sucesso em dinheiro,DINHEIRO,"0,00"
11947,2,2563,22-Oct-24,20-Nov-24,"2750,00",Carnê concluído,CARNÊ,"0,00"
11948,2,2045,22-Oct-24,07-Nov-24,"700,00",Carnê aberto,CARNÊ,"0,00"
11949,2,2571,24-Oct-24,,"1450,00",Pago com sucesso no catão de crédito em 6 parcelas,CRÉDITO,"0,00"
11950,2,1684,28-Oct-24,,"700,00",Pago com sucesso no catão de crédito em 4 parcelas,CRÉDITO,"100,00"
11951,2,2532,28-Oct-24,,"500,00",Pago com sucesso em dinheiro,DINHEIRO,"0,00"
11952,2,2110,28-Oct-24,10-Nov-24,"300,00",Carnê concluído,CARNÊ,"0,00"
11953,2,1606,29-Oct-24,,"590,00",Pago com sucesso no catão de crédito em 3 parcelas,CRÉDITO,"0,00"
11954,2,2142,29-Oct-24,29-Nov-24,"2000,00",Carnê aberto,CARNÊ,"1000,00"
11955,2,1900,31-Oct-24,05-Dec-24,"2300,00",Carnê concluído,CARNÊ,"0,00"
11956,2,2572,01-Nov-24,28-Dec-24,"2380,00",Carnê concluído,CARNÊ,"340,00"
11957,2,1947,04-Nov-24,,"150,00",Pago com sucesso em dinheiro,DINHEIRO,"0,00"
11958,2,2573,04-Nov-24,,"200,00",Pago com sucesso no catão de crédito em 2 parcelas,CRÉDITO,"0,00"
11959,2,1979,11-Nov-24,,"1400,00",Pago com sucesso em dinheiro,DINHEIRO,"0,00"
11960,2,778,14-Nov-24,10-Dec-24,"1800,00",Carnê concluído,CARNÊ,"600,00"
11961,2,2574,16-Nov-24,10-Dec-24,"700,00",Carnê concluído,CARNÊ,"0,00"
11962,2,2575,21-Nov-24,,"280,00",Pago com sucesso no catão de crédito em 1 parcelas,CRÉDITO,"0,00"
11963,2,1819,21-Nov-24,,"795,00",Pago com sucesso em dinheiro,DINHEIRO,"0,00"
11964,2,2576,22-Nov-24,,"500,00",Pago com sucesso em dinheiro,DINHEIRO,"0,00"
11965,2,2577,25-Nov-24,,"700,00",Pago com sucesso em dinheiro,DINHEIRO,"0,00"
11966,2,2379,26-Nov-24,05-Dec-24,"1110,00",Carnê concluído,CARNÊ,"300,00"
11967,2,2068,26-Nov-24,,"300,00",Pago com sucesso em dinheiro,DINHEIRO,"0,00"
11968,2,2572,28-Nov-24,28-Dec-24,"550,00",Carnê concluído,CARNÊ,"0,00"
11969,2,67,28-Nov-24,,"990,00",Pago com sucesso no catão de crédito em 6 parcelas,CRÉDITO,"0,00"
11970,2,2376,02-Dec-24,09-Jan-25,"900,00",Carnê concluído,CARNÊ,"225,00"
11971,2,2563,02-Dec-24,02-Jan-25,"350,00",Carnê concluído,CARNÊ,"0,00"
11972,2,2578,03-Dec-24,,"300,00",Pago com sucesso no cartão de débito,DÉBITO,"0,00"
11973,2,2498,06-Dec-24,,"1160,00",Pago com sucesso no catão de crédito em 5 parcelas,CRÉDITO,"0,00"
11974,2,1840,06-Dec-24,,"1100,00",Pago com sucesso no catão de crédito em 5 parcelas,CRÉDITO,"0,00"
11975,2,2579,10-Dec-24,10-Jan-25,"1500,00",Carnê concluído,CARNÊ,"0,00"
11976,2,2484,12-Dec-24,05-Feb-25,"1380,00",Carnê concluído,CARNÊ,"230,00"
11977,2,2580,12-Dec-24,10-Jan-25,"1440,00",Carnê concluído,CARNÊ,"0,00"
11978,2,2581,11-Dec-24,,"460,00",Pago com sucesso em dinheiro,DINHEIRO,"0,00"
11979,2,622,13-Dec-24,,"400,00",Pago com sucesso em dinheiro,DINHEIRO,"0,00"
11980,2,2582,13-Dec-24,,"1400,00",Pago com sucesso no catão de crédito em 6 parcelas,CRÉDITO,"0,00"
11981,2,1493,17-Dec-24,,"345,00",Pago com sucesso em dinheiro,DINHEIRO,"0,00"
11982,2,939,17-Dec-24,17-Jan-25,"700,00",Carnê aberto,CARNÊ,"0,00"
11983,2,2583,19-Dec-24,19-Jan-25,"400,00",Carnê aberto,CARNÊ,"0,00"
11984,2,2473,20-Dec-24,,"155,00",Pago com sucesso no catão de crédito em 1 parcelas,CRÉDITO,"0,00"
11985,2,2584,23-Dec-24,,"505,00",Pago com sucesso no catão de crédito em 1 parcelas,CRÉDITO,"255,00"
11986,2,2585,28-Dec-24,,"250,00",Pago com sucesso no cartão de débito,DÉBITO,"0,00"
11987,2,2395,02-Jan-25,05-Feb-25,"3260,00",Carnê aberto,CARNÊ,"0,00"
11988,2,2508,02-Jan-25,,"1000,00",Pago com sucesso no catão de crédito em 5 parcelas,CRÉDITO,"0,00"
11989,,2586,03-Jan-25,,"1000,00",Pago com sucesso em dinheiro,DINHEIRO,"0,00"
11990,,1890,06-Jan-25,30-Mar-25,"450,00",Carnê concluído,CARNÊ,"0,00"
11991,2,107,08-Jan-25,08-Feb-25,"1000,00",Carnê concluído,CARNÊ,"200,00"
11992,2,1932,09-Jan-25,09-Feb-25,"150,00",Carnê aberto,CARNÊ,"0,00"
11993,2,2587,09-Jan-25,,"250,00",Pago com sucesso em dinheiro,DINHEIRO,"0,00"
11994,2,2588,10-Jan-25,,"910,00",Pago com sucesso no catão de crédito em 5 parcelas,CRÉDITO,"0,00"
11995,2,1585,11-Jan-25,,"950,00",Pago com sucesso no catão de crédito em 5 parcelas,CRÉDITO,"0,00"
11996,,2589,13-Jan-25,13-Feb-25,"660,00",Carnê concluído,CARNÊ,"300,00"
11997,,2590,13-Jan-25,05-Feb-25,"2010,00",Carnê concluído,CARNÊ,"0,00"
11998,,2591,17-Jan-25,,"1950,00",Pago com sucesso no catão de crédito em 4 parcelas,CRÉDITO,"1090,00"
11999,,2028,20-Jan-25,,"2100,00",Pago com sucesso no catão de crédito em 1 parcelas,CRÉDITO,"0,00"
12000,2,2593,24-Jan-25,05-Mar-25,"1000,00",Carnê concluído,CARNÊ,"340,00"
12001,2,2595,28-Jan-25,,"330,00",Pago com sucesso em dinheiro,DINHEIRO,"0,00"
12002,2,2460,28-Jan-25,,"250,00",Pago com sucesso no catão de crédito em 2 parcelas,CRÉDITO,"0,00"
12003,2,416,30-Jan-25,05-Mar-25,"390,00",Carnê concluído,CARNÊ,"200,00"
12004,2,2594,31-Jan-25,10-Feb-25,"2610,00",Carnê concluído,CARNÊ,"0,00"
12005,2,2596,31-Jan-25,,"2000,00",Pago com sucesso no catão de crédito em 6 parcelas,CRÉDITO,"0,00"
12006,2,2370,29-Jan-25,,"240,00",Pago com sucesso no catão de crédito em 2 parcelas,CRÉDITO,"0,00"
12007,2,1675,01-Feb-25,01-Mar-25,"700,00",Carnê concluído,CARNÊ,"180,00"
12008,2,652,04-Feb-25,04-Mar-25,"3100,00",Carnê concluído,CARNÊ,"3000,00"
12009,2,1585,04-Feb-25,,"330,00",Pago com sucesso no catão de crédito em 4 parcelas,CRÉDITO,"0,00"
12010,2,2046,05-Feb-25,01-Mar-25,"2184,00",Carnê concluído,CARNÊ,"0,00"
12011,2,2597,12-Feb-25,,"800,00",Pago com sucesso no catão de crédito em 2 parcelas,CRÉDITO,"400,00"
12012,2,2598,14-Feb-25,,"960,00",Pago com sucesso em dinheiro,DINHEIRO,"0,00"
12013,2,1823,15-Feb-25,,"3350,00",Pago com sucesso no catão de crédito em 4 parcelas,CRÉDITO,"1675,00"
12014,2,2389,15-Feb-25,15-Mar-25,"1600,00",Carnê concluído,CARNÊ,"200,00"
12015,2,2599,17-Feb-25,29-Mar-25,"550,00",Carnê concluído,CARNÊ,"0,00"
12016,2,2512,17-Feb-25,29-Mar-25,"2080,00",Carnê concluído,CARNÊ,"260,00"
12017,2,86,17-Feb-25,17-Mar-25,"1670,00",Carnê aberto,CARNÊ,"0,00"
12018,2,2600,08-Mar-25,,"400,00",Pago com sucesso no catão de crédito em 3 parcelas,CRÉDITO,"0,00"
12019,2,1801,08-Mar-25,,"250,00",Pago com sucesso em dinheiro,DINHEIRO,"0,00"
12020,2,2541,12-Mar-25,,"430,00",Pago com sucesso no catão de crédito em 4 parcelas,CRÉDITO,"0,00"
12021,2,2601,15-Mar-25,,"950,00",Pago com sucesso no catão de crédito em 5 parcelas,CRÉDITO,"0,00"
12022,2,2593,15-Mar-25,05-May-25,"300,00",Carnê concluído,CARNÊ,"0,00"
12023,2,2244,18-Mar-25,,"550,00",Pago com sucesso em dinheiro,DINHEIRO,"0,00"
12024,2,2073,22-Mar-25,22-Apr-25,"3400,00",Carnê aberto,CARNÊ,"0,00"
12025,2,2602,24-Mar-25,,"550,00",Pago com sucesso no catão de crédito em 5 parcelas,CRÉDITO,"0,00"
12026,2,2603,31-Mar-25,,"2100,00",Pago com sucesso no catão de crédito em 5 parcelas,CRÉDITO,"800,00"
12027,2,2334,02-Apr-25,,"1700,00",Pago com sucesso em dinheiro,DINHEIRO,"750,00"
12028,2,155,05-Apr-25,05-May-25,"2200,00",Carnê aberto,CARNÊ,"100,00"
12029,2,2116,07-Apr-25,,"1000,00",Pago com sucesso no catão de crédito em 10 parcelas,CRÉDITO,"0,00"
12030,2,2604,09-Apr-25,,"170,00",Pago com sucesso em dinheiro,DINHEIRO,"0,00"
12031,2,1477,09-Apr-25,09-May-25,"980,00",Carnê concluído,CARNÊ,"0,00"
12032,2,1255,23-Apr-25,,"1360,00",Pago com sucesso no catão de crédito em 5 parcelas,CRÉDITO,"0,00"
12033,2,2605,12-Apr-25,07-May-25,"2100,00",Carnê concluído,CARNÊ,"1000,00"
12034,2,2606,14-Apr-25,05-May-25,"1200,00",Carnê concluído,CARNÊ,"0,00"
12035,2,1255,15-Apr-25,,"370,00",Pago com sucesso no catão de crédito em 2 parcelas,CRÉDITO,"0,00"
12036,2,2607,15-Apr-25,,"1040,00",Pago com sucesso no catão de crédito em 6 parcelas,CRÉDITO,"0,00"
12037,2,1436,23-Apr-25,,"1000,00",Pago com sucesso no cartão de débito,DÉBITO,"0,00"
12038,2,2608,25-Apr-25,,"0,01",Pago com sucesso em dinheiro,DINHEIRO,"0,00"
12039,,1931,25-Apr-25,,"1280,00",Pago com sucesso no catão de crédito em 7 parcelas,CRÉDITO,"0,00"
12040,2,1696,29-Apr-25,,"300,00",Pago com sucesso no catão de crédito em 3 parcelas,CRÉDITO,"0,00"
12041,2,2609,30-Apr-25,,"2340,00",Pago com sucesso no catão de crédito em 7 parcelas,CRÉDITO,"0,00"
12042,2,1573,02-May-25,02-Jun-25,"2100,00",Carnê aberto,CARNÊ,"0,00"
12043,2,2370,02-May-25,,"240,00",Pago com sucesso no catão de crédito em 2 parcelas,CRÉDITO,"0,00"
12044,2,2503,03-May-25,26-Jun-25,"2150,00",Carnê aberto,CARNÊ,"350,00"
12045,2,2611,07-May-25,,"700,00",Pago com sucesso em dinheiro,DINHEIRO,"0,00"
12046,2,1645,08-May-25,,"350,00",Pago com sucesso em dinheiro,DINHEIRO,"0,00"
12047,2,2612,09-May-25,,"1100,00",Pago com sucesso no catão de crédito em 6 parcelas,CRÉDITO,"0,00"
12048,2,2408,12-May-25,06-Jun-25,"840,00",Carnê concluído,CARNÊ,"0,00"
12049,2,2613,13-May-25,,"750,00",Pago com sucesso no catão de crédito em 5 parcelas,CRÉDITO,"0,00"
12050,2,2614,13-May-25,,"670,00",Pago com sucesso em dinheiro,DINHEIRO,"0,00"
12051,2,1603,15-May-25,,"1600,00",Pago com sucesso no catão de crédito em 5 parcelas,CRÉDITO,"500,00"
12052,2,2616,16-May-25,,"350,00",Pago com sucesso no catão de crédito em 4 parcelas,CRÉDITO,"0,00"
12053,2,2296,17-May-25,,"1100,00",Pago com sucesso no catão de crédito em 3 parcelas,CRÉDITO,"0,00"
12054,2,420,23-May-25,,"800,00",Pago com sucesso em dinheiro,DINHEIRO,"0,00"
12055,2,2617,23-May-25,,"1340,00",Pago com sucesso no catão de crédito em 6 parcelas,CRÉDITO,"340,00"
12056,2,2593,27-May-25,05-Jun-25,"1700,00",Carnê concluído,CARNÊ,"0,00"
12057,2,1090,27-May-25,,"1750,00",Pago com sucesso no catão de crédito em 6 parcelas,CRÉDITO,"0,00"
12058,2,2618,30-May-25,15-Jun-25,"1000,00",Carnê concluído,CARNÊ,"200,00"
12059,2,1696,03-Jun-25,03-Jul-25,"80,00",Carnê aberto,CARNÊ,"0,00"
12060,2,1518,03-Jun-25,,"3390,00",Pago com sucesso no catão de crédito em 8 parcelas,CRÉDITO,"0,00"
12061,2,2619,02-Jun-25,,"220,00",Pago com sucesso no cartão de débito,DÉBITO,"0,00"
12062,2,2620,06-Jun-25,,"350,00",Pago com sucesso em dinheiro,DINHEIRO,"0,00"
12063,2,2621,06-Jun-25,01-Jul-25,"1200,00",Carnê concluído,CARNÊ,"200,00"
12064,2,654,11-Jun-25,05-Jul-25,"1104,00",Carnê aberto,CARNÊ,"0,00"
12065,2,2622,14-Jun-25,,"400,00",Pago com sucesso no catão de crédito em 3 parcelas,CRÉDITO,"0,00"
12066,2,2623,17-Jun-25,,"500,00",Pago com sucesso no catão de crédito em 3 parcelas,CRÉDITO,"0,00"
12067,2,2624,21-Jun-25,30-Jul-25,"2150,00",Carnê aberto,CARNÊ,"150,00"
12068,2,1699,24-Jun-25,10-Jul-25,"6000,00",Carnê aberto,CARNÊ,"0,00"
12069,2,2625,02-Jul-25,,"550,00",Pago com sucesso em dinheiro,DINHEIRO,"0,00"
12070,2,2626,03-Jul-25,10-Aug-25,"850,00",Carnê concluído,CARNÊ,"100,00"
12071,2,2399,03-Jul-25,10-Aug-25,"1390,00",Carnê concluído,CARNÊ,"100,00"
12072,2,2530,03-Jul-25,,"900,00",Pago com sucesso no catão de crédito em 2 parcelas,CRÉDITO,"0,00"
12073,2,691,09-Jul-25,20-Aug-25,"900,00",Carnê aberto,CARNÊ,"300,00"
12074,2,2627,09-Jul-25,02-Oct-25,"500,00",Carnê aberto,CARNÊ,"200,00"
12075,2,2628,09-Jul-25,,"350,00",Pago com sucesso em dinheiro,DINHEIRO,"0,00"
12076,2,2632,09-Jul-25,,"290,00",Pago com sucesso em dinheiro,DINHEIRO,"0,00"
12077,2,86,10-Jul-25,,"285,00",Pago com sucesso em dinheiro,DINHEIRO,"0,00"
12078,2,2629,14-Jul-25,14-Aug-25,"700,00",Carnê aberto,CARNÊ,"200,00"
12079,2,1255,18-Jul-25,,"1000,00",Pago com sucesso no catão de crédito em 6 parcelas,CRÉDITO,"0,00"
12080,2,1070,18-Jul-25,19-Aug-25,"770,00",Carnê concluído,CARNÊ,"200,00"
12081,2,2631,19-Jul-25,,"450,00",Pago com sucesso em dinheiro,DINHEIRO,"0,00"
12082,2,174,22-Jul-25,,"1100,00",Pago com sucesso em dinheiro,DINHEIRO,"0,00"
12083,2,2633,23-Jul-25,,"900,00",Pago com sucesso no catão de crédito em 6 parcelas,CRÉDITO,"0,00"
12084,2,2634,23-Jul-25,,"950,00",Pago com sucesso no catão de crédito em 7 parcelas,CRÉDITO,"0,00"
12085,2,1179,24-Jul-25,24-Aug-25,"1200,00",Carnê aberto,CARNÊ,"200,00"
12086,2,494,25-Jul-25,25-Aug-25,"7500,00",Carnê aberto,CARNÊ,"500,00"
12087,2,830,29-Jul-25,25-Aug-25,"1800,00",Carnê aberto,CARNÊ,"0,00"
12088,,1505,30-Jul-25,15-Aug-25,"450,00",Carnê concluído,CARNÊ,"0,00"
12089,2,1571,31-Jul-25,12-Aug-25,"1680,00",Carnê aberto,CARNÊ,"0,00"
12090,2,2635,01-Aug-25,,"1400,00",Pago com sucesso em dinheiro,DINHEIRO,"0,00"
12091,2,2636,11-Aug-25,15-Sep-25,"1254,00",Carnê aberto,CARNÊ,"150,00"
12092,2,1112,12-Aug-25,,"600,00",Pago com sucesso em dinheiro,DINHEIRO,"0,00"
12093,2,830,13-Aug-25,25-Sep-25,"600,00",Carnê aberto,CARNÊ,"0,00"
12094,2,86,14-Aug-25,,"350,00",Pago com sucesso em dinheiro,DINHEIRO,"0,00"
12095,2,2637,14-Aug-25,,"900,00",Pago com sucesso em dinheiro,DINHEIRO,"0,00"
12096,2,2638,18-Aug-25,,"3080,00",Pago com sucesso no catão de crédito em 8 parcelas,CRÉDITO,"1000,00"
12097,2,1886,19-Aug-25,30-Sep-25,"2980,00",Carnê aberto,CARNÊ,"980,00"
12098,2,1669,22-Aug-25,30-Sep-25,"1592,00",Carnê aberto,CARNÊ,"500,00"
12099,2,2639,23-Aug-25,,"350,00",Pago com sucesso em dinheiro,DINHEIRO,"0,00"
12100,2,2640,25-Aug-25,,"1050,00",Pago com sucesso no catão de crédito em 2 parcelas,CRÉDITO,"0,00"
12101,2,2641,25-Aug-25,,"150,00",Pago com sucesso em dinheiro,DINHEIRO,"0,00"
12102,2,949,26-Aug-25,26-Sep-25,"720,00",Carnê aberto,CARNÊ,"0,00"
12103,2,1890,27-Aug-25,30-Sep-25,"1200,00",Carnê aberto,CARNÊ,"0,00"
12104,2,2525,28-Aug-25,,"1900,00",Pago com sucesso no catão de crédito em 6 parcelas,CRÉDITO,"0,00"
12105,2,2642,02-Sep-25,,"1700,00",Pago com sucesso em dinheiro,DINHEIRO,"0,00"
12106,2,2644,03-Sep-25,,"3400,00",Pago com sucesso no catão de crédito em 5 parcelas,CRÉDITO,"2000,00"
12107,,2645,04-Sep-25,,"480,00",Pago com sucesso no catão de crédito em 4 parcelas,CRÉDITO,"0,00"
12108,,2370,09-Sep-25,,"240,00",Pago com sucesso no catão de crédito em 1 parcelas,CRÉDITO,"0,00"
12109,2,2009,11-Sep-25,,"1450,00",Pago com sucesso no catão de crédito em 6 parcelas,CRÉDITO,"600,00"
12110,2,1059,12-Sep-25,,"3300,00",Pago com sucesso em dinheiro,DINHEIRO,"0,00"
12111,2,2646,16-Sep-25,,"550,00",Pago com sucesso no catão de crédito em 5 parcelas,CRÉDITO,"0,00"
12112,2,2608,17-Sep-25,,"400,00",Pago com sucesso em dinheiro,DINHEIRO,"0,00"
12113,2,443,18-Sep-25,,"250,00",Pago com sucesso em dinheiro,DINHEIRO,"0,00"
12114,2,1573,19-Sep-25,05-Dec-25,"1500,00",Carnê aberto,CARNÊ,"0,00"
12115,2,86,24-Sep-25,24-Oct-25,"350,00",Carnê aberto,CARNÊ,"0,00"
12116,2,69,25-Sep-25,10-Oct-25,"1400,00",Carnê aberto,CARNÊ,"0,00"
12117,2,1147,25-Sep-25,,"1400,00",Pago com sucesso no catão de crédito em 6 parcelas,CRÉDITO,"0,00"
12118,2,1059,25-Sep-25,,"180,00",Pago com sucesso em dinheiro,DINHEIRO,"0,00"
12119,2,2394,26-Sep-25,05-Oct-25,"1500,00",Carnê aberto,CARNÊ,"0,00"
12120,2,2039,26-Sep-25,05-Nov-25,"2900,00",Carnê aberto,CARNÊ,"0,00"
12121,2,2647,01-Oct-25,,"400,00",Pago com sucesso no catão de crédito em 3 parcelas,CRÉDITO,"0,00"
12122,2,2648,02-Oct-25,,"470,00",Pago com sucesso no catão de crédito em 3 parcelas,CRÉDITO,"0,00"
12123,,1255,04-Oct-25,,"1400,00",Pago com sucesso no catão de crédito em 5 parcelas,CRÉDITO,"400,00"
12124,,657,06-Oct-25,,"1000,00",Pago com sucesso no catão de crédito em 6 parcelas,CRÉDITO,"0,00"
12125,,30,07-Oct-25,,"1000,00",Pago com sucesso no catão de crédito em 5 parcelas,CRÉDITO,"0,00"
12126,,2649,08-Oct-25,,"1450,00",Pago com sucesso no catão de crédito em 6 parcelas,CRÉDITO,"0,00"
12127,2,1654,14-Oct-25,05-Nov-25,"1600,00",Carnê aberto,CARNÊ,"600,00"
12128,2,2650,15-Oct-25,,"750,00",Pago com sucesso em dinheiro,DINHEIRO,"0,00"
12129,2,2651,18-Oct-25,,"2050,00",Pago com sucesso em dinheiro,DINHEIRO,"0,00"
12130,2,727,18-Oct-25,26-Oct-25,"780,00",Carnê aberto,CARNÊ,"0,00"
12131,2,1896,22-Oct-25,05-Nov-25,"2152,00",Carnê aberto,CARNÊ,"0,00"
12132,2,2396,23-Oct-25,23-Nov-25,"2300,00",Carnê aberto,CARNÊ,"0,00"
12133,2,578,23-Oct-25,,"1880,00",Pago com sucesso no catão de crédito em 6 parcelas,CRÉDITO,"280,00"
12134,,1801,23-Oct-25,,"340,00",Pago com sucesso em dinheiro,DINHEIRO,"0,00"
12135,,2473,23-Oct-25,,"150,00",Pago com sucesso no catão de crédito em 1 parcelas,CRÉDITO,"0,00"
12136,,184,29-Oct-25,,"800,00",Pago com sucesso no catão de crédito em 5 parcelas,CRÉDITO,"0,00"
12137,,2652,31-Oct-25,,"50,00",Pago com sucesso em dinheiro,DINHEIRO,"0,00"
12138,,727,04-Nov-25,06-Dec-25,"300,00",Carnê aberto,CARNÊ,"0,00"
12139,,2653,04-Nov-25,,"300,00",Pago com sucesso em dinheiro,DINHEIRO,"0,00"
12140,,2300,06-Nov-25,,"1260,00",Pago com sucesso no catão de crédito em 7 parcelas,CRÉDITO,"0,00"
12141,,2654,11-Nov-25,,"400,00",Pago com sucesso em dinheiro,DINHEIRO,"0,00"
12142,,2655,12-Nov-25,05-Dec-25,"1800,00",Carnê aberto,CARNÊ,"0,00"
12143,2,2121,17-Nov-25,,"580,00",Pago com sucesso em dinheiro,DINHEIRO,"0,00"
12144,2,2382,18-Nov-25,,"1,00",Pago com sucesso em dinheiro,DINHEIRO,"0,00"
12145,2,2656,26-Nov-25,,"300,00",Pago com sucesso em dinheiro,DINHEIRO,"0,00"
12146,2,2657,27-Nov-25,20-Dec-25,"900,00",Carnê aberto,CARNÊ,"0,00"
12147,2,2076,28-Nov-25,,"230,00",Pago com sucesso em dinheiro,DINHEIRO,"0,00"
12148,2,1696,03-Dec-25,23-Jan-26,"1800,00",Carnê aberto,CARNÊ,"400,00"
12149,2,2370,06-Dec-25,,"240,00",Pago com sucesso no catão de crédito em 2 parcelas,CRÉDITO,"0,00"
12150,2,1493,10-Dec-25,10-Jan-26,"300,00",Carnê aberto,CARNÊ,"0,00"
12151,2,2275,16-Dec-25,,"400,00",Pago com sucesso no catão de crédito em 1 parcelas,CRÉDITO,"300,00"
12152,2,2658,18-Dec-25,,"200,00",Pago com sucesso em dinheiro,DINHEIRO,"0,00"
12153,2,2653,18-Dec-25,,"200,00",Pago com sucesso em dinheiro,DINHEIRO,"0,00"
12154,2,2659,22-Dec-25,22-Jan-26,"405,00",Carnê aberto,CARNÊ,"0,00"
12155,2,464,23-Dec-25,,"400,00",Pago com sucesso em dinheiro,DINHEIRO,"0,00"
12156,2,2660,29-Dec-25,,"1200,00",Pago com sucesso no cartão de débito,DÉBITO,"600,00"
12157,2,2661,31-Dec-25,,"700,00",Pago com sucesso em dinheiro,DINHEIRO,"0,00"