carId,carAtendimento,carParcelas,carValorParcela,carVencimento,carNumeroParcela,carParcelaStatus,carDataPagamento
1,10021,6,R$ 160.00,10-Mar-15,1,Pago com sucesso,09-Mar-15
2,10021,6,R$ 160.00,10-Apr-15,2,Pago com atraso,15-May-15
3,10021,6,R$ 160.00,10-May-15,3,Pago com atraso,08-Jun-15
4,10021,6,R$ 160.00,10-Jun-15,4,Pago com atraso,09-Oct-15
5,10021,6,R$ 160.00,10-Jul-15,5,Vencida,
6,10021,6,R$ 160.00,10-Aug-15,6,Vencida,
18,10023,5,R$ 60.00,30-Jan-17,1,Aberta,
19,10023,5,R$ 60.00,28-Feb-17,2,Aberta,
20,10023,5,R$ 60.00,28-Mar-17,3,Aberta,
21,10023,5,R$ 60.00,28-Apr-17,4,Aberta,
22,10023,5,R$ 60.00,28-May-17,5,Aberta,
23,10023,5,R$ 60.00,30-Jan-17,1,Aberta,
24,10023,5,R$ 60.00,28-Feb-17,2,Aberta,
25,10023,5,R$ 60.00,28-Mar-17,3,Aberta,
26,10023,5,R$ 60.00,28-Apr-17,4,Aberta,
27,10023,5,R$ 60.00,28-May-17,5,Aberta,
28,10023,5,R$ 58.00,30-Jan-17,1,Aberta,
29,10023,5,R$ 58.00,28-Feb-17,2,Aberta,
30,10023,5,R$ 58.00,28-Mar-17,3,Aberta,
31,10023,5,R$ 58.00,28-Apr-17,4,Aberta,
32,10023,5,R$ 58.00,28-May-17,5,Aberta,
33,10023,5,R$ 58.00,30-Jan-17,1,Aberta,
34,10023,5,R$ 58.00,28-Feb-17,2,Aberta,
35,10023,5,R$ 58.00,28-Mar-17,3,Aberta,
36,10023,5,R$ 58.00,28-Apr-17,4,Aberta,
37,10023,5,R$ 58.00,28-May-17,5,Aberta,
38,10023,6,R$ 300.00,07-Feb-17,1,Aberta,
39,10023,6,R$ 300.00,07-Mar-17,2,Aberta,
40,10023,6,R$ 300.00,07-Apr-17,3,Aberta,
41,10023,6,R$ 300.00,07-May-17,4,Aberta,
42,10023,6,R$ 300.00,07-Jun-17,5,Aberta,
43,10023,6,R$ 300.00,07-Jul-17,6,Aberta,
44,10024,5,R$ 110.00,23-Sep-16,1,Pago com sucesso,22-Sep-16
45,10024,5,R$ 110.00,23-Oct-16,2,Pago com atraso,01-Nov-16
46,10024,5,R$ 110.00,23-Nov-16,3,Pago com atraso,02-Dec-16
47,10024,5,R$ 110.00,23-Dec-16,4,Pago com atraso,30-Dec-16
48,10024,5,R$ 110.00,23-Jan-17,5,Pago com atraso,24-Jan-17
49,10025,6,R$ 300.00,07-Feb-17,1,Pago com atraso,18-Sep-17
50,10025,6,R$ 300.00,07-Mar-17,2,Pago com atraso,18-Sep-17
51,10025,6,R$ 300.00,07-Apr-17,3,Pago com atraso,18-Sep-17
52,10025,6,R$ 300.00,07-May-17,4,Pago com atraso,15-Jan-18
53,10025,6,R$ 300.00,07-Jun-17,5,Pago com atraso,28-Jun-18
54,10025,6,R$ 300.00,07-Jul-17,6,Pago com atraso,28-Jun-18
55,10026,5,R$ 140.00,12-May-16,1,Pago com atraso,06-Mar-18
56,10026,5,R$ 140.00,12-Jun-16,2,Pago com atraso,06-Mar-18
57,10026,5,R$ 140.00,12-Jul-16,3,Pago com atraso,29-Oct-18
58,10026,5,R$ 140.00,12-Aug-16,4,Pago com atraso,29-Oct-18
59,10026,5,R$ 140.00,12-Sep-16,5,Pago com atraso,29-Oct-18
60,10027,4,R$ 160.00,05-Jul-16,1,Pago com sucesso,05-Jul-16
61,10027,4,R$ 160.00,05-Aug-16,2,Pago com atraso,01-Sep-16
62,10027,4,R$ 160.00,05-Sep-16,3,Pago com atraso,05-Oct-16
63,10027,4,R$ 160.00,05-Oct-16,4,Pago com atraso,06-Jan-18
64,10028,6,R$ 130.00,05-Jun-16,1,Pago com atraso,28-Jun-16
65,10028,6,R$ 130.00,05-Jul-16,2,Pago com atraso,05-Oct-16
66,10028,6,R$ 130.00,05-Aug-16,3,Pago com atraso,03-Mar-17
67,10028,6,R$ 130.00,05-Sep-16,4,Pago com atraso,03-Feb-17
68,10028,6,R$ 130.00,05-Oct-16,5,Pago com atraso,23-May-17
69,10028,6,R$ 130.00,05-Nov-16,6,Pago com atraso,31-May-17
70,10029,6,R$ 75.00,10-Jun-12,1,Vencida,
71,10029,6,R$ 75.00,10-Jul-12,2,Vencida,
72,10029,6,R$ 75.00,10-Aug-12,3,Vencida,
73,10029,6,R$ 75.00,10-Sep-12,4,Vencida,
74,10029,6,R$ 75.00,10-Oct-12,5,Vencida,
75,10029,6,R$ 75.00,10-Nov-12,6,Vencida,
76,10031,5,R$ 160.00,22-Mar-16,1,Pago com sucesso,08-Mar-16
77,10031,5,R$ 160.00,22-Apr-16,2,Pago com atraso,12-May-16
78,10031,5,R$ 160.00,22-May-16,3,Pago com atraso,03-Jun-16
79,10031,5,R$ 160.00,22-Jun-16,4,Pago com atraso,09-Aug-16
80,10031,5,R$ 160.00,22-Jul-16,5,Pago com atraso,05-Mar-17
81,10032,6,R$ 200.00,10-Jan-15,1,Pago com atraso,10-Feb-15
82,10032,6,R$ 200.00,10-Feb-15,2,Pago com atraso,11-Mar-15
83,10032,6,R$ 200.00,10-Mar-15,3,Pago com atraso,11-Mar-15
84,10032,6,R$ 200.00,10-Apr-15,4,Pago com atraso,13-Mar-17
85,10032,6,R$ 200.00,10-May-15,5,Pago com atraso,13-Mar-17
86,10032,6,R$ 200.00,10-Jun-15,6,Pago com atraso,13-Mar-17
99,10034,7,R$ 190.00,10-Sep-14,1,Vencida,
100,10034,7,R$ 190.00,10-Oct-14,2,Vencida,
101,10034,7,R$ 190.00,10-Nov-14,3,Vencida,
102,10034,7,R$ 190.00,10-Dec-14,4,Vencida,
103,10034,7,R$ 190.00,10-Jan-15,5,Vencida,
104,10034,7,R$ 190.00,10-Feb-15,6,Vencida,
105,10034,7,R$ 190.00,10-Mar-15,7,Vencida,
106,10033,6,R$ 100.00,10-Nov-13,1,Pago com sucesso,04-Nov-13
107,10033,6,R$ 100.00,10-Dec-13,2,Pago com atraso,12-Dec-13
108,10033,6,R$ 100.00,10-Jan-14,3,Pago com sucesso,10-Jan-14
109,10033,6,R$ 100.00,10-Feb-14,4,Pago com atraso,17-Feb-14
110,10033,6,R$ 100.00,10-Mar-14,5,Aberta,
111,10033,6,R$ 100.00,10-Apr-14,6,Aberta,
112,10035,1,R$ 366.00,05-Mar-16,1,Vencida,
113,10036,6,R$ 130.00,10-May-16,1,Pago com atraso,23-May-16
114,10036,6,R$ 130.00,10-Jun-16,2,Pago com atraso,10-Oct-16
115,10036,6,R$ 130.00,10-Jul-16,3,Pago com atraso,10-Jan-17
116,10036,6,R$ 130.00,10-Aug-16,4,Pago com atraso,04-Apr-18
117,10036,6,R$ 130.00,10-Sep-16,5,Pago com atraso,04-Apr-18
118,10036,6,R$ 130.00,10-Oct-16,6,Pago com atraso,04-Apr-18
119,10037,4,R$ 170.00,06-Jan-15,1,Pago com atraso,09-Jan-15
120,10037,4,R$ 170.00,06-Feb-15,2,Pago com atraso,06-Mar-15
121,10037,4,R$ 170.00,06-Mar-15,3,Vencida,
122,10037,4,R$ 170.00,06-Apr-15,4,Vencida,
123,10040,2,R$ 65.00,05-Jul-16,1,Pago com sucesso,05-Jul-16
124,10040,2,R$ 65.00,05-Aug-16,2,Pago com sucesso,05-Aug-16
125,10041,3,R$ 250.00,04-Jun-16,1,Pago com atraso,23-Feb-17
126,10041,3,R$ 250.00,04-Jul-16,2,Pago com atraso,22-Feb-17
127,10041,3,R$ 250.00,04-Aug-16,3,Pago com atraso,23-Feb-17
128,10042,2,R$ 136.00,27-Jan-17,1,Pago com atraso,16-Mar-19
129,10042,2,R$ 136.00,27-Feb-17,2,Pago com atraso,16-Mar-19
130,10044,2,R$ 55.00,07-Nov-16,1,Pago com atraso,02-Aug-19
131,10044,2,R$ 55.00,07-Dec-16,2,Pago com atraso,02-Aug-19
132,10046,6,R$ 115.00,05-Jan-17,1,Pago com sucesso,03-Jan-17
133,10046,6,R$ 115.00,05-Feb-17,2,Pago com sucesso,03-Feb-17
134,10046,6,R$ 115.00,05-Mar-17,3,Pago com sucesso,25-Feb-17
135,10046,6,R$ 115.00,05-Apr-17,4,Pago com sucesso,04-Apr-17
136,10046,6,R$ 115.00,05-May-17,5,Pago com sucesso,04-May-17
137,10046,6,R$ 115.00,05-Jun-17,6,Pago com sucesso,03-Jun-17
138,10047,1,R$ 116.00,23-Jan-17,1,Pago com atraso,09-May-17
139,10048,3,R$ 200.00,01-Feb-17,1,Pago com atraso,01-Mar-17
140,10048,3,R$ 200.00,01-Mar-17,2,Pago com sucesso,01-Mar-17
141,10048,3,R$ 200.00,01-Apr-17,3,Pago com sucesso,01-Mar-17
142,10049,6,R$ 100.00,18-Jan-16,1,Pago com sucesso,18-Jan-16
143,10049,6,R$ 100.00,18-Feb-16,2,Pago com atraso,19-Apr-16
144,10049,6,R$ 100.00,18-Mar-16,3,Pago com atraso,19-Apr-16
145,10049,6,R$ 100.00,18-Apr-16,4,Pago com atraso,03-Apr-17
146,10049,6,R$ 100.00,18-May-16,5,Pago com atraso,04-Dec-17
147,10049,6,R$ 100.00,18-Jun-16,6,Pago com atraso,21-Feb-18
148,10050,1,R$ 200.00,17-Apr-16,1,Pago com atraso,24-Mar-17
149,10051,3,R$ 200.00,12-Aug-16,1,Pago com atraso,28-Jul-17
150,10051,3,R$ 200.00,12-Sep-16,2,Pago com atraso,31-Jul-18
151,10051,3,R$ 200.00,12-Oct-16,3,Pago com atraso,14-Nov-19
152,10052,2,R$ 170.00,15-Feb-17,1,Pago com atraso,27-Mar-17
153,10052,2,R$ 170.00,15-Mar-17,2,Pago com atraso,27-Mar-17
156,10057,1,R$ 160.00,31-Jan-17,1,Pago com atraso,02-Feb-17
157,10060,6,R$ 150.00,28-Feb-17,1,Pago com atraso,14-Jun-17
158,10060,6,R$ 150.00,28-Mar-17,2,Pago com atraso,14-Jun-17
159,10060,6,R$ 150.00,28-Apr-17,3,Pago com atraso,27-Jul-18
160,10060,6,R$ 150.00,28-May-17,4,Pago com atraso,27-Jul-18
161,10060,6,R$ 150.00,28-Jun-17,5,Pago com atraso,27-Jul-18
162,10060,6,R$ 150.00,28-Jul-17,6,Pago com atraso,27-Jul-18
163,10059,3,R$ 400.00,15-Feb-17,1,Aberta,
164,10059,3,R$ 400.00,15-Mar-17,2,Aberta,
165,10059,3,R$ 400.00,15-Apr-17,3,Aberta,
166,10061,3,R$ 300.00,15-Feb-17,1,Pago com sucesso,15-Feb-17
167,10061,3,R$ 300.00,15-Mar-17,2,Pago com atraso,16-Mar-17
168,10061,3,R$ 300.00,15-Apr-17,3,Pago com atraso,17-Apr-17
169,10062,4,R$ 120.00,25-Feb-17,1,Pago com atraso,10-Jul-17
170,10062,4,R$ 120.00,25-Mar-17,2,Pago com atraso,07-Feb-18
171,10062,4,R$ 120.00,25-Apr-17,3,Pago com atraso,07-Feb-18
172,10062,4,R$ 120.00,25-May-17,4,Vencida,
173,10063,2,R$ 160.00,01-Feb-17,1,Pago com sucesso,01-Feb-17
174,10063,2,R$ 160.00,01-Mar-17,2,Pago com atraso,11-Mar-17
175,10064,6,R$ 130.00,02-Feb-17,1,Pago com sucesso,02-Feb-17
176,10064,6,R$ 130.00,02-Mar-17,2,Pago com sucesso,02-Feb-17
177,10064,6,R$ 130.00,02-Apr-17,3,Pago com atraso,04-Apr-17
178,10064,6,R$ 130.00,02-May-17,4,Pago com atraso,08-Jun-17
179,10064,6,R$ 130.00,02-Jun-17,5,Pago com atraso,08-Jun-17
180,10064,6,R$ 130.00,02-Jul-17,6,Pago com atraso,05-Jul-17
186,10066,5,R$ 96.00,06-Feb-17,1,Pago com atraso,07-Feb-17
187,10066,5,R$ 96.00,06-Mar-17,2,Pago com atraso,07-Mar-17
188,10066,5,R$ 96.00,06-Apr-17,3,Pago com sucesso,05-Apr-17
189,10066,5,R$ 96.00,06-May-17,4,Pago com sucesso,04-May-17
190,10066,5,R$ 96.00,06-Jun-17,5,Pago com sucesso,06-Jun-17
191,10067,4,R$ 87.50,02-Mar-17,1,Aberta,
192,10067,4,R$ 87.50,02-Apr-17,2,Aberta,
193,10067,4,R$ 87.50,02-May-17,3,Aberta,
194,10067,4,R$ 87.50,02-Jun-17,4,Aberta,
195,10065,5,R$ 220.00,03-Mar-17,1,Aberta,
196,10065,5,R$ 220.00,03-Apr-17,2,Aberta,
197,10065,5,R$ 220.00,03-May-17,3,Aberta,
198,10065,5,R$ 220.00,03-Jun-17,4,Aberta,
199,10065,5,R$ 220.00,03-Jul-17,5,Aberta,
200,10073,5,R$ 220.00,03-Mar-17,1,Pago com atraso,04-Mar-17
201,10073,5,R$ 220.00,03-Apr-17,2,Pago com atraso,06-Apr-17
202,10073,5,R$ 220.00,03-May-17,3,Pago com atraso,06-May-17
203,10073,5,R$ 220.00,03-Jun-17,4,Pago com atraso,07-Jun-17
204,10073,5,R$ 220.00,03-Jul-17,5,Pago com atraso,11-Jul-17
205,10074,4,R$ 256.00,20-Nov-16,1,Pago com atraso,21-Nov-16
206,10074,4,R$ 256.00,20-Dec-16,2,Pago com sucesso,19-Dec-16
207,10074,4,R$ 256.00,20-Jan-17,3,Pago com sucesso,18-Jan-17
208,10074,4,R$ 256.00,20-Feb-17,4,Pago com sucesso,13-Feb-17
209,10075,2,R$ 250.00,11-Mar-17,1,Pago com atraso,07-Jul-17
210,10075,2,R$ 250.00,11-Apr-17,2,Vencida,
211,10076,4,R$ 140.00,15-Mar-17,1,Pago com sucesso,15-Mar-17
212,10076,4,R$ 140.00,15-Apr-17,2,Pago com atraso,25-May-17
213,10076,4,R$ 140.00,15-May-17,3,Pago com atraso,14-Sep-17
214,10076,4,R$ 140.00,15-Jun-17,4,Pago com atraso,21-Oct-17
215,10085,4,R$ 100.00,01-Mar-17,1,Pago com sucesso,01-Mar-17
216,10085,4,R$ 100.00,01-Apr-17,2,Pago com atraso,04-Apr-17
217,10085,4,R$ 100.00,01-May-17,3,Pago com atraso,02-May-17
218,10085,4,R$ 100.00,01-Jun-17,4,Pago com atraso,05-Jun-17
231,10090,6,R$ 150.00,05-Jan-17,1,Pago com atraso,06-Jan-17
232,10090,6,R$ 150.00,05-Feb-17,2,Pago com atraso,08-Feb-17
233,10090,6,R$ 150.00,05-Mar-17,3,Pago com atraso,08-Mar-17
234,10090,6,R$ 150.00,05-Apr-17,4,Pago com atraso,15-May-17
235,10090,6,R$ 150.00,05-May-17,5,Pago com atraso,15-May-17
236,10090,6,R$ 150.00,05-Jun-17,6,Pago com atraso,22-Jun-17
241,10091,2,R$ 120.00,05-Mar-17,1,Pago com atraso,21-Aug-17
242,10091,2,R$ 120.00,05-Apr-17,2,Pago com atraso,21-Aug-17
243,10092,4,R$ 100.00,10-Dec-16,1,Pago com sucesso,09-Dec-16
244,10092,4,R$ 100.00,10-Jan-17,2,Pago com sucesso,10-Jan-17
245,10092,4,R$ 100.00,10-Feb-17,3,Pago com atraso,16-Feb-17
246,10092,4,R$ 100.00,10-Mar-17,4,Pago com sucesso,09-Mar-17
247,10094,1,R$ 265.00,26-Jan-16,1,Pago com atraso,10-Jul-17
248,10095,1,R$ 300.00,06-Jan-16,1,Pago com atraso,12-Jan-17
249,10096,2,R$ 185.00,02-Apr-17,1,Pago com atraso,11-Apr-17
250,10096,2,R$ 185.00,02-May-17,2,Aberta,
251,10097,2,R$ 150.00,30-Dec-15,1,Pago com atraso,30-Apr-21
252,10097,2,R$ 150.00,30-Jan-16,2,Vencida,
253,10098,1,R$ 150.00,25-Jun-13,1,Aberta,
254,10099,4,R$ 140.00,08-Feb-17,1,Pago com atraso,08-Mar-17
255,10099,4,R$ 140.00,08-Mar-17,2,Pago com atraso,10-Apr-17
256,10099,4,R$ 140.00,08-Apr-17,3,Pago com atraso,08-May-17
257,10099,4,R$ 140.00,08-May-17,4,Pago com atraso,08-Jul-17
258,10100,6,R$ 280.00,25-Jan-17,1,Pago com atraso,31-May-17
259,10100,6,R$ 280.00,25-Feb-17,2,Pago com atraso,31-May-17
260,10100,6,R$ 280.00,25-Mar-17,3,Pago com atraso,27-Jun-17
261,10100,6,R$ 280.00,25-Apr-17,4,Pago com atraso,01-Mar-18
262,10100,6,R$ 280.00,25-May-17,5,Pago com atraso,02-Apr-18
263,10100,6,R$ 280.00,25-Jun-17,6,Pago com atraso,07-Jun-18
264,10101,5,R$ 100.00,10-Feb-16,1,Pago com atraso,05-May-17
265,10101,5,R$ 100.00,10-Mar-16,2,Pago com atraso,31-Jul-17
266,10101,5,R$ 100.00,10-Apr-16,3,Pago com atraso,27-Dec-17
267,10101,5,R$ 100.00,10-May-16,4,Vencida,
268,10101,5,R$ 100.00,10-Jun-16,5,Vencida,
269,10102,3,R$ 100.00,21-Dec-16,1,Pago com sucesso,21-Dec-16
270,10102,3,R$ 100.00,21-Jan-17,2,Pago com atraso,26-Jan-17
271,10102,3,R$ 100.00,21-Feb-17,3,Pago com sucesso,11-Feb-17
272,10103,6,R$ 165.00,05-Oct-16,1,Pago com sucesso,04-Oct-16
273,10103,6,R$ 165.00,05-Nov-16,2,Pago com sucesso,01-Nov-16
274,10103,6,R$ 165.00,05-Dec-16,3,Pago com sucesso,01-Dec-16
275,10103,6,R$ 165.00,05-Jan-17,4,Pago com sucesso,27-Dec-16
276,10103,6,R$ 165.00,05-Feb-17,5,Pago com sucesso,03-Feb-17
277,10103,6,R$ 165.00,05-Mar-17,6,Pago com atraso,27-Mar-17
278,10104,1,R$ 200.00,24-Feb-17,1,Pago com atraso,06-Mar-17
279,10105,5,R$ 120.00,26-Feb-14,1,Pago com atraso,27-Feb-14
280,10105,5,R$ 120.00,26-Mar-14,2,Pago com sucesso,26-Mar-14
281,10105,5,R$ 120.00,26-Apr-14,3,Pago com atraso,02-May-14
282,10105,5,R$ 120.00,26-May-14,4,Pago com atraso,08-Oct-14
283,10105,5,R$ 120.00,26-Jun-14,5,Aberta,
284,10106,5,R$ 145.00,20-May-16,1,Pago com sucesso,20-May-16
285,10106,5,R$ 145.00,20-Jun-16,2,Pago com sucesso,20-Jun-16
286,10106,5,R$ 145.00,20-Jul-16,3,Pago com atraso,25-Jul-16
287,10106,5,R$ 145.00,20-Aug-16,4,Pago com atraso,30-Sep-16
288,10106,5,R$ 145.00,20-Sep-16,5,Pago com atraso,04-Jun-18
289,10107,6,R$ 280.00,28-Dec-14,1,Pago com atraso,14-Jan-15
290,10107,6,R$ 280.00,28-Jan-15,2,Pago com atraso,24-Feb-15
291,10107,6,R$ 280.00,28-Feb-15,3,Pago com atraso,09-Apr-15
292,10107,6,R$ 280.00,28-Mar-15,4,Pago com atraso,20-May-15
293,10107,6,R$ 280.00,28-Apr-15,5,Aberta,
294,10107,6,R$ 280.00,28-May-15,6,Aberta,
295,10108,1,R$ 500.00,15-Jul-15,1,Pago com atraso,07-Oct-20
296,10109,2,R$ 340.00,05-Nov-16,1,Vencida,
297,10109,2,R$ 340.00,05-Dec-16,2,Vencida,
298,10110,6,R$ 200.00,30-Dec-16,1,Pago com atraso,03-Jan-17
299,10110,6,R$ 200.00,30-Jan-17,2,Pago com atraso,02-Feb-17
300,10110,6,R$ 200.00,28-Feb-17,3,Pago com atraso,03-Mar-17
301,10110,6,R$ 200.00,28-Mar-17,4,Aberta,
302,10110,6,R$ 200.00,28-Apr-17,5,Aberta,
303,10110,6,R$ 200.00,28-May-17,6,Aberta,
304,10111,6,R$ 100.00,28-Feb-17,1,Aberta,
305,10111,6,R$ 100.00,28-Mar-17,2,Aberta,
306,10111,6,R$ 100.00,28-Apr-17,3,Aberta,
307,10111,6,R$ 100.00,28-May-17,4,Aberta,
308,10111,6,R$ 100.00,28-Jun-17,5,Aberta,
309,10111,6,R$ 100.00,28-Jul-17,6,Aberta,
310,10112,4,R$ 233.75,22-May-14,1,Vencida,
311,10112,4,R$ 233.75,22-Jun-14,2,Vencida,
312,10112,4,R$ 233.75,22-Jul-14,3,Vencida,
313,10112,4,R$ 233.75,22-Aug-14,4,Vencida,
314,10113,6,R$ 120.00,07-Jan-17,1,Pago com atraso,10-Jan-17
315,10113,6,R$ 120.00,07-Feb-17,2,Pago com sucesso,30-Jan-17
316,10113,6,R$ 120.00,07-Mar-17,3,Pago com sucesso,07-Mar-17
317,10113,6,R$ 120.00,07-Apr-17,4,Pago com sucesso,30-Mar-17
318,10113,6,R$ 120.00,07-May-17,5,Pago com sucesso,05-May-17
319,10113,6,R$ 120.00,07-Jun-17,6,Pago com sucesso,07-Jun-17
320,10114,3,R$ 140.00,10-Jun-16,1,Pago com atraso,06-Dec-16
321,10114,3,R$ 140.00,10-Jul-16,2,Pago com atraso,05-May-17
322,10114,3,R$ 140.00,10-Aug-16,3,Pago com atraso,06-Jul-17
323,10115,6,R$ 100.00,10-Sep-15,1,Pago com sucesso,09-Sep-15
324,10115,6,R$ 100.00,10-Oct-15,2,Pago com sucesso,08-Oct-15
325,10115,6,R$ 100.00,10-Nov-15,3,Pago com sucesso,09-Nov-15
326,10115,6,R$ 100.00,10-Dec-15,4,Pago com sucesso,07-Dec-15
327,10115,6,R$ 100.00,10-Jan-16,5,Pago com atraso,14-Jan-16
328,10115,6,R$ 100.00,10-Feb-16,6,Pago com atraso,20-Feb-16
332,10118,5,R$ 140.00,21-Apr-15,1,Pago com atraso,20-Dec-18
333,10118,5,R$ 140.00,21-May-15,2,Pago com atraso,20-Dec-18
334,10118,5,R$ 140.00,21-Jun-15,3,Pago com atraso,21-Aug-19
335,10118,5,R$ 140.00,21-Jul-15,4,Vencida,
336,10118,5,R$ 140.00,21-Aug-15,5,Vencida,
343,10119,6,R$ 135.00,30-Mar-17,1,Pago com atraso,01-Apr-17
344,10119,6,R$ 135.00,30-Apr-17,2,Pago com atraso,04-May-17
345,10119,6,R$ 135.00,30-May-17,3,Pago com atraso,02-Jun-17
346,10119,6,R$ 135.00,30-Jun-17,4,Pago com sucesso,30-Jun-17
347,10119,6,R$ 135.00,30-Jul-17,5,Pago com atraso,04-Aug-17
348,10119,6,R$ 135.00,30-Aug-17,6,Pago com atraso,06-Sep-17
349,10122,3,R$ 115.00,08-Apr-17,1,Pago com atraso,12-Jul-17
350,10122,3,R$ 115.00,08-May-17,2,Pago com atraso,21-Sep-17
351,10122,3,R$ 115.00,08-Jun-17,3,Pago com atraso,18-Apr-18
352,10123,5,R$ 100.00,02-Apr-17,1,Pago com atraso,19-Oct-17
353,10123,5,R$ 100.00,02-May-17,2,Pago com atraso,19-Oct-17
354,10123,5,R$ 100.00,02-Jun-17,3,Pago com atraso,19-Oct-17
355,10123,5,R$ 100.00,02-Jul-17,4,Pago com atraso,09-Apr-18
356,10123,5,R$ 100.00,02-Aug-17,5,Pago com atraso,09-Apr-18
357,10125,5,R$ 237.00,20-Apr-17,1,Pago com sucesso,20-Apr-17
358,10125,5,R$ 237.00,20-May-17,2,Pago com atraso,24-May-17
359,10125,5,R$ 237.00,20-Jun-17,3,Pago com atraso,10-Jul-17
360,10125,5,R$ 237.00,20-Jul-17,4,Pago com atraso,03-Jan-18
361,10125,5,R$ 237.00,20-Aug-17,5,Pago com atraso,22-Jan-18
362,10126,4,R$ 195.00,10-Apr-17,1,Pago com sucesso,04-Apr-17
363,10126,4,R$ 195.00,10-May-17,2,Pago com sucesso,03-May-17
364,10126,4,R$ 195.00,10-Jun-17,3,Pago com sucesso,02-Jun-17
365,10126,4,R$ 195.00,10-Jul-17,4,Pago com sucesso,06-Jul-17
366,10127,2,R$ 220.00,19-Aug-16,1,Pago com atraso,05-Oct-16
367,10127,2,R$ 220.00,19-Sep-16,2,Pago com atraso,17-Jun-17
368,10128,5,R$ 130.00,25-Nov-16,1,Pago com sucesso,24-Nov-16
369,10128,5,R$ 130.00,25-Dec-16,2,Pago com sucesso,22-Dec-16
370,10128,5,R$ 130.00,25-Jan-17,3,Pago com atraso,27-Jan-17
371,10128,5,R$ 130.00,25-Feb-17,4,Pago com sucesso,23-Feb-17
372,10128,5,R$ 130.00,25-Mar-17,5,Pago com atraso,28-Mar-17
373,10129,5,R$ 115.00,05-Jun-16,1,Pago com atraso,07-Jun-16
374,10129,5,R$ 115.00,05-Jul-16,2,Pago com atraso,06-Jul-16
375,10129,5,R$ 115.00,05-Aug-16,3,Pago com atraso,12-Aug-16
376,10129,5,R$ 115.00,05-Sep-16,4,Pago com atraso,13-Sep-16
377,10129,5,R$ 115.00,05-Oct-16,5,Pago com atraso,06-Feb-18
378,10130,5,R$ 385.00,30-Sep-16,1,Pago com atraso,04-Oct-16
379,10130,5,R$ 385.00,30-Oct-16,2,Pago com atraso,01-Nov-16
380,10130,5,R$ 385.00,30-Nov-16,3,Pago com atraso,09-Dec-16
381,10130,5,R$ 385.00,30-Dec-16,4,Pago com atraso,02-Mar-17
382,10130,5,R$ 385.00,30-Jan-17,5,Pago com atraso,28-Mar-17
383,10131,2,R$ 140.00,15-Mar-17,1,Aberta,
384,10131,2,R$ 140.00,15-Apr-17,2,Aberta,
385,10132,5,R$ 170.00,10-Apr-17,1,Pago com atraso,17-Apr-17
386,10132,5,R$ 170.00,10-May-17,2,Pago com atraso,14-Jun-17
387,10132,5,R$ 170.00,10-Jun-17,3,Pago com atraso,20-Sep-17
388,10132,5,R$ 170.00,10-Jul-17,4,Pago com atraso,08-Jan-18
389,10132,5,R$ 170.00,10-Aug-17,5,Pago com atraso,08-Jun-18
393,10134,3,R$ 100.00,18-Apr-17,1,Pago com sucesso,12-Apr-17
394,10134,3,R$ 100.00,18-May-17,2,Pago com sucesso,18-May-17
395,10134,3,R$ 100.00,18-Jun-17,3,Pago com atraso,04-Sep-17
396,10136,6,R$ 220.00,16-Apr-15,1,Pago com sucesso,16-Apr-15
397,10136,6,R$ 220.00,16-May-15,2,Pago com sucesso,13-May-15
398,10136,6,R$ 220.00,16-Jun-15,3,Pago com atraso,17-Jun-15
399,10136,6,R$ 220.00,16-Jul-15,4,Pago com sucesso,15-Jul-15
400,10136,6,R$ 220.00,16-Aug-15,5,Pago com atraso,13-Mar-17
401,10136,6,R$ 220.00,16-Sep-15,6,Pago com atraso,13-Mar-17
402,10137,10,R$ 170.00,05-Nov-16,1,Pago com atraso,17-Apr-18
403,10137,10,R$ 170.00,05-Dec-16,2,Pago com atraso,28-May-18
404,10137,10,R$ 170.00,05-Jan-17,3,Pago com atraso,09-Jun-18
405,10137,10,R$ 170.00,05-Feb-17,4,Vencida,
406,10137,10,R$ 170.00,05-Mar-17,5,Vencida,
407,10137,10,R$ 170.00,05-Apr-17,6,Vencida,
408,10137,10,R$ 170.00,05-May-17,7,Vencida,
409,10137,10,R$ 170.00,05-Jun-17,8,Vencida,
410,10137,10,R$ 170.00,05-Jul-17,9,Vencida,
411,10137,10,R$ 170.00,05-Aug-17,10,Vencida,
412,10138,5,R$ 150.00,09-Jan-16,1,Pago com sucesso,09-Jan-16
413,10138,5,R$ 150.00,09-Feb-16,2,Aberta,
414,10138,5,R$ 150.00,09-Mar-16,3,Aberta,
415,10138,5,R$ 150.00,09-Apr-16,4,Aberta,
416,10138,5,R$ 150.00,09-May-16,5,Aberta,
417,10139,7,R$ 145.00,05-Dec-16,1,Pago com sucesso,03-Dec-16
418,10139,7,R$ 145.00,05-Jan-17,2,Pago com sucesso,30-Dec-16
419,10139,7,R$ 145.00,05-Feb-17,3,Pago com sucesso,01-Feb-17
420,10139,7,R$ 145.00,05-Mar-17,4,Pago com sucesso,22-Feb-17
421,10139,7,R$ 145.00,05-Apr-17,5,Pago com sucesso,04-Apr-17
422,10139,7,R$ 145.00,05-May-17,6,Pago com sucesso,03-May-17
423,10139,7,R$ 145.00,05-Jun-17,7,Pago com sucesso,01-Jun-17
424,10140,2,R$ 137.50,12-Jan-13,1,Aberta,
425,10140,2,R$ 137.50,12-Feb-13,2,Aberta,
426,10141,2,R$ 140.00,14-Dec-16,1,Pago com sucesso,14-Dec-16
427,10141,2,R$ 140.00,14-Jan-17,2,Pago com atraso,17-Jan-17
428,10142,5,R$ 150.00,24-Dec-16,1,Pago com atraso,27-Dec-16
429,10142,5,R$ 150.00,24-Jan-17,2,Pago com atraso,03-Feb-17
430,10142,5,R$ 150.00,24-Feb-17,3,Pago com atraso,09-Mar-17
431,10142,5,R$ 150.00,24-Mar-17,4,Pago com atraso,10-Jul-17
432,10142,5,R$ 150.00,24-Apr-17,5,Pago com atraso,10-Jul-17
433,10143,3,R$ 150.00,04-Mar-16,1,Pago com atraso,10-May-19
434,10143,3,R$ 150.00,04-Apr-16,2,Pago com atraso,10-May-19
435,10143,3,R$ 150.00,04-May-16,3,Pago com atraso,10-May-19
436,10144,5,R$ 100.00,20-Sep-16,1,Pago com sucesso,27-Aug-16
437,10144,5,R$ 100.00,20-Oct-16,2,Pago com atraso,03-Nov-16
438,10144,5,R$ 100.00,20-Nov-16,3,Pago com atraso,29-Dec-16
439,10144,5,R$ 100.00,20-Dec-16,4,Pago com atraso,14-Sep-17
440,10144,5,R$ 100.00,20-Jan-17,5,Pago com atraso,16-Oct-18
441,10145,5,R$ 100.00,10-May-12,1,Pago com atraso,08-Jun-12
442,10145,5,R$ 100.00,10-Jun-12,2,Pago com atraso,03-Aug-12
443,10145,5,R$ 100.00,10-Jul-12,3,Pago com atraso,05-Sep-13
444,10145,5,R$ 100.00,10-Aug-12,4,Aberta,
445,10145,5,R$ 100.00,10-Sep-12,5,Aberta,
446,10146,6,R$ 150.00,10-Jan-17,1,Pago com atraso,13-Jan-17
447,10146,6,R$ 150.00,10-Feb-17,2,Pago com atraso,09-Mar-17
448,10146,6,R$ 150.00,10-Mar-17,3,Pago com atraso,07-Apr-17
449,10146,6,R$ 150.00,10-Apr-17,4,Pago com atraso,08-May-17
450,10146,6,R$ 150.00,10-May-17,5,Pago com atraso,07-Jun-17
451,10146,6,R$ 150.00,10-Jun-17,6,Pago com atraso,07-Jul-17
452,10147,3,R$ 150.00,30-Sep-16,1,Pago com sucesso,13-Oct-13
453,10147,3,R$ 150.00,30-Oct-16,2,Pago com sucesso,13-Oct-16
454,10147,3,R$ 150.00,30-Nov-16,3,Pago com sucesso,13-Oct-16
455,10148,1,R$ 340.00,06-May-10,1,Aberta,
456,10149,6,R$ 110.00,07-Sep-12,1,Pago com atraso,14-Sep-12
457,10149,6,R$ 110.00,07-Oct-12,2,Pago com atraso,10-Oct-12
458,10149,6,R$ 110.00,07-Nov-12,3,Aberta,
459,10149,6,R$ 110.00,07-Dec-12,4,Aberta,
460,10149,6,R$ 110.00,07-Jan-13,5,Aberta,
461,10149,6,R$ 110.00,07-Feb-13,6,Aberta,
462,10150,6,R$ 200.00,30-Jan-14,1,Aberta,
463,10150,6,R$ 200.00,28-Feb-14,2,Aberta,
464,10150,6,R$ 200.00,28-Mar-14,3,Aberta,
465,10150,6,R$ 200.00,28-Apr-14,4,Aberta,
466,10150,6,R$ 200.00,28-May-14,5,Aberta,
467,10150,6,R$ 200.00,28-Jun-14,6,Aberta,
468,10151,6,R$ 250.00,10-Sep-13,1,Pago com atraso,11-Sep-13
469,10151,6,R$ 250.00,10-Oct-13,2,Pago com atraso,10-Dec-13
470,10151,6,R$ 250.00,10-Nov-13,3,Aberta,
471,10151,6,R$ 250.00,10-Dec-13,4,Aberta,
472,10151,6,R$ 250.00,10-Jan-14,5,Aberta,
473,10151,6,R$ 250.00,10-Feb-14,6,Aberta,
474,10152,4,R$ 110.00,05-Apr-17,1,Pago com sucesso,04-Apr-17
475,10152,4,R$ 110.00,05-May-17,2,Pago com atraso,08-May-17
476,10152,4,R$ 110.00,05-Jun-17,3,Pago com atraso,09-Jun-17
477,10152,4,R$ 110.00,05-Jul-17,4,Pago com sucesso,03-Jul-17
478,10153,4,R$ 130.00,06-Apr-17,1,Pago com sucesso,06-Apr-17
479,10153,4,R$ 130.00,06-May-17,2,Pago com atraso,09-May-17
480,10153,4,R$ 130.00,06-Jun-17,3,Pago com atraso,07-Jun-17
481,10153,4,R$ 130.00,06-Jul-17,4,Pago com atraso,14-Aug-17
482,10155,5,R$ 140.00,20-Apr-17,1,Pago com sucesso,18-Apr-17
483,10155,5,R$ 140.00,20-May-17,2,Pago com sucesso,15-May-17
484,10155,5,R$ 140.00,20-Jun-17,3,Pago com atraso,28-Jun-17
485,10155,5,R$ 140.00,20-Jul-17,4,Pago com atraso,07-Aug-17
486,10155,5,R$ 140.00,20-Aug-17,5,Pago com atraso,28-Aug-17
492,10158,5,R$ 150.00,05-Apr-17,1,Pago com atraso,09-May-17
493,10158,5,R$ 150.00,05-May-17,2,Pago com atraso,06-Jul-17
494,10158,5,R$ 150.00,05-Jun-17,3,Pago com atraso,06-Jul-17
495,10158,5,R$ 150.00,05-Jul-17,4,Pago com atraso,21-Dec-17
496,10158,5,R$ 150.00,05-Aug-17,5,Pago com atraso,01-Mar-18
497,10160,3,R$ 400.00,20-Apr-17,1,Pago com sucesso,20-Apr-17
498,10160,3,R$ 400.00,20-May-17,2,Pago com sucesso,20-Apr-17
499,10160,3,R$ 400.00,20-Jun-17,3,Pago com sucesso,20-May-17
500,10161,5,R$ 152.00,09-May-17,1,Pago com sucesso,09-May-17
501,10161,5,R$ 152.00,09-Jun-17,2,Pago com sucesso,09-Jun-17
502,10161,5,R$ 152.00,09-Jul-17,3,Pago com atraso,07-Aug-17
503,10161,5,R$ 152.00,09-Aug-17,4,Pago com atraso,05-Oct-17
504,10161,5,R$ 152.00,09-Sep-17,5,Pago com atraso,06-Feb-18
505,10162,5,R$ 110.00,23-Apr-17,1,Pago com atraso,24-Apr-17
506,10162,5,R$ 110.00,23-May-17,2,Pago com sucesso,22-May-17
507,10162,5,R$ 110.00,23-Jun-17,3,Pago com sucesso,21-Jun-17
508,10162,5,R$ 110.00,23-Jul-17,4,Pago com sucesso,21-Jul-17
509,10162,5,R$ 110.00,23-Aug-17,5,Pago com sucesso,22-Aug-17
510,10163,5,R$ 135.00,02-May-17,1,Pago com atraso,08-Nov-18
511,10163,5,R$ 135.00,02-Jun-17,2,Pago com atraso,02-Apr-19
512,10163,5,R$ 135.00,02-Jul-17,3,Aberta,
513,10163,5,R$ 135.00,02-Aug-17,4,Aberta,
514,10163,5,R$ 135.00,02-Sep-17,5,Aberta,
515,10164,2,R$ 200.00,30-Apr-17,1,Pago com atraso,04-May-17
516,10164,2,R$ 200.00,30-May-17,2,Pago com atraso,09-Jun-17
517,10165,6,R$ 215.00,17-Apr-17,1,Pago com atraso,19-Apr-17
518,10165,6,R$ 215.00,17-May-17,2,Pago com sucesso,17-May-17
519,10165,6,R$ 215.00,17-Jun-17,3,Pago com atraso,31-Jul-17
520,10165,6,R$ 215.00,17-Jul-17,4,Pago com atraso,14-Dec-18
521,10165,6,R$ 215.00,17-Aug-17,5,Pago com atraso,08-May-19
522,10165,6,R$ 215.00,17-Sep-17,6,Pago com atraso,08-May-19
528,10166,5,R$ 130.00,15-May-17,1,Pago com sucesso,04-May-17
529,10166,5,R$ 130.00,15-Jun-17,2,Pago com sucesso,31-May-17
530,10166,5,R$ 130.00,15-Jul-17,3,Pago com sucesso,06-Jun-17
531,10166,5,R$ 130.00,15-Aug-17,4,Pago com sucesso,08-Jun-17
532,10166,5,R$ 130.00,15-Sep-17,5,Pago com sucesso,04-Jul-17
533,10157,1,R$ 150.00,22-Apr-17,1,Pago com atraso,21-Jun-18
534,10167,1,R$ 250.00,05-Nov-14,1,Pago com atraso,09-Jul-18
535,10168,4,R$ 135.00,20-Oct-15,1,Pago com sucesso,20-Oct-15
536,10168,4,R$ 135.00,20-Nov-15,2,Pago com sucesso,19-Nov-15
537,10168,4,R$ 135.00,20-Dec-15,3,Pago com atraso,08-Jan-16
538,10168,4,R$ 135.00,20-Jan-16,4,Pago com atraso,01-Feb-16
539,10174,1,R$ 150.00,08-May-17,1,Pago com sucesso,03-May-17
540,10175,1,R$ 232.00,15-May-17,1,Pago com atraso,12-Jun-17
541,10170,5,R$ 140.00,02-May-17,1,Pago com atraso,03-May-17
542,10170,5,R$ 140.00,02-Jun-17,2,Pago com sucesso,01-Jun-17
543,10170,5,R$ 140.00,02-Jul-17,3,Pago com atraso,03-Jul-17
544,10170,5,R$ 140.00,02-Aug-17,4,Pago com sucesso,02-Aug-17
545,10170,5,R$ 140.00,02-Sep-17,5,Pago com sucesso,01-Sep-17
546,10180,6,R$ 300.00,10-May-17,1,Pago com atraso,12-May-17
547,10180,6,R$ 300.00,10-Jun-17,2,Pago com atraso,12-Jun-17
548,10180,6,R$ 300.00,10-Jul-17,3,Pago com atraso,12-Jul-17
549,10180,6,R$ 300.00,10-Aug-17,4,Pago com atraso,16-Aug-17
550,10180,6,R$ 300.00,10-Sep-17,5,Pago com atraso,14-Sep-17
551,10180,6,R$ 300.00,10-Oct-17,6,Pago com atraso,12-Oct-17
552,10182,4,R$ 130.00,05-May-17,1,Pago com atraso,07-Jun-17
553,10182,4,R$ 130.00,05-Jun-17,2,Pago com atraso,22-Jul-17
554,10182,4,R$ 130.00,05-Jul-17,3,Pago com atraso,22-Jul-17
555,10182,4,R$ 130.00,05-Aug-17,4,Pago com atraso,01-Sep-17
556,10188,3,R$ 33.33,17-May-17,1,Vencida,
557,10188,3,R$ 33.33,17-Jun-17,2,Aberta,
558,10188,3,R$ 33.33,17-Jul-17,3,Aberta,
559,10187,6,R$ 160.00,07-May-17,1,Pago com atraso,16-May-17
560,10187,6,R$ 160.00,07-Jun-17,2,Pago com atraso,13-Jun-17
561,10187,6,R$ 160.00,07-Jul-17,3,Pago com sucesso,06-Jul-17
562,10187,6,R$ 160.00,07-Aug-17,4,Pago com atraso,08-Aug-17
563,10187,6,R$ 160.00,07-Sep-17,5,Pago com atraso,02-Oct-17
564,10187,6,R$ 160.00,07-Oct-17,6,Pago com atraso,27-Oct-17
565,10188,4,R$ 120.00,15-May-17,1,Vencida,
566,10188,4,R$ 120.00,15-Jun-17,2,Aberta,
567,10188,4,R$ 120.00,15-Jul-17,3,Aberta,
568,10188,4,R$ 120.00,15-Aug-17,4,Aberta,
569,10189,5,R$ 160.00,10-May-17,1,Pago com atraso,17-May-17
570,10189,5,R$ 160.00,10-Jun-17,2,Pago com atraso,14-Jun-17
571,10189,5,R$ 160.00,10-Jul-17,3,Pago com atraso,12-Jul-17
572,10189,5,R$ 160.00,10-Aug-17,4,Pago com atraso,16-Aug-17
573,10189,5,R$ 160.00,10-Sep-17,5,Pago com atraso,20-Oct-17
574,10184,6,R$ 115.00,08-May-17,1,Pago com sucesso,08-May-17
575,10184,6,R$ 115.00,08-Jun-17,2,Pago com atraso,13-Jul-17
576,10184,6,R$ 115.00,08-Jul-17,3,Pago com atraso,20-Sep-17
577,10184,6,R$ 115.00,08-Aug-17,4,Pago com atraso,09-Nov-17
578,10184,6,R$ 115.00,08-Sep-17,5,Pago com atraso,09-Nov-17
579,10184,6,R$ 115.00,08-Oct-17,6,Pago com atraso,09-Nov-17
580,10190,6,R$ 190.00,23-May-17,1,Pago com sucesso,22-May-17
581,10190,6,R$ 190.00,23-Jun-17,2,Pago com sucesso,21-Jun-17
582,10190,6,R$ 190.00,23-Jul-17,3,Pago com sucesso,21-Jul-17
583,10190,6,R$ 190.00,23-Aug-17,4,Pago com sucesso,22-Aug-17
584,10190,6,R$ 190.00,23-Sep-17,5,Pago com sucesso,21-Sep-17
585,10190,6,R$ 190.00,23-Oct-17,6,Pago com atraso,24-Oct-17
586,10199,2,R$ 100.00,17-Jun-17,1,Pago com sucesso,26-May-17
587,10199,2,R$ 100.00,17-Jul-17,2,Pago com sucesso,22-Jun-17
588,10200,6,R$ 150.00,05-Jun-17,1,Pago com atraso,01-Jul-17
589,10200,6,R$ 150.00,05-Jul-17,2,Pago com atraso,18-Sep-17
590,10200,6,R$ 150.00,05-Aug-17,3,Pago com atraso,19-Oct-17
591,10200,6,R$ 150.00,05-Sep-17,4,Pago com atraso,19-Dec-17
592,10200,6,R$ 150.00,05-Oct-17,5,Pago com atraso,06-Feb-18
593,10200,6,R$ 150.00,05-Nov-17,6,Pago com atraso,08-Mar-18
594,10201,6,R$ 160.00,02-Jul-17,1,Pago com atraso,28-Jul-17
595,10201,6,R$ 160.00,02-Aug-17,2,Pago com sucesso,01-Aug-17
596,10201,6,R$ 160.00,02-Sep-17,3,Pago com sucesso,28-Aug-17
597,10201,6,R$ 160.00,02-Oct-17,4,Pago com atraso,07-Oct-17
598,10201,6,R$ 160.00,02-Nov-17,5,Pago com atraso,07-Nov-17
599,10201,6,R$ 160.00,02-Dec-17,6,Pago com atraso,30-Dec-17
600,10202,1,R$ 290.00,10-Jun-17,1,Pago com atraso,12-Jun-17
601,10205,4,R$ 110.00,26-Jun-17,1,Pago com atraso,27-Jun-17
602,10205,4,R$ 110.00,26-Jul-17,2,Pago com sucesso,26-Jul-17
603,10205,4,R$ 110.00,26-Aug-17,3,Pago com atraso,29-Aug-17
604,10205,4,R$ 110.00,26-Sep-17,4,Pago com atraso,02-Oct-17
605,10208,6,R$ 100.00,30-Jun-17,1,Pago com atraso,04-Jul-17
606,10208,6,R$ 100.00,30-Jul-17,2,Pago com atraso,02-Aug-17
607,10208,6,R$ 100.00,30-Aug-17,3,Pago com atraso,05-Sep-17
608,10208,6,R$ 100.00,30-Sep-17,4,Pago com atraso,05-Oct-17
609,10208,6,R$ 100.00,30-Oct-17,5,Pago com atraso,09-Nov-17
610,10208,6,R$ 100.00,30-Nov-17,6,Pago com atraso,15-Dec-17
611,10211,3,R$ 250.00,04-Jul-17,1,Pago com sucesso,03-Jul-17
612,10211,3,R$ 250.00,04-Aug-17,2,Pago com sucesso,01-Aug-17
613,10211,3,R$ 250.00,04-Sep-17,3,Pago com sucesso,30-Aug-17
614,10210,1,R$ 50.00,05-May-17,1,Pago com atraso,08-Jul-17
615,10221,4,R$ 120.00,17-May-17,1,Pago com atraso,10-Jul-17
616,10221,4,R$ 120.00,17-Jun-17,2,Pago com atraso,03-Nov-17
617,10221,4,R$ 120.00,17-Jul-17,3,Pago com atraso,23-Jan-18
618,10221,4,R$ 120.00,17-Aug-17,4,Pago com atraso,21-Aug-18
619,10222,6,R$ 155.00,27-Jun-17,1,Pago com atraso,28-Jun-17
620,10222,6,R$ 155.00,27-Jul-17,2,Pago com atraso,01-Aug-17
621,10222,6,R$ 155.00,27-Aug-17,3,Pago com atraso,28-Aug-17
622,10222,6,R$ 155.00,27-Sep-17,4,Pago com sucesso,27-Sep-17
623,10222,6,R$ 155.00,27-Oct-17,5,Pago com atraso,31-Oct-17
624,10222,6,R$ 155.00,27-Nov-17,6,Pago com atraso,28-Nov-17
625,10223,6,R$ 155.00,10-Jul-17,1,Pago com sucesso,06-Jul-17
626,10223,6,R$ 155.00,10-Aug-17,2,Pago com sucesso,04-Aug-17
627,10223,6,R$ 155.00,10-Sep-17,3,Pago com sucesso,06-Sep-17
628,10223,6,R$ 155.00,10-Oct-17,4,Pago com sucesso,05-Oct-17
629,10223,6,R$ 155.00,10-Nov-17,5,Pago com sucesso,07-Nov-17
630,10223,6,R$ 155.00,10-Dec-17,6,Pago com sucesso,06-Dec-17
636,10213,3,R$ 110.00,05-Jul-17,1,Pago com sucesso,28-Jun-17
637,10213,3,R$ 110.00,05-Aug-17,2,Pago com sucesso,04-Aug-17
638,10213,3,R$ 110.00,05-Sep-17,3,Pago com sucesso,29-Aug-17
639,10230,5,R$ 134.00,22-Jul-17,1,Pago com atraso,27-Jul-17
640,10230,5,R$ 134.00,22-Aug-17,2,Pago com sucesso,18-Aug-17
641,10230,5,R$ 134.00,22-Sep-17,3,Pago com atraso,26-Sep-17
642,10230,5,R$ 134.00,22-Oct-17,4,Pago com atraso,25-Oct-17
643,10230,5,R$ 134.00,22-Nov-17,5,Pago com atraso,29-Nov-17
644,10231,6,R$ 150.00,15-Jul-17,1,Pago com sucesso,05-Jul-17
645,10231,6,R$ 150.00,15-Aug-17,2,Pago com sucesso,08-Aug-17
646,10231,6,R$ 150.00,15-Sep-17,3,Pago com sucesso,11-Sep-17
647,10231,6,R$ 150.00,15-Oct-17,4,Pago com sucesso,03-Oct-17
648,10231,6,R$ 150.00,15-Nov-17,5,Pago com sucesso,13-Nov-17
649,10231,6,R$ 150.00,15-Dec-17,6,Pago com sucesso,11-Dec-17
656,10233,6,R$ 100.00,24-Feb-17,1,Pago com sucesso,24-Feb-17
657,10233,6,R$ 100.00,24-Mar-17,2,Pago com sucesso,24-Feb-17
658,10233,6,R$ 100.00,24-Apr-17,3,Pago com atraso,26-Apr-17
659,10233,6,R$ 100.00,24-May-17,4,Pago com atraso,27-Jun-17
660,10233,6,R$ 100.00,24-Jun-17,5,Pago com atraso,05-Sep-17
661,10233,6,R$ 100.00,24-Jul-17,6,Pago com atraso,05-Sep-17
662,10234,4,R$ 287.50,07-Aug-17,1,Pago com atraso,14-Aug-17
663,10234,4,R$ 287.50,07-Sep-17,2,Pago com sucesso,14-Aug-17
664,10234,4,R$ 287.50,07-Oct-17,3,Pago com sucesso,14-Aug-17
665,10234,4,R$ 287.50,07-Nov-17,4,Pago com sucesso,14-Aug-17
666,10240,5,R$ 125.00,08-Aug-17,1,Pago com sucesso,01-Aug-17
667,10240,5,R$ 125.00,08-Sep-17,2,Pago com sucesso,01-Sep-17
668,10240,5,R$ 125.00,08-Oct-17,3,Pago com atraso,24-Oct-17
669,10240,5,R$ 125.00,08-Nov-17,4,Pago com atraso,20-Nov-17
670,10240,5,R$ 125.00,08-Dec-17,5,Pago com atraso,21-Dec-17
671,10241,5,R$ 160.00,10-Aug-17,1,Pago com atraso,11-Aug-17
672,10241,5,R$ 160.00,10-Sep-17,2,Pago com sucesso,01-Sep-17
673,10241,5,R$ 160.00,10-Oct-17,3,Pago com atraso,24-Oct-17
674,10241,5,R$ 160.00,10-Nov-17,4,Pago com atraso,20-Nov-17
675,10241,5,R$ 160.00,10-Dec-17,5,Pago com atraso,21-Dec-17
676,10242,4,R$ 135.00,08-Aug-17,1,Pago com atraso,09-Aug-17
677,10242,4,R$ 135.00,08-Sep-17,2,Pago com sucesso,06-Sep-17
678,10242,4,R$ 135.00,08-Oct-17,3,Pago com atraso,09-Oct-17
679,10242,4,R$ 135.00,08-Nov-17,4,Pago com sucesso,06-Nov-17
680,10236,5,R$ 290.00,06-Aug-17,1,Pago com sucesso,04-Aug-17
681,10236,5,R$ 290.00,06-Sep-17,2,Pago com sucesso,05-Sep-17
682,10236,5,R$ 290.00,06-Oct-17,3,Pago com sucesso,05-Oct-17
683,10236,5,R$ 290.00,06-Nov-17,4,Pago com sucesso,06-Nov-17
684,10236,5,R$ 290.00,06-Dec-17,5,Pago com sucesso,05-Dec-17
685,10245,6,R$ 110.00,25-Jul-17,1,Pago com atraso,10-Aug-17
686,10245,6,R$ 110.00,25-Aug-17,2,Pago com atraso,12-Sep-17
687,10245,6,R$ 110.00,25-Sep-17,3,Pago com atraso,11-Oct-17
688,10245,6,R$ 110.00,25-Oct-17,4,Pago com atraso,09-Nov-17
689,10245,6,R$ 110.00,25-Nov-17,5,Pago com atraso,15-Jan-18
690,10245,6,R$ 110.00,25-Dec-17,6,Pago com sucesso,14-Dec-17
691,10248,4,R$ 132.50,13-Jul-17,1,Pago com atraso,04-Aug-17
692,10248,4,R$ 132.50,13-Aug-17,2,Pago com atraso,09-Sep-17
693,10248,4,R$ 132.50,13-Sep-17,3,Pago com atraso,10-Oct-17
694,10248,4,R$ 132.50,13-Oct-17,4,Pago com atraso,09-Nov-17
695,10249,6,R$ 430.00,28-Jul-17,1,Pago com atraso,23-Aug-17
696,10249,6,R$ 430.00,28-Aug-17,2,Pago com atraso,29-Nov-17
697,10249,6,R$ 430.00,28-Sep-17,3,Pago com atraso,27-Feb-18
698,10249,6,R$ 430.00,28-Oct-17,4,Pago com atraso,13-Apr-18
699,10249,6,R$ 430.00,28-Nov-17,5,Pago com atraso,20-Jul-18
700,10249,6,R$ 430.00,28-Dec-17,6,Pago com atraso,21-Nov-18
701,10237,2,R$ 100.00,18-Jul-17,1,Pago com atraso,04-Aug-17
702,10237,2,R$ 100.00,18-Aug-17,2,Pago com atraso,27-Feb-18
703,10235,4,R$ 120.00,05-Aug-17,1,Pago com sucesso,01-Aug-17
704,10235,4,R$ 120.00,05-Sep-17,2,Pago com atraso,06-Sep-17
705,10235,4,R$ 120.00,05-Oct-17,3,Pago com atraso,10-Nov-17
706,10235,4,R$ 120.00,05-Nov-17,4,Pago com atraso,10-Nov-17
707,10243,2,R$ 150.00,10-Aug-17,1,Pago com atraso,28-Aug-17
708,10243,2,R$ 150.00,10-Sep-17,2,Pago com atraso,16-Oct-17
709,10244,5,R$ 280.00,11-Aug-17,1,Pago com atraso,12-Aug-17
710,10244,5,R$ 280.00,11-Sep-17,2,Pago com sucesso,11-Sep-17
711,10244,5,R$ 280.00,11-Oct-17,3,Pago com sucesso,09-Oct-17
712,10244,5,R$ 280.00,11-Nov-17,4,Pago com sucesso,07-Nov-17
713,10244,5,R$ 280.00,11-Dec-17,5,Pago com sucesso,07-Dec-17
714,10250,6,R$ 130.00,05-Jul-17,1,Pago com atraso,14-Jul-17
715,10250,6,R$ 130.00,05-Aug-17,2,Pago com atraso,16-Aug-17
716,10250,6,R$ 130.00,05-Sep-17,3,Pago com atraso,15-Sep-17
717,10250,6,R$ 130.00,05-Oct-17,4,Pago com atraso,16-Oct-17
718,10250,6,R$ 130.00,05-Nov-17,5,Aberta,
719,10250,6,R$ 130.00,05-Dec-17,6,Aberta,
720,10252,6,R$ 170.00,18-Aug-17,1,Pago com atraso,11-Sep-17
721,10252,6,R$ 170.00,18-Sep-17,2,Pago com sucesso,11-Sep-17
722,10252,6,R$ 170.00,18-Oct-17,3,Pago com sucesso,11-Sep-17
723,10252,6,R$ 170.00,18-Nov-17,4,Pago com atraso,18-Dec-17
724,10252,6,R$ 170.00,18-Dec-17,5,Pago com atraso,25-Jan-18
725,10252,6,R$ 170.00,18-Jan-18,6,Pago com atraso,06-Mar-18
726,10254,6,R$ 100.00,25-Aug-17,1,Pago com atraso,12-Sep-17
727,10254,6,R$ 100.00,25-Sep-17,2,Pago com sucesso,21-Sep-17
728,10254,6,R$ 100.00,25-Oct-17,3,Pago com sucesso,25-Oct-17
729,10254,6,R$ 100.00,25-Nov-17,4,Pago com sucesso,17-Nov-17
730,10254,6,R$ 100.00,25-Dec-17,5,Pago com sucesso,19-Dec-17
731,10254,6,R$ 100.00,25-Jan-18,6,Pago com sucesso,24-Jan-18
732,10214,5,R$ 185.00,15-Jul-17,1,Pago com atraso,14-Aug-17
733,10214,5,R$ 185.00,15-Aug-17,2,Pago com atraso,21-Aug-17
734,10214,5,R$ 185.00,15-Sep-17,3,Pago com sucesso,15-Sep-17
735,10214,5,R$ 185.00,15-Oct-17,4,Pago com atraso,10-Jan-19
736,10214,5,R$ 185.00,15-Nov-17,5,Aberta,
737,10259,5,R$ 120.00,07-Sep-17,1,Pago com atraso,15-Sep-17
738,10259,5,R$ 120.00,07-Oct-17,2,Pago com atraso,27-Oct-17
739,10259,5,R$ 120.00,07-Nov-17,3,Pago com sucesso,27-Oct-17
740,10259,5,R$ 120.00,07-Dec-17,4,Pago com sucesso,10-Nov-17
741,10259,5,R$ 120.00,07-Jan-18,5,Pago com sucesso,30-Dec-17
742,10263,1,R$ 150.00,10-Sep-17,1,Pago com atraso,15-Sep-17
743,10264,7,R$ 165.00,15-Sep-17,1,Pago com sucesso,15-Sep-17
744,10264,7,R$ 165.00,15-Oct-17,2,Pago com atraso,19-Oct-17
745,10264,7,R$ 165.00,15-Nov-17,3,Pago com atraso,15-Dec-17
746,10264,7,R$ 165.00,15-Dec-17,4,Pago com atraso,25-Jan-18
747,10264,7,R$ 165.00,15-Jan-18,5,Pago com atraso,16-Feb-18
748,10264,7,R$ 165.00,15-Feb-18,6,Pago com atraso,12-Apr-18
749,10264,7,R$ 165.00,15-Mar-18,7,Pago com atraso,07-Jun-18
750,10265,7,R$ 132.00,05-Sep-17,1,Pago com sucesso,05-Sep-17
751,10265,7,R$ 132.00,05-Oct-17,2,Pago com atraso,06-Oct-17
752,10265,7,R$ 132.00,05-Nov-17,3,Pago com sucesso,04-Nov-17
753,10265,7,R$ 132.00,05-Dec-17,4,Pago com atraso,07-Dec-17
754,10265,7,R$ 132.00,05-Jan-18,5,Pago com sucesso,29-Dec-17
755,10265,7,R$ 132.00,05-Feb-18,6,Pago com sucesso,03-Feb-18
756,10265,7,R$ 132.00,05-Mar-18,7,Pago com sucesso,03-Mar-18
757,10270,5,R$ 238.00,30-Aug-17,1,Pago com sucesso,29-Aug-17
758,10270,5,R$ 238.00,30-Sep-17,2,Pago com sucesso,27-Sep-17
759,10270,5,R$ 238.00,30-Oct-17,3,Pago com sucesso,27-Oct-17
760,10270,5,R$ 238.00,30-Nov-17,4,Pago com sucesso,28-Nov-17
761,10270,5,R$ 238.00,30-Dec-17,5,Pago com sucesso,27-Dec-17
762,10273,5,R$ 185.00,16-Sep-17,1,Pago com sucesso,17-Aug-17
763,10273,5,R$ 185.00,16-Oct-17,2,Pago com sucesso,16-Oct-17
764,10273,5,R$ 185.00,16-Nov-17,3,Pago com atraso,13-Jul-18
765,10273,5,R$ 185.00,16-Dec-17,4,Pago com atraso,13-Jul-18
766,10273,5,R$ 185.00,16-Jan-18,5,Pago com atraso,13-Jul-18
767,10274,6,R$ 200.00,25-Aug-17,1,Pago com atraso,21-Sep-17
768,10274,6,R$ 200.00,25-Sep-17,2,Pago com atraso,24-Oct-17
769,10274,6,R$ 200.00,25-Oct-17,3,Pago com atraso,21-Nov-17
770,10274,6,R$ 200.00,25-Nov-17,4,Pago com atraso,25-Dec-17
771,10274,6,R$ 200.00,25-Dec-17,5,Pago com atraso,23-Jan-18
772,10274,6,R$ 200.00,25-Jan-18,6,Pago com atraso,21-Feb-18
773,10276,4,R$ 180.00,10-Sep-17,1,Pago com sucesso,01-Sep-17
774,10276,4,R$ 180.00,10-Oct-17,2,Pago com sucesso,06-Oct-17
775,10276,4,R$ 180.00,10-Nov-17,3,Pago com sucesso,06-Nov-17
776,10276,4,R$ 180.00,10-Dec-17,4,Pago com sucesso,05-Dec-17
777,10261,6,R$ 150.00,07-Sep-17,1,Pago com atraso,09-Nov-17
778,10261,6,R$ 150.00,07-Oct-17,2,Pago com atraso,20-Dec-17
779,10261,6,R$ 150.00,07-Nov-17,3,Pago com atraso,07-Feb-18
780,10261,6,R$ 150.00,07-Dec-17,4,Pago com atraso,05-Mar-18
781,10261,6,R$ 150.00,07-Jan-18,5,Pago com atraso,04-Apr-18
782,10261,6,R$ 150.00,07-Feb-18,6,Pago com atraso,09-May-18
783,10280,5,R$ 194.00,15-Sep-17,1,Pago com sucesso,15-Sep-17
784,10280,5,R$ 194.00,15-Oct-17,2,Pago com atraso,16-Oct-17
785,10280,5,R$ 194.00,15-Nov-17,3,Pago com atraso,16-Nov-17
786,10280,5,R$ 194.00,15-Dec-17,4,Pago com sucesso,15-Dec-17
787,10280,5,R$ 194.00,15-Jan-18,5,Pago com sucesso,15-Jan-18
788,10281,5,R$ 100.00,02-Sep-17,1,Pago com atraso,04-Sep-17
789,10281,5,R$ 100.00,02-Oct-17,2,Pago com atraso,26-Oct-17
790,10281,5,R$ 100.00,02-Nov-17,3,Pago com atraso,27-Jan-18
791,10281,5,R$ 100.00,02-Dec-17,4,Pago com atraso,30-Jun-18
792,10281,5,R$ 100.00,02-Jan-18,5,Pago com atraso,15-Oct-18
799,10284,6,R$ 135.00,20-Sep-17,1,Pago com atraso,22-Sep-17
800,10284,6,R$ 135.00,20-Oct-17,2,Pago com sucesso,20-Oct-17
801,10284,6,R$ 135.00,20-Nov-17,3,Pago com atraso,22-Nov-17
802,10284,6,R$ 135.00,20-Dec-17,4,Pago com atraso,03-Jan-18
803,10284,6,R$ 135.00,20-Jan-18,5,Pago com atraso,09-Feb-18
804,10284,6,R$ 135.00,20-Feb-18,6,Pago com atraso,12-Mar-18
805,10285,4,R$ 100.00,01-Oct-17,1,Pago com atraso,11-Oct-17
806,10285,4,R$ 100.00,01-Nov-17,2,Pago com atraso,07-Nov-17
807,10285,4,R$ 100.00,01-Dec-17,3,Pago com atraso,06-Dec-17
808,10285,4,R$ 100.00,01-Jan-18,4,Pago com atraso,08-Jan-18
809,10288,7,R$ 135.00,05-Oct-17,1,Pago com sucesso,02-Oct-17
810,10288,7,R$ 135.00,05-Nov-17,2,Pago com atraso,06-Nov-17
811,10288,7,R$ 135.00,05-Dec-17,3,Pago com atraso,07-Dec-17
812,10288,7,R$ 135.00,05-Jan-18,4,Pago com sucesso,02-Jan-18
813,10288,7,R$ 135.00,05-Feb-18,5,Pago com atraso,23-Feb-18
814,10288,7,R$ 135.00,05-Mar-18,6,Pago com atraso,24-Mar-18
815,10288,7,R$ 135.00,05-Apr-18,7,Pago com atraso,30-Apr-18
816,10291,5,R$ 110.00,05-Oct-17,1,Pago com sucesso,05-Oct-17
817,10291,5,R$ 110.00,05-Nov-17,2,Pago com atraso,06-Dec-17
818,10291,5,R$ 110.00,05-Dec-17,3,Pago com atraso,05-Jul-18
819,10291,5,R$ 110.00,05-Jan-18,4,Pago com atraso,05-Jul-18
820,10291,5,R$ 110.00,05-Feb-18,5,Aberta,
821,10292,6,R$ 140.00,05-Oct-17,1,Pago com atraso,03-Nov-17
822,10292,6,R$ 140.00,05-Nov-17,2,Pago com atraso,04-Dec-17
823,10292,6,R$ 140.00,05-Dec-17,3,Pago com atraso,04-Jan-18
824,10292,6,R$ 140.00,05-Jan-18,4,Pago com atraso,03-Mar-18
825,10292,6,R$ 140.00,05-Feb-18,5,Pago com atraso,04-Apr-18
826,10292,6,R$ 140.00,05-Mar-18,6,Pago com atraso,01-Jun-18
827,10294,5,R$ 135.00,26-Sep-17,1,Pago com sucesso,26-Sep-17
828,10294,5,R$ 135.00,26-Oct-17,2,Pago com atraso,04-Nov-17
829,10294,5,R$ 135.00,26-Nov-17,3,Pago com atraso,28-Nov-17
830,10294,5,R$ 135.00,26-Dec-17,4,Pago com sucesso,23-Dec-17
831,10294,5,R$ 135.00,26-Jan-18,5,Pago com sucesso,25-Jan-18
832,10298,1,R$ 160.00,07-Oct-17,1,Pago com sucesso,07-Oct-17
833,10299,3,R$ 130.00,05-Oct-17,1,Pago com atraso,27-Oct-17
834,10299,3,R$ 130.00,05-Nov-17,2,Pago com sucesso,27-Oct-17
835,10299,3,R$ 130.00,05-Dec-17,3,Pago com atraso,02-Aug-18
836,10306,5,R$ 140.00,10-Oct-17,1,Pago com sucesso,09-Oct-17
837,10306,5,R$ 140.00,10-Nov-17,2,Pago com atraso,13-Nov-17
838,10306,5,R$ 140.00,10-Dec-17,3,Pago com atraso,18-Dec-17
839,10306,5,R$ 140.00,10-Jan-18,4,Pago com atraso,16-Jan-18
840,10306,5,R$ 140.00,10-Feb-18,5,Pago com sucesso,05-Feb-18
841,10305,2,R$ 200.00,25-Oct-17,1,Pago com sucesso,25-Oct-17
842,10305,2,R$ 200.00,25-Nov-17,2,Pago com atraso,14-Dec-17
843,10311,6,R$ 165.00,05-Nov-17,1,Pago com atraso,07-Nov-17
844,10311,6,R$ 165.00,05-Dec-17,2,Pago com sucesso,05-Dec-17
845,10311,6,R$ 165.00,05-Jan-18,3,Pago com atraso,01-Mar-18
846,10311,6,R$ 165.00,05-Feb-18,4,Pago com atraso,01-Mar-18
847,10311,6,R$ 165.00,05-Mar-18,5,Pago com sucesso,01-Mar-18
848,10311,6,R$ 165.00,05-Apr-18,6,Pago com atraso,30-Apr-18
849,10312,4,R$ 150.00,10-Nov-17,1,Pago com atraso,14-Nov-17
850,10312,4,R$ 150.00,10-Dec-17,2,Pago com atraso,13-Dec-17
851,10312,4,R$ 150.00,10-Jan-18,3,Pago com atraso,16-Jan-18
852,10312,4,R$ 150.00,10-Feb-18,4,Pago com atraso,07-Mar-18
853,10315,4,R$ 95.00,06-Nov-17,1,Pago com atraso,07-Nov-17
854,10315,4,R$ 95.00,06-Dec-17,2,Pago com sucesso,06-Dec-17
855,10315,4,R$ 95.00,06-Jan-18,3,Pago com atraso,08-Jan-18
856,10315,4,R$ 95.00,06-Feb-18,4,Pago com atraso,08-Feb-18
857,10313,5,R$ 150.00,10-Nov-17,1,Pago com sucesso,10-Nov-17
858,10313,5,R$ 150.00,10-Dec-17,2,Pago com atraso,13-Dec-17
859,10313,5,R$ 150.00,10-Jan-18,3,Pago com sucesso,10-Jan-18
860,10313,5,R$ 150.00,10-Feb-18,4,Pago com atraso,16-Feb-18
861,10313,5,R$ 150.00,10-Mar-18,5,Pago com atraso,06-Apr-18
862,10316,4,R$ 100.00,10-Nov-17,1,Pago com sucesso,10-Nov-17
863,10316,4,R$ 100.00,10-Dec-17,2,Pago com atraso,29-Dec-17
864,10316,4,R$ 100.00,10-Jan-18,3,Pago com atraso,19-Jan-18
865,10316,4,R$ 100.00,10-Feb-18,4,Pago com atraso,20-Feb-18
866,10317,5,R$ 135.00,16-Nov-17,1,Pago com atraso,17-Nov-17
867,10317,5,R$ 135.00,16-Dec-17,2,Pago com sucesso,15-Dec-17
868,10317,5,R$ 135.00,16-Jan-18,3,Pago com atraso,17-Jan-18
869,10317,5,R$ 135.00,16-Feb-18,4,Pago com atraso,20-Feb-18
870,10317,5,R$ 135.00,16-Mar-18,5,Pago com atraso,21-Mar-18
871,10318,5,R$ 130.00,17-Oct-17,1,Aberta,
872,10318,5,R$ 130.00,17-Nov-17,2,Aberta,
873,10318,5,R$ 130.00,17-Dec-17,3,Aberta,
874,10318,5,R$ 130.00,17-Jan-18,4,Aberta,
875,10318,5,R$ 130.00,17-Feb-18,5,Aberta,
876,10319,6,R$ 135.00,17-Nov-17,1,Pago com atraso,04-Dec-17
877,10319,6,R$ 135.00,17-Dec-17,2,Pago com atraso,11-Jan-18
878,10319,6,R$ 135.00,17-Jan-18,3,Pago com atraso,26-Feb-18
879,10319,6,R$ 135.00,17-Feb-18,4,Pago com atraso,26-Mar-18
880,10319,6,R$ 135.00,17-Mar-18,5,Pago com atraso,15-May-18
881,10319,6,R$ 135.00,17-Apr-18,6,Vencida,
882,10323,1,R$ 175.00,20-Nov-17,1,Pago com atraso,04-Sep-19
883,10321,5,R$ 170.00,17-Nov-17,1,Pago com sucesso,11-Nov-17
884,10321,5,R$ 170.00,17-Dec-17,2,Pago com sucesso,12-Dec-17
885,10321,5,R$ 170.00,17-Jan-18,3,Pago com sucesso,17-Jan-18
886,10321,5,R$ 170.00,17-Feb-18,4,Pago com sucesso,17-Feb-18
887,10321,5,R$ 170.00,17-Mar-18,5,Pago com sucesso,17-Mar-18
888,10325,1,R$ 240.00,10-Nov-17,1,Pago com sucesso,10-Nov-17
889,10326,2,R$ 100.00,05-Nov-17,1,Pago com atraso,27-Nov-17
890,10326,2,R$ 100.00,05-Dec-17,2,Pago com atraso,08-Jan-18
891,10327,4,R$ 97.50,10-Nov-17,1,Pago com sucesso,09-Nov-17
892,10327,4,R$ 97.50,10-Dec-17,2,Pago com atraso,11-Dec-17
893,10327,4,R$ 97.50,10-Jan-18,3,Pago com sucesso,10-Jan-18
894,10327,4,R$ 97.50,10-Feb-18,4,Pago com atraso,15-Feb-18
895,10328,5,R$ 180.00,10-Nov-17,1,Pago com sucesso,09-Nov-17
896,10328,5,R$ 180.00,10-Dec-17,2,Pago com sucesso,07-Dec-17
897,10328,5,R$ 180.00,10-Jan-18,3,Pago com sucesso,28-Dec-17
898,10328,5,R$ 180.00,10-Feb-18,4,Pago com sucesso,06-Feb-18
899,10328,5,R$ 180.00,10-Mar-18,5,Pago com sucesso,01-Mar-18
900,10331,5,R$ 110.00,10-Dec-17,1,Pago com atraso,12-Dec-17
901,10331,5,R$ 110.00,10-Jan-18,2,Pago com atraso,15-Jan-18
902,10331,5,R$ 110.00,10-Feb-18,3,Pago com atraso,14-Feb-18
903,10331,5,R$ 110.00,10-Mar-18,4,Pago com atraso,12-Mar-18
904,10331,5,R$ 110.00,10-Apr-18,5,Pago com sucesso,22-Mar-18
905,10333,5,R$ 150.00,07-Dec-17,1,Pago com sucesso,04-Dec-17
906,10333,5,R$ 150.00,07-Jan-18,2,Pago com sucesso,06-Jan-18
907,10333,5,R$ 150.00,07-Feb-18,3,Pago com sucesso,07-Feb-18
908,10333,5,R$ 150.00,07-Mar-18,4,Pago com atraso,02-Apr-18
909,10333,5,R$ 150.00,07-Apr-18,5,Pago com sucesso,03-Mar-18
910,10337,2,R$ 250.00,30-Nov-17,1,Pago com sucesso,30-Nov-17
911,10337,2,R$ 250.00,30-Dec-17,2,Pago com sucesso,29-Dec-17
912,10339,5,R$ 65.00,05-Dec-17,1,Pago com atraso,07-Dec-17
913,10339,5,R$ 65.00,05-Jan-18,2,Pago com sucesso,02-Jan-18
914,10339,5,R$ 65.00,05-Feb-18,3,Pago com atraso,23-Feb-18
915,10339,5,R$ 65.00,05-Mar-18,4,Pago com atraso,24-Mar-18
916,10339,5,R$ 65.00,05-Apr-18,5,Pago com atraso,30-Apr-18
917,10334,3,R$ 155.00,20-Dec-17,1,Pago com sucesso,19-Dec-17
918,10334,3,R$ 155.00,20-Jan-18,2,Pago com sucesso,18-Jan-18
919,10334,3,R$ 155.00,20-Feb-18,3,Pago com sucesso,15-Feb-18
920,10340,6,R$ 200.00,10-Dec-17,1,Pago com atraso,13-Dec-17
921,10340,6,R$ 200.00,10-Jan-18,2,Pago com atraso,24-Jan-18
922,10340,6,R$ 200.00,10-Feb-18,3,Pago com atraso,17-Feb-18
923,10340,6,R$ 200.00,10-Mar-18,4,Pago com atraso,13-Mar-18
924,10340,6,R$ 200.00,10-Apr-18,5,Pago com sucesso,10-Apr-18
925,10340,6,R$ 200.00,10-May-18,6,Pago com sucesso,04-May-18
926,10343,2,R$ 75.00,05-Dec-17,1,Pago com atraso,01-Jan-18
927,10343,2,R$ 75.00,05-Jan-18,2,Pago com sucesso,02-Jan-18
928,10344,3,R$ 170.00,10-Dec-17,1,Pago com atraso,12-Jan-18
929,10344,3,R$ 170.00,10-Jan-18,2,Pago com atraso,08-Mar-18
930,10344,3,R$ 170.00,10-Feb-18,3,Pago com atraso,04-Jul-18
931,10345,5,R$ 180.00,10-Dec-17,1,Pago com atraso,30-Dec-17
932,10345,5,R$ 180.00,10-Jan-18,2,Pago com atraso,09-Feb-18
933,10345,5,R$ 180.00,10-Feb-18,3,Pago com atraso,20-Apr-18
934,10345,5,R$ 180.00,10-Mar-18,4,Pago com atraso,23-Jun-18
935,10345,5,R$ 180.00,10-Apr-18,5,Pago com atraso,15-Aug-18
936,10347,1,R$ 200.00,05-Dec-17,1,Pago com atraso,06-Dec-17
937,10346,4,R$ 100.00,29-Dec-17,1,Pago com atraso,09-Jan-18
938,10346,4,R$ 100.00,29-Jan-18,2,Pago com sucesso,09-Jan-18
939,10346,4,R$ 100.00,28-Feb-18,3,Aberta,
940,10346,4,R$ 100.00,28-Mar-18,4,Aberta,
941,10358,3,R$ 225.00,11-Jan-18,1,Pago com atraso,21-Mar-18
942,10358,3,R$ 225.00,11-Feb-18,2,Pago com atraso,01-Aug-18
943,10358,3,R$ 225.00,11-Mar-18,3,Pago com atraso,09-Nov-18
944,10351,5,R$ 140.00,18-Dec-17,1,Pago com sucesso,18-Dec-17
945,10351,5,R$ 140.00,18-Jan-18,2,Pago com sucesso,13-Jan-18
946,10351,5,R$ 140.00,18-Feb-18,3,Pago com sucesso,16-Feb-18
947,10351,5,R$ 140.00,18-Mar-18,4,Pago com sucesso,09-Mar-18
948,10351,5,R$ 140.00,18-Apr-18,5,Pago com sucesso,09-Apr-18
954,10360,5,R$ 135.00,10-Jan-18,1,Pago com sucesso,05-Jan-18
955,10360,5,R$ 135.00,10-Feb-18,2,Pago com atraso,13-Mar-18
956,10360,5,R$ 135.00,10-Mar-18,3,Pago com sucesso,27-Feb-18
957,10360,5,R$ 135.00,10-Apr-18,4,Pago com sucesso,04-Apr-18
958,10360,5,R$ 135.00,10-May-18,5,Pago com sucesso,10-May-18
959,10362,2,R$ 100.00,23-Dec-17,1,Pago com sucesso,23-Dec-17
960,10362,2,R$ 100.00,23-Jan-18,2,Pago com sucesso,12-Jan-18
966,10372,5,R$ 75.00,10-Jan-18,1,Pago com atraso,03-Feb-18
967,10372,5,R$ 75.00,10-Feb-18,2,Pago com atraso,13-Mar-18
968,10372,5,R$ 75.00,10-Mar-18,3,Pago com atraso,12-Apr-18
969,10372,5,R$ 75.00,10-Apr-18,4,Pago com atraso,19-May-18
970,10372,5,R$ 75.00,10-May-18,5,Pago com atraso,04-Jul-18
971,10368,5,R$ 128.00,10-Dec-17,1,Pago com atraso,11-Jan-18
972,10368,5,R$ 128.00,10-Jan-18,2,Pago com atraso,09-Feb-18
973,10368,5,R$ 128.00,10-Feb-18,3,Pago com atraso,20-Mar-18
974,10368,5,R$ 128.00,10-Mar-18,4,Pago com atraso,25-Apr-18
975,10368,5,R$ 128.00,10-Apr-18,5,Pago com atraso,24-May-18
976,10373,1,R$ 100.00,10-Jan-18,1,Pago com sucesso,05-Jan-18
977,10353,6,R$ 130.00,10-Jan-18,1,Pago com atraso,07-Mar-18
978,10353,6,R$ 130.00,10-Feb-18,2,Pago com atraso,20-Apr-18
979,10353,6,R$ 130.00,10-Mar-18,3,Pago com atraso,05-Jun-18
980,10353,6,R$ 130.00,10-Apr-18,4,Pago com atraso,06-Sep-18
981,10353,6,R$ 130.00,10-May-18,5,Pago com atraso,04-Oct-18
982,10353,6,R$ 130.00,10-Jun-18,6,Pago com atraso,06-Nov-18
983,10369,6,R$ 150.00,25-Jan-18,1,Pago com atraso,30-Jan-18
984,10369,6,R$ 150.00,25-Feb-18,2,Pago com atraso,13-Mar-18
985,10369,6,R$ 150.00,25-Mar-18,3,Pago com atraso,18-Apr-18
986,10369,6,R$ 150.00,25-Apr-18,4,Pago com atraso,22-May-18
987,10369,6,R$ 150.00,25-May-18,5,Pago com atraso,21-Jun-18
988,10369,6,R$ 150.00,25-Jun-18,6,Pago com atraso,05-Jul-18
989,10370,5,R$ 100.00,10-Jan-18,1,Pago com atraso,17-Jan-18
990,10370,5,R$ 100.00,10-Feb-18,2,Pago com atraso,05-Mar-18
991,10370,5,R$ 100.00,10-Mar-18,3,Pago com sucesso,10-Mar-18
992,10370,5,R$ 100.00,10-Apr-18,4,Pago com atraso,11-Jun-18
993,10370,5,R$ 100.00,10-May-18,5,Pago com sucesso,10-May-18
994,10371,6,R$ 150.00,06-Jan-18,1,Pago com atraso,08-Jan-18
995,10371,6,R$ 150.00,06-Feb-18,2,Pago com atraso,08-Feb-18
996,10371,6,R$ 150.00,06-Mar-18,3,Pago com atraso,09-Mar-18
997,10371,6,R$ 150.00,06-Apr-18,4,Pago com atraso,09-Apr-18
998,10371,6,R$ 150.00,06-May-18,5,Pago com atraso,08-May-18
999,10371,6,R$ 150.00,06-Jun-18,6,Pago com atraso,08-Jun-18
1000,10374,7,R$ 100.00,05-Feb-18,1,Pago com sucesso,02-Feb-18
1001,10374,7,R$ 100.00,05-Mar-18,2,Pago com sucesso,27-Feb-18
1002,10374,7,R$ 100.00,05-Apr-18,3,Pago com atraso,30-May-18
1003,10374,7,R$ 100.00,05-May-18,4,Pago com atraso,30-May-18
1004,10374,7,R$ 100.00,05-Jun-18,5,Pago com atraso,03-Jul-18
1005,10374,7,R$ 100.00,05-Jul-18,6,Pago com sucesso,03-Jul-18
1006,10374,7,R$ 100.00,05-Aug-18,7,Pago com sucesso,03-Jul-18
1007,10375,4,R$ 70.00,05-Feb-18,1,Pago com atraso,05-Nov-18
1008,10375,4,R$ 70.00,05-Mar-18,2,Pago com atraso,14-Dec-18
1009,10375,4,R$ 70.00,05-Apr-18,3,Pago com atraso,14-Dec-18
1010,10375,4,R$ 70.00,05-May-18,4,Pago com atraso,14-Dec-18
1011,10381,3,R$ 124.00,15-Feb-18,1,Pago com sucesso,15-Feb-18
1012,10381,3,R$ 124.00,15-Mar-18,2,Pago com sucesso,14-Mar-18
1013,10381,3,R$ 124.00,15-Apr-18,3,Pago com atraso,18-Apr-18
1014,10382,6,R$ 230.00,05-Feb-18,1,Pago com atraso,16-Feb-18
1015,10382,6,R$ 230.00,05-Mar-18,2,Pago com atraso,14-Mar-18
1016,10382,6,R$ 230.00,05-Apr-18,3,Pago com atraso,13-Apr-18
1017,10382,6,R$ 230.00,05-May-18,4,Pago com atraso,30-May-18
1018,10382,6,R$ 230.00,05-Jun-18,5,Pago com atraso,03-Jul-18
1019,10382,6,R$ 230.00,05-Jul-18,6,Pago com atraso,30-Jul-18
1020,10383,4,R$ 200.00,08-Feb-18,1,Pago com atraso,16-Feb-18
1021,10383,4,R$ 200.00,08-Mar-18,2,Pago com sucesso,02-Mar-18
1022,10383,4,R$ 200.00,08-Apr-18,3,Pago com sucesso,02-Mar-18
1023,10383,4,R$ 200.00,08-May-18,4,Pago com sucesso,02-Mar-18
1024,10384,2,R$ 100.00,10-Feb-18,1,Pago com atraso,02-May-18
1025,10384,2,R$ 100.00,10-Mar-18,2,Pago com atraso,08-Jun-18
1026,10385,5,R$ 150.00,05-Feb-18,1,Pago com sucesso,01-Feb-18
1027,10385,5,R$ 150.00,05-Mar-18,2,Pago com sucesso,01-Mar-18
1028,10385,5,R$ 150.00,05-Apr-18,3,Pago com sucesso,03-Apr-18
1029,10385,5,R$ 150.00,05-May-18,4,Pago com sucesso,03-May-18
1030,10385,5,R$ 150.00,05-Jun-18,5,Pago com sucesso,29-May-18
1031,10387,4,R$ 100.00,15-Feb-18,1,Pago com atraso,20-Feb-18
1032,10387,4,R$ 100.00,15-Mar-18,2,Pago com atraso,22-May-18
1033,10387,4,R$ 100.00,15-Apr-18,3,Pago com atraso,03-Dec-18
1034,10387,4,R$ 100.00,15-May-18,4,Pago com atraso,03-Dec-18
1035,10389,4,R$ 100.00,10-Feb-18,1,Pago com atraso,12-Mar-18
1036,10389,4,R$ 100.00,10-Mar-18,2,Pago com atraso,11-Apr-18
1037,10389,4,R$ 100.00,10-Apr-18,3,Pago com atraso,04-Jun-18
1038,10389,4,R$ 100.00,10-May-18,4,Pago com atraso,09-Aug-18
1039,10376,7,R$ 100.00,05-Feb-18,1,Pago com sucesso,02-Feb-18
1040,10376,7,R$ 100.00,05-Mar-18,2,Pago com sucesso,27-Feb-18
1041,10376,7,R$ 100.00,05-Apr-18,3,Pago com atraso,30-May-18
1042,10376,7,R$ 100.00,05-May-18,4,Pago com atraso,30-May-18
1043,10376,7,R$ 100.00,05-Jun-18,5,Pago com atraso,03-Jul-18
1044,10376,7,R$ 100.00,05-Jul-18,6,Pago com sucesso,03-Jul-18
1045,10376,7,R$ 100.00,05-Aug-18,7,Pago com atraso,05-Nov-18
1046,10377,6,R$ 165.00,30-Jan-18,1,Pago com sucesso,30-Jan-18
1047,10377,6,R$ 165.00,28-Feb-18,2,Pago com atraso,02-Mar-18
1048,10377,6,R$ 165.00,28-Mar-18,3,Pago com atraso,26-Apr-18
1049,10377,6,R$ 165.00,28-Apr-18,4,Pago com atraso,28-May-18
1050,10377,6,R$ 165.00,28-May-18,5,Pago com atraso,11-Jul-18
1051,10377,6,R$ 165.00,28-Jun-18,6,Pago com atraso,16-Aug-18
1052,10392,2,R$ 100.00,29-Jan-18,1,Pago com atraso,30-Jan-18
1053,10392,2,R$ 100.00,28-Feb-18,2,Pago com sucesso,28-Feb-18
1054,10395,2,R$ 200.00,05-Mar-18,1,Pago com sucesso,05-Mar-18
1055,10395,2,R$ 200.00,05-Apr-18,2,Pago com sucesso,02-Apr-18
1056,10401,6,R$ 100.00,10-Feb-18,1,Pago com atraso,27-Feb-18
1057,10401,6,R$ 100.00,10-Mar-18,2,Pago com sucesso,27-Feb-18
1058,10401,6,R$ 100.00,10-Apr-18,3,Pago com sucesso,27-Mar-18
1059,10401,6,R$ 100.00,10-May-18,4,Pago com sucesso,27-Mar-18
1060,10401,6,R$ 100.00,10-Jun-18,5,Pago com sucesso,27-Apr-18
1061,10401,6,R$ 100.00,10-Jul-18,6,Pago com sucesso,01-Jun-18
1062,10402,4,R$ 100.00,10-Mar-18,1,Pago com atraso,13-Mar-18
1063,10402,4,R$ 100.00,10-Apr-18,2,Pago com atraso,12-Apr-18
1064,10402,4,R$ 100.00,10-May-18,3,Pago com atraso,15-May-18
1065,10402,4,R$ 100.00,10-Jun-18,4,Pago com atraso,18-Jun-18
1066,10393,6,R$ 100.00,23-Feb-18,1,Pago com atraso,06-Mar-18
1067,10393,6,R$ 100.00,23-Mar-18,2,Pago com atraso,03-Apr-18
1068,10393,6,R$ 100.00,23-Apr-18,3,Pago com atraso,02-May-18
1069,10393,6,R$ 100.00,23-May-18,4,Pago com sucesso,02-May-18
1070,10393,6,R$ 100.00,23-Jun-18,5,Pago com sucesso,08-Jun-18
1071,10393,6,R$ 100.00,23-Jul-18,6,Pago com sucesso,08-Jun-18
1072,10406,5,R$ 140.00,28-Feb-18,1,Pago com atraso,02-Mar-18
1073,10406,5,R$ 140.00,28-Mar-18,2,Pago com atraso,06-Apr-18
1074,10406,5,R$ 140.00,28-Apr-18,3,Pago com atraso,08-May-18
1075,10406,5,R$ 140.00,28-May-18,4,Pago com atraso,08-Jun-18
1076,10406,5,R$ 140.00,28-Jun-18,5,Pago com atraso,03-Jul-18
1077,10408,5,R$ 100.00,15-Mar-18,1,Pago com atraso,15-May-18
1078,10408,5,R$ 100.00,15-Apr-18,2,Pago com atraso,08-Jun-18
1079,10408,5,R$ 100.00,15-May-18,3,Pago com atraso,01-Aug-18
1080,10408,5,R$ 100.00,15-Jun-18,4,Pago com atraso,27-Sep-18
1081,10408,5,R$ 100.00,15-Jul-18,5,Pago com atraso,30-Oct-18
1082,10404,2,R$ 275.00,16-Mar-18,1,Pago com sucesso,28-Feb-18
1083,10404,2,R$ 275.00,16-Apr-18,2,Pago com sucesso,02-Apr-18
1084,10410,5,R$ 140.00,05-Mar-18,1,Pago com sucesso,05-Mar-18
1085,10410,5,R$ 140.00,05-Apr-18,2,Pago com sucesso,05-Apr-18
1086,10410,5,R$ 140.00,05-May-18,3,Pago com sucesso,04-May-18
1087,10410,5,R$ 140.00,05-Jun-18,4,Pago com sucesso,05-Jun-18
1088,10410,5,R$ 140.00,05-Jul-18,5,Pago com sucesso,05-Jul-18
1089,10411,4,R$ 150.00,06-Mar-18,1,Pago com atraso,03-Apr-18
1090,10411,4,R$ 150.00,06-Apr-18,2,Pago com sucesso,03-Apr-18
1091,10411,4,R$ 150.00,06-May-18,3,Pago com sucesso,30-Apr-18
1092,10411,4,R$ 150.00,06-Jun-18,4,Pago com sucesso,01-Jun-18
1093,10414,5,R$ 110.00,05-Mar-18,1,Pago com sucesso,03-Mar-18
1094,10414,5,R$ 110.00,05-Apr-18,2,Pago com sucesso,05-Apr-18
1095,10414,5,R$ 110.00,05-May-18,3,Pago com sucesso,05-May-18
1096,10414,5,R$ 110.00,05-Jun-18,4,Pago com atraso,09-Jun-18
1097,10414,5,R$ 110.00,05-Jul-18,5,Pago com atraso,10-Jul-18
1098,10415,2,R$ 150.00,05-Mar-18,1,Pago com atraso,17-Mar-18
1099,10415,2,R$ 150.00,05-Apr-18,2,Pago com sucesso,05-Apr-18
1100,10420,3,R$ 117.00,15-Apr-18,1,Pago com atraso,17-Apr-18
1101,10420,3,R$ 117.00,15-May-18,2,Pago com atraso,23-May-18
1102,10420,3,R$ 117.00,15-Jun-18,3,Pago com atraso,17-Jul-18
1103,10422,6,R$ 240.00,20-Mar-18,1,Pago com atraso,21-Mar-18
1104,10422,6,R$ 240.00,20-Apr-18,2,Pago com atraso,23-Apr-18
1105,10422,6,R$ 240.00,20-May-18,3,Pago com sucesso,18-May-18
1106,10422,6,R$ 240.00,20-Jun-18,4,Pago com atraso,21-Jun-18
1107,10422,6,R$ 240.00,20-Jul-18,5,Pago com atraso,24-Jul-18
1108,10422,6,R$ 240.00,20-Aug-18,6,Pago com atraso,31-Aug-18
1109,10423,5,R$ 140.00,02-Apr-18,1,Pago com atraso,24-Jul-18
1110,10423,5,R$ 140.00,02-May-18,2,Pago com atraso,23-Oct-18
1111,10423,5,R$ 140.00,02-Jun-18,3,Pago com atraso,03-Dec-18
1112,10423,5,R$ 140.00,02-Jul-18,4,Pago com atraso,28-Dec-18
1113,10423,5,R$ 140.00,02-Aug-18,5,Pago com atraso,07-Mar-19
1114,10431,5,R$ 200.00,12-Apr-18,1,Pago com atraso,14-Apr-18
1115,10431,5,R$ 200.00,12-May-18,2,Pago com atraso,15-May-18
1116,10431,5,R$ 200.00,12-Jun-18,3,Pago com atraso,13-Jun-18
1117,10431,5,R$ 200.00,12-Jul-18,4,Pago com atraso,13-Jul-18
1118,10431,5,R$ 200.00,12-Aug-18,5,Pago com atraso,14-Aug-18
1119,10430,4,R$ 175.00,05-Apr-18,1,Pago com atraso,03-May-18
1120,10430,4,R$ 175.00,05-May-18,2,Pago com atraso,04-Jun-18
1121,10430,4,R$ 175.00,05-Jun-18,3,Pago com atraso,01-Oct-18
1122,10430,4,R$ 175.00,05-Jul-18,4,Pago com atraso,09-Oct-18
1123,10432,2,R$ 150.00,16-Apr-18,1,Pago com sucesso,04-Apr-18
1124,10432,2,R$ 150.00,16-May-18,2,Pago com sucesso,04-Apr-18
1125,10434,6,R$ 100.00,10-Apr-18,1,Pago com atraso,20-Jul-18
1126,10434,6,R$ 100.00,10-May-18,2,Pago com atraso,20-Jul-18
1127,10434,6,R$ 100.00,10-Jun-18,3,Pago com atraso,20-Jul-18
1128,10434,6,R$ 100.00,10-Jul-18,4,Pago com atraso,04-Aug-18
1129,10434,6,R$ 100.00,10-Aug-18,5,Pago com atraso,16-Aug-18
1130,10434,6,R$ 100.00,10-Sep-18,6,Pago com atraso,29-Sep-18
1131,10436,5,R$ 78.00,05-Apr-18,1,Pago com atraso,04-May-18
1132,10436,5,R$ 78.00,05-May-18,2,Pago com atraso,06-Jun-18
1133,10436,5,R$ 78.00,05-Jun-18,3,Pago com atraso,02-Jul-18
1134,10436,5,R$ 78.00,05-Jul-18,4,Pago com atraso,14-Aug-18
1135,10436,5,R$ 78.00,05-Aug-18,5,Pago com atraso,06-Sep-18
1136,10439,7,R$ 190.00,28-Apr-18,1,Pago com atraso,21-Nov-18
1137,10439,7,R$ 190.00,28-May-18,2,Pago com atraso,22-Mar-19
1138,10439,7,R$ 190.00,28-Jun-18,3,Pago com atraso,22-Mar-19
1139,10439,7,R$ 190.00,28-Jul-18,4,Pago com atraso,03-Jul-19
1140,10439,7,R$ 190.00,28-Aug-18,5,Pago com atraso,29-Jul-19
1141,10439,7,R$ 190.00,28-Sep-18,6,Pago com atraso,30-Sep-19
1142,10439,7,R$ 190.00,28-Oct-18,7,Pago com atraso,15-Jun-20
1143,10442,3,R$ 120.00,20-May-18,1,Pago com sucesso,15-May-18
1144,10442,3,R$ 120.00,20-Jun-18,2,Pago com sucesso,15-Jun-18
1145,10442,3,R$ 120.00,20-Jul-18,3,Pago com sucesso,18-Jul-18
1146,10441,6,R$ 245.00,04-May-18,1,Pago com atraso,22-Jun-18
1147,10441,6,R$ 245.00,04-Jun-18,2,Pago com atraso,22-Aug-18
1148,10441,6,R$ 245.00,04-Jul-18,3,Pago com atraso,25-Oct-18
1149,10441,6,R$ 245.00,04-Aug-18,4,Pago com atraso,22-Nov-18
1150,10441,6,R$ 245.00,04-Sep-18,5,Pago com atraso,28-Feb-19
1151,10441,6,R$ 245.00,04-Oct-18,6,Pago com atraso,22-Mar-19
1152,10443,5,R$ 90.00,30-Apr-18,1,Pago com sucesso,30-Apr-18
1153,10443,5,R$ 90.00,30-May-18,2,Pago com sucesso,30-May-18
1154,10443,5,R$ 90.00,30-Jun-18,3,Pago com atraso,02-Jul-18
1155,10443,5,R$ 90.00,30-Jul-18,4,Pago com atraso,03-Aug-18
1156,10443,5,R$ 90.00,30-Aug-18,5,Pago com sucesso,30-Aug-18
1157,10444,3,R$ 100.00,06-May-18,1,Pago com atraso,07-May-18
1158,10444,3,R$ 100.00,06-Jun-18,2,Pago com sucesso,06-Jun-18
1159,10444,3,R$ 100.00,06-Jul-18,3,Pago com sucesso,06-Jul-18
1160,10445,5,R$ 280.00,30-Apr-18,1,Pago com atraso,02-Jun-18
1161,10445,5,R$ 280.00,30-May-18,2,Pago com atraso,10-Jul-18
1162,10445,5,R$ 280.00,30-Jun-18,3,Pago com atraso,02-Aug-18
1163,10445,5,R$ 280.00,30-Jul-18,4,Pago com atraso,05-Sep-18
1164,10445,5,R$ 280.00,30-Aug-18,5,Pago com atraso,10-Oct-18
1165,10449,6,R$ 258.00,10-May-18,1,Pago com sucesso,30-Apr-18
1166,10449,6,R$ 258.00,10-Jun-18,2,Pago com sucesso,06-Jun-18
1167,10449,6,R$ 258.00,10-Jul-18,3,Pago com sucesso,10-Jul-18
1168,10449,6,R$ 258.00,10-Aug-18,4,Pago com sucesso,09-Aug-18
1169,10449,6,R$ 258.00,10-Sep-18,5,Pago com sucesso,10-Sep-18
1170,10449,6,R$ 258.00,10-Oct-18,6,Pago com atraso,11-Oct-18
1171,10450,6,R$ 215.00,25-May-18,1,Pago com atraso,12-Jun-18
1172,10450,6,R$ 215.00,25-Jun-18,2,Pago com atraso,09-Jul-18
1173,10450,6,R$ 215.00,25-Jul-18,3,Pago com atraso,31-Aug-18
1174,10450,6,R$ 215.00,25-Aug-18,4,Pago com atraso,01-Nov-18
1175,10450,6,R$ 215.00,25-Sep-18,5,Pago com atraso,07-Feb-19
1176,10450,6,R$ 215.00,25-Oct-18,6,Pago com atraso,07-Feb-19
1177,10452,8,R$ 200.00,30-Apr-18,1,Pago com atraso,26-Jun-18
1178,10452,8,R$ 200.00,30-May-18,2,Pago com atraso,11-Aug-18
1179,10452,8,R$ 200.00,30-Jun-18,3,Pago com atraso,11-Oct-18
1180,10452,8,R$ 200.00,30-Jul-18,4,Pago com atraso,05-Jan-19
1181,10452,8,R$ 200.00,30-Aug-18,5,Pago com atraso,19-Feb-20
1182,10452,8,R$ 200.00,30-Sep-18,6,Pago com atraso,19-Feb-20
1183,10452,8,R$ 200.00,30-Oct-18,7,Pago com atraso,03-Dec-20
1184,10452,8,R$ 200.00,30-Nov-18,8,Aberta,
1185,10453,3,R$ 200.00,06-May-18,1,Pago com atraso,08-May-18
1186,10453,3,R$ 200.00,06-Jun-18,2,Pago com atraso,07-Jun-18
1187,10453,3,R$ 200.00,06-Jul-18,3,Pago com atraso,30-Jul-18
1188,10446,6,R$ 150.00,23-Apr-18,1,Pago com sucesso,23-Apr-18
1189,10446,6,R$ 150.00,23-May-18,2,Pago com atraso,02-Jun-18
1190,10446,6,R$ 150.00,23-Jun-18,3,Pago com atraso,11-Jul-18
1191,10446,6,R$ 150.00,23-Jul-18,4,Pago com atraso,23-Aug-18
1192,10446,6,R$ 150.00,23-Aug-18,5,Pago com atraso,21-Nov-18
1193,10446,6,R$ 150.00,23-Sep-18,6,Pago com atraso,11-Apr-19
1194,10454,5,R$ 130.00,15-May-18,1,Pago com sucesso,10-May-18
1195,10454,5,R$ 130.00,15-Jun-18,2,Pago com sucesso,09-Jun-18
1196,10454,5,R$ 130.00,15-Jul-18,3,Pago com atraso,23-Jul-18
1197,10454,5,R$ 130.00,15-Aug-18,4,Pago com sucesso,14-Aug-18
1198,10454,5,R$ 130.00,15-Sep-18,5,Pago com atraso,21-Sep-18
1199,10456,6,R$ 200.00,18-May-18,1,Pago com sucesso,15-May-18
1200,10456,6,R$ 200.00,18-Jun-18,2,Pago com sucesso,08-Jun-18
1201,10456,6,R$ 200.00,18-Jul-18,3,Pago com sucesso,10-Jul-18
1202,10456,6,R$ 200.00,18-Aug-18,4,Pago com atraso,10-Sep-18
1203,10456,6,R$ 200.00,18-Sep-18,5,Pago com atraso,06-Oct-18
1204,10456,6,R$ 200.00,18-Oct-18,6,Pago com atraso,12-Nov-18
1205,10459,5,R$ 100.00,15-May-18,1,Pago com sucesso,15-May-18
1206,10459,5,R$ 100.00,15-Jun-18,2,Pago com sucesso,13-Jun-18
1207,10459,5,R$ 100.00,15-Jul-18,3,Pago com atraso,16-Jul-18
1208,10459,5,R$ 100.00,15-Aug-18,4,Pago com sucesso,13-Aug-18
1209,10459,5,R$ 100.00,15-Sep-18,5,Pago com sucesso,11-Sep-18
1216,10461,4,R$ 100.00,10-May-18,1,Pago com sucesso,10-May-18
1217,10461,4,R$ 100.00,10-Jun-18,2,Pago com atraso,11-Jun-18
1218,10461,4,R$ 100.00,10-Jul-18,3,Pago com sucesso,10-Jul-18
1219,10461,4,R$ 100.00,10-Aug-18,4,Pago com sucesso,10-Aug-18
1220,10462,7,R$ 200.00,10-Apr-18,1,Pago com atraso,07-Jun-18
1221,10462,7,R$ 200.00,10-May-18,2,Pago com atraso,11-Jul-18
1222,10462,7,R$ 200.00,10-Jun-18,3,Pago com atraso,07-Aug-18
1223,10462,7,R$ 200.00,10-Jul-18,4,Pago com atraso,11-Sep-18
1224,10462,7,R$ 200.00,10-Aug-18,5,Pago com atraso,23-Oct-18
1225,10462,7,R$ 200.00,10-Sep-18,6,Pago com atraso,12-Nov-18
1226,10462,7,R$ 200.00,10-Oct-18,7,Pago com atraso,06-Dec-18
1227,10463,6,R$ 130.00,10-May-18,1,Pago com atraso,21-May-18
1228,10463,6,R$ 130.00,10-Jun-18,2,Pago com atraso,02-Jul-18
1229,10463,6,R$ 130.00,10-Jul-18,3,Pago com atraso,03-Sep-18
1230,10463,6,R$ 130.00,10-Aug-18,4,Pago com atraso,01-Nov-18
1231,10463,6,R$ 130.00,10-Sep-18,5,Pago com atraso,04-Jan-19
1232,10463,6,R$ 130.00,10-Oct-18,6,Pago com atraso,15-May-19
1233,10464,5,R$ 140.00,10-May-18,1,Pago com sucesso,08-May-18
1234,10464,5,R$ 140.00,10-Jun-18,2,Pago com sucesso,08-Jun-18
1235,10464,5,R$ 140.00,10-Jul-18,3,Pago com sucesso,10-Jul-18
1236,10464,5,R$ 140.00,10-Aug-18,4,Pago com sucesso,08-Aug-18
1237,10464,5,R$ 140.00,10-Sep-18,5,Pago com sucesso,10-Sep-18
1238,10466,6,R$ 185.00,06-May-18,1,Pago com atraso,23-May-18
1239,10466,6,R$ 185.00,06-Jun-18,2,Pago com atraso,19-Jul-18
1240,10466,6,R$ 185.00,06-Jul-18,3,Pago com atraso,05-Dec-18
1241,10466,6,R$ 185.00,06-Aug-18,4,Pago com atraso,27-Feb-19
1242,10466,6,R$ 185.00,06-Sep-18,5,Pago com atraso,27-Feb-19
1243,10466,6,R$ 185.00,06-Oct-18,6,Pago com atraso,27-Jan-20
1244,10469,1,R$ 20.00,20-May-18,1,Pago com atraso,14-Mar-19
1245,10476,5,R$ 200.00,09-Jun-18,1,Pago com atraso,12-Jul-18
1246,10476,5,R$ 200.00,09-Jul-18,2,Pago com atraso,12-Jul-18
1247,10476,5,R$ 200.00,09-Aug-18,3,Aberta,
1248,10476,5,R$ 200.00,09-Sep-18,4,Aberta,
1249,10476,5,R$ 200.00,09-Oct-18,5,Aberta,
1250,10478,5,R$ 140.00,10-Jun-18,1,Pago com atraso,18-Jul-18
1251,10478,5,R$ 140.00,10-Jul-18,2,Pago com atraso,01-Oct-18
1252,10478,5,R$ 140.00,10-Aug-18,3,Pago com atraso,11-Dec-18
1253,10478,5,R$ 140.00,10-Sep-18,4,Pago com atraso,11-Dec-18
1254,10478,5,R$ 140.00,10-Oct-18,5,Pago com atraso,05-Jun-19
1255,10481,1,R$ 70.00,21-Jun-18,1,Pago com sucesso,04-Jun-18
1256,10482,6,R$ 230.00,25-Jun-18,1,Pago com atraso,23-Jul-18
1257,10482,6,R$ 230.00,25-Jul-18,2,Pago com atraso,22-Aug-18
1258,10482,6,R$ 230.00,25-Aug-18,3,Pago com atraso,21-Sep-18
1259,10482,6,R$ 230.00,25-Sep-18,4,Pago com atraso,23-Oct-18
1260,10482,6,R$ 230.00,25-Oct-18,5,Pago com atraso,22-Nov-18
1261,10482,6,R$ 230.00,25-Nov-18,6,Pago com atraso,26-Nov-18
1262,10474,5,R$ 96.00,19-May-18,1,Pago com atraso,21-May-18
1263,10474,5,R$ 96.00,19-Jun-18,2,Pago com atraso,20-Jun-18
1264,10474,5,R$ 96.00,19-Jul-18,3,Pago com sucesso,19-Jul-18
1265,10474,5,R$ 96.00,19-Aug-18,4,Pago com atraso,13-Sep-18
1266,10474,5,R$ 96.00,19-Sep-18,5,Pago com sucesso,13-Sep-18
1267,10486,5,R$ 130.00,25-Jun-18,1,Pago com sucesso,23-Jun-18
1268,10486,5,R$ 130.00,25-Jul-18,2,Pago com sucesso,24-Jul-18
1269,10486,5,R$ 130.00,25-Aug-18,3,Pago com sucesso,24-Aug-18
1270,10486,5,R$ 130.00,25-Sep-18,4,Pago com sucesso,25-Sep-18
1271,10486,5,R$ 130.00,25-Oct-18,5,Pago com sucesso,24-Oct-18
1272,10412,6,R$ 130.00,10-Jul-18,1,Pago com atraso,07-Jan-19
1273,10412,6,R$ 130.00,10-Aug-18,2,Pago com atraso,05-Apr-19
1274,10412,6,R$ 130.00,10-Sep-18,3,Pago com atraso,06-May-19
1275,10412,6,R$ 130.00,10-Oct-18,4,Pago com atraso,06-May-19
1276,10412,6,R$ 130.00,10-Nov-18,5,Pago com atraso,06-Jun-19
1277,10412,6,R$ 130.00,10-Dec-18,6,Pago com atraso,06-Jun-19
1278,10487,4,R$ 100.00,05-Jun-18,1,Pago com sucesso,01-Jun-18
1279,10487,4,R$ 100.00,05-Jul-18,2,Pago com sucesso,05-Jul-18
1280,10487,4,R$ 100.00,05-Aug-18,3,Pago com sucesso,03-Aug-18
1281,10487,4,R$ 100.00,05-Sep-18,4,Pago com sucesso,03-Sep-18
1282,10483,1,R$ 100.00,05-Jul-18,1,Pago com atraso,20-Jul-18
1283,10491,6,R$ 100.00,15-Jul-18,1,Pago com atraso,16-Jul-18
1284,10491,6,R$ 100.00,15-Aug-18,2,Pago com sucesso,15-Aug-18
1285,10491,6,R$ 100.00,15-Sep-18,3,Pago com atraso,17-Sep-18
1286,10491,6,R$ 100.00,15-Oct-18,4,Pago com sucesso,15-Oct-18
1287,10491,6,R$ 100.00,15-Nov-18,5,Pago com sucesso,01-Nov-18
1288,10491,6,R$ 100.00,15-Dec-18,6,Pago com sucesso,04-Dec-18
1289,10492,2,R$ 100.00,02-Jul-18,1,Vencida,
1290,10492,2,R$ 100.00,02-Aug-18,2,Vencida,
1291,10493,6,R$ 150.00,30-Jun-18,1,Pago com sucesso,29-Jun-18
1292,10493,6,R$ 150.00,30-Jul-18,2,Pago com sucesso,30-Jul-18
1293,10493,6,R$ 150.00,30-Aug-18,3,Pago com atraso,31-Aug-18
1294,10493,6,R$ 150.00,30-Sep-18,4,Pago com sucesso,29-Sep-18
1295,10493,6,R$ 150.00,30-Oct-18,5,Pago com atraso,07-Nov-18
1296,10493,6,R$ 150.00,30-Nov-18,6,Pago com atraso,14-Dec-18
1297,10496,5,R$ 135.00,10-Jul-18,1,Pago com sucesso,09-Jul-18
1298,10496,5,R$ 135.00,10-Aug-18,2,Pago com atraso,15-Aug-18
1299,10496,5,R$ 135.00,10-Sep-18,3,Pago com atraso,02-Oct-18
1300,10496,5,R$ 135.00,10-Oct-18,4,Vencida,
1301,10496,5,R$ 135.00,10-Nov-18,5,Vencida,
1302,10497,5,R$ 200.00,02-Aug-18,1,Pago com sucesso,02-Aug-18
1303,10497,5,R$ 200.00,02-Sep-18,2,Pago com atraso,05-Sep-18
1304,10497,5,R$ 200.00,02-Oct-18,3,Pago com atraso,10-Oct-18
1305,10497,5,R$ 200.00,02-Nov-18,4,Pago com atraso,17-Nov-18
1306,10497,5,R$ 200.00,02-Dec-18,5,Pago com atraso,27-Dec-18
1307,10498,4,R$ 140.00,10-Jul-18,1,Pago com atraso,06-Jun-19
1308,10498,4,R$ 140.00,10-Aug-18,2,Pago com atraso,03-Jul-19
1309,10498,4,R$ 140.00,10-Sep-18,3,Pago com atraso,04-Sep-19
1310,10498,4,R$ 140.00,10-Oct-18,4,Pago com atraso,04-Sep-19
1311,10501,6,R$ 150.00,20-Jul-18,1,Pago com sucesso,13-Jul-18
1312,10501,6,R$ 150.00,20-Aug-18,2,Pago com sucesso,20-Aug-18
1313,10501,6,R$ 150.00,20-Sep-18,3,Pago com sucesso,20-Sep-18
1314,10501,6,R$ 150.00,20-Oct-18,4,Pago com atraso,07-Dec-18
1315,10501,6,R$ 150.00,20-Nov-18,5,Pago com atraso,16-Jan-20
1316,10501,6,R$ 150.00,20-Dec-18,6,Pago com atraso,16-Jan-20
1317,10504,7,R$ 235.00,05-Aug-18,1,Pago com atraso,16-Aug-18
1318,10504,7,R$ 235.00,05-Sep-18,2,Pago com sucesso,17-Aug-18
1319,10504,7,R$ 235.00,05-Oct-18,3,Pago com atraso,15-Oct-18
1320,10504,7,R$ 235.00,05-Nov-18,4,Pago com atraso,20-Nov-18
1321,10504,7,R$ 235.00,05-Dec-18,5,Pago com atraso,19-Dec-18
1322,10504,7,R$ 235.00,05-Jan-19,6,Pago com atraso,15-Jan-19
1323,10504,7,R$ 235.00,05-Feb-19,7,Pago com atraso,18-Feb-19
1324,10511,5,R$ 150.00,16-Aug-18,1,Pago com atraso,21-Aug-18
1325,10511,5,R$ 150.00,16-Sep-18,2,Pago com atraso,20-Sep-18
1326,10511,5,R$ 150.00,16-Oct-18,3,Pago com atraso,18-Oct-18
1327,10511,5,R$ 150.00,16-Nov-18,4,Pago com atraso,04-Dec-18
1328,10511,5,R$ 150.00,16-Dec-18,5,Pago com atraso,09-Jan-19
1329,10515,4,R$ 110.00,05-Aug-18,1,Pago com sucesso,01-Aug-18
1330,10515,4,R$ 110.00,05-Sep-18,2,Pago com sucesso,03-Sep-18
1331,10515,4,R$ 110.00,05-Oct-18,3,Pago com sucesso,01-Oct-18
1332,10515,4,R$ 110.00,05-Nov-18,4,Pago com atraso,09-Nov-18
1333,10516,6,R$ 200.00,10-Aug-18,1,Pago com atraso,01-Oct-18
1334,10516,6,R$ 200.00,10-Sep-18,2,Pago com atraso,01-Oct-18
1335,10516,6,R$ 200.00,10-Oct-18,3,Pago com atraso,14-Jan-19
1336,10516,6,R$ 200.00,10-Nov-18,4,Pago com atraso,01-Jun-19
1337,10516,6,R$ 200.00,10-Dec-18,5,Pago com atraso,01-Jun-19
1338,10516,6,R$ 200.00,10-Jan-19,6,Pago com atraso,01-Jun-19
1339,10523,5,R$ 180.00,05-Sep-18,1,Pago com atraso,25-Sep-18
1340,10523,5,R$ 180.00,05-Oct-18,2,Pago com atraso,26-Jun-19
1341,10523,5,R$ 180.00,05-Nov-18,3,Pago com atraso,26-Jun-19
1342,10523,5,R$ 180.00,05-Dec-18,4,Pago com atraso,29-Mar-21
1343,10523,5,R$ 180.00,05-Jan-19,5,Pago com atraso,13-Aug-21
1344,10524,11,R$ 100.00,10-Aug-18,1,Pago com sucesso,10-Jul-18
1345,10524,11,R$ 100.00,10-Sep-18,2,Pago com sucesso,03-Sep-18
1346,10524,11,R$ 100.00,10-Oct-18,3,Pago com sucesso,05-Oct-18
1347,10524,11,R$ 100.00,10-Nov-18,4,Aberta,
1348,10524,11,R$ 100.00,10-Dec-18,5,Aberta,
1349,10524,11,R$ 100.00,10-Jan-19,6,Aberta,
1350,10524,11,R$ 100.00,10-Feb-19,7,Aberta,
1351,10524,11,R$ 100.00,10-Mar-19,8,Aberta,
1352,10524,11,R$ 100.00,10-Apr-19,9,Aberta,
1353,10524,11,R$ 100.00,10-May-19,10,Aberta,
1354,10524,11,R$ 100.00,10-Jun-19,11,Aberta,
1355,10525,5,R$ 200.00,25-Aug-18,1,Pago com sucesso,09-Aug-18
1356,10525,5,R$ 200.00,25-Sep-18,2,Pago com sucesso,09-Aug-18
1357,10525,5,R$ 200.00,25-Oct-18,3,Pago com sucesso,31-Aug-18
1358,10525,5,R$ 200.00,25-Nov-18,4,Pago com sucesso,31-Aug-18
1359,10525,5,R$ 200.00,25-Dec-18,5,Pago com sucesso,02-Oct-18
1360,10530,5,R$ 160.00,08-Aug-18,1,Pago com sucesso,08-Aug-18
1361,10530,5,R$ 160.00,08-Sep-18,2,Pago com atraso,19-Sep-18
1362,10530,5,R$ 160.00,08-Oct-18,3,Pago com atraso,21-Dec-18
1363,10530,5,R$ 160.00,08-Nov-18,4,Aberta,
1364,10530,5,R$ 160.00,08-Dec-18,5,Aberta,
1365,10531,6,R$ 150.00,08-Aug-18,1,Pago com atraso,09-Aug-18
1366,10531,6,R$ 150.00,08-Sep-18,2,Pago com atraso,18-Sep-18
1367,10531,6,R$ 150.00,08-Oct-18,3,Pago com atraso,23-Oct-18
1368,10531,6,R$ 150.00,08-Nov-18,4,Pago com atraso,21-Nov-18
1369,10531,6,R$ 150.00,08-Dec-18,5,Pago com atraso,21-Dec-18
1370,10531,6,R$ 150.00,08-Jan-19,6,Pago com atraso,26-Jan-19
1375,10546,3,R$ 100.00,06-Sep-18,1,Pago com atraso,10-Sep-18
1376,10546,3,R$ 100.00,06-Oct-18,2,Pago com sucesso,05-Oct-18
1377,10546,3,R$ 100.00,06-Nov-18,3,Pago com sucesso,05-Nov-18
1378,10542,4,R$ 200.00,05-Sep-18,1,Pago com atraso,13-Sep-18
1379,10542,4,R$ 200.00,05-Oct-18,2,Pago com atraso,18-Oct-18
1380,10542,4,R$ 200.00,05-Nov-18,3,Pago com atraso,23-Nov-18
1381,10542,4,R$ 200.00,05-Dec-18,4,Pago com atraso,19-Dec-18
1382,10564,5,R$ 120.00,03-Sep-18,1,Pago com sucesso,30-Aug-18
1383,10564,5,R$ 120.00,03-Oct-18,2,Pago com atraso,24-Oct-18
1384,10564,5,R$ 120.00,03-Nov-18,3,Aberta,
1385,10564,5,R$ 120.00,03-Dec-18,4,Aberta,
1386,10564,5,R$ 120.00,03-Jan-19,5,Aberta,
1387,10549,1,R$ 240.00,20-Sep-18,1,Pago com atraso,01-Nov-18
1388,10566,5,R$ 120.00,28-Sep-18,1,Pago com sucesso,25-Sep-18
1389,10566,5,R$ 120.00,28-Oct-18,2,Pago com sucesso,25-Oct-18
1390,10566,5,R$ 120.00,28-Nov-18,3,Pago com sucesso,26-Nov-18
1391,10566,5,R$ 120.00,28-Dec-18,4,Pago com sucesso,24-Dec-18
1392,10566,5,R$ 120.00,28-Jan-19,5,Pago com sucesso,25-Jan-19
1393,10567,3,R$ 100.00,08-Sep-18,1,Pago com atraso,20-Sep-18
1394,10567,3,R$ 100.00,08-Oct-18,2,Pago com sucesso,20-Sep-18
1395,10567,3,R$ 100.00,08-Nov-18,3,Pago com sucesso,20-Sep-18
1396,10522,2,R$ 100.00,10-Oct-18,1,Pago com sucesso,07-Oct-18
1397,10522,2,R$ 100.00,10-Nov-18,2,Pago com atraso,26-Nov-18
1398,10559,6,R$ 150.00,05-Sep-18,1,Pago com atraso,17-Sep-18
1399,10559,6,R$ 150.00,05-Oct-18,2,Pago com sucesso,04-Oct-18
1400,10559,6,R$ 150.00,05-Nov-18,3,Pago com sucesso,05-Nov-18
1401,10559,6,R$ 150.00,05-Dec-18,4,Pago com atraso,06-Dec-18
1402,10559,6,R$ 150.00,05-Jan-19,5,Pago com atraso,07-Jan-19
1403,10559,6,R$ 150.00,05-Feb-19,6,Aberta,
1404,10568,5,R$ 200.00,20-Oct-18,1,Pago com sucesso,18-Sep-18
1405,10568,5,R$ 200.00,20-Nov-18,2,Pago com sucesso,23-Oct-18
1406,10568,5,R$ 200.00,20-Dec-18,3,Pago com sucesso,21-Nov-18
1407,10568,5,R$ 200.00,20-Jan-19,4,Pago com sucesso,21-Dec-18
1408,10568,5,R$ 200.00,20-Feb-19,5,Pago com sucesso,26-Jan-19
1409,10535,3,R$ 100.00,20-Sep-18,1,Pago com sucesso,20-Sep-18
1410,10535,3,R$ 100.00,20-Oct-18,2,Pago com atraso,24-Oct-18
1411,10535,3,R$ 100.00,20-Nov-18,3,Pago com atraso,21-Jan-19
1412,10518,5,R$ 160.00,01-Nov-18,1,Pago com sucesso,01-Nov-18
1413,10518,5,R$ 160.00,01-Dec-18,2,Pago com atraso,03-Dec-18
1414,10518,5,R$ 160.00,01-Jan-19,3,Pago com sucesso,01-Jan-19
1415,10518,5,R$ 160.00,01-Feb-19,4,Pago com sucesso,01-Feb-19
1416,10518,5,R$ 160.00,01-Mar-19,5,Pago com sucesso,01-Mar-19
1417,10519,4,R$ 100.00,25-Aug-18,1,Pago com atraso,08-Mar-19
1418,10519,4,R$ 100.00,25-Sep-18,2,Pago com atraso,08-Mar-19
1419,10519,4,R$ 100.00,25-Oct-18,3,Pago com atraso,08-Mar-19
1420,10519,4,R$ 100.00,25-Nov-18,4,Pago com atraso,08-Mar-19
1421,10520,6,R$ 100.00,15-Aug-18,1,Aberta,
1422,10520,6,R$ 100.00,15-Sep-18,2,Aberta,
1423,10520,6,R$ 100.00,15-Oct-18,3,Aberta,
1424,10520,6,R$ 100.00,15-Nov-18,4,Aberta,
1425,10520,6,R$ 100.00,15-Dec-18,5,Aberta,
1426,10520,6,R$ 100.00,15-Jan-19,6,Aberta,
1427,10537,4,R$ 200.00,01-Sep-18,1,Pago com sucesso,01-Sep-18
1428,10537,4,R$ 200.00,01-Oct-18,2,Pago com sucesso,01-Sep-18
1429,10537,4,R$ 200.00,01-Nov-18,3,Pago com sucesso,01-Nov-18
1430,10537,4,R$ 200.00,01-Dec-18,4,Pago com atraso,03-Dec-18
1431,10570,5,R$ 170.00,30-Sep-18,1,Pago com atraso,02-Oct-18
1432,10570,5,R$ 170.00,30-Oct-18,2,Pago com atraso,03-Nov-18
1433,10570,5,R$ 170.00,30-Nov-18,3,Pago com atraso,02-Jan-19
1434,10570,5,R$ 170.00,30-Dec-18,4,Pago com atraso,12-Feb-19
1435,10570,5,R$ 170.00,30-Jan-19,5,Pago com atraso,13-Mar-19
1436,10572,6,R$ 150.00,10-Oct-18,1,Pago com atraso,19-Oct-18
1437,10572,6,R$ 150.00,10-Nov-18,2,Pago com sucesso,07-Nov-18
1438,10572,6,R$ 150.00,10-Dec-18,3,Pago com atraso,14-Dec-18
1439,10572,6,R$ 150.00,10-Jan-19,4,Pago com atraso,22-Jan-19
1440,10572,6,R$ 150.00,10-Feb-19,5,Pago com atraso,07-Mar-19
1441,10572,6,R$ 150.00,10-Mar-19,6,Pago com sucesso,07-Mar-19
1442,10577,3,R$ 175.00,23-Oct-18,1,Pago com atraso,01-Nov-18
1443,10577,3,R$ 175.00,23-Nov-18,2,Pago com atraso,04-Jan-19
1444,10577,3,R$ 175.00,23-Dec-18,3,Pago com atraso,04-Jan-19
1445,10571,6,R$ 330.00,30-Oct-18,1,Pago com atraso,06-Dec-18
1446,10571,6,R$ 330.00,30-Nov-18,2,Pago com atraso,01-Mar-19
1447,10571,6,R$ 330.00,30-Dec-18,3,Pago com atraso,03-May-19
1448,10571,6,R$ 330.00,30-Jan-19,4,Pago com atraso,19-Jun-19
1449,10571,6,R$ 330.00,28-Feb-19,5,Pago com atraso,12-Aug-19
1450,10571,6,R$ 330.00,28-Mar-19,6,Pago com atraso,17-Jan-20
1451,10579,6,R$ 240.00,30-Oct-18,1,Pago com atraso,11-Dec-18
1452,10579,6,R$ 240.00,30-Nov-18,2,Pago com atraso,01-Mar-19
1453,10579,6,R$ 240.00,30-Dec-18,3,Pago com atraso,03-May-19
1454,10579,6,R$ 240.00,30-Jan-19,4,Pago com atraso,19-Jun-19
1455,10579,6,R$ 240.00,28-Feb-19,5,Pago com atraso,09-Aug-19
1456,10579,6,R$ 240.00,28-Mar-19,6,Pago com atraso,06-Nov-19
1457,10581,5,R$ 200.00,10-Oct-18,1,Pago com atraso,10-Nov-18
1458,10581,5,R$ 200.00,10-Nov-18,2,Pago com atraso,10-Dec-18
1459,10581,5,R$ 200.00,10-Dec-18,3,Pago com atraso,14-Jan-19
1460,10581,5,R$ 200.00,10-Jan-19,4,Pago com atraso,12-Feb-19
1461,10581,5,R$ 200.00,10-Feb-19,5,Pago com atraso,12-Mar-19
1462,10587,3,R$ 100.00,05-Oct-18,1,Pago com sucesso,05-Oct-18
1463,10587,3,R$ 100.00,05-Nov-18,2,Pago com atraso,19-Nov-18
1464,10587,3,R$ 100.00,05-Dec-18,3,Pago com atraso,01-Mar-19
1465,10594,5,R$ 164.00,08-Nov-18,1,Pago com sucesso,07-Nov-18
1466,10594,5,R$ 164.00,08-Dec-18,2,Pago com sucesso,06-Dec-18
1467,10594,5,R$ 164.00,08-Jan-19,3,Pago com atraso,20-Mar-19
1468,10594,5,R$ 164.00,08-Feb-19,4,Pago com atraso,20-Mar-19
1469,10594,5,R$ 164.00,08-Mar-19,5,Vencida,
1470,10583,1,R$ 50.00,25-Nov-18,1,Pago com sucesso,21-Nov-18
1471,10588,4,R$ 160.00,10-Nov-18,1,Pago com atraso,14-Nov-18
1472,10588,4,R$ 160.00,10-Dec-18,2,Pago com atraso,11-Dec-18
1473,10588,4,R$ 160.00,10-Jan-19,3,Pago com atraso,05-Feb-19
1474,10588,4,R$ 160.00,10-Feb-19,4,Pago com sucesso,05-Feb-19
1475,10591,5,R$ 100.00,10-Nov-18,1,Pago com atraso,12-Nov-18
1476,10591,5,R$ 100.00,10-Dec-18,2,Pago com sucesso,10-Dec-18
1477,10591,5,R$ 100.00,10-Jan-19,3,Pago com atraso,16-Jan-19
1478,10591,5,R$ 100.00,10-Feb-19,4,Pago com atraso,11-Feb-19
1479,10591,5,R$ 100.00,10-Mar-19,5,Pago com sucesso,11-Feb-19
1480,10592,4,R$ 140.00,25-Nov-18,1,Pago com atraso,06-Dec-18
1481,10592,4,R$ 140.00,25-Dec-18,2,Pago com atraso,03-Jan-19
1482,10592,4,R$ 140.00,25-Jan-19,3,Pago com atraso,26-Apr-19
1483,10592,4,R$ 140.00,25-Feb-19,4,Pago com atraso,26-Apr-19
1484,10595,5,R$ 155.00,10-Dec-18,1,Pago com sucesso,10-Dec-18
1485,10595,5,R$ 155.00,10-Jan-19,2,Pago com sucesso,08-Jan-19
1486,10595,5,R$ 155.00,10-Feb-19,3,Pago com atraso,11-Feb-19
1487,10595,5,R$ 155.00,10-Mar-19,4,Pago com sucesso,06-Mar-19
1488,10595,5,R$ 155.00,10-Apr-19,5,Pago com sucesso,05-Apr-19
1489,10599,6,R$ 192.00,25-Oct-18,1,Pago com atraso,22-Nov-18
1490,10599,6,R$ 192.00,25-Nov-18,2,Pago com atraso,21-Dec-18
1491,10599,6,R$ 192.00,25-Dec-18,3,Pago com atraso,22-Jan-19
1492,10599,6,R$ 192.00,25-Jan-19,4,Pago com atraso,21-Feb-19
1493,10599,6,R$ 192.00,25-Feb-19,5,Pago com atraso,21-Mar-19
1494,10599,6,R$ 192.00,25-Mar-19,6,Pago com atraso,23-Apr-19
1495,10600,1,R$ 270.00,29-Sep-18,1,Pago com atraso,22-Dec-18
1496,10603,2,R$ 160.00,08-Sep-18,1,Pago com atraso,27-Nov-18
1497,10603,2,R$ 160.00,08-Oct-18,2,Pago com atraso,12-Dec-18
1498,10604,7,R$ 230.00,20-Nov-18,1,Pago com sucesso,19-Nov-18
1499,10604,7,R$ 230.00,20-Dec-18,2,Pago com atraso,21-Jan-19
1500,10604,7,R$ 230.00,20-Jan-19,3,Pago com atraso,15-Mar-19
1501,10604,7,R$ 230.00,20-Feb-19,4,Pago com atraso,09-May-19
1502,10604,7,R$ 230.00,20-Mar-19,5,Pago com atraso,18-Sep-19
1503,10604,7,R$ 230.00,20-Apr-19,6,Pago com atraso,18-Sep-19
1504,10604,7,R$ 230.00,20-May-19,7,Pago com atraso,18-Sep-19
1505,10606,5,R$ 100.00,10-Dec-18,1,Pago com atraso,29-Dec-18
1506,10606,5,R$ 100.00,10-Jan-19,2,Pago com atraso,25-Jan-19
1507,10606,5,R$ 100.00,10-Feb-19,3,Pago com atraso,12-Feb-19
1508,10606,5,R$ 100.00,10-Mar-19,4,Pago com sucesso,08-Mar-19
1509,10606,5,R$ 100.00,10-Apr-19,5,Pago com sucesso,08-Apr-19
1510,10611,6,R$ 130.00,21-Dec-18,1,Pago com atraso,04-Sep-19
1511,10611,6,R$ 130.00,21-Jan-19,2,Pago com atraso,03-Oct-19
1512,10611,6,R$ 130.00,21-Feb-19,3,Pago com atraso,03-Oct-19
1513,10611,6,R$ 130.00,21-Mar-19,4,Pago com atraso,05-Nov-19
1514,10611,6,R$ 130.00,21-Apr-19,5,Pago com atraso,04-Dec-19
1515,10611,6,R$ 130.00,21-May-19,6,Pago com atraso,04-Dec-19
1516,10612,5,R$ 168.00,02-Jan-19,1,Pago com atraso,24-Jan-19
1517,10612,5,R$ 168.00,02-Feb-19,2,Pago com atraso,25-Feb-19
1518,10612,5,R$ 168.00,02-Mar-19,3,Pago com atraso,02-Apr-19
1519,10612,5,R$ 168.00,02-Apr-19,4,Pago com sucesso,02-Apr-19
1520,10612,5,R$ 168.00,02-May-19,5,Pago com atraso,03-May-19
1521,10616,6,R$ 230.00,15-Dec-18,1,Pago com sucesso,10-Dec-18
1522,10616,6,R$ 230.00,15-Jan-19,2,Pago com sucesso,14-Jan-19
1523,10616,6,R$ 230.00,15-Feb-19,3,Pago com sucesso,11-Feb-19
1524,10616,6,R$ 230.00,15-Mar-19,4,Pago com sucesso,15-Mar-19
1525,10616,6,R$ 230.00,15-Apr-19,5,Pago com sucesso,15-Mar-19
1526,10616,6,R$ 230.00,15-May-19,6,Pago com atraso,03-Jun-19
1527,10617,3,R$ 95.00,05-Jan-19,1,Pago com atraso,06-May-19
1528,10617,3,R$ 95.00,05-Feb-19,2,Pago com atraso,06-May-19
1529,10617,3,R$ 95.00,05-Mar-19,3,Pago com atraso,06-May-19
1530,10624,6,R$ 200.00,10-Jan-19,1,Pago com sucesso,20-Dec-18
1531,10624,6,R$ 200.00,10-Feb-19,2,Pago com sucesso,22-Jan-19
1532,10624,6,R$ 200.00,10-Mar-19,3,Pago com sucesso,28-Feb-19
1533,10624,6,R$ 200.00,10-Apr-19,4,Pago com sucesso,08-Apr-19
1534,10624,6,R$ 200.00,10-May-19,5,Pago com atraso,13-May-19
1535,10624,6,R$ 200.00,10-Jun-19,6,Pago com atraso,28-Jun-19
1536,10625,3,R$ 135.00,05-Dec-18,1,Pago com atraso,09-Jan-19
1537,10625,3,R$ 135.00,05-Jan-19,2,Pago com atraso,14-Feb-19
1538,10625,3,R$ 135.00,05-Feb-19,3,Pago com atraso,13-Mar-19
1539,10626,5,R$ 100.00,10-Jan-19,1,Pago com sucesso,04-Jan-19
1540,10626,5,R$ 100.00,10-Feb-19,2,Pago com atraso,11-Feb-19
1541,10626,5,R$ 100.00,10-Mar-19,3,Pago com atraso,13-Mar-19
1542,10626,5,R$ 100.00,10-Apr-19,4,Pago com atraso,12-Apr-19
1543,10626,5,R$ 100.00,10-May-19,5,Pago com atraso,13-May-19
1544,10629,5,R$ 140.00,10-Jan-19,1,Pago com atraso,14-Jan-19
1545,10629,5,R$ 140.00,10-Feb-19,2,Pago com atraso,15-Feb-19
1546,10629,5,R$ 140.00,10-Mar-19,3,Pago com atraso,19-Mar-19
1547,10629,5,R$ 140.00,10-Apr-19,4,Pago com atraso,11-Apr-19
1548,10629,5,R$ 140.00,10-May-19,5,Pago com atraso,11-May-19
1549,10555,1,R$ 380.00,10-Sep-18,1,Pago com atraso,21-Dec-18
1550,10614,6,R$ 200.00,05-Jan-19,1,Pago com atraso,04-Feb-19
1551,10614,6,R$ 200.00,05-Feb-19,2,Pago com sucesso,04-Feb-19
1552,10614,6,R$ 200.00,05-Mar-19,3,Pago com sucesso,05-Mar-19
1553,10614,6,R$ 200.00,05-Apr-19,4,Pago com sucesso,02-Apr-19
1554,10614,6,R$ 200.00,05-May-19,5,Pago com sucesso,02-May-19
1555,10614,6,R$ 200.00,05-Jun-19,6,Pago com sucesso,03-Jun-19
1556,10634,5,R$ 120.00,30-Jan-19,1,Pago com sucesso,29-Jan-19
1557,10634,5,R$ 120.00,28-Feb-19,2,Pago com atraso,08-Mar-19
1558,10634,5,R$ 120.00,28-Mar-19,3,Pago com atraso,01-Apr-19
1559,10634,5,R$ 120.00,28-Apr-19,4,Pago com atraso,30-Apr-19
1560,10634,5,R$ 120.00,28-May-19,5,Pago com atraso,07-Jun-19
1562,10640,4,R$ 72.50,10-Feb-19,1,Pago com atraso,12-Feb-19
1563,10640,4,R$ 72.50,10-Mar-19,2,Pago com atraso,11-Mar-19
1564,10640,4,R$ 72.50,10-Apr-19,3,Pago com sucesso,10-Apr-19
1565,10640,4,R$ 72.50,10-May-19,4,Pago com sucesso,10-May-19
1566,10641,5,R$ 146.00,10-Feb-19,1,Pago com atraso,06-Mar-19
1567,10641,5,R$ 146.00,10-Mar-19,2,Pago com atraso,05-Apr-19
1568,10641,5,R$ 146.00,10-Apr-19,3,Pago com atraso,03-May-19
1569,10641,5,R$ 146.00,10-May-19,4,Pago com atraso,01-Jun-19
1570,10641,5,R$ 146.00,10-Jun-19,5,Pago com sucesso,08-Feb-19
1571,10645,5,R$ 120.00,15-Feb-19,1,Pago com atraso,18-Mar-19
1572,10645,5,R$ 120.00,15-Mar-19,2,Pago com atraso,18-Apr-19
1573,10645,5,R$ 120.00,15-Apr-19,3,Pago com atraso,18-May-19
1574,10645,5,R$ 120.00,15-May-19,4,Pago com atraso,18-Jun-19
1575,10645,5,R$ 120.00,15-Jun-19,5,Pago com atraso,19-Jul-19
1576,10646,6,R$ 265.00,05-Feb-19,1,Pago com sucesso,05-Feb-19
1577,10646,6,R$ 265.00,05-Mar-19,2,Pago com sucesso,27-Feb-19
1578,10646,6,R$ 265.00,05-Apr-19,3,Pago com sucesso,05-Apr-19
1579,10646,6,R$ 265.00,05-May-19,4,Pago com atraso,08-May-19
1580,10646,6,R$ 265.00,05-Jun-19,5,Pago com sucesso,05-Jun-19
1581,10646,6,R$ 265.00,05-Jul-19,6,Pago com sucesso,04-Jul-19
1582,10649,6,R$ 110.00,10-Feb-19,1,Pago com atraso,11-Feb-19
1583,10649,6,R$ 110.00,10-Mar-19,2,Pago com sucesso,08-Mar-19
1584,10649,6,R$ 110.00,10-Apr-19,3,Pago com atraso,15-Apr-19
1585,10649,6,R$ 110.00,10-May-19,4,Pago com atraso,14-May-19
1586,10649,6,R$ 110.00,10-Jun-19,5,Pago com atraso,18-Jun-19
1587,10649,6,R$ 110.00,10-Jul-19,6,Pago com sucesso,09-Jul-19
1588,10655,4,R$ 130.00,02-Mar-19,1,Pago com sucesso,26-Feb-19
1589,10655,4,R$ 130.00,02-Apr-19,2,Pago com sucesso,01-Apr-19
1590,10655,4,R$ 130.00,02-May-19,3,Pago com sucesso,02-May-19
1591,10655,4,R$ 130.00,02-Jun-19,4,Pago com atraso,03-Jun-19
1592,10613,6,R$ 215.00,23-Dec-18,1,Pago com atraso,24-Apr-19
1593,10613,6,R$ 215.00,23-Jan-19,2,Pago com atraso,28-May-19
1594,10613,6,R$ 215.00,23-Feb-19,3,Pago com atraso,01-Jul-19
1595,10613,6,R$ 215.00,23-Mar-19,4,Pago com atraso,27-Aug-19
1596,10613,6,R$ 215.00,23-Apr-19,5,Pago com atraso,03-Oct-19
1597,10613,6,R$ 215.00,23-May-19,6,Pago com atraso,09-Dec-19
1598,10630,1,R$ 390.00,18-Jan-19,1,Pago com atraso,16-Sep-20
1599,10635,2,R$ 115.00,04-Feb-19,1,Pago com atraso,01-Mar-19
1600,10635,2,R$ 115.00,04-Mar-19,2,Pago com atraso,22-Mar-19
1601,10620,3,R$ 190.00,03-Jan-19,1,Pago com sucesso,03-Jan-19
1602,10620,3,R$ 190.00,03-Feb-19,2,Pago com atraso,04-Feb-19
1603,10620,3,R$ 190.00,03-Mar-19,3,Pago com atraso,04-Mar-19
1604,10667,3,R$ 110.00,05-Mar-19,1,Pago com atraso,07-Mar-19
1605,10667,3,R$ 110.00,05-Apr-19,2,Pago com atraso,04-May-19
1606,10667,3,R$ 110.00,05-May-19,3,Pago com atraso,04-Jun-19
1607,10659,5,R$ 100.00,04-Mar-19,1,Pago com atraso,07-Mar-19
1608,10659,5,R$ 100.00,04-Apr-19,2,Pago com sucesso,04-Apr-19
1609,10659,5,R$ 100.00,04-May-19,3,Pago com sucesso,04-Apr-19
1610,10659,5,R$ 100.00,04-Jun-19,4,Pago com sucesso,30-Apr-19
1611,10659,5,R$ 100.00,04-Jul-19,5,Pago com sucesso,06-Jun-19
1612,10660,5,R$ 150.00,04-Mar-19,1,Pago com atraso,07-Mar-19
1613,10660,5,R$ 150.00,04-Apr-19,2,Pago com sucesso,04-Apr-19
1614,10660,5,R$ 150.00,04-May-19,3,Pago com sucesso,26-Apr-19
1615,10660,5,R$ 150.00,04-Jun-19,4,Pago com sucesso,30-May-19
1616,10660,5,R$ 150.00,04-Jul-19,5,Pago com atraso,05-Jul-19
1617,10672,5,R$ 130.00,05-Mar-19,1,Pago com sucesso,02-Mar-19
1618,10672,5,R$ 130.00,05-Apr-19,2,Pago com sucesso,05-Apr-19
1619,10672,5,R$ 130.00,05-May-19,3,Pago com sucesso,03-May-19
1620,10672,5,R$ 130.00,05-Jun-19,4,Pago com atraso,08-Jul-19
1621,10672,5,R$ 130.00,05-Jul-19,5,Pago com atraso,08-Jul-19
1622,10662,3,R$ 185.00,28-Feb-19,1,Pago com atraso,14-Mar-19
1623,10662,3,R$ 185.00,28-Mar-19,2,Pago com sucesso,14-Mar-19
1624,10662,3,R$ 185.00,28-Apr-19,3,Pago com atraso,14-May-19
1625,10668,6,R$ 100.00,28-Mar-19,1,Pago com atraso,28-May-19
1626,10668,6,R$ 100.00,28-Apr-19,2,Pago com atraso,28-May-19
1627,10668,6,R$ 100.00,28-May-19,3,Pago com atraso,26-Sep-19
1628,10668,6,R$ 100.00,28-Jun-19,4,Pago com atraso,26-Sep-19
1629,10668,6,R$ 100.00,28-Jul-19,5,Pago com atraso,11-Nov-19
1630,10668,6,R$ 100.00,28-Aug-19,6,Pago com atraso,11-Nov-19
1631,10675,4,R$ 100.00,10-May-19,1,Pago com sucesso,02-May-19
1632,10675,4,R$ 100.00,10-Jun-19,2,Pago com sucesso,03-Jun-19
1633,10675,4,R$ 100.00,10-Jul-19,3,Pago com sucesso,01-Jul-19
1634,10675,4,R$ 100.00,10-Aug-19,4,Pago com atraso,12-Aug-19
1635,10679,5,R$ 100.00,18-Mar-19,1,Pago com atraso,27-Mar-19
1636,10679,5,R$ 100.00,18-Apr-19,2,Pago com sucesso,27-Mar-19
1637,10679,5,R$ 100.00,18-May-19,3,Pago com sucesso,27-Mar-19
1638,10679,5,R$ 100.00,18-Jun-19,4,Pago com sucesso,27-Mar-19
1639,10679,5,R$ 100.00,18-Jul-19,5,Pago com sucesso,27-Mar-19
1645,10670,6,R$ 195.00,15-Apr-19,1,Pago com atraso,20-Apr-19
1646,10670,6,R$ 195.00,15-May-19,2,Pago com atraso,18-May-19
1647,10670,6,R$ 195.00,15-Jun-19,3,Pago com sucesso,08-Jun-19
1648,10670,6,R$ 195.00,15-Jul-19,4,Pago com sucesso,13-Jul-19
1649,10670,6,R$ 195.00,15-Aug-19,5,Pago com atraso,17-Aug-19
1650,10670,6,R$ 195.00,15-Sep-19,6,Pago com sucesso,14-Sep-19
1651,10671,6,R$ 140.00,15-Mar-19,1,Pago com atraso,02-May-19
1652,10671,6,R$ 140.00,15-Apr-19,2,Pago com atraso,02-May-19
1653,10671,6,R$ 140.00,15-May-19,3,Pago com sucesso,02-May-19
1654,10671,6,R$ 140.00,15-Jun-19,4,Pago com atraso,14-Sep-19
1655,10671,6,R$ 140.00,15-Jul-19,5,Pago com atraso,14-Sep-20
1656,10671,6,R$ 140.00,15-Aug-19,6,Pago com atraso,17-Dec-20
1657,10688,4,R$ 115.00,01-Apr-19,1,Pago com atraso,28-Jun-19
1658,10688,4,R$ 115.00,01-May-19,2,Pago com atraso,28-Jun-19
1659,10688,4,R$ 115.00,01-Jun-19,3,Pago com atraso,17-Oct-19
1660,10688,4,R$ 115.00,01-Jul-19,4,Pago com atraso,17-Oct-19
1661,10691,5,R$ 120.00,15-Apr-19,1,Pago com sucesso,15-Apr-19
1662,10691,5,R$ 120.00,15-May-19,2,Pago com sucesso,15-May-19
1663,10691,5,R$ 120.00,15-Jun-19,3,Pago com sucesso,15-Jun-19
1664,10691,5,R$ 120.00,15-Jul-19,4,Pago com atraso,16-Jul-19
1665,10691,5,R$ 120.00,15-Aug-19,5,Pago com atraso,19-Aug-19
1666,10697,6,R$ 294.00,20-Apr-19,1,Pago com sucesso,16-Apr-19
1667,10697,6,R$ 294.00,20-May-19,2,Pago com sucesso,16-May-19
1668,10697,6,R$ 294.00,20-Jun-19,3,Pago com sucesso,14-Jun-19
1669,10697,6,R$ 294.00,20-Jul-19,4,Pago com atraso,25-Jul-19
1670,10697,6,R$ 294.00,20-Aug-19,5,Pago com atraso,26-Nov-19
1671,10697,6,R$ 294.00,20-Sep-19,6,Pago com atraso,12-Dec-19
1672,10699,2,R$ 160.00,28-Apr-19,1,Pago com atraso,15-Jun-20
1673,10699,2,R$ 160.00,28-May-19,2,Pago com atraso,30-Oct-20
1674,10698,5,R$ 220.00,22-Apr-19,1,Pago com atraso,24-Apr-19
1675,10698,5,R$ 220.00,22-May-19,2,Pago com sucesso,22-May-19
1676,10698,5,R$ 220.00,22-Jun-19,3,Pago com atraso,27-Jun-19
1677,10698,5,R$ 220.00,22-Jul-19,4,Pago com sucesso,22-Jul-19
1678,10698,5,R$ 220.00,22-Aug-19,5,Pago com atraso,04-Sep-19
1679,10694,5,R$ 200.00,05-Aug-19,1,Pago com atraso,06-Aug-19
1680,10694,5,R$ 200.00,05-Sep-19,2,Pago com sucesso,05-Sep-19
1681,10694,5,R$ 200.00,05-Oct-19,3,Pago com atraso,07-Oct-19
1682,10694,5,R$ 200.00,05-Nov-19,4,Pago com sucesso,05-Nov-19
1683,10694,5,R$ 200.00,05-Dec-19,5,Pago com sucesso,05-Dec-19
1684,10702,1,R$ 50.00,06-May-19,1,Pago com atraso,05-Jul-19
1685,10705,3,R$ 100.00,25-May-19,1,Pago com sucesso,24-May-19
1686,10705,3,R$ 100.00,25-Jun-19,2,Pago com sucesso,24-May-19
1687,10705,3,R$ 100.00,25-Jul-19,3,Pago com sucesso,10-Jun-19
1688,10706,8,R$ 150.00,25-Apr-19,1,Pago com sucesso,24-Apr-19
1689,10706,8,R$ 150.00,25-May-19,2,Pago com sucesso,23-May-19
1690,10706,8,R$ 150.00,25-Jun-19,3,Pago com sucesso,25-Jun-19
1691,10706,8,R$ 150.00,25-Jul-19,4,Pago com sucesso,25-Jul-19
1692,10706,8,R$ 150.00,25-Aug-19,5,Pago com atraso,26-Aug-19
1693,10706,8,R$ 150.00,25-Sep-19,6,Pago com atraso,26-Sep-19
1694,10706,8,R$ 150.00,25-Oct-19,7,Pago com sucesso,26-Sep-19
1695,10706,8,R$ 150.00,25-Nov-19,8,Pago com sucesso,26-Sep-19
1696,10707,3,R$ 120.00,05-May-19,1,Pago com atraso,06-May-19
1697,10707,3,R$ 120.00,05-Jun-19,2,Pago com sucesso,04-Jun-19
1698,10707,3,R$ 120.00,05-Jul-19,3,Pago com atraso,08-Jul-19
1699,10715,6,R$ 100.00,05-May-19,1,Pago com atraso,06-May-19
1700,10715,6,R$ 100.00,05-Jun-19,2,Pago com sucesso,05-Jun-19
1701,10715,6,R$ 100.00,05-Jul-19,3,Pago com sucesso,05-Jul-19
1702,10715,6,R$ 100.00,05-Aug-19,4,Pago com atraso,07-Aug-19
1703,10715,6,R$ 100.00,05-Sep-19,5,Pago com atraso,07-Oct-19
1704,10715,6,R$ 100.00,05-Oct-19,6,Pago com atraso,06-Nov-19
1705,10721,2,R$ 100.00,02-Jun-19,1,Aberta,
1706,10721,2,R$ 100.00,02-Jul-19,2,Aberta,
1707,10709,6,R$ 380.00,03-May-19,1,Pago com atraso,07-May-19
1708,10709,6,R$ 380.00,03-Jun-19,2,Pago com atraso,14-Jun-19
1709,10709,6,R$ 380.00,03-Jul-19,3,Pago com atraso,17-Jul-19
1710,10709,6,R$ 380.00,03-Aug-19,4,Pago com atraso,23-Sep-19
1711,10709,6,R$ 380.00,03-Sep-19,5,Pago com atraso,26-Nov-19
1712,10709,6,R$ 380.00,03-Oct-19,6,Pago com atraso,26-May-20
1713,10708,1,R$ 80.00,05-May-19,1,Pago com atraso,09-May-19
1714,10711,5,R$ 100.00,05-May-19,1,Pago com sucesso,03-May-19
1715,10711,5,R$ 100.00,05-Jun-19,2,Pago com sucesso,05-Jun-19
1716,10711,5,R$ 100.00,05-Jul-19,3,Pago com sucesso,01-Jul-19
1717,10711,5,R$ 100.00,05-Aug-19,4,Pago com sucesso,23-Jul-19
1718,10711,5,R$ 100.00,05-Sep-19,5,Pago com sucesso,02-Sep-19
1719,10712,2,R$ 125.00,10-May-19,1,Pago com atraso,11-May-19
1720,10712,2,R$ 125.00,10-Jun-19,2,Pago com atraso,13-Jun-19
1721,10717,6,R$ 186.00,10-May-19,1,Pago com atraso,07-Jun-19
1722,10717,6,R$ 186.00,10-Jun-19,2,Pago com atraso,03-Jul-19
1723,10717,6,R$ 186.00,10-Jul-19,3,Pago com atraso,09-Aug-19
1724,10717,6,R$ 186.00,10-Aug-19,4,Pago com atraso,02-Sep-19
1725,10717,6,R$ 186.00,10-Sep-19,5,Pago com atraso,07-Jan-20
1726,10717,6,R$ 186.00,10-Oct-19,6,Pago com atraso,01-Jun-20
1727,10654,2,R$ 150.00,05-Feb-19,1,Pago com atraso,01-May-19
1728,10654,2,R$ 150.00,05-Mar-19,2,Pago com atraso,01-Jun-19
1729,10723,5,R$ 155.00,25-Jun-19,1,Pago com atraso,27-Jun-19
1730,10723,5,R$ 155.00,25-Jul-19,2,Pago com atraso,29-Jul-19
1731,10723,5,R$ 155.00,25-Aug-19,3,Pago com atraso,27-Aug-19
1732,10723,5,R$ 155.00,25-Sep-19,4,Pago com atraso,27-Sep-19
1733,10723,5,R$ 155.00,25-Oct-19,5,Pago com sucesso,23-Oct-19
1734,10727,5,R$ 170.00,09-Jun-19,1,Pago com atraso,18-Jul-19
1735,10727,5,R$ 170.00,09-Jul-19,2,Pago com atraso,18-Jul-19
1736,10727,5,R$ 170.00,09-Aug-19,3,Pago com atraso,27-Aug-19
1737,10727,5,R$ 170.00,09-Sep-19,4,Pago com atraso,09-Nov-19
1738,10727,5,R$ 170.00,09-Oct-19,5,Pago com atraso,09-Nov-19
1739,10732,6,R$ 195.00,15-Jun-19,1,Pago com sucesso,14-Jun-19
1740,10732,6,R$ 195.00,15-Jul-19,2,Pago com atraso,25-Jul-19
1741,10732,6,R$ 195.00,15-Aug-19,3,Pago com atraso,26-Nov-19
1742,10732,6,R$ 195.00,15-Sep-19,4,Pago com atraso,12-Dec-19
1743,10732,6,R$ 195.00,15-Oct-19,5,Pago com atraso,17-Dec-19
1744,10732,6,R$ 195.00,15-Nov-19,6,Pago com atraso,30-Dec-19
1745,10734,2,R$ 90.00,30-May-19,1,Pago com sucesso,29-May-19
1746,10734,2,R$ 90.00,30-Jun-19,2,Pago com sucesso,27-Jun-19
1747,10735,6,R$ 200.00,06-Jun-19,1,Pago com sucesso,31-May-19
1748,10735,6,R$ 200.00,06-Jul-19,2,Pago com sucesso,02-Jul-19
1749,10735,6,R$ 200.00,06-Aug-19,3,Pago com atraso,12-Aug-19
1750,10735,6,R$ 200.00,06-Sep-19,4,Pago com atraso,09-Sep-19
1751,10735,6,R$ 200.00,06-Oct-19,5,Pago com atraso,14-Oct-19
1752,10735,6,R$ 200.00,06-Nov-19,6,Pago com atraso,27-Nov-19
1753,10738,4,R$ 150.00,30-Jun-19,1,Pago com atraso,09-Jul-19
1754,10738,4,R$ 150.00,30-Jul-19,2,Pago com atraso,19-Aug-19
1755,10738,4,R$ 150.00,30-Aug-19,3,Pago com sucesso,19-Aug-19
1756,10738,4,R$ 150.00,30-Sep-19,4,Pago com atraso,22-Oct-19
1757,10739,4,R$ 125.00,10-Jul-19,1,Pago com sucesso,09-Jul-19
1758,10739,4,R$ 125.00,10-Aug-19,2,Pago com atraso,17-Sep-19
1759,10739,4,R$ 125.00,10-Sep-19,3,Pago com atraso,25-Nov-20
1760,10739,4,R$ 125.00,10-Oct-19,4,Pago com atraso,25-Nov-20
1761,10742,10,R$ 130.00,10-Jul-19,1,Pago com sucesso,10-Jul-19
1762,10742,10,R$ 130.00,10-Aug-19,2,Pago com sucesso,09-Aug-19
1763,10742,10,R$ 130.00,10-Sep-19,3,Pago com sucesso,09-Sep-19
1764,10742,10,R$ 130.00,10-Oct-19,4,Pago com atraso,16-Oct-19
1765,10742,10,R$ 130.00,10-Nov-19,5,Pago com atraso,22-Jan-20
1766,10742,10,R$ 130.00,10-Dec-19,6,Pago com atraso,22-Jan-20
1767,10742,10,R$ 130.00,10-Jan-20,7,Pago com atraso,22-Jan-20
1768,10742,10,R$ 130.00,10-Feb-20,8,Pago com atraso,16-Sep-21
1769,10742,10,R$ 130.00,10-Mar-20,9,Pago com atraso,16-Sep-21
1770,10742,10,R$ 130.00,10-Apr-20,10,Pago com atraso,16-Sep-21
1771,10743,2,R$ 90.00,01-Jul-19,1,Pago com sucesso,01-Jul-19
1772,10743,2,R$ 90.00,01-Aug-19,2,Pago com sucesso,01-Aug-19
1773,10745,4,R$ 175.00,10-Jul-19,1,Pago com sucesso,09-Jul-19
1774,10745,4,R$ 175.00,10-Aug-19,2,Pago com sucesso,07-Aug-19
1775,10745,4,R$ 175.00,10-Sep-19,3,Pago com sucesso,30-Aug-19
1776,10745,4,R$ 175.00,10-Oct-19,4,Pago com sucesso,10-Sep-19
1777,10737,4,R$ 212.50,05-Jul-19,1,Pago com atraso,10-Jul-19
1778,10737,4,R$ 212.50,05-Aug-19,2,Pago com sucesso,10-Jul-19
1779,10737,4,R$ 212.50,05-Sep-19,3,Pago com atraso,19-Sep-19
1780,10737,4,R$ 212.50,05-Oct-19,4,Pago com atraso,23-Nov-19
1781,10740,5,R$ 160.00,05-Jul-19,1,Pago com sucesso,25-Jun-19
1782,10740,5,R$ 160.00,05-Aug-19,2,Pago com sucesso,30-Jul-19
1783,10740,5,R$ 160.00,05-Sep-19,3,Pago com sucesso,23-Aug-19
1784,10740,5,R$ 160.00,05-Oct-19,4,Pago com sucesso,26-Sep-19
1785,10740,5,R$ 160.00,05-Nov-19,5,Pago com sucesso,29-Oct-19
1786,10741,3,R$ 283.33,01-Jul-19,1,Pago com sucesso,01-Jul-19
1787,10741,3,R$ 283.33,01-Aug-19,2,Pago com sucesso,31-Jul-19
1788,10741,3,R$ 283.33,01-Sep-19,3,Pago com atraso,09-Sep-19
1789,10753,5,R$ 160.00,05-Jul-19,1,Pago com atraso,18-Jul-19
1790,10753,5,R$ 160.00,05-Aug-19,2,Pago com atraso,19-Feb-20
1791,10753,5,R$ 160.00,05-Sep-19,3,Pago com atraso,19-Feb-20
1792,10753,5,R$ 160.00,05-Oct-19,4,Aberta,
1793,10753,5,R$ 160.00,05-Nov-19,5,Aberta,
1794,10757,6,R$ 145.00,15-Jul-19,1,Pago com sucesso,15-Jul-19
1795,10757,6,R$ 145.00,15-Aug-19,2,Pago com sucesso,13-Aug-19
1796,10757,6,R$ 145.00,15-Sep-19,3,Pago com sucesso,13-Sep-19
1797,10757,6,R$ 145.00,15-Oct-19,4,Pago com sucesso,11-Oct-19
1798,10757,6,R$ 145.00,15-Nov-19,5,Pago com sucesso,14-Nov-19
1799,10757,6,R$ 145.00,15-Dec-19,6,Pago com sucesso,10-Dec-19
1800,10765,6,R$ 100.00,05-Aug-19,1,Pago com sucesso,01-Aug-19
1801,10765,6,R$ 100.00,05-Sep-19,2,Pago com sucesso,05-Sep-19
1802,10765,6,R$ 100.00,05-Oct-19,3,Pago com atraso,07-Oct-19
1803,10765,6,R$ 100.00,05-Nov-19,4,Pago com atraso,06-Nov-19
1804,10765,6,R$ 100.00,05-Dec-19,5,Pago com atraso,13-Dec-19
1805,10765,6,R$ 100.00,05-Jan-20,6,Pago com atraso,20-Feb-20
1806,10769,5,R$ 140.00,05-Aug-19,1,Pago com sucesso,01-Aug-19
1807,10769,5,R$ 140.00,05-Sep-19,2,Pago com atraso,25-Oct-19
1808,10769,5,R$ 140.00,05-Oct-19,3,Pago com sucesso,10-Sep-19
1809,10769,5,R$ 140.00,05-Nov-19,4,Pago com atraso,06-Nov-19
1810,10769,5,R$ 140.00,05-Dec-19,5,Pago com sucesso,02-Dec-19
1811,10780,4,R$ 120.00,03-Sep-19,1,Pago com atraso,04-Sep-19
1812,10780,4,R$ 120.00,03-Oct-19,2,Pago com atraso,07-Oct-19
1813,10780,4,R$ 120.00,03-Nov-19,3,Pago com atraso,07-Nov-19
1814,10780,4,R$ 120.00,03-Dec-19,4,Pago com atraso,05-Dec-19
1815,10771,5,R$ 150.00,06-Aug-19,1,Pago com sucesso,05-Aug-19
1816,10771,5,R$ 150.00,06-Sep-19,2,Pago com sucesso,03-Sep-19
1817,10771,5,R$ 150.00,06-Oct-19,3,Pago com sucesso,04-Oct-19
1818,10771,5,R$ 150.00,06-Nov-19,4,Pago com sucesso,06-Nov-19
1819,10771,5,R$ 150.00,06-Dec-19,5,Pago com sucesso,05-Dec-19
1820,10770,5,R$ 115.00,20-Aug-19,1,Pago com sucesso,20-Aug-19
1821,10770,5,R$ 115.00,20-Sep-19,2,Pago com atraso,23-Sep-19
1822,10770,5,R$ 115.00,20-Oct-19,3,Pago com atraso,24-Oct-19
1823,10770,5,R$ 115.00,20-Nov-19,4,Aberta,
1824,10770,5,R$ 115.00,20-Dec-19,5,Aberta,
1825,10783,2,R$ 85.00,25-Aug-19,1,Pago com sucesso,22-Aug-19
1826,10783,2,R$ 85.00,25-Sep-19,2,Pago com sucesso,25-Sep-19
1827,10784,6,R$ 110.00,05-Sep-19,1,Pago com atraso,18-Sep-19
1828,10784,6,R$ 110.00,05-Oct-19,2,Pago com atraso,07-Oct-19
1829,10784,6,R$ 110.00,05-Nov-19,3,Pago com atraso,06-Nov-19
1830,10784,6,R$ 110.00,05-Dec-19,4,Pago com atraso,06-Dec-19
1831,10784,6,R$ 110.00,05-Jan-20,5,Pago com atraso,13-Jan-20
1832,10784,6,R$ 110.00,05-Feb-20,6,Pago com atraso,07-Feb-20
1833,10786,4,R$ 150.00,25-Sep-19,1,Pago com atraso,27-Sep-19
1834,10786,4,R$ 150.00,25-Oct-19,2,Pago com sucesso,23-Oct-19
1835,10786,4,R$ 150.00,25-Nov-19,3,Pago com sucesso,22-Nov-19
1836,10786,4,R$ 150.00,25-Dec-19,4,Aberta,
1837,10793,6,R$ 140.00,10-Sep-19,1,Pago com sucesso,09-Sep-19
1838,10793,6,R$ 140.00,10-Oct-19,2,Pago com atraso,14-Oct-19
1839,10793,6,R$ 140.00,10-Nov-19,3,Pago com atraso,12-Nov-19
1840,10793,6,R$ 140.00,10-Dec-19,4,Pago com atraso,16-Dec-19
1841,10793,6,R$ 140.00,10-Jan-20,5,Pago com atraso,13-Jan-20
1842,10793,6,R$ 140.00,10-Feb-20,6,Pago com sucesso,10-Feb-20
1843,10792,5,R$ 140.00,08-Sep-19,1,Pago com atraso,20-Sep-19
1844,10792,5,R$ 140.00,08-Oct-19,2,Pago com sucesso,20-Sep-19
1845,10792,5,R$ 140.00,08-Nov-19,3,Pago com sucesso,17-Oct-19
1846,10792,5,R$ 140.00,08-Dec-19,4,Pago com sucesso,20-Nov-19
1847,10792,5,R$ 140.00,08-Jan-20,5,Pago com sucesso,09-Dec-19
1848,10796,5,R$ 150.00,13-Sep-19,1,Pago com sucesso,13-Sep-19
1849,10796,5,R$ 150.00,13-Oct-19,2,Pago com sucesso,04-Oct-19
1850,10796,5,R$ 150.00,13-Nov-19,3,Pago com sucesso,01-Nov-19
1851,10796,5,R$ 150.00,13-Dec-19,4,Pago com sucesso,10-Dec-19
1852,10796,5,R$ 150.00,13-Jan-20,5,Pago com sucesso,30-Dec-19
1853,10804,5,R$ 200.00,05-Oct-19,1,Pago com atraso,11-Oct-19
1854,10804,5,R$ 200.00,05-Nov-19,2,Pago com atraso,14-Nov-19
1855,10804,5,R$ 200.00,05-Dec-19,3,Pago com atraso,10-Dec-19
1856,10804,5,R$ 200.00,05-Jan-20,4,Pago com atraso,10-Jan-20
1857,10804,5,R$ 200.00,05-Feb-20,5,Pago com atraso,14-Feb-20
1858,10806,1,R$ 120.00,07-Oct-19,1,Pago com atraso,22-Oct-19
1859,10805,3,R$ 150.00,05-Oct-19,1,Pago com atraso,21-Oct-19
1860,10805,3,R$ 150.00,05-Nov-19,2,Pago com atraso,26-Dec-19
1861,10805,3,R$ 150.00,05-Dec-19,3,Pago com atraso,02-Mar-20
1862,10810,3,R$ 100.00,02-Sep-19,1,Pago com atraso,22-Jan-20
1863,10810,3,R$ 100.00,02-Oct-19,2,Aberta,
1864,10810,3,R$ 100.00,02-Nov-19,3,Aberta,
1865,10811,6,R$ 135.00,04-Oct-19,1,Pago com atraso,16-Oct-19
1866,10811,6,R$ 135.00,04-Nov-19,2,Pago com atraso,22-Nov-19
1867,10811,6,R$ 135.00,04-Dec-19,3,Pago com atraso,17-Dec-19
1868,10811,6,R$ 135.00,04-Jan-20,4,Pago com atraso,07-Jan-20
1869,10811,6,R$ 135.00,04-Feb-20,5,Pago com atraso,03-Mar-20
1870,10811,6,R$ 135.00,04-Mar-20,6,Pago com sucesso,03-Mar-20
1871,10812,5,R$ 135.00,05-Oct-19,1,Pago com atraso,05-Dec-19
1872,10812,5,R$ 135.00,05-Nov-19,2,Pago com atraso,05-Dec-19
1873,10812,5,R$ 135.00,05-Dec-19,3,Aberta,
1874,10812,5,R$ 135.00,05-Jan-20,4,Aberta,
1875,10812,5,R$ 135.00,05-Feb-20,5,Aberta,
1876,10813,3,R$ 184.00,07-Oct-19,1,Pago com sucesso,03-Oct-19
1877,10813,3,R$ 184.00,07-Nov-19,2,Pago com sucesso,03-Oct-19
1878,10813,3,R$ 184.00,07-Dec-19,3,Pago com sucesso,03-Oct-19
1879,10815,5,R$ 100.00,05-Oct-19,1,Pago com sucesso,25-Sep-19
1880,10815,5,R$ 100.00,05-Nov-19,2,Pago com sucesso,22-Oct-19
1881,10815,5,R$ 100.00,05-Dec-19,3,Pago com sucesso,02-Dec-19
1882,10815,5,R$ 100.00,05-Jan-20,4,Pago com atraso,06-Jan-20
1883,10815,5,R$ 100.00,05-Feb-20,5,Pago com atraso,06-Feb-20
1884,10816,6,R$ 150.00,06-Oct-19,1,Pago com atraso,09-Oct-19
1885,10816,6,R$ 150.00,06-Nov-19,2,Pago com atraso,13-Dec-19
1886,10816,6,R$ 150.00,06-Dec-19,3,Pago com atraso,08-Feb-20
1887,10816,6,R$ 150.00,06-Jan-20,4,Pago com atraso,07-Apr-20
1888,10816,6,R$ 150.00,06-Feb-20,5,Pago com atraso,07-Apr-20
1889,10816,6,R$ 150.00,06-Mar-20,6,Pago com atraso,12-May-20
1890,10820,5,R$ 150.00,10-Oct-19,1,Pago com sucesso,10-Oct-19
1891,10820,5,R$ 150.00,10-Nov-19,2,Pago com atraso,11-Nov-19
1892,10820,5,R$ 150.00,10-Dec-19,3,Pago com sucesso,10-Dec-19
1893,10820,5,R$ 150.00,10-Jan-20,4,Pago com sucesso,10-Jan-20
1894,10820,5,R$ 150.00,10-Feb-20,5,Pago com sucesso,10-Feb-20
1895,10826,4,R$ 100.00,05-Oct-19,1,Pago com atraso,22-Oct-19
1896,10826,4,R$ 100.00,05-Nov-19,2,Pago com atraso,25-Nov-19
1897,10826,4,R$ 100.00,05-Dec-19,3,Pago com atraso,02-Jan-20
1898,10826,4,R$ 100.00,05-Jan-20,4,Pago com atraso,03-Feb-20
1899,10818,1,R$ 250.00,04-Nov-19,1,Pago com atraso,14-Mar-20
1900,10833,5,R$ 130.00,12-Nov-19,1,Pago com atraso,02-Dec-19
1901,10833,5,R$ 130.00,12-Dec-19,2,Pago com atraso,20-Dec-19
1902,10833,5,R$ 130.00,12-Jan-20,3,Pago com sucesso,02-Jan-20
1903,10833,5,R$ 130.00,12-Feb-20,4,Pago com sucesso,02-Jan-20
1904,10833,5,R$ 130.00,12-Mar-20,5,Pago com sucesso,02-Jan-20
1905,10836,5,R$ 180.00,10-Nov-19,1,Pago com atraso,12-Nov-19
1906,10836,5,R$ 180.00,10-Dec-19,2,Pago com sucesso,10-Dec-19
1907,10836,5,R$ 180.00,10-Jan-20,3,Pago com atraso,14-Jan-20
1908,10836,5,R$ 180.00,10-Feb-20,4,Pago com atraso,17-Feb-20
1909,10836,5,R$ 180.00,10-Mar-20,5,Pago com sucesso,17-Feb-20
1910,10832,4,R$ 90.00,07-Nov-19,1,Pago com atraso,12-Nov-19
1911,10832,4,R$ 90.00,07-Dec-19,2,Pago com atraso,09-Dec-19
1912,10832,4,R$ 90.00,07-Jan-20,3,Pago com atraso,13-Jan-20
1913,10832,4,R$ 90.00,07-Feb-20,4,Pago com atraso,12-Feb-20
1914,10839,5,R$ 170.00,08-Nov-19,1,Pago com sucesso,08-Nov-19
1915,10839,5,R$ 170.00,08-Dec-19,2,Pago com atraso,30-Dec-19
1916,10839,5,R$ 170.00,08-Jan-20,3,Pago com atraso,07-Feb-20
1917,10839,5,R$ 170.00,08-Feb-20,4,Pago com atraso,18-Mar-20
1918,10839,5,R$ 170.00,08-Mar-20,5,Pago com atraso,16-Jul-20
1919,10845,4,R$ 100.00,01-Dec-19,1,Pago com atraso,10-Dec-19
1920,10845,4,R$ 100.00,01-Jan-20,2,Pago com atraso,03-Jan-20
1921,10845,4,R$ 100.00,01-Feb-20,3,Pago com sucesso,29-Jan-20
1922,10845,4,R$ 100.00,01-Mar-20,4,Pago com atraso,07-Mar-20
1923,10851,2,R$ 125.00,30-Nov-19,1,Pago com atraso,06-Dec-19
1924,10851,2,R$ 125.00,30-Dec-19,2,Pago com atraso,21-Dec-22
1925,10837,3,R$ 90.00,05-Nov-19,1,Pago com atraso,06-Nov-19
1926,10837,3,R$ 90.00,05-Dec-19,2,Pago com atraso,13-Dec-19
1927,10837,3,R$ 90.00,05-Jan-20,3,Pago com atraso,20-Feb-20
1928,10842,2,R$ 125.00,10-Nov-19,1,Pago com atraso,16-Nov-19
1929,10842,2,R$ 125.00,10-Dec-19,2,Pago com atraso,20-Jan-20
1930,10860,5,R$ 130.00,05-Jan-20,1,Pago com sucesso,03-Jan-20
1931,10860,5,R$ 130.00,05-Feb-20,2,Pago com sucesso,29-Jan-20
1932,10860,5,R$ 130.00,05-Mar-20,3,Pago com atraso,07-Mar-20
1933,10860,5,R$ 130.00,05-Apr-20,4,Pago com atraso,07-Apr-20
1934,10860,5,R$ 130.00,05-May-20,5,Pago com sucesso,04-May-20
1935,10852,3,R$ 200.00,05-Dec-19,1,Pago com sucesso,03-Dec-19
1936,10852,3,R$ 200.00,05-Jan-20,2,Pago com atraso,07-Jan-20
1937,10852,3,R$ 200.00,05-Feb-20,3,Pago com sucesso,03-Feb-20
1938,10854,4,R$ 97.50,20-Nov-19,1,Pago com atraso,07-Feb-20
1939,10854,4,R$ 97.50,20-Dec-19,2,Pago com atraso,18-Mar-20
1940,10854,4,R$ 97.50,20-Jan-20,3,Pago com atraso,29-Dec-20
1941,10854,4,R$ 97.50,20-Feb-20,4,Pago com atraso,06-Jan-21
1942,10857,5,R$ 245.00,05-Dec-19,1,Pago com atraso,06-Feb-20
1943,10857,5,R$ 245.00,05-Jan-20,2,Pago com atraso,04-May-20
1944,10857,5,R$ 245.00,05-Feb-20,3,Pago com atraso,03-Sep-20
1945,10857,5,R$ 245.00,05-Mar-20,4,Pago com atraso,03-Nov-20
1946,10857,5,R$ 245.00,05-Apr-20,5,Pago com atraso,06-May-21
1947,10858,5,R$ 222.00,10-Dec-19,1,Pago com atraso,11-Dec-19
1948,10858,5,R$ 222.00,10-Jan-20,2,Pago com atraso,30-Mar-20
1949,10858,5,R$ 222.00,10-Feb-20,3,Pago com atraso,30-Mar-20
1950,10858,5,R$ 222.00,10-Mar-20,4,Pago com atraso,30-Mar-20
1951,10858,5,R$ 222.00,10-Apr-20,5,Pago com atraso,20-Apr-20
1952,10862,2,R$ 100.00,05-Jan-20,1,Pago com sucesso,30-Dec-19
1953,10862,2,R$ 100.00,05-Feb-20,2,Pago com atraso,06-Mar-20
1954,10863,2,R$ 125.00,25-Feb-20,1,Pago com atraso,30-Jul-20
1955,10863,2,R$ 125.00,25-Mar-20,2,Pago com atraso,28-Aug-20
1956,10864,5,R$ 100.00,05-Dec-19,1,Pago com atraso,11-Dec-19
1957,10864,5,R$ 100.00,05-Jan-20,2,Pago com atraso,06-Oct-20
1958,10864,5,R$ 100.00,05-Feb-20,3,Pago com atraso,04-Jan-21
1959,10864,5,R$ 100.00,05-Mar-20,4,Pago com atraso,09-Jun-21
1960,10864,5,R$ 100.00,05-Apr-20,5,Pago com atraso,09-Jun-21
1961,10865,6,R$ 120.00,05-Dec-19,1,Pago com atraso,03-Jan-20
1962,10865,6,R$ 120.00,05-Jan-20,2,Pago com atraso,03-Feb-20
1963,10865,6,R$ 120.00,05-Feb-20,3,Pago com atraso,02-Mar-20
1964,10865,6,R$ 120.00,05-Mar-20,4,Pago com atraso,04-May-20
1965,10865,6,R$ 120.00,05-Apr-20,5,Pago com atraso,01-Jun-20
1966,10865,6,R$ 120.00,05-May-20,6,Pago com atraso,06-Jul-20
1967,10869,5,R$ 140.00,04-Jan-20,1,Pago com sucesso,03-Jan-20
1968,10869,5,R$ 140.00,04-Feb-20,2,Pago com sucesso,03-Feb-20
1969,10869,5,R$ 140.00,04-Mar-20,3,Pago com sucesso,02-Mar-20
1970,10869,5,R$ 140.00,04-Apr-20,4,Pago com atraso,04-May-20
1971,10869,5,R$ 140.00,04-May-20,5,Pago com sucesso,04-May-20
1972,10875,4,R$ 100.00,16-Jan-20,1,Pago com atraso,02-Mar-20
1973,10875,4,R$ 100.00,16-Feb-20,2,Pago com atraso,22-May-20
1974,10875,4,R$ 100.00,16-Mar-20,3,Pago com atraso,22-May-20
1975,10875,4,R$ 100.00,16-Apr-20,4,Pago com atraso,08-Jul-20
1976,10874,6,R$ 130.00,10-Jan-20,1,Pago com atraso,01-Feb-20
1977,10874,6,R$ 130.00,10-Feb-20,2,Pago com atraso,04-Jun-20
1978,10874,6,R$ 130.00,10-Mar-20,3,Pago com atraso,01-Jul-20
1979,10874,6,R$ 130.00,10-Apr-20,4,Pago com atraso,27-Aug-20
1980,10874,6,R$ 130.00,10-May-20,5,Pago com atraso,03-Oct-20
1981,10874,6,R$ 130.00,10-Jun-20,6,Pago com atraso,31-Oct-20
1982,10877,5,R$ 100.00,10-Feb-20,1,Pago com atraso,12-Mar-20
1983,10877,5,R$ 100.00,10-Mar-20,2,Pago com atraso,11-May-20
1984,10877,5,R$ 100.00,10-Apr-20,3,Pago com atraso,11-May-20
1985,10877,5,R$ 100.00,10-May-20,4,Pago com atraso,08-Jul-20
1986,10877,5,R$ 100.00,10-Jun-20,5,Pago com atraso,08-Oct-20
1987,10884,4,R$ 100.00,05-Feb-20,1,Pago com atraso,18-Mar-20
1988,10884,4,R$ 100.00,05-Mar-20,2,Pago com sucesso,05-Mar-20
1989,10884,4,R$ 100.00,05-Apr-20,3,Pago com atraso,10-Jun-20
1990,10884,4,R$ 100.00,05-May-20,4,Pago com atraso,12-Nov-20
1991,10880,8,R$ 250.00,20-Jan-20,1,Pago com sucesso,20-Jan-20
1992,10880,8,R$ 250.00,20-Feb-20,2,Pago com sucesso,10-Feb-20
1993,10880,8,R$ 250.00,20-Mar-20,3,Pago com sucesso,06-Mar-20
1994,10880,8,R$ 250.00,20-Apr-20,4,Pago com sucesso,02-Apr-20
1995,10880,8,R$ 250.00,20-May-20,5,Pago com sucesso,04-May-20
1996,10880,8,R$ 250.00,20-Jun-20,6,Pago com sucesso,01-Jun-20
1997,10880,8,R$ 250.00,20-Jul-20,7,Pago com sucesso,02-Jul-20
1998,10880,8,R$ 250.00,20-Aug-20,8,Pago com sucesso,04-Aug-20
1999,10901,6,R$ 165.00,01-Feb-20,1,Pago com sucesso,31-Jan-20
2000,10901,6,R$ 165.00,01-Mar-20,2,Pago com atraso,04-Mar-20
2001,10901,6,R$ 165.00,01-Apr-20,3,Pago com atraso,03-Apr-20
2002,10901,6,R$ 165.00,01-May-20,4,Pago com atraso,17-May-20
2003,10901,6,R$ 165.00,01-Jun-20,5,Pago com sucesso,17-Apr-20
2004,10901,6,R$ 165.00,01-Jul-20,6,Pago com atraso,04-Jul-20
2005,10873,5,R$ 190.00,10-Feb-20,1,Pago com atraso,12-Feb-20
2006,10873,5,R$ 190.00,10-Mar-20,2,Pago com sucesso,02-Mar-20
2007,10873,5,R$ 190.00,10-Apr-20,3,Pago com atraso,13-May-20
2008,10873,5,R$ 190.00,10-May-20,4,Pago com atraso,01-Sep-20
2009,10873,5,R$ 190.00,10-Jun-20,5,Pago com atraso,01-Sep-20
2010,10895,6,R$ 140.00,05-Feb-20,1,Pago com sucesso,04-Feb-20
2011,10895,6,R$ 140.00,05-Mar-20,2,Pago com sucesso,03-Mar-20
2012,10895,6,R$ 140.00,05-Apr-20,3,Pago com sucesso,04-Apr-20
2013,10895,6,R$ 140.00,05-May-20,4,Pago com atraso,18-May-20
2014,10895,6,R$ 140.00,05-Jun-20,5,Pago com sucesso,04-Jun-20
2015,10895,6,R$ 140.00,05-Jul-20,6,Pago com atraso,11-Jul-20
2016,10900,6,R$ 230.00,15-Feb-20,1,Pago com atraso,24-Apr-20
2017,10900,6,R$ 230.00,15-Mar-20,2,Pago com atraso,24-Apr-20
2018,10900,6,R$ 230.00,15-Apr-20,3,Pago com atraso,28-Jul-20
2019,10900,6,R$ 230.00,15-May-20,4,Pago com atraso,30-Nov-20
2020,10900,6,R$ 230.00,15-Jun-20,5,Pago com atraso,02-Aug-21
2021,10900,6,R$ 230.00,15-Jul-20,6,Pago com atraso,02-Aug-21
2022,10907,6,R$ 165.00,06-Feb-20,1,Pago com atraso,10-Feb-20
2023,10907,6,R$ 165.00,06-Mar-20,2,Pago com atraso,09-Dec-20
2024,10907,6,R$ 165.00,06-Apr-20,3,Pago com atraso,13-Dec-21
2025,10907,6,R$ 165.00,06-May-20,4,Pago com atraso,13-Dec-21
2026,10907,6,R$ 165.00,06-Jun-20,5,Pago com atraso,02-Jun-22
2027,10907,6,R$ 165.00,06-Jul-20,6,Pago com atraso,02-Jun-22
2028,10886,5,R$ 130.00,05-Feb-20,1,Pago com atraso,29-Feb-20
2029,10886,5,R$ 130.00,05-Mar-20,2,Pago com atraso,07-Apr-20
2030,10886,5,R$ 130.00,05-Apr-20,3,Pago com atraso,06-Oct-20
2031,10886,5,R$ 130.00,05-May-20,4,Pago com atraso,01-Dec-20
2032,10886,5,R$ 130.00,05-Jun-20,5,Pago com atraso,04-Mar-21
2033,10896,2,R$ 140.00,28-Feb-20,1,Pago com atraso,12-Aug-20
2034,10896,2,R$ 140.00,28-Mar-20,2,Pago com atraso,12-Aug-20
2035,10905,7,R$ 100.00,05-Mar-20,1,Pago com atraso,24-Jul-20
2036,10905,7,R$ 100.00,05-Apr-20,2,Pago com atraso,30-Nov-20
2037,10905,7,R$ 100.00,05-May-20,3,Pago com atraso,02-Feb-21
2038,10905,7,R$ 100.00,05-Jun-20,4,Pago com atraso,13-Mar-21
2039,10905,7,R$ 100.00,05-Jul-20,5,Pago com atraso,08-Apr-21
2040,10905,7,R$ 100.00,05-Aug-20,6,Pago com atraso,04-Jun-21
2041,10905,7,R$ 100.00,05-Sep-20,7,Pago com atraso,17-Aug-21
2042,10916,5,R$ 230.00,25-Mar-20,1,Pago com atraso,07-Apr-20
2043,10916,5,R$ 230.00,25-Apr-20,2,Pago com atraso,05-Jun-20
2044,10916,5,R$ 230.00,25-May-20,3,Pago com atraso,04-Aug-20
2045,10916,5,R$ 230.00,25-Jun-20,4,Pago com atraso,04-Sep-20
2046,10916,5,R$ 230.00,25-Jul-20,5,Pago com atraso,15-Dec-20
2047,10911,4,R$ 145.00,10-Mar-20,1,Pago com atraso,01-Apr-20
2048,10911,4,R$ 145.00,10-Apr-20,2,Pago com atraso,18-May-20
2049,10911,4,R$ 145.00,10-May-20,3,Pago com atraso,27-May-20
2050,10911,4,R$ 145.00,10-Jun-20,4,Pago com atraso,15-Jul-20
2051,10910,3,R$ 200.00,10-Mar-20,1,Pago com atraso,27-Apr-20
2052,10910,3,R$ 200.00,10-Apr-20,2,Aberta,
2053,10910,3,R$ 200.00,10-May-20,3,Aberta,
2056,10922,6,R$ 175.00,10-Mar-20,1,Pago com atraso,16-Mar-20
2057,10922,6,R$ 175.00,10-Apr-20,2,Pago com atraso,12-Aug-20
2058,10922,6,R$ 175.00,10-May-20,3,Pago com atraso,16-Oct-20
2059,10922,6,R$ 175.00,10-Jun-20,4,Pago com atraso,04-Jan-21
2060,10922,6,R$ 175.00,10-Jul-20,5,Pago com atraso,01-Feb-21
2061,10922,6,R$ 175.00,10-Aug-20,6,Pago com atraso,08-Mar-21
2062,10923,4,R$ 90.00,06-Apr-20,1,Pago com atraso,04-May-20
2063,10923,4,R$ 90.00,06-May-20,2,Pago com sucesso,04-May-20
2064,10923,4,R$ 90.00,06-Jun-20,3,Pago com atraso,05-Aug-20
2065,10923,4,R$ 90.00,06-Jul-20,4,Pago com atraso,09-Sep-20
2066,10932,10,R$ 163.00,08-Apr-20,1,Pago com sucesso,08-Apr-20
2067,10932,10,R$ 163.00,08-May-20,2,Pago com atraso,11-May-20
2068,10932,10,R$ 163.00,08-Jun-20,3,Pago com sucesso,05-Jun-20
2069,10932,10,R$ 163.00,08-Jul-20,4,Pago com sucesso,03-Jul-20
2070,10932,10,R$ 163.00,08-Aug-20,5,Pago com sucesso,03-Aug-20
2071,10932,10,R$ 163.00,08-Sep-20,6,Pago com sucesso,06-Aug-20
2072,10932,10,R$ 163.00,08-Oct-20,7,Pago com sucesso,08-Oct-20
2073,10932,10,R$ 163.00,08-Nov-20,8,Pago com sucesso,06-Nov-20
2074,10932,10,R$ 163.00,08-Dec-20,9,Pago com atraso,21-Dec-20
2075,10932,10,R$ 163.00,08-Jan-21,10,Pago com atraso,03-Feb-21
2076,10925,5,R$ 120.00,09-Apr-20,1,Pago com sucesso,09-Apr-20
2077,10925,5,R$ 120.00,09-May-20,2,Pago com atraso,30-May-20
2078,10925,5,R$ 120.00,09-Jun-20,3,Pago com sucesso,02-Jun-20
2079,10925,5,R$ 120.00,09-Jul-20,4,Aberta,
2080,10925,5,R$ 120.00,09-Aug-20,5,Aberta,
2081,10928,6,R$ 160.00,05-Apr-20,1,Pago com atraso,15-Apr-20
2082,10928,6,R$ 160.00,05-May-20,2,Pago com atraso,18-May-20
2083,10928,6,R$ 160.00,05-Jun-20,3,Pago com atraso,16-Jun-20
2084,10928,6,R$ 160.00,05-Jul-20,4,Pago com atraso,06-Jul-20
2085,10928,6,R$ 160.00,05-Aug-20,5,Pago com atraso,07-Aug-20
2086,10928,6,R$ 160.00,05-Sep-20,6,Pago com sucesso,12-Aug-20
2087,10935,4,R$ 397.50,29-May-20,1,Pago com sucesso,28-May-20
2088,10935,4,R$ 397.50,29-Jun-20,2,Pago com atraso,01-Jul-20
2089,10935,4,R$ 397.50,29-Jul-20,3,Pago com atraso,31-Jul-20
2090,10935,4,R$ 397.50,29-Aug-20,4,Pago com sucesso,28-Aug-20
2091,10892,10,R$ 95.00,10-Feb-20,1,Pago com sucesso,10-Feb-20
2092,10892,10,R$ 95.00,10-Mar-20,2,Pago com sucesso,10-Feb-20
2093,10892,10,R$ 95.00,10-Apr-20,3,Pago com sucesso,10-Mar-20
2094,10892,10,R$ 95.00,10-May-20,4,Pago com sucesso,10-Mar-20
2095,10892,10,R$ 95.00,10-Jun-20,5,Pago com sucesso,10-Apr-20
2096,10892,10,R$ 95.00,10-Jul-20,6,Pago com sucesso,10-Apr-20
2097,10892,10,R$ 95.00,10-Aug-20,7,Pago com sucesso,11-May-20
2098,10892,10,R$ 95.00,10-Sep-20,8,Pago com sucesso,11-May-20
2099,10892,10,R$ 95.00,10-Oct-20,9,Pago com sucesso,10-Jun-20
2100,10892,10,R$ 95.00,10-Nov-20,10,Pago com sucesso,10-Jun-20
2101,10931,6,R$ 150.00,10-Apr-20,1,Pago com atraso,05-Jun-20
2102,10931,6,R$ 150.00,10-May-20,2,Pago com atraso,04-Jul-20
2103,10931,6,R$ 150.00,10-Jun-20,3,Pago com atraso,06-Aug-20
2104,10931,6,R$ 150.00,10-Jul-20,4,Pago com atraso,11-Sep-20
2105,10931,6,R$ 150.00,10-Aug-20,5,Pago com atraso,05-Oct-20
2106,10931,6,R$ 150.00,10-Sep-20,6,Pago com atraso,06-Nov-20
2107,10936,6,R$ 185.00,07-May-20,1,Pago com atraso,25-Jun-20
2108,10936,6,R$ 185.00,07-Jun-20,2,Pago com atraso,08-Oct-20
2109,10936,6,R$ 185.00,07-Jul-20,3,Pago com atraso,08-Oct-20
2110,10936,6,R$ 185.00,07-Aug-20,4,Pago com atraso,07-Dec-20
2111,10936,6,R$ 185.00,07-Sep-20,5,Pago com atraso,22-Dec-20
2112,10936,6,R$ 185.00,07-Oct-20,6,Pago com atraso,22-Dec-20
2113,10941,6,R$ 200.00,25-Jun-20,1,Pago com sucesso,25-Jun-20
2114,10941,6,R$ 200.00,25-Jul-20,2,Pago com sucesso,21-Jul-20
2115,10941,6,R$ 200.00,25-Aug-20,3,Pago com sucesso,21-Aug-20
2116,10941,6,R$ 200.00,25-Sep-20,4,Pago com sucesso,21-Sep-20
2117,10941,6,R$ 200.00,25-Oct-20,5,Pago com sucesso,21-Oct-20
2118,10941,6,R$ 200.00,25-Nov-20,6,Pago com sucesso,23-Nov-20
2119,10967,4,R$ 170.00,10-Jul-20,1,Pago com atraso,13-Jul-20
2120,10967,4,R$ 170.00,10-Aug-20,2,Pago com atraso,11-Aug-20
2121,10967,4,R$ 170.00,10-Sep-20,3,Pago com atraso,11-Sep-20
2122,10967,4,R$ 170.00,10-Oct-20,4,Pago com atraso,18-Nov-20
2123,10945,5,R$ 216.00,05-Aug-20,1,Pago com sucesso,03-Aug-20
2124,10945,5,R$ 216.00,05-Sep-20,2,Pago com atraso,09-Sep-20
2125,10945,5,R$ 216.00,05-Oct-20,3,Pago com sucesso,02-Oct-20
2126,10945,5,R$ 216.00,05-Nov-20,4,Pago com sucesso,03-Nov-20
2127,10945,5,R$ 216.00,05-Dec-20,5,Pago com sucesso,01-Dec-20
2128,10950,3,R$ 100.00,15-Jul-20,1,Pago com sucesso,09-Jul-20
2129,10950,3,R$ 100.00,15-Aug-20,2,Pago com sucesso,05-Aug-20
2130,10950,3,R$ 100.00,15-Sep-20,3,Pago com atraso,17-Sep-20
2131,10957,5,R$ 160.00,01-Jul-20,1,Pago com sucesso,01-Jul-20
2132,10957,5,R$ 160.00,01-Aug-20,2,Pago com atraso,05-Sep-20
2133,10957,5,R$ 160.00,01-Sep-20,3,Pago com atraso,05-Sep-20
2134,10957,5,R$ 160.00,01-Oct-20,4,Pago com atraso,13-Oct-20
2135,10957,5,R$ 160.00,01-Nov-20,5,Aberta,
2136,10970,5,R$ 100.00,10-Jul-20,1,Pago com atraso,13-Jul-20
2137,10970,5,R$ 100.00,10-Aug-20,2,Pago com atraso,19-Jul-21
2138,10970,5,R$ 100.00,10-Sep-20,3,Pago com atraso,15-Sep-21
2139,10970,5,R$ 100.00,10-Oct-20,4,Pago com atraso,15-Dec-21
2140,10970,5,R$ 100.00,10-Nov-20,5,Pago com atraso,18-Jan-23
2141,10960,5,R$ 220.00,06-Jul-20,1,Pago com sucesso,02-Jul-20
2142,10960,5,R$ 220.00,06-Aug-20,2,Pago com sucesso,05-Aug-20
2143,10960,5,R$ 220.00,06-Sep-20,3,Pago com sucesso,05-Aug-20
2144,10960,5,R$ 220.00,06-Oct-20,4,Pago com atraso,07-Oct-20
2145,10960,5,R$ 220.00,06-Nov-20,5,Pago com atraso,07-Nov-20
2146,10975,9,R$ 175.00,10-Jul-20,1,Pago com atraso,13-Jul-20
2147,10975,9,R$ 175.00,10-Aug-20,2,Pago com atraso,15-Aug-20
2148,10975,9,R$ 175.00,10-Sep-20,3,Pago com atraso,16-Sep-20
2149,10975,9,R$ 175.00,10-Oct-20,4,Pago com atraso,20-Oct-20
2150,10975,9,R$ 175.00,10-Nov-20,5,Pago com atraso,16-Nov-20
2151,10975,9,R$ 175.00,10-Dec-20,6,Pago com atraso,19-Dec-20
2152,10975,9,R$ 175.00,10-Jan-21,7,Pago com atraso,03-Feb-21
2153,10975,9,R$ 175.00,10-Feb-21,8,Pago com atraso,02-Mar-21
2154,10975,9,R$ 175.00,10-Mar-21,9,Pago com atraso,12-Apr-21
2155,10972,2,R$ 67.50,10-Jul-20,1,Pago com sucesso,10-Jul-20
2156,10972,2,R$ 67.50,10-Aug-20,2,Pago com atraso,09-Oct-20
2157,10976,2,R$ 150.00,25-Dec-20,1,Pago com atraso,22-Mar-21
2158,10976,2,R$ 150.00,25-Jan-21,2,Pago com atraso,22-Apr-21
2163,10983,8,R$ 150.00,02-Aug-20,1,Pago com atraso,03-Aug-20
2164,10983,8,R$ 150.00,02-Sep-20,2,Pago com sucesso,28-Aug-20
2165,10983,8,R$ 150.00,02-Oct-20,3,Pago com sucesso,01-Oct-20
2166,10983,8,R$ 150.00,02-Nov-20,4,Pago com atraso,03-Nov-20
2167,10983,8,R$ 150.00,02-Dec-20,5,Pago com sucesso,30-Nov-20
2168,10983,8,R$ 150.00,02-Jan-21,6,Pago com sucesso,30-Dec-20
2169,10983,8,R$ 150.00,02-Feb-21,7,Pago com sucesso,01-Feb-21
2170,10983,8,R$ 150.00,02-Mar-21,8,Pago com sucesso,01-Mar-21
2171,10984,6,R$ 230.00,03-Aug-20,1,Pago com atraso,04-Sep-20
2172,10984,6,R$ 230.00,03-Sep-20,2,Pago com atraso,05-Oct-20
2173,10984,6,R$ 230.00,03-Oct-20,3,Pago com atraso,12-Nov-22
2174,10984,6,R$ 230.00,03-Nov-20,4,Pago com atraso,12-Nov-22
2175,10984,6,R$ 230.00,03-Dec-20,5,Pago com atraso,12-Nov-22
2176,10984,6,R$ 230.00,03-Jan-21,6,Pago com atraso,12-Nov-22
2177,10988,6,R$ 125.00,30-Jul-20,1,Pago com sucesso,30-Jul-20
2178,10988,6,R$ 125.00,30-Aug-20,2,Pago com atraso,02-Sep-20
2179,10988,6,R$ 125.00,30-Sep-20,3,Pago com sucesso,30-Sep-20
2180,10988,6,R$ 125.00,30-Oct-20,4,Pago com atraso,04-Nov-20
2181,10988,6,R$ 125.00,30-Nov-20,5,Pago com atraso,10-Dec-20
2182,10988,6,R$ 125.00,30-Dec-20,6,Pago com atraso,05-Jan-21
2183,10991,6,R$ 100.00,10-Aug-20,1,Pago com atraso,17-Aug-20
2184,10991,6,R$ 100.00,10-Sep-20,2,Pago com atraso,14-Sep-20
2185,10991,6,R$ 100.00,10-Oct-20,3,Pago com atraso,16-Oct-20
2186,10991,6,R$ 100.00,10-Nov-20,4,Pago com atraso,12-Nov-20
2187,10991,6,R$ 100.00,10-Dec-20,5,Pago com atraso,17-Dec-20
2188,10991,6,R$ 100.00,10-Jan-21,6,Pago com atraso,22-Jan-21
2189,10994,6,R$ 100.00,05-Aug-20,1,Pago com sucesso,03-Aug-20
2190,10994,6,R$ 100.00,05-Sep-20,2,Pago com sucesso,01-Sep-20
2191,10994,6,R$ 100.00,05-Oct-20,3,Pago com sucesso,02-Oct-20
2192,10994,6,R$ 100.00,05-Nov-20,4,Pago com sucesso,05-Nov-20
2193,10994,6,R$ 100.00,05-Dec-20,5,Pago com sucesso,01-Dec-20
2194,10994,6,R$ 100.00,05-Jan-21,6,Pago com sucesso,28-Dec-20
2195,10987,6,R$ 210.00,25-Aug-20,1,Pago com sucesso,21-Aug-20
2196,10987,6,R$ 210.00,25-Sep-20,2,Pago com sucesso,21-Sep-20
2197,10987,6,R$ 210.00,25-Oct-20,3,Pago com sucesso,21-Oct-20
2198,10987,6,R$ 210.00,25-Nov-20,4,Pago com sucesso,23-Nov-20
2199,10987,6,R$ 210.00,25-Dec-20,5,Pago com sucesso,22-Dec-20
2200,10987,6,R$ 210.00,25-Jan-21,6,Pago com sucesso,20-Jan-21
2201,10999,1,R$ 510.00,15-Aug-20,1,Pago com sucesso,15-Aug-20
2202,11001,4,R$ 100.00,15-Aug-20,1,Pago com atraso,17-Aug-20
2203,11001,4,R$ 100.00,15-Sep-20,2,Pago com sucesso,15-Sep-20
2204,11001,4,R$ 100.00,15-Oct-20,3,Pago com sucesso,13-Oct-20
2205,11001,4,R$ 100.00,15-Nov-20,4,Pago com atraso,17-Nov-20
2206,11005,2,R$ 175.00,25-Aug-20,1,Pago com atraso,27-Aug-20
2207,11005,2,R$ 175.00,25-Sep-20,2,Pago com atraso,15-Oct-20
2208,11006,6,R$ 200.00,10-Aug-20,1,Pago com atraso,11-Aug-20
2209,11006,6,R$ 200.00,10-Sep-20,2,Pago com sucesso,09-Sep-20
2210,11006,6,R$ 200.00,10-Oct-20,3,Pago com sucesso,09-Sep-20
2211,11006,6,R$ 200.00,10-Nov-20,4,Pago com sucesso,09-Sep-20
2212,11006,6,R$ 200.00,10-Dec-20,5,Pago com sucesso,09-Sep-20
2213,11006,6,R$ 200.00,10-Jan-21,6,Pago com sucesso,09-Sep-20
2214,11014,5,R$ 150.00,12-Sep-20,1,Pago com sucesso,27-Aug-20
2215,11014,5,R$ 150.00,12-Oct-20,2,Pago com atraso,14-Oct-20
2216,11014,5,R$ 150.00,12-Nov-20,3,Pago com sucesso,12-Nov-20
2217,11014,5,R$ 150.00,12-Dec-20,4,Pago com atraso,15-Dec-20
2218,11014,5,R$ 150.00,12-Jan-21,5,Pago com atraso,13-Jan-21
2219,11013,1,R$ 125.00,04-Sep-20,1,Pago com sucesso,04-Sep-20
2220,11037,6,R$ 174.00,10-Sep-20,1,Pago com sucesso,09-Sep-20
2221,11037,6,R$ 174.00,10-Oct-20,2,Pago com sucesso,08-Oct-20
2222,11037,6,R$ 174.00,10-Nov-20,3,Pago com sucesso,09-Nov-20
2223,11037,6,R$ 174.00,10-Dec-20,4,Pago com sucesso,09-Dec-20
2224,11037,6,R$ 174.00,10-Jan-21,5,Pago com sucesso,08-Jan-21
2225,11037,6,R$ 174.00,10-Feb-21,6,Pago com sucesso,05-Feb-21
2226,11038,6,R$ 314.00,15-Sep-20,1,Pago com atraso,16-Sep-20
2227,11038,6,R$ 314.00,15-Oct-20,2,Pago com atraso,16-Oct-20
2228,11038,6,R$ 314.00,15-Nov-20,3,Pago com atraso,14-Dec-20
2229,11038,6,R$ 314.00,15-Dec-20,4,Pago com atraso,04-Jan-21
2230,11038,6,R$ 314.00,15-Jan-21,5,Pago com atraso,20-Jul-21
2231,11038,6,R$ 314.00,15-Feb-21,6,Pago com atraso,17-Dec-21
2232,11036,5,R$ 100.00,05-Sep-20,1,Pago com atraso,07-Oct-20
2233,11036,5,R$ 100.00,05-Oct-20,2,Pago com atraso,12-Nov-20
2234,11036,5,R$ 100.00,05-Nov-20,3,Pago com atraso,08-May-21
2235,11036,5,R$ 100.00,05-Dec-20,4,Pago com atraso,08-May-21
2236,11036,5,R$ 100.00,05-Jan-21,5,Pago com atraso,12-Jun-21
2237,11016,7,R$ 200.00,05-Oct-20,1,Pago com atraso,22-Dec-20
2238,11016,7,R$ 200.00,05-Nov-20,2,Pago com atraso,22-Dec-20
2239,11016,7,R$ 200.00,05-Dec-20,3,Pago com atraso,06-May-21
2240,11016,7,R$ 200.00,05-Jan-21,4,Pago com atraso,06-May-21
2241,11016,7,R$ 200.00,05-Feb-21,5,Pago com atraso,28-Jun-21
2242,11016,7,R$ 200.00,05-Mar-21,6,Pago com atraso,26-Jul-21
2243,11016,7,R$ 200.00,05-Apr-21,7,Pago com atraso,28-Sep-21
2244,11008,4,R$ 100.00,05-Oct-20,1,Pago com sucesso,05-Oct-20
2245,11008,4,R$ 100.00,05-Nov-20,2,Pago com sucesso,04-Nov-20
2246,11008,4,R$ 100.00,05-Dec-20,3,Pago com atraso,08-Feb-21
2247,11008,4,R$ 100.00,05-Jan-21,4,Pago com atraso,28-Jun-21
2248,11018,2,R$ 80.00,25-Sep-20,1,Pago com sucesso,21-Sep-20
2249,11018,2,R$ 80.00,25-Oct-20,2,Pago com sucesso,21-Oct-20
2250,11032,5,R$ 178.00,10-Sep-20,1,Pago com sucesso,10-Sep-20
2251,11032,5,R$ 178.00,10-Oct-20,2,Pago com sucesso,01-Oct-20
2252,11032,5,R$ 178.00,10-Nov-20,3,Pago com sucesso,10-Nov-20
2253,11032,5,R$ 178.00,10-Dec-20,4,Pago com sucesso,10-Dec-20
2254,11032,5,R$ 178.00,10-Jan-21,5,Pago com atraso,12-Jan-21
2255,11023,4,R$ 120.00,15-Sep-20,1,Pago com atraso,24-Oct-20
2256,11023,4,R$ 120.00,15-Oct-20,2,Pago com atraso,03-Dec-20
2257,11023,4,R$ 120.00,15-Nov-20,3,Pago com atraso,08-Jan-21
2258,11023,4,R$ 120.00,15-Dec-20,4,Aberta,
2259,11042,8,R$ 300.00,01-Oct-20,1,Pago com atraso,09-Mar-21
2260,11042,8,R$ 300.00,01-Nov-20,2,Pago com atraso,23-Mar-21
2261,11042,8,R$ 300.00,01-Dec-20,3,Pago com atraso,27-Apr-21
2262,11042,8,R$ 300.00,01-Jan-21,4,Pago com atraso,27-Apr-21
2263,11042,8,R$ 300.00,01-Feb-21,5,Pago com atraso,12-May-21
2264,11042,8,R$ 300.00,01-Mar-21,6,Pago com atraso,10-Aug-21
2265,11042,8,R$ 300.00,01-Apr-21,7,Pago com atraso,10-Sep-21
2266,11042,8,R$ 300.00,01-May-21,8,Pago com atraso,24-Nov-21
2267,11019,6,R$ 185.00,11-Sep-20,1,Pago com sucesso,28-Aug-20
2268,11019,6,R$ 185.00,11-Oct-20,2,Pago com sucesso,28-Sep-20
2269,11019,6,R$ 185.00,11-Nov-20,3,Pago com atraso,11-Dec-20
2270,11019,6,R$ 185.00,11-Dec-20,4,Pago com sucesso,11-Dec-20
2271,11019,6,R$ 185.00,11-Jan-21,5,Pago com atraso,04-Mar-21
2272,11019,6,R$ 185.00,11-Feb-21,6,Pago com atraso,22-Apr-21
2273,11031,1,R$ 90.00,20-Sep-20,1,Pago com atraso,21-Sep-20
2274,11046,2,R$ 125.00,01-Oct-20,1,Pago com sucesso,01-Oct-20
2275,11046,2,R$ 125.00,01-Nov-20,2,Pago com atraso,05-Nov-20
2276,11044,2,R$ 125.00,30-Sep-20,1,Pago com sucesso,29-Sep-20
2277,11044,2,R$ 125.00,30-Oct-20,2,Pago com atraso,28-Nov-20
2278,11048,3,R$ 115.00,15-Oct-20,1,Pago com sucesso,13-Oct-20
2279,11048,3,R$ 115.00,15-Nov-20,2,Pago com sucesso,11-Nov-20
2280,11048,3,R$ 115.00,15-Dec-20,3,Pago com sucesso,28-Nov-20
2281,11053,6,R$ 250.00,10-Oct-20,1,Pago com sucesso,09-Oct-20
2282,11053,6,R$ 250.00,10-Nov-20,2,Pago com atraso,12-Nov-20
2283,11053,6,R$ 250.00,10-Dec-20,3,Pago com atraso,14-Dec-20
2284,11053,6,R$ 250.00,10-Jan-21,4,Pago com atraso,21-Jan-21
2285,11053,6,R$ 250.00,10-Feb-21,5,Pago com atraso,01-Mar-21
2286,11053,6,R$ 250.00,10-Mar-21,6,Pago com atraso,27-Dec-21
2287,11054,2,R$ 250.00,04-Oct-20,1,Pago com atraso,06-Oct-20
2288,11054,2,R$ 250.00,04-Nov-20,2,Pago com atraso,05-Nov-20
2289,11058,2,R$ 110.00,30-Oct-20,1,Pago com atraso,10-Nov-20
2290,11058,2,R$ 110.00,30-Nov-20,2,Pago com sucesso,10-Nov-20
2291,11060,2,R$ 140.00,05-Nov-20,1,Vencida,
2292,11060,2,R$ 140.00,05-Dec-20,2,Aberta,
2293,11061,6,R$ 195.00,10-Nov-20,1,Pago com atraso,07-Dec-20
2294,11061,6,R$ 195.00,10-Dec-20,2,Pago com atraso,11-Jan-21
2295,11061,6,R$ 195.00,10-Jan-21,3,Pago com atraso,11-Jan-21
2296,11061,6,R$ 195.00,10-Feb-21,4,Pago com atraso,12-Feb-21
2297,11061,6,R$ 195.00,10-Mar-21,5,Pago com atraso,17-Mar-21
2298,11061,6,R$ 195.00,10-Apr-21,6,Pago com atraso,14-Apr-21
2299,11063,4,R$ 120.00,10-Nov-20,1,Pago com atraso,12-Nov-20
2300,11063,4,R$ 120.00,10-Dec-20,2,Pago com atraso,30-Dec-20
2301,11063,4,R$ 120.00,10-Jan-21,3,Pago com sucesso,05-Jan-21
2302,11063,4,R$ 120.00,10-Feb-21,4,Pago com atraso,29-Mar-21
2303,11069,6,R$ 100.00,05-Nov-20,1,Pago com sucesso,03-Nov-20
2304,11069,6,R$ 100.00,05-Dec-20,2,Pago com sucesso,30-Nov-20
2305,11069,6,R$ 100.00,05-Jan-21,3,Pago com sucesso,05-Jan-21
2306,11069,6,R$ 100.00,05-Feb-21,4,Pago com atraso,01-Mar-21
2307,11069,6,R$ 100.00,05-Mar-21,5,Pago com atraso,29-Apr-21
2308,11069,6,R$ 100.00,05-Apr-21,6,Pago com atraso,31-May-21
2310,11088,8,R$ 190.00,05-Nov-20,1,Pago com atraso,18-Nov-20
2311,11088,8,R$ 190.00,05-Dec-20,2,Pago com atraso,07-Dec-20
2312,11088,8,R$ 190.00,05-Jan-21,3,Pago com sucesso,04-Jan-21
2313,11088,8,R$ 190.00,05-Feb-21,4,Pago com sucesso,03-Feb-21
2314,11088,8,R$ 190.00,05-Mar-21,5,Pago com atraso,08-Mar-21
2315,11088,8,R$ 190.00,05-Apr-21,6,Pago com sucesso,01-Apr-21
2316,11088,8,R$ 190.00,05-May-21,7,Pago com sucesso,05-May-21
2317,11088,8,R$ 190.00,05-Jun-21,8,Pago com sucesso,02-Jun-21
2318,11077,2,R$ 175.00,05-Nov-20,1,Pago com atraso,13-Jan-21
2319,11077,2,R$ 175.00,05-Dec-20,2,Pago com atraso,13-Jan-21
2320,11068,1,R$ 300.00,10-Dec-20,1,Aberta,
2321,11095,5,R$ 100.00,25-Nov-20,1,Pago com sucesso,25-Nov-20
2322,11095,5,R$ 100.00,25-Dec-20,2,Pago com atraso,28-Dec-20
2323,11095,5,R$ 100.00,25-Jan-21,3,Pago com sucesso,22-Jan-21
2324,11095,5,R$ 100.00,25-Feb-21,4,Pago com atraso,03-Mar-21
2325,11095,5,R$ 100.00,25-Mar-21,5,Pago com sucesso,23-Mar-21
2326,11073,5,R$ 150.00,25-Nov-20,1,Pago com sucesso,24-Nov-20
2327,11073,5,R$ 150.00,25-Dec-20,2,Pago com sucesso,23-Dec-20
2328,11073,5,R$ 150.00,25-Jan-21,3,Pago com atraso,02-Feb-21
2329,11073,5,R$ 150.00,25-Feb-21,4,Pago com atraso,25-Mar-21
2330,11073,5,R$ 150.00,25-Mar-21,5,Pago com atraso,25-May-21
2331,11079,3,R$ 100.00,25-Nov-20,1,Pago com atraso,22-Dec-20
2332,11079,3,R$ 100.00,25-Dec-20,2,Pago com sucesso,22-Dec-20
2333,11079,3,R$ 100.00,25-Jan-21,3,Pago com atraso,29-Jan-21
2334,11064,2,R$ 190.00,25-Nov-20,1,Pago com atraso,10-Dec-20
2335,11064,2,R$ 190.00,25-Dec-20,2,Pago com sucesso,10-Dec-20
2336,11089,4,R$ 100.00,03-Nov-20,1,Pago com atraso,05-Apr-21
2337,11089,4,R$ 100.00,03-Dec-20,2,Pago com atraso,23-Apr-21
2338,11089,4,R$ 100.00,03-Jan-21,3,Pago com atraso,10-May-21
2339,11089,4,R$ 100.00,03-Feb-21,4,Pago com atraso,10-May-21
2340,11090,4,R$ 100.00,03-Dec-20,1,Pago com sucesso,01-Dec-20
2341,11090,4,R$ 100.00,03-Jan-21,2,Pago com atraso,14-Jan-21
2342,11090,4,R$ 100.00,03-Feb-21,3,Pago com sucesso,01-Feb-21
2343,11090,4,R$ 100.00,03-Mar-21,4,Pago com atraso,08-Mar-21
2344,11104,4,R$ 100.00,03-Dec-20,1,Pago com atraso,07-Jun-21
2345,11104,4,R$ 100.00,03-Jan-21,2,Pago com atraso,07-Jun-21
2346,11104,4,R$ 100.00,03-Feb-21,3,Pago com atraso,21-Jun-21
2347,11104,4,R$ 100.00,03-Mar-21,4,Pago com atraso,21-Jun-21
2348,11105,2,R$ 125.00,03-Dec-20,1,Pago com atraso,21-Jul-21
2349,11105,2,R$ 125.00,03-Jan-21,2,Pago com atraso,30-Aug-21
2350,11110,4,R$ 200.00,10-Dec-20,1,Pago com sucesso,02-Dec-20
2351,11110,4,R$ 200.00,10-Jan-21,2,Pago com sucesso,06-Jan-21
2352,11110,4,R$ 200.00,10-Feb-21,3,Pago com sucesso,09-Feb-21
2353,11110,4,R$ 200.00,10-Mar-21,4,Pago com sucesso,04-Mar-21
2354,11111,4,R$ 200.00,10-Apr-21,1,Pago com atraso,06-May-21
2355,11111,4,R$ 200.00,10-May-21,2,Pago com atraso,08-Nov-21
2356,11111,4,R$ 200.00,10-Jun-21,3,Pago com atraso,08-Nov-21
2357,11111,4,R$ 200.00,10-Jul-21,4,Pago com atraso,08-Nov-21
2358,11123,3,R$ 60.00,05-Dec-20,1,Pago com atraso,18-Dec-20
2359,11123,3,R$ 60.00,05-Jan-21,2,Pago com atraso,01-Feb-21
2360,11123,3,R$ 60.00,05-Feb-21,3,Pago com atraso,31-Mar-21
2361,11131,5,R$ 100.00,06-Jan-21,1,Pago com sucesso,30-Dec-20
2362,11131,5,R$ 100.00,06-Feb-21,2,Pago com sucesso,05-Feb-21
2363,11131,5,R$ 100.00,06-Mar-21,3,Pago com sucesso,05-Mar-21
2364,11131,5,R$ 100.00,06-Apr-21,4,Pago com atraso,08-Apr-21
2365,11131,5,R$ 100.00,06-May-21,5,Pago com atraso,04-Jun-21
2366,11122,6,R$ 95.00,07-Jan-21,1,Pago com sucesso,07-Jan-21
2367,11122,6,R$ 95.00,07-Feb-21,2,Pago com atraso,04-Feb-22
2368,11122,6,R$ 95.00,07-Mar-21,3,Pago com atraso,05-Jul-21
2369,11122,6,R$ 95.00,07-Apr-21,4,Pago com atraso,06-Aug-21
2370,11122,6,R$ 95.00,07-May-21,5,Pago com atraso,06-Sep-21
2371,11122,6,R$ 95.00,07-Jun-21,6,Pago com atraso,05-Oct-21
2372,11098,6,R$ 100.00,05-Jan-21,1,Pago com atraso,10-Feb-21
2373,11098,6,R$ 100.00,05-Feb-21,2,Pago com atraso,01-Jun-21
2374,11098,6,R$ 100.00,05-Mar-21,3,Pago com atraso,05-Jul-21
2375,11098,6,R$ 100.00,05-Apr-21,4,Pago com atraso,06-Sep-21
2376,11098,6,R$ 100.00,05-May-21,5,Aberta,
2377,11098,6,R$ 100.00,05-Jun-21,6,Aberta,
2378,11126,5,R$ 100.00,05-Jan-21,1,Pago com sucesso,05-Jan-21
2379,11126,5,R$ 100.00,05-Feb-21,2,Pago com sucesso,02-Feb-21
2380,11126,5,R$ 100.00,05-Mar-21,3,Pago com atraso,11-Mar-21
2381,11126,5,R$ 100.00,05-Apr-21,4,Pago com atraso,11-Jun-21
2382,11126,5,R$ 100.00,05-May-21,5,Pago com atraso,10-Jul-21
2383,11119,4,R$ 200.00,22-Jan-21,1,Pago com atraso,03-Feb-21
2384,11119,4,R$ 200.00,22-Feb-21,2,Pago com sucesso,03-Feb-21
2385,11119,4,R$ 200.00,22-Mar-21,3,Pago com atraso,25-Mar-21
2386,11119,4,R$ 200.00,22-Apr-21,4,Pago com atraso,27-Apr-21
2387,11134,1,R$ 100.00,26-Feb-21,1,Aberta,
2388,11139,4,R$ 150.00,05-Feb-21,1,Pago com sucesso,03-Feb-21
2389,11139,4,R$ 150.00,05-Mar-21,2,Pago com sucesso,05-Mar-21
2390,11139,4,R$ 150.00,05-Apr-21,3,Pago com sucesso,31-Mar-21
2391,11139,4,R$ 150.00,05-May-21,4,Pago com atraso,06-May-21
2392,11140,2,R$ 50.00,05-Feb-21,1,Pago com sucesso,01-Feb-21
2393,11140,2,R$ 50.00,05-Mar-21,2,Pago com atraso,29-Mar-21
2394,11141,4,R$ 65.00,05-Feb-21,1,Pago com atraso,05-Apr-21
2395,11141,4,R$ 65.00,05-Mar-21,2,Pago com atraso,05-Apr-21
2396,11141,4,R$ 65.00,05-Apr-21,3,Pago com sucesso,05-Apr-21
2397,11141,4,R$ 65.00,05-May-21,4,Pago com sucesso,05-Apr-21
2398,11144,2,R$ 250.00,11-Feb-21,1,Pago com sucesso,10-Feb-21
2399,11144,2,R$ 250.00,11-Mar-21,2,Pago com sucesso,10-Feb-21
2400,11142,4,R$ 140.00,12-Feb-21,1,Pago com sucesso,08-Feb-21
2401,11142,4,R$ 140.00,12-Mar-21,2,Pago com sucesso,06-Mar-21
2402,11142,4,R$ 140.00,12-Apr-21,3,Pago com sucesso,12-Apr-21
2403,11142,4,R$ 140.00,12-May-21,4,Pago com atraso,13-May-21
2404,11147,5,R$ 130.00,10-Feb-21,1,Pago com sucesso,03-Feb-21
2405,11147,5,R$ 130.00,10-Mar-21,2,Pago com atraso,07-Apr-21
2406,11147,5,R$ 130.00,10-Apr-21,3,Pago com sucesso,03-Mar-21
2407,11147,5,R$ 130.00,10-May-21,4,Pago com sucesso,14-Apr-21
2408,11147,5,R$ 130.00,10-Jun-21,5,Pago com sucesso,14-Apr-21
2409,11148,4,R$ 140.00,21-Feb-21,1,Pago com atraso,22-Feb-21
2410,11148,4,R$ 140.00,21-Mar-21,2,Pago com atraso,25-Mar-21
2411,11148,4,R$ 140.00,21-Apr-21,3,Pago com sucesso,21-Apr-21
2412,11148,4,R$ 140.00,21-May-21,4,Pago com sucesso,21-May-21
2413,11151,2,R$ 150.00,01-Mar-21,1,Pago com atraso,05-Mar-21
2414,11151,2,R$ 150.00,01-Apr-21,2,Pago com atraso,07-Apr-21
2415,11157,5,R$ 230.00,02-Mar-21,1,Pago com sucesso,02-Mar-21
2416,11157,5,R$ 230.00,02-Apr-21,2,Pago com atraso,05-Apr-21
2417,11157,5,R$ 230.00,02-May-21,3,Pago com atraso,03-May-21
2418,11157,5,R$ 230.00,02-Jun-21,4,Pago com sucesso,01-Jun-21
2419,11157,5,R$ 230.00,02-Jul-21,5,Pago com atraso,05-Jul-21
2420,11159,4,R$ 100.00,05-Mar-21,1,Pago com atraso,29-Mar-21
2421,11159,4,R$ 100.00,05-Apr-21,2,Pago com atraso,08-Jun-21
2422,11159,4,R$ 100.00,05-May-21,3,Pago com atraso,08-Jun-21
2423,11159,4,R$ 100.00,05-Jun-21,4,Pago com atraso,05-Aug-21
2424,11166,3,R$ 100.00,25-Feb-21,1,Pago com sucesso,25-Feb-21
2425,11166,3,R$ 100.00,25-Mar-21,2,Pago com sucesso,10-Mar-21
2426,11166,3,R$ 100.00,25-Apr-21,3,Pago com sucesso,21-Apr-21
2427,11167,5,R$ 200.00,30-Mar-21,1,Pago com sucesso,11-Mar-21
2428,11167,5,R$ 200.00,30-Apr-21,2,Pago com atraso,14-May-21
2429,11167,5,R$ 200.00,30-May-21,3,Pago com atraso,04-Jun-21
2430,11167,5,R$ 200.00,30-Jun-21,4,Pago com atraso,15-Jul-21
2431,11167,5,R$ 200.00,30-Jul-21,5,Pago com atraso,06-Oct-22
2438,11172,6,R$ 210.00,23-Mar-21,1,Pago com sucesso,22-Mar-21
2439,11172,6,R$ 210.00,23-Apr-21,2,Pago com sucesso,23-Apr-21
2440,11172,6,R$ 210.00,23-May-21,3,Pago com sucesso,21-May-21
2441,11172,6,R$ 210.00,23-Jun-21,4,Pago com sucesso,22-Jun-21
2442,11172,6,R$ 210.00,23-Jul-21,5,Pago com sucesso,22-Jul-21
2443,11172,6,R$ 210.00,23-Aug-21,6,Pago com atraso,25-Aug-21
2444,11173,2,R$ 100.00,05-Apr-21,1,Pago com atraso,10-May-21
2445,11173,2,R$ 100.00,05-May-21,2,Pago com atraso,27-Jul-21
2446,11175,5,R$ 136.00,10-Apr-21,1,Pago com sucesso,06-Apr-21
2447,11175,5,R$ 136.00,10-May-21,2,Pago com sucesso,04-May-21
2448,11175,5,R$ 136.00,10-Jun-21,3,Pago com sucesso,02-Jun-21
2449,11175,5,R$ 136.00,10-Jul-21,4,Pago com sucesso,05-Jul-21
2450,11175,5,R$ 136.00,10-Aug-21,5,Pago com atraso,19-Aug-21
2451,11171,5,R$ 100.00,29-Mar-21,1,Pago com atraso,31-Mar-21
2452,11171,5,R$ 100.00,29-Apr-21,2,Pago com atraso,02-Jun-21
2453,11171,5,R$ 100.00,29-May-21,3,Pago com atraso,02-Jun-21
2454,11171,5,R$ 100.00,29-Jun-21,4,Pago com atraso,30-Jun-21
2455,11171,5,R$ 100.00,29-Jul-21,5,Pago com atraso,27-Aug-21
2456,11180,4,R$ 160.00,29-Apr-21,1,Pago com sucesso,28-Apr-21
2457,11180,4,R$ 160.00,29-May-21,2,Pago com sucesso,28-May-21
2458,11180,4,R$ 160.00,29-Jun-21,3,Pago com sucesso,28-Jun-21
2459,11180,4,R$ 160.00,29-Jul-21,4,Pago com atraso,27-Aug-21
2460,11185,3,R$ 235.00,05-May-21,1,Pago com atraso,07-May-21
2461,11185,3,R$ 235.00,05-Jun-21,2,Pago com atraso,09-Jun-21
2462,11185,3,R$ 235.00,05-Jul-21,3,Pago com sucesso,09-Jun-21
2463,11176,8,R$ 250.00,10-Apr-21,1,Pago com atraso,12-Apr-21
2464,11176,8,R$ 250.00,10-May-21,2,Pago com atraso,19-May-21
2465,11176,8,R$ 250.00,10-Jun-21,3,Pago com sucesso,08-Jun-21
2466,11176,8,R$ 250.00,10-Jul-21,4,Pago com atraso,12-Jul-21
2467,11176,8,R$ 250.00,10-Aug-21,5,Pago com sucesso,10-Aug-21
2468,11176,8,R$ 250.00,10-Sep-21,6,Pago com sucesso,10-Sep-21
2469,11176,8,R$ 250.00,10-Oct-21,7,Pago com atraso,11-Oct-21
2470,11176,8,R$ 250.00,10-Nov-21,8,Pago com atraso,11-Nov-21
2471,11193,6,R$ 300.00,15-May-21,1,Pago com atraso,16-Jun-21
2472,11193,6,R$ 300.00,15-Jun-21,2,Pago com atraso,19-Jul-21
2473,11193,6,R$ 300.00,15-Jul-21,3,Pago com atraso,18-Aug-21
2474,11193,6,R$ 300.00,15-Aug-21,4,Pago com atraso,20-Sep-21
2475,11193,6,R$ 300.00,15-Sep-21,5,Pago com atraso,14-Oct-21
2476,11193,6,R$ 300.00,15-Oct-21,6,Pago com atraso,19-Nov-21
2477,11203,2,R$ 100.00,05-Jun-21,1,Aberta,
2478,11203,2,R$ 100.00,05-Jul-21,2,Aberta,
2479,11194,8,R$ 200.00,22-May-21,1,Pago com sucesso,21-May-21
2480,11194,8,R$ 200.00,22-Jun-21,2,Pago com sucesso,22-Jun-21
2481,11194,8,R$ 200.00,22-Jul-21,3,Pago com sucesso,22-Jul-21
2482,11194,8,R$ 200.00,22-Aug-21,4,Pago com atraso,25-Aug-21
2483,11194,8,R$ 200.00,22-Sep-21,5,Pago com sucesso,22-Sep-21
2484,11194,8,R$ 200.00,22-Oct-21,6,Pago com sucesso,22-Oct-21
2485,11194,8,R$ 200.00,22-Nov-21,7,Pago com sucesso,22-Nov-21
2486,11194,8,R$ 200.00,22-Dec-21,8,Pago com sucesso,21-Dec-21
2487,11200,4,R$ 150.00,28-Jun-21,1,Pago com sucesso,22-May-21
2488,11200,4,R$ 150.00,28-Jul-21,2,Pago com sucesso,19-Jun-21
2489,11200,4,R$ 150.00,28-Aug-21,3,Pago com sucesso,24-Jul-21
2490,11200,4,R$ 150.00,28-Sep-21,4,Pago com sucesso,21-Aug-21
2491,11204,6,R$ 255.00,01-Jun-21,1,Pago com atraso,02-Jun-21
2492,11204,6,R$ 255.00,01-Jul-21,2,Pago com sucesso,01-Jul-21
2493,11204,6,R$ 255.00,01-Aug-21,3,Pago com atraso,04-Aug-21
2494,11204,6,R$ 255.00,01-Sep-21,4,Pago com atraso,14-Sep-21
2495,11204,6,R$ 255.00,01-Oct-21,5,Pago com atraso,19-Oct-21
2496,11204,6,R$ 255.00,01-Nov-21,6,Pago com atraso,08-Nov-21
2497,11208,5,R$ 140.00,30-May-21,1,Pago com atraso,02-Dec-21
2498,11208,5,R$ 140.00,30-Jun-21,2,Pago com atraso,02-Dec-21
2499,11208,5,R$ 140.00,30-Jul-21,3,Pago com atraso,03-Feb-22
2500,11208,5,R$ 140.00,30-Aug-21,4,Pago com atraso,03-Feb-22
2501,11208,5,R$ 140.00,30-Sep-21,5,Pago com atraso,17-Mar-22
2502,11209,6,R$ 135.00,06-Jun-21,1,Pago com sucesso,04-Jun-21
2503,11209,6,R$ 135.00,06-Jul-21,2,Pago com sucesso,05-Jul-21
2504,11209,6,R$ 135.00,06-Aug-21,3,Pago com sucesso,06-Aug-21
2505,11209,6,R$ 135.00,06-Sep-21,4,Pago com sucesso,06-Sep-21
2506,11209,6,R$ 135.00,06-Oct-21,5,Pago com sucesso,05-Oct-21
2507,11209,6,R$ 135.00,06-Nov-21,6,Pago com atraso,09-Nov-21
2508,11210,2,R$ 135.00,02-Jul-21,1,Aberta,
2509,11210,2,R$ 135.00,02-Aug-21,2,Aberta,
2510,11205,3,R$ 170.00,10-Jun-21,1,Pago com atraso,11-Jun-21
2511,11205,3,R$ 170.00,10-Jul-21,2,Pago com sucesso,09-Jul-21
2512,11205,3,R$ 170.00,10-Aug-21,3,Pago com atraso,12-Aug-21
2513,11212,3,R$ 100.00,08-Jun-21,1,Pago com sucesso,08-Jun-21
2514,11212,3,R$ 100.00,08-Jul-21,2,Pago com sucesso,07-Jul-21
2515,11212,3,R$ 100.00,08-Aug-21,3,Pago com atraso,10-Aug-21
2516,11214,5,R$ 100.00,05-Jul-21,1,Pago com sucesso,02-Jul-21
2517,11214,5,R$ 100.00,05-Aug-21,2,Pago com atraso,09-Sep-21
2518,11214,5,R$ 100.00,05-Sep-21,3,Pago com atraso,10-Nov-21
2519,11214,5,R$ 100.00,05-Oct-21,4,Pago com atraso,04-Apr-22
2520,11214,5,R$ 100.00,05-Nov-21,5,Pago com atraso,08-Nov-22
2521,11217,6,R$ 150.00,06-Sep-21,1,Pago com atraso,28-Sep-21
2522,11217,6,R$ 150.00,06-Oct-21,2,Pago com atraso,07-Dec-21
2523,11217,6,R$ 150.00,06-Nov-21,3,Pago com atraso,27-Dec-21
2524,11217,6,R$ 150.00,06-Dec-21,4,Pago com atraso,29-Jan-22
2525,11217,6,R$ 150.00,06-Jan-22,5,Pago com atraso,03-Mar-22
2526,11217,6,R$ 150.00,06-Feb-22,6,Pago com atraso,22-Jul-22
2527,11220,5,R$ 148.00,08-Jun-21,1,Pago com atraso,09-Jun-21
2528,11220,5,R$ 148.00,08-Jul-21,2,Pago com atraso,10-Jul-21
2529,11220,5,R$ 148.00,08-Aug-21,3,Pago com atraso,09-Aug-21
2530,11220,5,R$ 148.00,08-Sep-21,4,Pago com atraso,16-Sep-21
2531,11220,5,R$ 148.00,08-Oct-21,5,Pago com sucesso,08-Oct-21
2532,11222,4,R$ 200.00,04-Jul-21,1,Pago com atraso,10-Aug-21
2533,11222,4,R$ 200.00,04-Aug-21,2,Pago com atraso,24-Jun-22
2534,11222,4,R$ 200.00,04-Sep-21,3,Pago com atraso,25-Sep-23
2535,11222,4,R$ 200.00,04-Oct-21,4,Pago com atraso,25-Sep-23
2536,11225,5,R$ 190.00,10-Jun-21,1,Pago com atraso,06-Jul-21
2537,11225,5,R$ 190.00,10-Jul-21,2,Pago com atraso,02-Aug-21
2538,11225,5,R$ 190.00,10-Aug-21,3,Pago com atraso,06-Sep-21
2539,11225,5,R$ 190.00,10-Sep-21,4,Pago com atraso,05-Oct-21
2540,11225,5,R$ 190.00,10-Oct-21,5,Pago com atraso,03-Nov-21
2541,11226,4,R$ 140.00,08-Jul-21,1,Pago com atraso,09-Jul-21
2542,11226,4,R$ 140.00,08-Aug-21,2,Pago com atraso,09-Aug-21
2543,11226,4,R$ 140.00,08-Sep-21,3,Pago com atraso,09-Oct-21
2544,11226,4,R$ 140.00,08-Oct-21,4,Pago com atraso,08-Nov-21
2545,11229,5,R$ 100.00,22-Oct-21,1,Pago com atraso,22-Jul-22
2546,11229,5,R$ 100.00,22-Nov-21,2,Pago com atraso,31-Aug-22
2547,11229,5,R$ 100.00,22-Dec-21,3,Pago com atraso,31-Aug-22
2548,11229,5,R$ 100.00,22-Jan-22,4,Pago com atraso,31-Aug-22
2549,11229,5,R$ 100.00,22-Feb-22,5,Pago com atraso,31-Aug-22
2550,11234,1,R$ 80.00,20-Jul-21,1,Pago com sucesso,06-Jul-21
2551,11235,1,R$ 280.00,05-Jul-21,1,Pago com atraso,24-Dec-21
2552,11238,4,R$ 110.00,30-Jul-21,1,Pago com sucesso,29-Jul-21
2553,11238,4,R$ 110.00,30-Aug-21,2,Pago com atraso,31-Aug-21
2554,11238,4,R$ 110.00,30-Sep-21,3,Pago com sucesso,30-Sep-21
2555,11238,4,R$ 110.00,30-Oct-21,4,Pago com sucesso,29-Oct-21
2556,11239,2,R$ 125.00,30-Jul-21,1,Pago com atraso,04-Feb-22
2557,11239,2,R$ 125.00,30-Aug-21,2,Pago com atraso,04-Feb-22
2558,11245,2,R$ 170.00,15-Aug-21,1,Aberta,
2559,11245,2,R$ 170.00,15-Sep-21,2,Aberta,
2560,11248,4,R$ 155.00,10-Aug-21,1,Pago com sucesso,05-Aug-21
2561,11248,4,R$ 155.00,10-Sep-21,2,Pago com sucesso,02-Sep-21
2562,11248,4,R$ 155.00,10-Oct-21,3,Pago com sucesso,07-Oct-21
2563,11248,4,R$ 155.00,10-Nov-21,4,Pago com sucesso,09-Nov-21
2564,11250,3,R$ 200.00,02-Aug-21,1,Pago com atraso,04-Aug-21
2565,11250,3,R$ 200.00,02-Sep-21,2,Pago com atraso,03-Sep-21
2566,11250,3,R$ 200.00,02-Oct-21,3,Pago com atraso,06-Jan-22
2567,11263,6,R$ 275.00,30-Aug-21,1,Pago com atraso,31-Aug-21
2568,11263,6,R$ 275.00,30-Sep-21,2,Pago com atraso,31-Jan-22
2569,11263,6,R$ 275.00,30-Oct-21,3,Pago com atraso,04-Jul-22
2570,11263,6,R$ 275.00,30-Nov-21,4,Pago com atraso,01-Nov-22
2571,11263,6,R$ 275.00,30-Dec-21,5,Pago com atraso,13-Apr-23
2572,11263,6,R$ 275.00,30-Jan-22,6,Pago com atraso,05-Jun-23
2573,11264,3,R$ 50.00,03-Sep-21,1,Pago com sucesso,03-Sep-21
2574,11264,3,R$ 50.00,03-Oct-21,2,Pago com sucesso,22-Sep-21
2575,11264,3,R$ 50.00,03-Nov-21,3,Pago com atraso,15-Mar-22
2576,11266,5,R$ 160.00,15-Sep-21,1,Pago com atraso,17-Sep-21
2577,11266,5,R$ 160.00,15-Oct-21,2,Pago com atraso,01-Dec-21
2578,11266,5,R$ 160.00,15-Nov-21,3,Pago com atraso,01-Dec-21
2579,11266,5,R$ 160.00,15-Dec-21,4,Pago com atraso,22-Mar-22
2580,11266,5,R$ 160.00,15-Jan-22,5,Pago com atraso,22-Mar-22
2581,11269,4,R$ 125.00,29-Aug-21,1,Pago com atraso,11-Mar-22
2582,11269,4,R$ 125.00,29-Sep-21,2,Pago com atraso,06-Apr-22
2583,11269,4,R$ 125.00,29-Oct-21,3,Pago com atraso,06-Jun-22
2584,11269,4,R$ 125.00,29-Nov-21,4,Pago com atraso,06-Jun-22
2585,11272,2,R$ 150.00,16-Sep-21,1,Pago com atraso,16-Feb-22
2586,11272,2,R$ 150.00,16-Oct-21,2,Pago com atraso,22-Feb-22
2587,11252,5,R$ 280.00,05-Aug-21,1,Pago com sucesso,05-Aug-21
2588,11252,5,R$ 280.00,05-Sep-21,2,Pago com atraso,06-Sep-21
2589,11252,5,R$ 280.00,05-Oct-21,3,Pago com sucesso,05-Oct-21
2590,11252,5,R$ 280.00,05-Nov-21,4,Pago com atraso,06-Nov-21
2591,11252,5,R$ 280.00,05-Dec-21,5,Pago com sucesso,04-Dec-21
2592,11284,3,R$ 100.00,10-Oct-21,1,Pago com sucesso,07-Oct-21
2593,11284,3,R$ 100.00,10-Nov-21,2,Pago com sucesso,08-Nov-21
2594,11284,3,R$ 100.00,10-Dec-21,3,Pago com sucesso,07-Dec-21
2595,11289,4,R$ 200.00,06-Oct-21,1,Pago com sucesso,06-Oct-21
2596,11289,4,R$ 200.00,06-Nov-21,2,Pago com atraso,07-Dec-21
2597,11289,4,R$ 200.00,06-Dec-21,3,Pago com atraso,12-Jan-22
2598,11289,4,R$ 200.00,06-Jan-22,4,Pago com atraso,05-May-22
2599,11290,4,R$ 150.00,28-Oct-21,1,Pago com atraso,12-Nov-21
2600,11290,4,R$ 150.00,28-Nov-21,2,Pago com atraso,03-Dec-21
2601,11290,4,R$ 150.00,28-Dec-21,3,Pago com atraso,04-Feb-22
2602,11290,4,R$ 150.00,28-Jan-22,4,Pago com atraso,09-Aug-22
2603,11291,2,R$ 75.00,10-Oct-21,1,Pago com atraso,26-Oct-21
2604,11291,2,R$ 75.00,10-Nov-21,2,Pago com atraso,06-Dec-21
2605,11294,4,R$ 210.00,15-Nov-21,1,Pago com sucesso,08-Nov-21
2606,11294,4,R$ 210.00,15-Dec-21,2,Pago com sucesso,03-Dec-21
2607,11294,4,R$ 210.00,15-Jan-22,3,Pago com sucesso,13-Jan-22
2608,11294,4,R$ 210.00,15-Feb-22,4,Pago com sucesso,11-Feb-22
2609,11297,4,R$ 100.00,05-Nov-21,1,Pago com sucesso,29-Oct-21
2610,11297,4,R$ 100.00,05-Dec-21,2,Pago com atraso,06-Jan-22
2611,11297,4,R$ 100.00,05-Jan-22,3,Pago com atraso,06-Jan-22
2612,11297,4,R$ 100.00,05-Feb-22,4,Pago com sucesso,31-Jan-22
2613,11298,8,R$ 550.00,01-Nov-21,1,Pago com atraso,25-Nov-21
2614,11298,8,R$ 550.00,01-Dec-21,2,Pago com atraso,12-Jan-22
2615,11298,8,R$ 550.00,01-Jan-22,3,Pago com atraso,23-Feb-22
2616,11298,8,R$ 550.00,01-Feb-22,4,Pago com atraso,28-Mar-22
2617,11298,8,R$ 550.00,01-Mar-22,5,Pago com atraso,25-May-22
2618,11298,8,R$ 550.00,01-Apr-22,6,Pago com atraso,24-Jun-22
2619,11298,8,R$ 550.00,01-May-22,7,Pago com atraso,26-Sep-22
2620,11298,8,R$ 550.00,01-Jun-22,8,Pago com atraso,02-Nov-22
2621,11303,5,R$ 70.00,05-Nov-21,1,Pago com atraso,06-Nov-21
2622,11303,5,R$ 70.00,05-Dec-21,2,Pago com atraso,07-Dec-21
2623,11303,5,R$ 70.00,05-Jan-22,3,Vencida,
2624,11303,5,R$ 70.00,05-Feb-22,4,Vencida,
2625,11303,5,R$ 70.00,05-Mar-22,5,Vencida,
2626,11312,4,R$ 210.00,10-Dec-21,1,Pago com sucesso,10-Dec-21
2627,11312,4,R$ 210.00,10-Jan-22,2,Pago com sucesso,10-Jan-22
2628,11312,4,R$ 210.00,10-Feb-22,3,Pago com sucesso,04-Feb-22
2629,11312,4,R$ 210.00,10-Mar-22,4,Pago com sucesso,07-Mar-22
2630,11319,5,R$ 140.00,05-Jan-22,1,Pago com atraso,06-Jan-22
2631,11319,5,R$ 140.00,05-Feb-22,2,Pago com atraso,07-Feb-22
2632,11319,5,R$ 140.00,05-Mar-22,3,Pago com atraso,07-Mar-22
2633,11319,5,R$ 140.00,05-Apr-22,4,Pago com atraso,07-Apr-22
2634,11319,5,R$ 140.00,05-May-22,5,Pago com atraso,01-Jul-22
2635,11333,6,R$ 220.00,20-Dec-21,1,Pago com atraso,27-Dec-21
2636,11333,6,R$ 220.00,20-Jan-22,2,Pago com sucesso,08-Jan-22
2637,11333,6,R$ 220.00,20-Feb-22,3,Pago com sucesso,12-Feb-22
2638,11333,6,R$ 220.00,20-Mar-22,4,Pago com sucesso,09-Mar-22
2639,11333,6,R$ 220.00,20-Apr-22,5,Pago com atraso,03-May-22
2640,11333,6,R$ 220.00,20-May-22,6,Pago com sucesso,16-May-22
2641,11338,9,R$ 100.00,05-Jan-22,1,Pago com atraso,03-Feb-22
2642,11338,9,R$ 100.00,05-Feb-22,2,Pago com atraso,11-Mar-22
2643,11338,9,R$ 100.00,05-Mar-22,3,Pago com atraso,04-May-22
2644,11338,9,R$ 100.00,05-Apr-22,4,Pago com atraso,03-Jun-22
2645,11338,9,R$ 100.00,05-May-22,5,Pago com atraso,12-Sep-22
2646,11338,9,R$ 100.00,05-Jun-22,6,Pago com atraso,12-Sep-22
2647,11338,9,R$ 100.00,05-Jul-22,7,Pago com atraso,07-Oct-22
2648,11338,9,R$ 100.00,05-Aug-22,8,Pago com atraso,07-Oct-22
2649,11338,9,R$ 100.00,05-Sep-22,9,Pago com atraso,07-Oct-22
2650,11340,6,R$ 100.00,10-Jan-22,1,Pago com atraso,18-Jan-22
2651,11340,6,R$ 100.00,10-Feb-22,2,Pago com atraso,12-Feb-22
2652,11340,6,R$ 100.00,10-Mar-22,3,Pago com atraso,16-Mar-22
2653,11340,6,R$ 100.00,10-Apr-22,4,Pago com sucesso,09-Apr-22
2654,11340,6,R$ 100.00,10-May-22,5,Pago com sucesso,09-May-22
2655,11340,6,R$ 100.00,10-Jun-22,6,Pago com atraso,11-Jun-22
2656,11346,5,R$ 165.00,10-Feb-22,1,Pago com sucesso,31-Jan-22
2657,11346,5,R$ 165.00,10-Mar-22,2,Pago com sucesso,03-Mar-22
2658,11346,5,R$ 165.00,10-Apr-22,3,Pago com sucesso,05-Apr-22
2659,11346,5,R$ 165.00,10-May-22,4,Pago com sucesso,29-Apr-22
2660,11346,5,R$ 165.00,10-Jun-22,5,Pago com atraso,23-Aug-22
2661,11350,3,R$ 200.00,14-Feb-22,1,Pago com atraso,15-Feb-22
2662,11350,3,R$ 200.00,14-Mar-22,2,Pago com atraso,16-Apr-22
2663,11350,3,R$ 200.00,14-Apr-22,3,Pago com atraso,08-May-23
2664,11354,4,R$ 150.00,15-Feb-22,1,Pago com atraso,19-Feb-22
2665,11354,4,R$ 150.00,15-Mar-22,2,Pago com sucesso,09-Mar-22
2666,11354,4,R$ 150.00,15-Apr-22,3,Pago com sucesso,11-Apr-22
2667,11354,4,R$ 150.00,15-May-22,4,Pago com sucesso,28-Apr-22
2668,11357,4,R$ 134.00,10-Mar-22,1,Pago com sucesso,07-Mar-22
2669,11357,4,R$ 134.00,10-Apr-22,2,Pago com sucesso,08-Apr-22
2670,11357,4,R$ 134.00,10-May-22,3,Pago com atraso,19-May-22
2671,11357,4,R$ 134.00,10-Jun-22,4,Pago com sucesso,02-Jun-22
2672,11365,8,R$ 265.00,15-Mar-22,1,Pago com sucesso,15-Mar-22
2673,11365,8,R$ 265.00,15-Apr-22,2,Pago com atraso,16-Apr-22
2674,11365,8,R$ 265.00,15-May-22,3,Pago com atraso,16-May-22
2675,11365,8,R$ 265.00,15-Jun-22,4,Pago com atraso,29-Jun-22
2676,11365,8,R$ 265.00,15-Jul-22,5,Pago com atraso,26-Jul-22
2677,11365,8,R$ 265.00,15-Aug-22,6,Pago com atraso,22-Aug-22
2678,11365,8,R$ 265.00,15-Sep-22,7,Pago com atraso,29-Sep-22
2679,11365,8,R$ 265.00,15-Oct-22,8,Pago com atraso,22-Oct-22
2680,11373,4,R$ 100.00,04-Apr-22,1,Pago com atraso,22-Apr-22
2681,11373,4,R$ 100.00,04-May-22,2,Pago com atraso,01-Jul-22
2682,11373,4,R$ 100.00,04-Jun-22,3,Pago com atraso,27-Aug-22
2683,11373,4,R$ 100.00,04-Jul-22,4,Pago com atraso,07-Oct-22
2684,11377,5,R$ 100.00,05-Apr-22,1,Pago com atraso,13-Jun-22
2685,11377,5,R$ 100.00,05-May-22,2,Pago com atraso,11-Jul-22
2686,11377,5,R$ 100.00,05-Jun-22,3,Pago com atraso,09-Aug-22
2687,11377,5,R$ 100.00,05-Jul-22,4,Pago com atraso,08-Sep-22
2688,11377,5,R$ 100.00,05-Aug-22,5,Pago com atraso,12-Nov-22
2689,11384,4,R$ 250.00,06-Apr-22,1,Pago com sucesso,22-Mar-22
2690,11384,4,R$ 250.00,06-May-22,2,Pago com sucesso,06-Apr-22
2691,11384,4,R$ 250.00,06-Jun-22,3,Pago com sucesso,27-May-22
2692,11384,4,R$ 250.00,06-Jul-22,4,Pago com sucesso,05-Jul-22
2693,11392,3,R$ 200.00,30-Apr-22,1,Pago com atraso,27-Jul-22
2694,11392,3,R$ 200.00,30-May-22,2,Vencida,
2695,11392,3,R$ 200.00,30-Jun-22,3,Vencida,
2696,11386,11,R$ 100.00,05-Apr-22,1,Pago com atraso,06-Apr-22
2697,11386,11,R$ 100.00,05-May-22,2,Pago com sucesso,06-Apr-22
2698,11386,11,R$ 100.00,05-Jun-22,3,Pago com sucesso,06-Apr-22
2699,11386,11,R$ 100.00,05-Jul-22,4,Pago com sucesso,06-Apr-22
2700,11386,11,R$ 100.00,05-Aug-22,5,Pago com sucesso,06-Apr-22
2701,11386,11,R$ 100.00,05-Sep-22,6,Pago com sucesso,06-Apr-22
2702,11386,11,R$ 100.00,05-Oct-22,7,Pago com sucesso,06-Apr-22
2703,11386,11,R$ 100.00,05-Nov-22,8,Pago com sucesso,06-Apr-22
2704,11386,11,R$ 100.00,05-Dec-22,9,Pago com sucesso,06-Apr-22
2705,11386,11,R$ 100.00,05-Jan-23,10,Pago com sucesso,06-Apr-22
2706,11386,11,R$ 100.00,05-Feb-23,11,Pago com sucesso,30-May-22
2707,11397,5,R$ 100.00,05-May-22,1,Pago com atraso,31-Aug-22
2708,11397,5,R$ 100.00,05-Jun-22,2,Pago com atraso,31-Aug-22
2709,11397,5,R$ 100.00,05-Jul-22,3,Pago com atraso,12-Nov-22
2710,11397,5,R$ 100.00,05-Aug-22,4,Pago com atraso,12-Nov-22
2711,11397,5,R$ 100.00,05-Sep-22,5,Pago com atraso,12-Nov-22
2712,11399,6,R$ 543.00,09-May-22,1,Pago com atraso,12-May-22
2713,11399,6,R$ 543.00,09-Jun-22,2,Pago com atraso,18-Jun-22
2714,11399,6,R$ 543.00,09-Jul-22,3,Pago com atraso,18-Jul-22
2715,11399,6,R$ 543.00,09-Aug-22,4,Pago com atraso,23-Aug-22
2716,11399,6,R$ 543.00,09-Sep-22,5,Pago com atraso,13-Dec-22
2717,11399,6,R$ 543.00,09-Oct-22,6,Pago com atraso,11-Apr-23
2718,11400,5,R$ 400.00,25-Apr-22,1,Pago com atraso,02-May-22
2719,11400,5,R$ 400.00,25-May-22,2,Pago com sucesso,25-May-22
2720,11400,5,R$ 400.00,25-Jun-22,3,Pago com atraso,27-Jun-22
2721,11400,5,R$ 400.00,25-Jul-22,4,Pago com atraso,26-Jul-22
2722,11400,5,R$ 400.00,25-Aug-22,5,Pago com atraso,26-Aug-22
2723,11401,6,R$ 245.00,10-May-22,1,Pago com sucesso,25-Apr-22
2724,11401,6,R$ 245.00,10-Jun-22,2,Pago com sucesso,05-May-22
2725,11401,6,R$ 245.00,10-Jul-22,3,Pago com sucesso,04-Jun-22
2726,11401,6,R$ 245.00,10-Aug-22,4,Pago com sucesso,06-Jul-22
2727,11401,6,R$ 245.00,10-Sep-22,5,Pago com sucesso,04-Aug-22
2728,11401,6,R$ 245.00,10-Oct-22,6,Pago com sucesso,12-Sep-22
2729,11402,3,R$ 200.00,12-May-22,1,Pago com sucesso,12-May-22
2730,11402,3,R$ 200.00,12-Jun-22,2,Pago com atraso,14-Jun-22
2731,11402,3,R$ 200.00,12-Jul-22,3,Pago com sucesso,07-Jul-22
2732,11403,5,R$ 200.00,24-Apr-22,1,Pago com atraso,10-May-22
2733,11403,5,R$ 200.00,24-May-22,2,Pago com atraso,08-Jun-22
2734,11403,5,R$ 200.00,24-Jun-22,3,Pago com atraso,08-Aug-22
2735,11403,5,R$ 200.00,24-Jul-22,4,Pago com atraso,23-Sep-22
2736,11403,5,R$ 200.00,24-Aug-22,5,Pago com atraso,26-Nov-22
2737,11405,7,R$ 245.00,16-May-22,1,Pago com atraso,20-May-22
2738,11405,7,R$ 245.00,16-Jun-22,2,Pago com sucesso,07-Jun-22
2739,11405,7,R$ 245.00,16-Jul-22,3,Pago com sucesso,07-Jul-22
2740,11405,7,R$ 245.00,16-Aug-22,4,Pago com sucesso,08-Aug-22
2741,11405,7,R$ 245.00,16-Sep-22,5,Pago com sucesso,13-Sep-22
2742,11405,7,R$ 245.00,16-Oct-22,6,Pago com atraso,09-Nov-22
2743,11405,7,R$ 245.00,16-Nov-22,7,Pago com atraso,13-Dec-22
2744,11406,4,R$ 225.00,30-Apr-22,1,Vencida,
2745,11406,4,R$ 225.00,30-May-22,2,Vencida,
2746,11406,4,R$ 225.00,30-Jun-22,3,Vencida,
2747,11406,4,R$ 225.00,30-Jul-22,4,Vencida,
2748,11407,10,R$ 120.00,05-May-22,1,Pago com atraso,12-Nov-22
2749,11407,10,R$ 120.00,05-Jun-22,2,Pago com atraso,12-Nov-22
2750,11407,10,R$ 120.00,05-Jul-22,3,Pago com atraso,07-Jan-23
2751,11407,10,R$ 120.00,05-Aug-22,4,Pago com atraso,07-Jan-23
2752,11407,10,R$ 120.00,05-Sep-22,5,Pago com atraso,07-Jan-23
2753,11407,10,R$ 120.00,05-Oct-22,6,Pago com atraso,07-Jan-23
2754,11407,10,R$ 120.00,05-Nov-22,7,Pago com atraso,04-Feb-23
2755,11407,10,R$ 120.00,05-Dec-22,8,Pago com atraso,04-Feb-23
2756,11407,10,R$ 120.00,05-Jan-23,9,Pago com atraso,04-Feb-23
2757,11407,10,R$ 120.00,05-Feb-23,10,Pago com sucesso,04-Feb-23
2758,11409,8,R$ 250.00,23-May-22,1,Pago com sucesso,23-May-22
2759,11409,8,R$ 250.00,23-Jun-22,2,Pago com sucesso,23-Jun-22
2760,11409,8,R$ 250.00,23-Jul-22,3,Pago com sucesso,21-Jul-22
2761,11409,8,R$ 250.00,23-Aug-22,4,Pago com atraso,24-Aug-22
2762,11409,8,R$ 250.00,23-Sep-22,5,Pago com sucesso,22-Sep-22
2763,11409,8,R$ 250.00,23-Oct-22,6,Pago com atraso,25-Oct-22
2764,11409,8,R$ 250.00,23-Nov-22,7,Pago com sucesso,22-Nov-22
2765,11409,8,R$ 250.00,23-Dec-22,8,Pago com sucesso,22-Dec-22
2766,11414,6,R$ 185.00,23-May-22,1,Pago com atraso,25-May-22
2767,11414,6,R$ 185.00,23-Jun-22,2,Pago com sucesso,22-Jun-22
2768,11414,6,R$ 185.00,23-Jul-22,3,Pago com atraso,25-Jul-22
2769,11414,6,R$ 185.00,23-Aug-22,4,Pago com atraso,06-Sep-22
2770,11414,6,R$ 185.00,23-Sep-22,5,Pago com atraso,13-Apr-23
2771,11414,6,R$ 185.00,23-Oct-22,6,Aberta,
2772,11412,3,R$ 100.00,16-May-22,1,Pago com atraso,14-Jun-22
2773,11412,3,R$ 100.00,16-Jun-22,2,Pago com atraso,04-Aug-22
2774,11412,3,R$ 100.00,16-Jul-22,3,Pago com atraso,13-Sep-22
2775,11416,5,R$ 300.00,10-Jun-22,1,Pago com sucesso,10-Jun-22
2776,11416,5,R$ 300.00,10-Jul-22,2,Pago com atraso,11-Jul-22
2777,11416,5,R$ 300.00,10-Aug-22,3,Pago com atraso,11-Aug-22
2778,11416,5,R$ 300.00,10-Sep-22,4,Pago com sucesso,10-Sep-22
2779,11416,5,R$ 300.00,10-Oct-22,5,Pago com atraso,13-Oct-22
2780,11424,5,R$ 100.00,10-Jun-22,1,Pago com sucesso,07-Jun-22
2781,11424,5,R$ 100.00,10-Jul-22,2,Pago com atraso,21-Jul-22
2782,11424,5,R$ 100.00,10-Aug-22,3,Pago com atraso,22-Sep-22
2783,11424,5,R$ 100.00,10-Sep-22,4,Pago com atraso,17-Oct-22
2784,11424,5,R$ 100.00,10-Oct-22,5,Pago com atraso,15-Dec-22
2785,11426,6,R$ 185.00,05-Jul-22,1,Pago com sucesso,05-Jul-22
2786,11426,6,R$ 185.00,05-Aug-22,2,Pago com atraso,01-Sep-22
2787,11426,6,R$ 185.00,05-Sep-22,3,Pago com atraso,04-Nov-22
2788,11426,6,R$ 185.00,05-Oct-22,4,Pago com atraso,06-Feb-23
2789,11426,6,R$ 185.00,05-Nov-22,5,Pago com atraso,07-Mar-23
2790,11426,6,R$ 185.00,05-Dec-22,6,Pago com atraso,17-May-23
2791,11427,3,R$ 50.00,31-May-22,1,Pago com atraso,01-Jun-22
2792,11427,3,R$ 50.00,30-Jun-22,2,Pago com atraso,01-Jul-22
2793,11427,3,R$ 50.00,30-Jul-22,3,Pago com sucesso,01-Jul-22
2794,11435,3,R$ 200.00,30-Jun-22,1,Pago com sucesso,30-Jun-22
2795,11435,3,R$ 200.00,30-Jul-22,2,Pago com sucesso,29-Jul-22
2796,11435,3,R$ 200.00,30-Aug-22,3,Pago com sucesso,30-Aug-22
2797,11438,5,R$ 280.00,05-Jul-22,1,Pago com atraso,11-Jul-22
2798,11438,5,R$ 280.00,05-Aug-22,2,Pago com atraso,11-Aug-22
2799,11438,5,R$ 280.00,05-Sep-22,3,Pago com atraso,10-Sep-22
2800,11438,5,R$ 280.00,05-Oct-22,4,Pago com atraso,13-Oct-22
2801,11438,5,R$ 280.00,05-Nov-22,5,Pago com atraso,11-Nov-22
2802,11439,1,R$ 300.00,05-Jul-22,1,Pago com sucesso,05-Jul-22
2803,11443,5,R$ 100.00,25-Jul-22,1,Pago com atraso,04-Feb-23
2804,11443,5,R$ 100.00,25-Aug-22,2,Pago com atraso,04-Feb-23
2805,11443,5,R$ 100.00,25-Sep-22,3,Pago com atraso,04-Feb-23
2806,11443,5,R$ 100.00,25-Oct-22,4,Pago com atraso,04-Feb-23
2807,11443,5,R$ 100.00,25-Nov-22,5,Pago com atraso,04-Feb-23
2808,11448,4,R$ 100.00,05-Aug-22,1,Pago com sucesso,29-Jul-22
2809,11448,4,R$ 100.00,05-Sep-22,2,Pago com atraso,28-Sep-22
2810,11448,4,R$ 100.00,05-Oct-22,3,Pago com sucesso,28-Sep-22
2811,11448,4,R$ 100.00,05-Nov-22,4,Pago com sucesso,28-Sep-22
2812,11453,8,R$ 212.50,25-Jul-22,1,Pago com atraso,26-Jul-22
2813,11453,8,R$ 212.50,25-Aug-22,2,Pago com sucesso,24-Aug-22
2814,11453,8,R$ 212.50,25-Sep-22,3,Pago com sucesso,20-Sep-22
2815,11453,8,R$ 212.50,25-Oct-22,4,Pago com sucesso,17-Oct-22
2816,11453,8,R$ 212.50,25-Nov-22,5,Pago com sucesso,22-Nov-22
2817,11453,8,R$ 212.50,25-Dec-22,6,Pago com sucesso,19-Dec-22
2818,11453,8,R$ 212.50,25-Jan-23,7,Pago com sucesso,16-Jan-23
2819,11453,8,R$ 212.50,25-Feb-23,8,Pago com sucesso,16-Jan-23
2820,11454,7,R$ 100.00,05-Aug-22,1,Pago com atraso,06-Sep-22
2821,11454,7,R$ 100.00,05-Sep-22,2,Pago com atraso,10-Oct-22
2822,11454,7,R$ 100.00,05-Oct-22,3,Pago com atraso,10-Nov-22
2823,11454,7,R$ 100.00,05-Nov-22,4,Pago com atraso,10-Dec-22
2824,11454,7,R$ 100.00,05-Dec-22,5,Pago com atraso,14-Jan-23
2825,11454,7,R$ 100.00,05-Jan-23,6,Pago com atraso,09-Feb-23
2826,11454,7,R$ 100.00,05-Feb-23,7,Pago com atraso,10-Mar-23
2827,11457,5,R$ 220.00,05-Aug-22,1,Pago com atraso,10-Oct-22
2828,11457,5,R$ 220.00,05-Sep-22,2,Pago com atraso,10-Oct-22
2829,11457,5,R$ 220.00,05-Oct-22,3,Aberta,
2830,11457,5,R$ 220.00,05-Nov-22,4,Aberta,
2831,11457,5,R$ 220.00,05-Dec-22,5,Aberta,
2832,11459,4,R$ 155.00,30-Aug-22,1,Pago com atraso,03-Oct-22
2833,11459,4,R$ 155.00,30-Sep-22,2,Pago com atraso,03-Oct-22
2834,11459,4,R$ 155.00,30-Oct-22,3,Pago com atraso,18-Nov-22
2835,11459,4,R$ 155.00,30-Nov-22,4,Pago com atraso,06-Jun-23
2836,11456,5,R$ 140.00,15-Aug-22,1,Pago com sucesso,15-Aug-22
2837,11456,5,R$ 140.00,15-Sep-22,2,Pago com sucesso,13-Sep-22
2838,11456,5,R$ 140.00,15-Oct-22,3,Pago com sucesso,13-Oct-22
2839,11456,5,R$ 140.00,15-Nov-22,4,Pago com sucesso,14-Nov-22
2840,11456,5,R$ 140.00,15-Dec-22,5,Pago com sucesso,14-Dec-22
2841,11461,1,R$ 250.00,29-Aug-22,1,Pago com atraso,31-Aug-22
2842,11465,5,R$ 165.00,10-Sep-22,1,Pago com atraso,14-Sep-22
2843,11465,5,R$ 165.00,10-Oct-22,2,Pago com atraso,25-Oct-22
2844,11465,5,R$ 165.00,10-Nov-22,3,Pago com atraso,17-Nov-22
2845,11465,5,R$ 165.00,10-Dec-22,4,Pago com atraso,22-Dec-22
2846,11465,5,R$ 165.00,10-Jan-23,5,Pago com atraso,28-Jan-23
2847,11466,3,R$ 100.00,02-Sep-22,1,Pago com atraso,04-Oct-22
2848,11466,3,R$ 100.00,02-Oct-22,2,Aberta,
2849,11466,3,R$ 100.00,02-Nov-22,3,Aberta,
2850,11470,6,R$ 134.00,08-Sep-22,1,Pago com sucesso,06-Sep-22
2851,11470,6,R$ 134.00,08-Oct-22,2,Pago com atraso,10-Oct-22
2852,11470,6,R$ 134.00,08-Nov-22,3,Pago com atraso,10-Nov-22
2853,11470,6,R$ 134.00,08-Dec-22,4,Pago com atraso,10-Dec-22
2854,11470,6,R$ 134.00,08-Jan-23,5,Pago com atraso,14-Jan-23
2855,11470,6,R$ 134.00,08-Feb-23,6,Pago com atraso,09-Feb-23
2856,11478,6,R$ 250.00,17-Sep-22,1,Pago com sucesso,16-Sep-22
2857,11478,6,R$ 250.00,17-Oct-22,2,Pago com sucesso,07-Oct-22
2858,11478,6,R$ 250.00,17-Nov-22,3,Pago com atraso,22-Nov-22
2859,11478,6,R$ 250.00,17-Dec-22,4,Pago com atraso,30-Jan-23
2860,11478,6,R$ 250.00,17-Jan-23,5,Pago com atraso,23-Mar-23
2861,11478,6,R$ 250.00,17-Feb-23,6,Pago com atraso,10-Jun-23
2862,11487,5,R$ 100.00,30-Sep-22,1,Pago com atraso,07-Mar-23
2863,11487,5,R$ 100.00,30-Oct-22,2,Pago com atraso,07-Mar-23
2864,11487,5,R$ 100.00,30-Nov-22,3,Pago com atraso,07-Mar-23
2865,11487,5,R$ 100.00,30-Dec-22,4,Pago com atraso,07-Mar-23
2866,11487,5,R$ 100.00,30-Jan-23,5,Pago com atraso,07-Mar-23
2867,11491,4,R$ 125.00,12-Oct-22,1,Pago com sucesso,22-Sep-22
2868,11491,4,R$ 125.00,12-Nov-22,2,Pago com sucesso,22-Sep-22
2869,11491,4,R$ 125.00,12-Dec-22,3,Pago com sucesso,27-Oct-22
2870,11491,4,R$ 125.00,12-Jan-23,4,Pago com sucesso,29-Nov-22
2871,11496,5,R$ 135.00,15-Oct-22,1,Pago com sucesso,13-Oct-22
2872,11496,5,R$ 135.00,15-Nov-22,2,Pago com sucesso,14-Nov-22
2873,11496,5,R$ 135.00,15-Dec-22,3,Pago com sucesso,14-Dec-22
2874,11496,5,R$ 135.00,15-Jan-23,4,Pago com atraso,16-Jan-23
2875,11496,5,R$ 135.00,15-Feb-23,5,Pago com sucesso,14-Feb-23
2876,11495,5,R$ 150.00,12-Oct-22,1,Pago com atraso,02-Jan-23
2877,11495,5,R$ 150.00,12-Nov-22,2,Pago com atraso,02-Jan-23
2878,11495,5,R$ 150.00,12-Dec-22,3,Pago com atraso,02-Feb-23
2879,11495,5,R$ 150.00,12-Jan-23,4,Pago com atraso,06-May-23
2880,11495,5,R$ 150.00,12-Feb-23,5,Pago com atraso,29-Mar-24
2881,11497,5,R$ 100.00,14-Oct-22,1,Pago com atraso,07-Mar-23
2882,11497,5,R$ 100.00,14-Nov-22,2,Pago com atraso,07-Mar-23
2883,11497,5,R$ 100.00,14-Dec-22,3,Pago com atraso,07-Mar-23
2884,11497,5,R$ 100.00,14-Jan-23,4,Pago com atraso,07-Mar-23
2885,11497,5,R$ 100.00,14-Feb-23,5,Pago com atraso,07-Mar-23
2886,11502,4,R$ 325.00,20-Oct-22,1,Pago com atraso,31-May-23
2887,11502,4,R$ 325.00,20-Nov-22,2,Pago com atraso,07-Jul-23
2888,11502,4,R$ 325.00,20-Dec-22,3,Pago com atraso,28-Oct-23
2889,11502,4,R$ 325.00,20-Jan-23,4,Pago com atraso,04-Jun-24
2890,11503,5,R$ 100.00,21-Oct-22,1,Pago com atraso,03-Apr-23
2891,11503,5,R$ 100.00,21-Nov-22,2,Pago com atraso,03-Apr-23
2892,11503,5,R$ 100.00,21-Dec-22,3,Pago com atraso,03-Apr-23
2893,11503,5,R$ 100.00,21-Jan-23,4,Pago com atraso,06-May-23
2894,11503,5,R$ 100.00,21-Feb-23,5,Pago com atraso,06-May-23
2895,11504,2,R$ 100.00,21-Oct-22,1,Pago com atraso,26-Jan-23
2896,11504,2,R$ 100.00,21-Nov-22,2,Pago com atraso,06-Mar-23
2897,11506,5,R$ 100.00,24-Oct-22,1,Pago com atraso,06-May-23
2898,11506,5,R$ 100.00,24-Nov-22,2,Pago com atraso,13-Jun-23
2899,11506,5,R$ 100.00,24-Dec-22,3,Pago com atraso,13-Jun-23
2900,11506,5,R$ 100.00,24-Jan-23,4,Pago com atraso,13-Jun-23
2901,11506,5,R$ 100.00,24-Feb-23,5,Pago com atraso,01-Aug-23
2902,11509,5,R$ 100.00,29-Oct-22,1,Pago com atraso,01-Aug-23
2903,11509,5,R$ 100.00,29-Nov-22,2,Pago com atraso,01-Aug-23
2904,11509,5,R$ 100.00,29-Dec-22,3,Pago com atraso,01-Sep-23
2905,11509,5,R$ 100.00,29-Jan-23,4,Pago com atraso,01-Sep-23
2906,11509,5,R$ 100.00,28-Feb-23,5,Pago com atraso,01-Sep-23
2907,11512,5,R$ 100.00,05-Nov-22,1,Pago com atraso,14-Dec-23
2908,11512,5,R$ 100.00,05-Dec-22,2,Pago com atraso,14-Dec-23
2909,11512,5,R$ 100.00,05-Jan-23,3,Pago com atraso,14-Dec-23
2910,11512,5,R$ 100.00,05-Feb-23,4,Pago com atraso,29-Jan-24
2911,11512,5,R$ 100.00,05-Mar-23,5,Pago com atraso,29-Jan-24
2912,11513,5,R$ 100.00,03-Nov-22,1,Pago com atraso,03-Oct-23
2913,11513,5,R$ 100.00,03-Dec-22,2,Pago com atraso,03-Oct-23
2914,11513,5,R$ 100.00,03-Jan-23,3,Pago com atraso,03-Oct-23
2915,11513,5,R$ 100.00,03-Feb-23,4,Pago com atraso,16-Nov-23
2916,11513,5,R$ 100.00,03-Mar-23,5,Pago com atraso,16-Nov-23
2917,11519,4,R$ 175.00,06-Dec-22,1,Pago com sucesso,08-Nov-22
2918,11519,4,R$ 175.00,06-Jan-23,2,Pago com sucesso,07-Dec-22
2919,11519,4,R$ 175.00,06-Feb-23,3,Pago com sucesso,09-Jan-23
2920,11519,4,R$ 175.00,06-Mar-23,4,Pago com sucesso,10-Feb-23
2921,11524,4,R$ 95.00,27-Nov-22,1,Pago com sucesso,23-Nov-22
2922,11524,4,R$ 95.00,27-Dec-22,2,Pago com sucesso,13-Dec-22
2923,11524,4,R$ 95.00,27-Jan-23,3,Pago com atraso,06-Feb-23
2924,11524,4,R$ 95.00,27-Feb-23,4,Pago com atraso,24-Mar-23
2925,11534,4,R$ 160.00,28-Dec-22,1,Pago com sucesso,12-Dec-22
2926,11534,4,R$ 160.00,28-Jan-23,2,Pago com atraso,31-Jan-23
2927,11534,4,R$ 160.00,28-Feb-23,3,Pago com sucesso,28-Feb-23
2928,11534,4,R$ 160.00,28-Mar-23,4,Pago com atraso,11-Apr-23
2929,11539,6,R$ 140.00,05-Dec-22,1,Pago com sucesso,05-Dec-22
2930,11539,6,R$ 140.00,05-Jan-23,2,Pago com sucesso,03-Jan-23
2931,11539,6,R$ 140.00,05-Feb-23,3,Pago com sucesso,01-Feb-23
2932,11539,6,R$ 140.00,05-Mar-23,4,Pago com atraso,06-Mar-23
2933,11539,6,R$ 140.00,05-Apr-23,5,Pago com atraso,10-Apr-23
2934,11539,6,R$ 140.00,05-May-23,6,Pago com atraso,11-May-23
2935,11530,5,R$ 200.00,12-Dec-22,1,Pago com atraso,03-Jul-23
2936,11530,5,R$ 200.00,12-Jan-23,2,Aberta,
2937,11530,5,R$ 200.00,12-Feb-23,3,Aberta,
2938,11530,5,R$ 200.00,12-Mar-23,4,Aberta,
2939,11530,5,R$ 200.00,12-Apr-23,5,Aberta,
2940,11544,5,R$ 100.00,07-Jan-23,1,Pago com sucesso,06-Jan-23
2941,11544,5,R$ 100.00,07-Feb-23,2,Pago com atraso,14-Feb-23
2942,11544,5,R$ 100.00,07-Mar-23,3,Pago com atraso,28-Jun-23
2943,11544,5,R$ 100.00,07-Apr-23,4,Pago com atraso,29-Aug-23
2944,11544,5,R$ 100.00,07-May-23,5,Pago com atraso,20-Sep-23
2945,11554,2,R$ 100.00,06-Feb-23,1,Pago com atraso,10-Feb-23
2946,11554,2,R$ 100.00,06-Mar-23,2,Pago com sucesso,06-Mar-23
2947,11565,6,R$ 165.00,20-Feb-23,1,Pago com sucesso,17-Feb-23
2948,11565,6,R$ 165.00,20-Mar-23,2,Pago com sucesso,15-Mar-23
2949,11565,6,R$ 165.00,20-Apr-23,3,Pago com sucesso,14-Apr-23
2950,11565,6,R$ 165.00,20-May-23,4,Pago com sucesso,15-May-23
2951,11565,6,R$ 165.00,20-Jun-23,5,Pago com sucesso,14-Jun-23
2952,11565,6,R$ 165.00,20-Jul-23,6,Pago com sucesso,14-Jun-23
2953,11569,8,R$ 150.00,10-Feb-23,1,Pago com sucesso,06-Feb-23
2954,11569,8,R$ 150.00,10-Mar-23,2,Pago com sucesso,02-Mar-23
2955,11569,8,R$ 150.00,10-Apr-23,3,Pago com sucesso,04-Apr-23
2956,11569,8,R$ 150.00,10-May-23,4,Pago com sucesso,03-May-23
2957,11569,8,R$ 150.00,10-Jun-23,5,Pago com sucesso,31-May-23
2958,11569,8,R$ 150.00,10-Jul-23,6,Pago com atraso,17-Jul-23
2959,11569,8,R$ 150.00,10-Aug-23,7,Pago com atraso,30-Aug-23
2960,11569,8,R$ 150.00,10-Sep-23,8,Pago com atraso,25-Sep-23
2961,11570,8,R$ 150.00,10-Feb-23,1,Pago com sucesso,06-Feb-23
2962,11570,8,R$ 150.00,10-Mar-23,2,Pago com sucesso,01-Mar-23
2963,11570,8,R$ 150.00,10-Apr-23,3,Pago com sucesso,04-Apr-23
2964,11570,8,R$ 150.00,10-May-23,4,Pago com sucesso,03-May-23
2965,11570,8,R$ 150.00,10-Jun-23,5,Pago com sucesso,31-May-23
2966,11570,8,R$ 150.00,10-Jul-23,6,Pago com atraso,17-Jul-23
2967,11570,8,R$ 150.00,10-Aug-23,7,Pago com atraso,30-Aug-23
2968,11570,8,R$ 150.00,10-Sep-23,8,Pago com atraso,25-Sep-23
2969,11574,8,R$ 200.00,10-Feb-23,1,Pago com sucesso,10-Feb-23
2970,11574,8,R$ 200.00,10-Mar-23,2,Pago com sucesso,10-Mar-23
2971,11574,8,R$ 200.00,10-Apr-23,3,Pago com sucesso,10-Apr-23
2972,11574,8,R$ 200.00,10-May-23,4,Pago com sucesso,03-May-23
2973,11574,8,R$ 200.00,10-Jun-23,5,Pago com atraso,15-Jun-23
2974,11574,8,R$ 200.00,10-Jul-23,6,Pago com atraso,12-Jul-23
2975,11574,8,R$ 200.00,10-Aug-23,7,Pago com sucesso,08-Aug-23
2976,11574,8,R$ 200.00,10-Sep-23,8,Pago com atraso,11-Sep-23
2977,11578,8,R$ 200.00,28-Feb-23,1,Pago com sucesso,28-Feb-23
2978,11578,8,R$ 200.00,28-Mar-23,2,Pago com atraso,03-Apr-23
2979,11578,8,R$ 200.00,28-Apr-23,3,Pago com atraso,02-May-23
2980,11578,8,R$ 200.00,28-May-23,4,Pago com atraso,01-Jun-23
2981,11578,8,R$ 200.00,28-Jun-23,5,Pago com atraso,03-Jul-23
2982,11578,8,R$ 200.00,28-Jul-23,6,Pago com atraso,03-Aug-23
2983,11578,8,R$ 200.00,28-Aug-23,7,Pago com atraso,04-Sep-23
2984,11578,8,R$ 200.00,28-Sep-23,8,Pago com atraso,02-Oct-23
2985,11579,5,R$ 380.00,05-Jun-23,1,Pago com atraso,29-Jan-24
2986,11579,5,R$ 380.00,05-Jul-23,2,Pago com atraso,01-Aug-24
2987,11579,5,R$ 380.00,05-Aug-23,3,Pago com atraso,01-Nov-24
2988,11579,5,R$ 380.00,05-Sep-23,4,Pago com atraso,07-Feb-25
2989,11579,5,R$ 380.00,05-Oct-23,5,Pago com atraso,27-Jun-25
2990,11580,6,R$ 230.00,10-Feb-23,1,Pago com atraso,11-Feb-23
2991,11580,6,R$ 230.00,10-Mar-23,2,Pago com atraso,23-Mar-23
2992,11580,6,R$ 230.00,10-Apr-23,3,Pago com sucesso,10-Apr-23
2993,11580,6,R$ 230.00,10-May-23,4,Pago com sucesso,10-May-23
2994,11580,6,R$ 230.00,10-Jun-23,5,Pago com atraso,13-Jun-23
2995,11580,6,R$ 230.00,10-Jul-23,6,Aberta,
2996,11582,4,R$ 275.00,10-Feb-23,1,Pago com sucesso,10-Feb-23
2997,11582,4,R$ 275.00,10-Mar-23,2,Pago com sucesso,08-Mar-23
2998,11582,4,R$ 275.00,10-Apr-23,3,Pago com atraso,09-May-23
2999,11582,4,R$ 275.00,10-May-23,4,Pago com atraso,12-Jun-23
3000,11586,5,R$ 125.00,10-Mar-23,1,Pago com sucesso,07-Mar-23
3001,11586,5,R$ 125.00,10-Apr-23,2,Pago com sucesso,10-Apr-23
3002,11586,5,R$ 125.00,10-May-23,3,Pago com sucesso,08-May-23
3003,11586,5,R$ 125.00,10-Jun-23,4,Pago com sucesso,08-Jun-23
3004,11586,5,R$ 125.00,10-Jul-23,5,Pago com sucesso,07-Jul-23
3005,11589,6,R$ 185.00,02-Mar-23,1,Pago com sucesso,27-Feb-23
3006,11589,6,R$ 185.00,02-Apr-23,2,Pago com sucesso,29-Mar-23
3007,11589,6,R$ 185.00,02-May-23,3,Pago com atraso,29-May-23
3008,11589,6,R$ 185.00,02-Jun-23,4,Pago com atraso,28-Jun-23
3009,11589,6,R$ 185.00,02-Jul-23,5,Pago com atraso,29-Aug-23
3010,11589,6,R$ 185.00,02-Aug-23,6,Pago com atraso,20-Sep-23
3011,11594,6,R$ 500.00,01-Mar-23,1,Pago com sucesso,01-Mar-23
3012,11594,6,R$ 500.00,01-Apr-23,2,Pago com sucesso,31-Mar-23
3013,11594,6,R$ 500.00,01-May-23,3,Pago com sucesso,28-Apr-23
3014,11594,6,R$ 500.00,01-Jun-23,4,Pago com sucesso,31-May-23
3015,11594,6,R$ 500.00,01-Jul-23,5,Pago com sucesso,29-Jun-23
3016,11594,6,R$ 500.00,01-Aug-23,6,Pago com sucesso,01-Aug-23
3017,11597,6,R$ 165.00,10-Apr-23,1,Pago com atraso,09-May-23
3018,11597,6,R$ 165.00,10-May-23,2,Pago com atraso,07-Jun-23
3019,11597,6,R$ 165.00,10-Jun-23,3,Pago com atraso,07-Jul-23
3020,11597,6,R$ 165.00,10-Jul-23,4,Pago com atraso,07-Oct-23
3021,11597,6,R$ 165.00,10-Aug-23,5,Pago com atraso,09-Nov-23
3022,11597,6,R$ 165.00,10-Sep-23,6,Pago com atraso,09-Dec-23
3023,11601,3,R$ 167.00,04-Apr-23,1,Pago com atraso,10-Apr-23
3024,11601,3,R$ 167.00,04-May-23,2,Pago com atraso,09-May-23
3025,11601,3,R$ 167.00,04-Jun-23,3,Pago com sucesso,09-May-23
3026,11602,7,R$ 100.00,22-Mar-23,1,Pago com sucesso,21-Mar-23
3027,11602,7,R$ 100.00,22-Apr-23,2,Pago com atraso,24-Apr-23
3028,11602,7,R$ 100.00,22-May-23,3,Pago com sucesso,22-May-23
3029,11602,7,R$ 100.00,22-Jun-23,4,Pago com sucesso,21-Jun-23
3030,11602,7,R$ 100.00,22-Jul-23,5,Pago com sucesso,21-Jul-23
3031,11602,7,R$ 100.00,22-Aug-23,6,Pago com sucesso,21-Aug-23
3032,11602,7,R$ 100.00,22-Sep-23,7,Pago com sucesso,22-Sep-23
3033,11603,2,R$ 295.00,06-Apr-23,1,Pago com sucesso,03-Apr-23
3034,11603,2,R$ 295.00,06-May-23,2,Pago com sucesso,03-Apr-23
3035,11604,3,R$ 150.00,06-Apr-23,1,Pago com atraso,05-May-23
3036,11604,3,R$ 150.00,06-May-23,2,Pago com atraso,03-Aug-23
3037,11604,3,R$ 150.00,06-Jun-23,3,Pago com atraso,03-Aug-23
3038,11605,4,R$ 150.00,05-May-23,1,Pago com atraso,17-May-23
3039,11605,4,R$ 150.00,05-Jun-23,2,Pago com atraso,13-Jun-23
3040,11605,4,R$ 150.00,05-Jul-23,3,Pago com atraso,07-Aug-23
3041,11605,4,R$ 150.00,05-Aug-23,4,Pago com atraso,11-Oct-23
3042,11606,4,R$ 262.50,08-Apr-23,1,Pago com atraso,11-Apr-23
3043,11606,4,R$ 262.50,08-May-23,2,Pago com atraso,12-Jun-23
3044,11606,4,R$ 262.50,08-Jun-23,3,Pago com atraso,08-Aug-23
3045,11606,4,R$ 262.50,08-Jul-23,4,Pago com atraso,06-Sep-23
3046,11608,6,R$ 175.00,10-Apr-23,1,Pago com sucesso,10-Apr-23
3047,11608,6,R$ 175.00,10-May-23,2,Pago com atraso,14-Jun-23
3048,11608,6,R$ 175.00,10-Jun-23,3,Pago com atraso,14-Jun-23
3049,11608,6,R$ 175.00,10-Jul-23,4,Pago com sucesso,06-Jul-23
3050,11608,6,R$ 175.00,10-Aug-23,5,Pago com sucesso,08-Aug-23
3051,11608,6,R$ 175.00,10-Sep-23,6,Pago com atraso,14-Sep-23
3052,11609,5,R$ 115.00,22-Apr-23,1,Pago com sucesso,20-Apr-23
3053,11609,5,R$ 115.00,22-May-23,2,Pago com sucesso,20-May-23
3054,11609,5,R$ 115.00,22-Jun-23,3,Pago com sucesso,20-Jun-23
3055,11609,5,R$ 115.00,22-Jul-23,4,Pago com sucesso,21-Jul-23
3056,11609,5,R$ 115.00,22-Aug-23,5,Pago com sucesso,21-Aug-23
3057,11612,1,R$ 150.00,21-Apr-23,1,Pago com atraso,26-Apr-23
3058,11620,5,R$ 200.00,10-May-23,1,Pago com sucesso,04-May-23
3059,11620,5,R$ 200.00,10-Jun-23,2,Pago com atraso,14-Jun-23
3060,11620,5,R$ 200.00,10-Jul-23,3,Pago com sucesso,06-Jul-23
3061,11620,5,R$ 200.00,10-Aug-23,4,Pago com sucesso,10-Aug-23
3062,11620,5,R$ 200.00,10-Sep-23,5,Pago com sucesso,09-Sep-23
3063,11622,8,R$ 145.00,13-May-23,1,Pago com sucesso,05-May-23
3064,11622,8,R$ 145.00,13-Jun-23,2,Pago com sucesso,03-Jun-23
3065,11622,8,R$ 145.00,13-Jul-23,3,Pago com sucesso,29-Jun-23
3066,11622,8,R$ 145.00,13-Aug-23,4,Pago com sucesso,03-Aug-23
3067,11622,8,R$ 145.00,13-Sep-23,5,Pago com sucesso,23-Aug-23
3068,11622,8,R$ 145.00,13-Oct-23,6,Pago com sucesso,23-Aug-23
3069,11622,8,R$ 145.00,13-Nov-23,7,Pago com sucesso,23-Aug-23
3070,11622,8,R$ 145.00,13-Dec-23,8,Pago com sucesso,23-Aug-23
3071,11623,5,R$ 300.00,05-Jun-23,1,Pago com atraso,06-Jun-23
3072,11623,5,R$ 300.00,05-Jul-23,2,Pago com sucesso,05-Jul-23
3073,11623,5,R$ 300.00,05-Aug-23,3,Pago com atraso,11-Aug-23
3074,11623,5,R$ 300.00,05-Sep-23,4,Pago com sucesso,04-Sep-23
3075,11623,5,R$ 300.00,05-Oct-23,5,Pago com atraso,09-Nov-23
3076,11626,1,R$ 100.00,18-May-23,1,Pago com sucesso,21-Apr-23
3077,11628,2,R$ 175.00,24-May-23,1,Pago com atraso,07-Aug-23
3078,11628,2,R$ 175.00,24-Jun-23,2,Pago com atraso,07-Aug-23
3083,11630,4,R$ 100.00,05-May-23,1,Pago com sucesso,03-May-23
3084,11630,4,R$ 100.00,05-Jun-23,2,Pago com atraso,06-Jun-23
3085,11630,4,R$ 100.00,05-Jul-23,3,Pago com sucesso,05-Jul-23
3086,11630,4,R$ 100.00,05-Aug-23,4,Pago com atraso,04-Sep-23
3087,11637,7,R$ 330.00,06-Jun-23,1,Pago com atraso,12-Jun-23
3088,11637,7,R$ 330.00,06-Jul-23,2,Pago com atraso,09-Aug-23
3089,11637,7,R$ 330.00,06-Aug-23,3,Pago com atraso,08-Sep-23
3090,11637,7,R$ 330.00,06-Sep-23,4,Pago com atraso,25-Oct-23
3091,11637,7,R$ 330.00,06-Oct-23,5,Pago com atraso,04-Dec-23
3092,11637,7,R$ 330.00,06-Nov-23,6,Pago com atraso,11-Dec-23
3093,11637,7,R$ 330.00,06-Dec-23,7,Pago com atraso,09-Jan-24
3094,11640,5,R$ 298.00,10-Jun-23,1,Pago com atraso,06-Jul-23
3095,11640,5,R$ 298.00,10-Jul-23,2,Pago com atraso,21-Aug-23
3096,11640,5,R$ 298.00,10-Aug-23,3,Pago com atraso,06-Nov-23
3097,11640,5,R$ 298.00,10-Sep-23,4,Pago com atraso,03-Jan-24
3098,11640,5,R$ 298.00,10-Oct-23,5,Aberta,
3099,11644,5,R$ 140.00,05-Jun-23,1,Pago com atraso,29-Jul-23
3100,11644,5,R$ 140.00,05-Jul-23,2,Pago com atraso,21-Sep-23
3101,11644,5,R$ 140.00,05-Aug-23,3,Pago com atraso,30-Nov-23
3102,11644,5,R$ 140.00,05-Sep-23,4,Pago com atraso,08-Mar-24
3103,11644,5,R$ 140.00,05-Oct-23,5,Pago com atraso,04-Apr-24
3104,11649,5,R$ 140.00,05-Jun-23,1,Pago com sucesso,02-Jun-23
3105,11649,5,R$ 140.00,05-Jul-23,2,Pago com sucesso,03-Jul-23
3106,11649,5,R$ 140.00,05-Aug-23,3,Pago com sucesso,05-Aug-23
3107,11649,5,R$ 140.00,05-Sep-23,4,Pago com atraso,13-Sep-23
3108,11649,5,R$ 140.00,05-Oct-23,5,Pago com sucesso,05-Oct-23
3109,11651,7,R$ 243.00,06-Jun-23,1,Pago com atraso,12-Jun-23
3110,11651,7,R$ 243.00,06-Jul-23,2,Pago com atraso,09-Aug-23
3111,11651,7,R$ 243.00,06-Aug-23,3,Pago com atraso,08-Sep-23
3112,11651,7,R$ 243.00,06-Sep-23,4,Pago com atraso,25-Oct-23
3113,11651,7,R$ 243.00,06-Oct-23,5,Pago com atraso,04-Dec-23
3114,11651,7,R$ 243.00,06-Nov-23,6,Pago com atraso,11-Dec-23
3115,11651,7,R$ 243.00,06-Dec-23,7,Pago com atraso,09-Jan-24
3116,11653,5,R$ 100.00,03-Jun-23,1,Pago com sucesso,03-Jun-23
3117,11653,5,R$ 100.00,03-Jul-23,2,Pago com sucesso,22-Jun-23
3118,11653,5,R$ 100.00,03-Aug-23,3,Pago com sucesso,26-Jul-23
3119,11653,5,R$ 100.00,03-Sep-23,4,Pago com atraso,06-Sep-23
3120,11653,5,R$ 100.00,03-Oct-23,5,Pago com atraso,13-Oct-23
3121,11656,5,R$ 220.00,10-Jun-23,1,Pago com sucesso,06-Jun-23
3122,11656,5,R$ 220.00,10-Jul-23,2,Pago com sucesso,06-Jul-23
3123,11656,5,R$ 220.00,10-Aug-23,3,Pago com atraso,14-Aug-23
3124,11656,5,R$ 220.00,10-Sep-23,4,Pago com atraso,13-Sep-23
3125,11656,5,R$ 220.00,10-Oct-23,5,Pago com atraso,16-Oct-23
3126,11657,6,R$ 284.00,27-Jun-23,1,Pago com atraso,28-Jun-23
3127,11657,6,R$ 284.00,27-Jul-23,2,Pago com sucesso,26-Jul-23
3128,11657,6,R$ 284.00,27-Aug-23,3,Pago com atraso,29-Aug-23
3129,11657,6,R$ 284.00,27-Sep-23,4,Pago com sucesso,27-Sep-23
3130,11657,6,R$ 284.00,27-Oct-23,5,Pago com sucesso,26-Oct-23
3131,11657,6,R$ 284.00,27-Nov-23,6,Pago com atraso,30-Nov-23
3132,11659,5,R$ 300.00,02-Jul-23,1,Pago com atraso,18-Jul-23
3133,11659,5,R$ 300.00,02-Aug-23,2,Pago com atraso,05-Sep-23
3134,11659,5,R$ 300.00,02-Sep-23,3,Pago com atraso,05-Sep-23
3135,11659,5,R$ 300.00,02-Oct-23,4,Pago com atraso,12-Oct-23
3136,11659,5,R$ 300.00,02-Nov-23,5,Pago com atraso,09-Feb-24
3137,11662,6,R$ 235.00,30-Jun-23,1,Pago com sucesso,30-Jun-23
3138,11662,6,R$ 235.00,30-Jul-23,2,Pago com atraso,08-Aug-23
3139,11662,6,R$ 235.00,30-Aug-23,3,Pago com sucesso,29-Aug-23
3140,11662,6,R$ 235.00,30-Sep-23,4,Pago com atraso,28-Oct-23
3141,11662,6,R$ 235.00,30-Oct-23,5,Pago com atraso,19-Dec-23
3142,11662,6,R$ 235.00,30-Nov-23,6,Pago com atraso,29-Dec-23
3143,11665,4,R$ 137.50,30-Jul-23,1,Pago com atraso,02-Aug-23
3144,11665,4,R$ 137.50,30-Aug-23,2,Pago com sucesso,30-Aug-23
3145,11665,4,R$ 137.50,30-Sep-23,3,Pago com atraso,04-Oct-23
3146,11665,4,R$ 137.50,30-Oct-23,4,Pago com sucesso,04-Oct-23
3147,11666,3,R$ 100.00,30-Jun-23,1,Pago com sucesso,26-Jun-23
3148,11666,3,R$ 100.00,30-Jul-23,2,Pago com sucesso,01-Jul-23
3149,11666,3,R$ 100.00,30-Aug-23,3,Pago com sucesso,01-Jul-23
3150,11669,3,R$ 130.00,20-Jul-23,1,Pago com sucesso,19-Jul-23
3151,11669,3,R$ 130.00,20-Aug-23,2,Pago com atraso,24-Aug-23
3152,11669,3,R$ 130.00,20-Sep-23,3,Pago com atraso,27-Sep-23
3153,11670,5,R$ 200.00,10-Jul-23,1,Pago com sucesso,10-Jul-23
3154,11670,5,R$ 200.00,10-Aug-23,2,Pago com sucesso,10-Aug-23
3155,11670,5,R$ 200.00,10-Sep-23,3,Pago com atraso,11-Sep-23
3156,11670,5,R$ 200.00,10-Oct-23,4,Pago com sucesso,10-Oct-23
3157,11670,5,R$ 200.00,10-Nov-23,5,Pago com sucesso,10-Nov-23
3158,11673,6,R$ 185.00,05-Jul-23,1,Pago com atraso,06-Jul-23
3159,11673,6,R$ 185.00,05-Aug-23,2,Pago com sucesso,05-Aug-23
3160,11673,6,R$ 185.00,05-Sep-23,3,Pago com atraso,13-Sep-23
3161,11673,6,R$ 185.00,05-Oct-23,4,Pago com sucesso,05-Oct-23
3162,11673,6,R$ 185.00,05-Nov-23,5,Pago com atraso,07-Nov-23
3163,11673,6,R$ 185.00,05-Dec-23,6,Pago com atraso,23-Dec-23
3164,11679,2,R$ 130.00,25-Jul-23,1,Pago com sucesso,25-Jul-23
3165,11679,2,R$ 130.00,25-Aug-23,2,Pago com sucesso,07-Aug-23
3166,11685,4,R$ 275.00,30-Aug-23,1,Pago com atraso,02-Sep-23
3167,11685,4,R$ 275.00,30-Sep-23,2,Pago com atraso,05-Oct-23
3168,11685,4,R$ 275.00,30-Oct-23,3,Pago com atraso,31-Oct-23
3169,11685,4,R$ 275.00,30-Nov-23,4,Pago com sucesso,28-Nov-23
3170,11688,8,R$ 247.50,25-Aug-23,1,Pago com sucesso,21-Aug-23
3171,11688,8,R$ 247.50,25-Sep-23,2,Pago com sucesso,22-Sep-23
3172,11688,8,R$ 247.50,25-Oct-23,3,Pago com sucesso,24-Oct-23
3173,11688,8,R$ 247.50,25-Nov-23,4,Pago com sucesso,21-Nov-23
3174,11688,8,R$ 247.50,25-Dec-23,5,Pago com sucesso,23-Dec-23
3175,11688,8,R$ 247.50,25-Jan-24,6,Pago com sucesso,22-Jan-24
3176,11688,8,R$ 247.50,25-Feb-24,7,Pago com sucesso,21-Feb-24
3177,11688,8,R$ 247.50,25-Mar-24,8,Pago com sucesso,21-Mar-24
3178,11690,5,R$ 96.00,30-Jan-24,1,Pago com atraso,17-May-24
3179,11690,5,R$ 96.00,29-Feb-24,2,Pago com atraso,17-May-24
3180,11690,5,R$ 96.00,29-Mar-24,3,Pago com atraso,17-May-24
3181,11690,5,R$ 96.00,29-Apr-24,4,Pago com atraso,17-May-24
3182,11690,5,R$ 96.00,29-May-24,5,Aberta,
3183,11680,2,R$ 145.00,07-Aug-23,1,Pago com sucesso,07-Aug-23
3184,11680,2,R$ 145.00,07-Sep-23,2,Pago com sucesso,07-Sep-23
3185,11693,2,R$ 150.00,04-Sep-23,1,Pago com atraso,06-Nov-23
3186,11693,2,R$ 150.00,04-Oct-23,2,Pago com atraso,09-Jan-24
3187,11695,2,R$ 125.00,02-Oct-23,1,Pago com atraso,08-Apr-24
3188,11695,2,R$ 125.00,02-Nov-23,2,Pago com atraso,08-Apr-24
3189,11698,5,R$ 120.00,04-Sep-23,1,Pago com atraso,06-Sep-23
3190,11698,5,R$ 120.00,04-Oct-23,2,Pago com atraso,06-Oct-23
3191,11698,5,R$ 120.00,04-Nov-23,3,Pago com atraso,07-Nov-23
3192,11698,5,R$ 120.00,04-Dec-23,4,Pago com atraso,05-Jan-24
3193,11698,5,R$ 120.00,04-Jan-24,5,Pago com atraso,06-Feb-24
3194,11700,4,R$ 150.00,25-Aug-23,1,Pago com sucesso,25-Aug-23
3195,11700,4,R$ 150.00,25-Sep-23,2,Pago com sucesso,25-Sep-23
3196,11700,4,R$ 150.00,25-Oct-23,3,Pago com sucesso,25-Oct-23
3197,11700,4,R$ 150.00,25-Nov-23,4,Pago com sucesso,24-Nov-23
3198,11711,6,R$ 158.00,30-Aug-23,1,Pago com sucesso,30-Aug-23
3199,11711,6,R$ 158.00,30-Sep-23,2,Pago com sucesso,29-Sep-23
3200,11711,6,R$ 158.00,30-Oct-23,3,Pago com sucesso,30-Oct-23
3201,11711,6,R$ 158.00,30-Nov-23,4,Pago com atraso,09-Dec-23
3202,11711,6,R$ 158.00,30-Dec-23,5,Pago com sucesso,29-Dec-23
3203,11711,6,R$ 158.00,30-Jan-24,6,Pago com sucesso,30-Jan-24
3204,11715,5,R$ 140.00,25-Sep-23,1,Pago com atraso,27-Sep-23
3205,11715,5,R$ 140.00,25-Oct-23,2,Pago com atraso,28-Oct-23
3206,11715,5,R$ 140.00,25-Nov-23,3,Pago com atraso,28-Nov-23
3207,11715,5,R$ 140.00,25-Dec-23,4,Pago com atraso,03-Jan-24
3208,11715,5,R$ 140.00,25-Jan-24,5,Pago com atraso,29-Apr-24
3209,11717,2,R$ 200.00,05-Oct-23,1,Pago com atraso,19-Oct-23
3210,11717,2,R$ 200.00,05-Nov-23,2,Pago com atraso,07-Nov-23
3211,11718,3,R$ 180.00,05-Oct-23,1,Pago com sucesso,05-Oct-23
3212,11718,3,R$ 180.00,05-Nov-23,2,Pago com atraso,08-Nov-23
3213,11718,3,R$ 180.00,05-Dec-23,3,Pago com atraso,06-Dec-23
3214,11719,5,R$ 130.00,15-Oct-23,1,Pago com sucesso,10-Oct-23
3215,11719,5,R$ 130.00,15-Nov-23,2,Pago com atraso,16-Nov-23
3216,11719,5,R$ 130.00,15-Dec-23,3,Pago com sucesso,09-Dec-23
3217,11719,5,R$ 130.00,15-Jan-24,4,Pago com atraso,16-Jan-24
3218,11719,5,R$ 130.00,15-Feb-24,5,Pago com atraso,16-Feb-24
3219,11720,5,R$ 130.00,03-Nov-23,1,Pago com sucesso,03-Nov-23
3220,11720,5,R$ 130.00,03-Dec-23,2,Pago com atraso,04-Mar-24
3221,11720,5,R$ 130.00,03-Jan-24,3,Pago com atraso,29-Jan-24
3222,11720,5,R$ 130.00,03-Feb-24,4,Pago com atraso,02-Mar-24
3223,11720,5,R$ 130.00,03-Mar-24,5,Pago com atraso,02-Apr-24
3224,11721,6,R$ 235.00,15-Oct-23,1,Pago com atraso,16-Oct-23
3225,11721,6,R$ 235.00,15-Nov-23,2,Pago com atraso,16-Nov-23
3226,11721,6,R$ 235.00,15-Dec-23,3,Pago com atraso,18-Dec-23
3227,11721,6,R$ 235.00,15-Jan-24,4,Pago com atraso,16-Jan-24
3228,11721,6,R$ 235.00,15-Feb-24,5,Pago com atraso,20-Mar-24
3229,11721,6,R$ 235.00,15-Mar-24,6,Pago com atraso,31-May-24
3230,11722,6,R$ 300.00,10-Oct-23,1,Pago com sucesso,02-Oct-23
3231,11722,6,R$ 300.00,10-Nov-23,2,Pago com sucesso,08-Nov-23
3232,11722,6,R$ 300.00,10-Dec-23,3,Pago com sucesso,07-Dec-23
3233,11722,6,R$ 300.00,10-Jan-24,4,Pago com atraso,31-Jan-24
3234,11722,6,R$ 300.00,10-Feb-24,5,Pago com atraso,18-Apr-24
3235,11722,6,R$ 300.00,10-Mar-24,6,Pago com atraso,18-Apr-24
3236,11723,10,R$ 268.00,01-Oct-23,1,Pago com sucesso,30-Sep-23
3237,11723,10,R$ 268.00,01-Nov-23,2,Pago com sucesso,30-Oct-23
3238,11723,10,R$ 268.00,01-Dec-23,3,Pago com atraso,02-Dec-23
3239,11723,10,R$ 268.00,01-Jan-24,4,Pago com sucesso,29-Dec-23
3240,11723,10,R$ 268.00,01-Feb-24,5,Pago com sucesso,27-Jan-24
3241,11723,10,R$ 268.00,01-Mar-24,6,Pago com sucesso,29-Feb-24
3242,11723,10,R$ 268.00,01-Apr-24,7,Pago com sucesso,26-Mar-24
3243,11723,10,R$ 268.00,01-May-24,8,Pago com sucesso,28-Apr-24
3244,11723,10,R$ 268.00,01-Jun-24,9,Pago com sucesso,29-May-24
3245,11723,10,R$ 268.00,01-Jul-24,10,Pago com sucesso,28-Jun-24
3246,11725,5,R$ 130.00,05-Oct-23,1,Pago com sucesso,18-Sep-23
3247,11725,5,R$ 130.00,05-Nov-23,2,Pago com sucesso,05-Oct-23
3248,11725,5,R$ 130.00,05-Dec-23,3,Pago com sucesso,07-Nov-23
3249,11725,5,R$ 130.00,05-Jan-24,4,Pago com sucesso,12-Dec-23
3250,11725,5,R$ 130.00,05-Feb-24,5,Pago com sucesso,09-Jan-24
3251,11728,5,R$ 138.00,22-Oct-23,1,Pago com atraso,30-Dec-23
3252,11728,5,R$ 138.00,22-Nov-23,2,Pago com atraso,30-Dec-23
3253,11728,5,R$ 138.00,22-Dec-23,3,Pago com atraso,30-Dec-23
3254,11728,5,R$ 138.00,22-Jan-24,4,Aberta,
3255,11728,5,R$ 138.00,22-Feb-24,5,Aberta,
3256,11729,2,R$ 250.00,25-Oct-23,1,Pago com atraso,12-Jan-24
3257,11729,2,R$ 250.00,25-Nov-23,2,Aberta,
3258,11731,5,R$ 100.00,06-Nov-23,1,Pago com sucesso,30-Oct-23
3259,11731,5,R$ 100.00,06-Dec-23,2,Pago com sucesso,01-Dec-23
3260,11731,5,R$ 100.00,06-Jan-24,3,Pago com sucesso,03-Jan-24
3261,11731,5,R$ 100.00,06-Feb-24,4,Pago com sucesso,30-Jan-24
3262,11731,5,R$ 100.00,06-Mar-24,5,Pago com sucesso,04-Mar-24
3263,11732,5,R$ 150.00,30-Oct-23,1,Pago com sucesso,28-Oct-23
3264,11732,5,R$ 150.00,30-Nov-23,2,Pago com sucesso,29-Nov-23
3265,11732,5,R$ 150.00,30-Dec-23,3,Pago com sucesso,26-Dec-23
3266,11732,5,R$ 150.00,30-Jan-24,4,Pago com atraso,01-Feb-24
3267,11732,5,R$ 150.00,29-Feb-24,5,Pago com sucesso,29-Feb-24
3268,11733,5,R$ 250.00,06-Nov-23,1,Pago com sucesso,06-Nov-23
3269,11733,5,R$ 250.00,06-Dec-23,2,Pago com atraso,07-Dec-23
3270,11733,5,R$ 250.00,06-Jan-24,3,Pago com atraso,08-Jan-24
3271,11733,5,R$ 250.00,06-Feb-24,4,Pago com sucesso,06-Feb-24
3272,11733,5,R$ 250.00,06-Mar-24,5,Pago com atraso,11-Mar-24
3273,11734,2,R$ 100.00,04-Nov-23,1,Pago com atraso,08-Nov-23
3274,11734,2,R$ 100.00,04-Dec-23,2,Pago com atraso,07-Dec-23
3275,11735,5,R$ 100.00,10-Nov-23,1,Pago com atraso,13-Nov-23
3276,11735,5,R$ 100.00,10-Dec-23,2,Pago com atraso,12-Dec-23
3277,11735,5,R$ 100.00,10-Jan-24,3,Pago com sucesso,09-Jan-24
3278,11735,5,R$ 100.00,10-Feb-24,4,Pago com atraso,15-Feb-24
3279,11735,5,R$ 100.00,10-Mar-24,5,Pago com sucesso,08-Mar-24
3280,11737,10,R$ 387.00,25-Oct-23,1,Pago com sucesso,25-Oct-23
3281,11737,10,R$ 387.00,25-Nov-23,2,Pago com sucesso,25-Oct-23
3282,11737,10,R$ 387.00,25-Dec-23,3,Pago com sucesso,09-Dec-23
3283,11737,10,R$ 387.00,25-Jan-24,4,Pago com sucesso,09-Dec-23
3284,11737,10,R$ 387.00,25-Feb-24,5,Pago com atraso,29-May-24
3285,11737,10,R$ 387.00,25-Mar-24,6,Pago com atraso,29-May-24
3286,11737,10,R$ 387.00,25-Apr-24,7,Pago com atraso,29-May-24
3287,11737,10,R$ 387.00,25-May-24,8,Pago com atraso,29-May-24
3288,11737,10,R$ 387.00,25-Jun-24,9,Pago com sucesso,25-Jun-24
3289,11737,10,R$ 387.00,25-Jul-24,10,Pago com sucesso,25-Jul-24
3290,11745,2,R$ 250.00,05-Dec-23,1,Pago com atraso,11-Jan-24
3291,11745,2,R$ 250.00,05-Jan-24,2,Pago com atraso,11-Jan-24
3292,11749,3,R$ 100.00,13-Dec-23,1,Pago com atraso,30-Jan-24
3293,11749,3,R$ 100.00,13-Jan-24,2,Pago com atraso,29-Feb-24
3294,11749,3,R$ 100.00,13-Feb-24,3,Pago com atraso,26-Mar-24
3295,11763,5,R$ 140.00,25-Dec-23,1,Pago com sucesso,25-Dec-23
3296,11763,5,R$ 140.00,25-Jan-24,2,Pago com atraso,01-Feb-24
3297,11763,5,R$ 140.00,25-Feb-24,3,Pago com atraso,11-May-24
3298,11763,5,R$ 140.00,25-Mar-24,4,Pago com atraso,11-May-24
3299,11763,5,R$ 140.00,25-Apr-24,5,Pago com sucesso,25-Apr-24
3300,11765,6,R$ 50.00,14-Jan-24,1,Pago com sucesso,30-Dec-23
3301,11765,6,R$ 50.00,14-Feb-24,2,Pago com sucesso,13-Jan-24
3302,11765,6,R$ 50.00,14-Mar-24,3,Pago com sucesso,26-Jan-24
3303,11765,6,R$ 50.00,14-Apr-24,4,Pago com sucesso,06-Feb-24
3304,11765,6,R$ 50.00,14-May-24,5,Pago com sucesso,16-Feb-24
3305,11765,6,R$ 50.00,14-Jun-24,6,Pago com sucesso,19-Mar-24
3306,11767,10,R$ 140.00,31-Jan-24,1,Pago com sucesso,31-Jan-24
3307,11767,10,R$ 140.00,29-Feb-24,2,Pago com atraso,06-Mar-24
3308,11767,10,R$ 140.00,29-Mar-24,3,Pago com atraso,03-Jun-25
3309,11767,10,R$ 140.00,29-Apr-24,4,Pago com atraso,02-Jul-24
3310,11767,10,R$ 140.00,29-May-24,5,Pago com atraso,06-Aug-24
3311,11767,10,R$ 140.00,29-Jun-24,6,Pago com atraso,05-Nov-24
3312,11767,10,R$ 140.00,29-Jul-24,7,Pago com atraso,12-Dec-24
3313,11767,10,R$ 140.00,29-Aug-24,8,Pago com atraso,07-Jan-25
3314,11767,10,R$ 140.00,29-Sep-24,9,Pago com atraso,07-Feb-25
3315,11767,10,R$ 140.00,29-Oct-24,10,Pago com atraso,10-Mar-25
3316,11768,3,R$ 100.00,10-Jan-24,1,Pago com atraso,11-Jan-24
3317,11768,3,R$ 100.00,10-Feb-24,2,Pago com atraso,16-Feb-24
3318,11768,3,R$ 100.00,10-Mar-24,3,Pago com atraso,11-Mar-24
3319,11769,5,R$ 205.00,21-Jan-24,1,Pago com atraso,09-Apr-24
3320,11769,5,R$ 205.00,21-Feb-24,2,Pago com atraso,09-Apr-24
3321,11769,5,R$ 205.00,21-Mar-24,3,Pago com atraso,11-May-24
3322,11769,5,R$ 205.00,21-Apr-24,4,Pago com sucesso,21-Apr-24
3323,11769,5,R$ 205.00,21-May-24,5,Pago com sucesso,21-May-24
3324,11771,2,R$ 250.00,05-Feb-24,1,Pago com atraso,03-Apr-24
3325,11771,2,R$ 250.00,05-Mar-24,2,Pago com sucesso,05-Mar-24
3326,11773,1,R$ 300.00,05-Feb-24,1,Pago com atraso,01-Mar-24
3332,11782,7,R$ 540.00,13-Feb-24,1,Pago com atraso,12-Mar-24
3333,11782,7,R$ 540.00,13-Mar-24,2,Pago com atraso,10-Apr-24
3334,11782,7,R$ 540.00,13-Apr-24,3,Pago com atraso,15-May-24
3335,11782,7,R$ 540.00,13-May-24,4,Pago com atraso,12-Jun-24
3336,11782,7,R$ 540.00,13-Jun-24,5,Pago com atraso,11-Jul-24
3337,11782,7,R$ 540.00,13-Jul-24,6,Pago com atraso,13-Aug-24
3338,11782,7,R$ 540.00,13-Aug-24,7,Pago com atraso,10-Sep-24
3339,11785,1,R$ 190.00,15-Mar-24,1,Pago com sucesso,11-Mar-24
3340,11787,6,R$ 200.00,30-Jan-24,1,Pago com sucesso,17-Jan-24
3341,11787,6,R$ 200.00,29-Feb-24,2,Pago com atraso,06-Mar-24
3342,11787,6,R$ 200.00,29-Mar-24,3,Pago com atraso,04-Apr-24
3343,11787,6,R$ 200.00,29-Apr-24,4,Pago com atraso,06-May-24
3344,11787,6,R$ 200.00,29-May-24,5,Pago com atraso,04-Jun-24
3345,11787,6,R$ 200.00,29-Jun-24,6,Aberta,
3346,11796,5,R$ 130.00,10-Feb-24,1,Pago com atraso,12-Mar-24
3347,11796,5,R$ 130.00,10-Mar-24,2,Pago com atraso,12-Apr-24
3348,11796,5,R$ 130.00,10-Apr-24,3,Pago com atraso,15-May-24
3349,11796,5,R$ 130.00,10-May-24,4,Pago com atraso,13-Jun-24
3350,11796,5,R$ 130.00,10-Jun-24,5,Pago com atraso,11-Jul-24
3351,11800,4,R$ 110.00,05-Feb-24,1,Pago com atraso,06-Feb-24
3352,11800,4,R$ 110.00,05-Mar-24,2,Pago com sucesso,05-Mar-24
3353,11800,4,R$ 110.00,05-Apr-24,3,Pago com atraso,08-Apr-24
3354,11800,4,R$ 110.00,05-May-24,4,Pago com atraso,07-May-24
3355,11802,6,R$ 250.00,10-Mar-24,1,Pago com atraso,11-Mar-24
3356,11802,6,R$ 250.00,10-Apr-24,2,Pago com atraso,22-Apr-24
3357,11802,6,R$ 250.00,10-May-24,3,Pago com atraso,22-May-24
3358,11802,6,R$ 250.00,10-Jun-24,4,Aberta,
3359,11802,6,R$ 250.00,10-Jul-24,5,Aberta,
3360,11802,6,R$ 250.00,10-Aug-24,6,Aberta,
3361,11803,5,R$ 375.00,15-Mar-24,1,Pago com atraso,01-Apr-24
3362,11803,5,R$ 375.00,15-Apr-24,2,Pago com atraso,14-May-24
3363,11803,5,R$ 375.00,15-May-24,3,Vencida,
3364,11803,5,R$ 375.00,15-Jun-24,4,Vencida,
3365,11803,5,R$ 375.00,15-Jul-24,5,Vencida,
3366,11806,5,R$ 216.00,07-Mar-24,1,Pago com sucesso,07-Mar-24
3367,11806,5,R$ 216.00,07-Apr-24,2,Pago com atraso,08-Apr-24
3368,11806,5,R$ 216.00,07-May-24,3,Pago com sucesso,07-May-24
3369,11806,5,R$ 216.00,07-Jun-24,4,Pago com sucesso,07-Jun-24
3370,11806,5,R$ 216.00,07-Jul-24,5,Pago com atraso,08-Jul-24
3371,11807,2,R$ 150.00,07-Mar-24,1,Pago com atraso,07-Jun-24
3372,11807,2,R$ 150.00,07-Apr-24,2,Aberta,
3373,11808,7,R$ 320.00,25-Feb-24,1,Pago com atraso,26-Feb-24
3374,11808,7,R$ 320.00,25-Mar-24,2,Pago com atraso,24-Apr-24
3375,11808,7,R$ 320.00,25-Apr-24,3,Pago com atraso,03-Jun-24
3376,11808,7,R$ 320.00,25-May-24,4,Pago com atraso,24-Jun-24
3377,11808,7,R$ 320.00,25-Jun-24,5,Pago com sucesso,25-Jun-24
3378,11808,7,R$ 320.00,25-Jul-24,6,Pago com sucesso,25-Jul-24
3379,11808,7,R$ 320.00,25-Aug-24,7,Pago com atraso,26-Aug-24
3380,11809,10,R$ 280.00,25-Mar-24,1,Pago com atraso,26-Mar-24
3381,11809,10,R$ 280.00,25-Apr-24,2,Pago com sucesso,25-Apr-24
3382,11809,10,R$ 280.00,25-May-24,3,Pago com sucesso,25-May-24
3383,11809,10,R$ 280.00,25-Jun-24,4,Pago com atraso,27-Jun-24
3384,11809,10,R$ 280.00,25-Jul-24,5,Pago com atraso,26-Jul-24
3385,11809,10,R$ 280.00,25-Aug-24,6,Pago com atraso,28-Aug-24
3386,11809,10,R$ 280.00,25-Sep-24,7,Pago com sucesso,25-Sep-24
3387,11809,10,R$ 280.00,25-Oct-24,8,Pago com sucesso,24-Oct-24
3388,11809,10,R$ 280.00,25-Nov-24,9,Pago com atraso,06-Dec-24
3389,11809,10,R$ 280.00,25-Dec-24,10,Pago com atraso,21-Feb-25
3390,11813,4,R$ 164.00,20-Mar-24,1,Pago com sucesso,20-Mar-24
3391,11813,4,R$ 164.00,20-Apr-24,2,Pago com sucesso,20-Apr-24
3392,11813,4,R$ 164.00,20-May-24,3,Pago com sucesso,20-May-24
3393,11813,4,R$ 164.00,20-Jun-24,4,Pago com sucesso,20-Jun-24
3394,11822,1,R$ 125.00,01-Apr-24,1,Pago com atraso,29-May-24
3395,11823,6,R$ 140.00,10-Apr-24,1,Pago com sucesso,06-Apr-24
3396,11823,6,R$ 140.00,10-May-24,2,Pago com sucesso,06-Apr-24
3397,11823,6,R$ 140.00,10-Jun-24,3,Pago com sucesso,06-Apr-24
3398,11823,6,R$ 140.00,10-Jul-24,4,Pago com sucesso,02-Jul-24
3399,11823,6,R$ 140.00,10-Aug-24,5,Pago com sucesso,02-Jul-24
3400,11823,6,R$ 140.00,10-Sep-24,6,Pago com atraso,01-Oct-24
3401,11825,1,R$ 10.00,02-Apr-24,1,Aberta,
3402,11826,3,R$ 133.33,05-Aug-24,1,Aberta,
3403,11826,3,R$ 133.33,05-Sep-24,2,Aberta,
3404,11826,3,R$ 133.33,05-Oct-24,3,Aberta,
3405,11829,4,R$ 250.00,22-Apr-24,1,Pago com sucesso,16-Apr-24
3406,11829,4,R$ 250.00,22-May-24,2,Pago com sucesso,10-May-24
3407,11829,4,R$ 250.00,22-Jun-24,3,Pago com sucesso,17-Jun-24
3408,11829,4,R$ 250.00,22-Jul-24,4,Aberta,
3409,11832,7,R$ 270.00,08-May-24,1,Pago com sucesso,24-Apr-24
3410,11832,7,R$ 270.00,08-Jun-24,2,Pago com sucesso,06-Jun-24
3411,11832,7,R$ 270.00,08-Jul-24,3,Aberta,
3412,11832,7,R$ 270.00,08-Aug-24,4,Aberta,
3413,11832,7,R$ 270.00,08-Sep-24,5,Aberta,
3414,11832,7,R$ 270.00,08-Oct-24,6,Aberta,
3415,11832,7,R$ 270.00,08-Nov-24,7,Aberta,
3416,11833,5,R$ 300.00,03-May-24,1,Pago com atraso,04-May-24
3417,11833,5,R$ 300.00,03-Jun-24,2,Pago com atraso,06-Jun-24
3418,11833,5,R$ 300.00,03-Jul-24,3,Aberta,
3419,11833,5,R$ 300.00,03-Aug-24,4,Aberta,
3420,11833,5,R$ 300.00,03-Sep-24,5,Aberta,
3421,11838,6,R$ 165.00,05-May-24,1,Pago com sucesso,04-May-24
3422,11838,6,R$ 165.00,05-Jun-24,2,Pago com sucesso,03-Jun-24
3423,11838,6,R$ 165.00,05-Jul-24,3,Aberta,
3424,11838,6,R$ 165.00,05-Aug-24,4,Aberta,
3425,11838,6,R$ 165.00,05-Sep-24,5,Aberta,
3426,11838,6,R$ 165.00,05-Oct-24,6,Aberta,
3427,11840,10,R$ 400.00,26-Apr-24,1,Pago com sucesso,24-Apr-24
3428,11840,10,R$ 400.00,26-May-24,2,Pago com atraso,27-May-24
3429,11840,10,R$ 400.00,26-Jun-24,3,Pago com atraso,27-Jun-24
3430,11840,10,R$ 400.00,26-Jul-24,4,Pago com sucesso,25-Jul-24
3431,11840,10,R$ 400.00,26-Aug-24,5,Pago com atraso,27-Aug-24
3432,11840,10,R$ 400.00,26-Sep-24,6,Pago com sucesso,26-Sep-24
3433,11840,10,R$ 400.00,26-Oct-24,7,Pago com sucesso,25-Oct-24
3434,11840,10,R$ 400.00,26-Nov-24,8,Pago com sucesso,26-Nov-24
3435,11840,10,R$ 400.00,26-Dec-24,9,Pago com sucesso,26-Dec-24
3436,11840,10,R$ 400.00,26-Jan-25,10,Pago com atraso,28-Jan-25
3437,11842,2,R$ 70.00,08-May-24,1,Pago com atraso,31-May-24
3438,11842,2,R$ 70.00,08-Jun-24,2,Pago com atraso,24-Jun-24
3439,11845,4,R$ 250.00,18-Apr-24,1,Pago com sucesso,13-Apr-24
3440,11845,4,R$ 250.00,18-May-24,2,Pago com sucesso,17-May-24
3441,11845,4,R$ 250.00,18-Jun-24,3,Pago com sucesso,12-Jun-24
3442,11845,4,R$ 250.00,18-Jul-24,4,Aberta,
3443,11846,4,R$ 195.00,12-May-24,1,Aberta,
3444,11846,4,R$ 195.00,12-Jun-24,2,Aberta,
3445,11846,4,R$ 195.00,12-Jul-24,3,Aberta,
3446,11846,4,R$ 195.00,12-Aug-24,4,Aberta,
3447,11850,6,R$ 165.00,10-May-24,1,Pago com sucesso,30-Apr-24
3448,11850,6,R$ 165.00,10-Jun-24,2,Pago com sucesso,01-Jun-24
3449,11850,6,R$ 165.00,10-Jul-24,3,Aberta,
3450,11850,6,R$ 165.00,10-Aug-24,4,Aberta,
3451,11850,6,R$ 165.00,10-Sep-24,5,Aberta,
3452,11850,6,R$ 165.00,10-Oct-24,6,Aberta,
3459,11853,8,R$ 312.50,10-May-24,1,Pago com sucesso,10-May-24
3460,11853,8,R$ 312.50,10-Jun-24,2,Pago com sucesso,04-Jun-24
3461,11853,8,R$ 312.50,10-Jul-24,3,Pago com sucesso,10-Jul-24
3462,11853,8,R$ 312.50,10-Aug-24,4,Pago com sucesso,10-Aug-24
3463,11853,8,R$ 312.50,10-Sep-24,5,Pago com sucesso,10-Sep-24
3464,11853,8,R$ 312.50,10-Oct-24,6,Pago com sucesso,10-Oct-24
3465,11853,8,R$ 312.50,10-Nov-24,7,Pago com atraso,11-Nov-24
3466,11853,8,R$ 312.50,10-Dec-24,8,Pago com sucesso,10-Dec-24
3467,11858,5,R$ 200.00,10-Jun-24,1,Pago com sucesso,06-Jun-24
3468,11858,5,R$ 200.00,10-Jul-24,2,Aberta,
3469,11858,5,R$ 200.00,10-Aug-24,3,Aberta,
3470,11858,5,R$ 200.00,10-Sep-24,4,Aberta,
3471,11858,5,R$ 200.00,10-Oct-24,5,Aberta,
3472,11859,10,R$ 250.00,14-Jun-24,1,Pago com sucesso,14-Jun-24
3473,11859,10,R$ 250.00,14-Jul-24,2,Pago com atraso,15-Jul-24
3474,11859,10,R$ 250.00,14-Aug-24,3,Pago com sucesso,13-Aug-24
3475,11859,10,R$ 250.00,14-Sep-24,4,Pago com atraso,16-Sep-24
3476,11859,10,R$ 250.00,14-Oct-24,5,Pago com sucesso,14-Oct-24
3477,11859,10,R$ 250.00,14-Nov-24,6,Pago com sucesso,14-Nov-24
3478,11859,10,R$ 250.00,14-Dec-24,7,Pago com atraso,16-Dec-24
3479,11859,10,R$ 250.00,14-Jan-25,8,Pago com sucesso,14-Jan-25
3480,11859,10,R$ 250.00,14-Feb-25,9,Pago com sucesso,14-Feb-25
3481,11859,10,R$ 250.00,14-Mar-25,10,Pago com sucesso,14-Mar-25
3482,11861,5,R$ 160.00,25-May-24,1,Aberta,
3483,11861,5,R$ 160.00,25-Jun-24,2,Aberta,
3484,11861,5,R$ 160.00,25-Jul-24,3,Aberta,
3485,11861,5,R$ 160.00,25-Aug-24,4,Aberta,
3486,11861,5,R$ 160.00,25-Sep-24,5,Aberta,
3487,11862,8,R$ 250.00,07-Jun-24,1,Pago com sucesso,04-Jun-24
3488,11862,8,R$ 250.00,07-Jul-24,2,Aberta,
3489,11862,8,R$ 250.00,07-Aug-24,3,Aberta,
3490,11862,8,R$ 250.00,07-Sep-24,4,Aberta,
3491,11862,8,R$ 250.00,07-Oct-24,5,Aberta,
3492,11862,8,R$ 250.00,07-Nov-24,6,Aberta,
3493,11862,8,R$ 250.00,07-Dec-24,7,Aberta,
3494,11862,8,R$ 250.00,07-Jan-25,8,Aberta,
3495,11863,8,R$ 300.00,20-Jun-24,1,Pago com atraso,21-Jun-24
3496,11863,8,R$ 300.00,20-Jul-24,2,Aberta,
3497,11863,8,R$ 300.00,20-Aug-24,3,Aberta,
3498,11863,8,R$ 300.00,20-Sep-24,4,Aberta,
3499,11863,8,R$ 300.00,20-Oct-24,5,Aberta,
3500,11863,8,R$ 300.00,20-Nov-24,6,Aberta,
3501,11863,8,R$ 300.00,20-Dec-24,7,Aberta,
3502,11863,8,R$ 300.00,20-Jan-25,8,Aberta,
3503,11867,5,R$ 180.00,20-Jun-24,1,Aberta,
3504,11867,5,R$ 180.00,20-Jul-24,2,Aberta,
3505,11867,5,R$ 180.00,20-Aug-24,3,Aberta,
3506,11867,5,R$ 180.00,20-Sep-24,4,Aberta,
3507,11867,5,R$ 180.00,20-Oct-24,5,Aberta,
3508,11871,5,R$ 180.00,06-Jul-24,1,Aberta,
3509,11871,5,R$ 180.00,06-Aug-24,2,Aberta,
3510,11871,5,R$ 180.00,06-Sep-24,3,Aberta,
3511,11871,5,R$ 180.00,06-Oct-24,4,Aberta,
3512,11871,5,R$ 180.00,06-Nov-24,5,Aberta,
3513,11866,4,R$ 175.00,05-Jul-24,1,Aberta,
3514,11866,4,R$ 175.00,05-Aug-24,2,Aberta,
3515,11866,4,R$ 175.00,05-Sep-24,3,Aberta,
3516,11866,4,R$ 175.00,05-Oct-24,4,Aberta,
3517,11872,8,R$ 250.00,25-Jun-24,1,Pago com sucesso,21-Jun-24
3518,11872,8,R$ 250.00,25-Jul-24,2,Pago com sucesso,22-Jul-24
3519,11872,8,R$ 250.00,25-Aug-24,3,Pago com sucesso,21-Aug-24
3520,11872,8,R$ 250.00,25-Sep-24,4,Pago com sucesso,23-Sep-24
3521,11872,8,R$ 250.00,25-Oct-24,5,Pago com sucesso,21-Oct-24
3522,11872,8,R$ 250.00,25-Nov-24,6,Pago com sucesso,21-Nov-24
3523,11872,8,R$ 250.00,25-Dec-24,7,Pago com sucesso,23-Dec-24
3524,11872,8,R$ 250.00,25-Jan-25,8,Pago com sucesso,21-Jan-25
3525,11873,5,R$ 240.00,10-Jul-24,1,Aberta,
3526,11873,5,R$ 240.00,10-Aug-24,2,Aberta,
3527,11873,5,R$ 240.00,10-Sep-24,3,Aberta,
3528,11873,5,R$ 240.00,10-Oct-24,4,Aberta,
3529,11873,5,R$ 240.00,10-Nov-24,5,Aberta,
3530,11876,8,R$ 285.00,10-Jul-24,1,Pago com sucesso,10-Jul-24
3531,11876,8,R$ 285.00,10-Aug-24,2,Pago com atraso,12-Aug-24
3532,11876,8,R$ 285.00,10-Sep-24,3,Pago com sucesso,02-Sep-24
3533,11876,8,R$ 285.00,10-Oct-24,4,Pago com atraso,04-Nov-24
3534,11876,8,R$ 285.00,10-Nov-24,5,Pago com atraso,02-Dec-24
3535,11876,8,R$ 285.00,10-Dec-24,6,Pago com sucesso,04-Dec-24
3536,11876,8,R$ 285.00,10-Jan-25,7,Pago com atraso,31-Jan-25
3537,11876,8,R$ 285.00,10-Feb-25,8,Pago com atraso,05-Mar-25
3538,11879,6,R$ 500.00,05-Jul-24,1,Aberta,
3539,11879,6,R$ 500.00,05-Aug-24,2,Aberta,
3540,11879,6,R$ 500.00,05-Sep-24,3,Aberta,
3541,11879,6,R$ 500.00,05-Oct-24,4,Aberta,
3542,11879,6,R$ 500.00,05-Nov-24,5,Aberta,
3543,11879,6,R$ 500.00,05-Dec-24,6,Aberta,
3544,11880,6,R$ 575.00,10-Oct-24,1,Pago com atraso,11-Oct-24
3545,11880,6,R$ 575.00,10-Nov-24,2,Pago com atraso,13-Nov-24
3546,11880,6,R$ 575.00,10-Dec-24,3,Pago com atraso,11-Dec-24
3547,11880,6,R$ 575.00,10-Jan-25,4,Pago com atraso,28-Feb-25
3548,11880,6,R$ 575.00,10-Feb-25,5,Pago com atraso,28-Feb-25
3549,11880,6,R$ 575.00,10-Mar-25,6,Pago com atraso,15-Apr-25
3550,11883,5,R$ 260.00,10-Aug-24,1,Aberta,
3551,11883,5,R$ 260.00,10-Sep-24,2,Aberta,
3552,11883,5,R$ 260.00,10-Oct-24,3,Aberta,
3553,11883,5,R$ 260.00,10-Nov-24,4,Aberta,
3554,11883,5,R$ 260.00,10-Dec-24,5,Aberta,
3555,11885,6,R$ 230.00,10-Aug-24,1,Pago com sucesso,08-Aug-24
3556,11885,6,R$ 230.00,10-Sep-24,2,Pago com sucesso,10-Sep-24
3557,11885,6,R$ 230.00,10-Oct-24,3,Pago com sucesso,10-Oct-24
3558,11885,6,R$ 230.00,10-Nov-24,4,Pago com sucesso,08-Nov-24
3559,11885,6,R$ 230.00,10-Dec-24,5,Pago com sucesso,06-Dec-24
3560,11885,6,R$ 230.00,10-Jan-25,6,Pago com sucesso,08-Jan-25
3561,11888,6,R$ 200.00,01-Aug-24,1,Pago com sucesso,22-Jul-24
3562,11888,6,R$ 200.00,01-Sep-24,2,Pago com sucesso,30-Jul-24
3563,11888,6,R$ 200.00,01-Oct-24,3,Pago com sucesso,27-Aug-24
3564,11888,6,R$ 200.00,01-Nov-24,4,Pago com sucesso,14-Oct-24
3565,11888,6,R$ 200.00,01-Dec-24,5,Pago com sucesso,06-Nov-24
3566,11888,6,R$ 200.00,01-Jan-25,6,Pago com atraso,02-Jan-25
3567,11889,6,R$ 250.00,10-Aug-24,1,Pago com sucesso,29-Jul-24
3568,11889,6,R$ 250.00,10-Sep-24,2,Pago com sucesso,10-Sep-24
3569,11889,6,R$ 250.00,10-Oct-24,3,Pago com atraso,18-Oct-24
3570,11889,6,R$ 250.00,10-Nov-24,4,Pago com atraso,23-Dec-24
3571,11889,6,R$ 250.00,10-Dec-24,5,Pago com atraso,31-Dec-24
3572,11889,6,R$ 250.00,10-Jan-25,6,Pago com atraso,25-Mar-25
3573,11891,6,R$ 200.00,05-Aug-24,1,Aberta,
3574,11891,6,R$ 200.00,05-Sep-24,2,Aberta,
3575,11891,6,R$ 200.00,05-Oct-24,3,Aberta,
3576,11891,6,R$ 200.00,05-Nov-24,4,Aberta,
3577,11891,6,R$ 200.00,05-Dec-24,5,Aberta,
3578,11891,6,R$ 200.00,05-Jan-25,6,Aberta,
3579,11896,4,R$ 240.00,10-Aug-24,1,Aberta,
3580,11896,4,R$ 240.00,10-Sep-24,2,Aberta,
3581,11896,4,R$ 240.00,10-Oct-24,3,Aberta,
3582,11896,4,R$ 240.00,10-Nov-24,4,Aberta,
3583,11900,4,R$ 218.75,07-Aug-24,1,Pago com atraso,07-Sep-24
3584,11900,4,R$ 218.75,07-Sep-24,2,Pago com atraso,11-Oct-24
3585,11900,4,R$ 218.75,07-Oct-24,3,Pago com atraso,28-Nov-24
3586,11900,4,R$ 218.75,07-Nov-24,4,Pago com atraso,29-Jan-25
3587,11902,4,R$ 600.00,04-Sep-24,1,Aberta,
3588,11902,4,R$ 600.00,04-Oct-24,2,Aberta,
3589,11902,4,R$ 600.00,04-Nov-24,3,Aberta,
3590,11902,4,R$ 600.00,04-Dec-24,4,Aberta,
3591,11903,8,R$ 325.00,25-Aug-24,1,Pago com atraso,28-Aug-24
3592,11903,8,R$ 325.00,25-Sep-24,2,Pago com atraso,02-Oct-24
3593,11903,8,R$ 325.00,25-Oct-24,3,Pago com atraso,21-Nov-24
3594,11903,8,R$ 325.00,25-Nov-24,4,Pago com atraso,02-Jan-25
3595,11903,8,R$ 325.00,25-Dec-24,5,Pago com atraso,30-Jan-25
3596,11903,8,R$ 325.00,25-Jan-25,6,Pago com sucesso,04-Dec-24
3597,11903,8,R$ 325.00,25-Feb-25,7,Pago com sucesso,31-Jan-25
3598,11903,8,R$ 325.00,25-Mar-25,8,Pago com atraso,02-May-25
3599,11904,4,R$ 150.00,07-Sep-24,1,Aberta,
3600,11904,4,R$ 150.00,07-Oct-24,2,Aberta,
3601,11904,4,R$ 150.00,07-Nov-24,3,Aberta,
3602,11904,4,R$ 150.00,07-Dec-24,4,Aberta,
3603,11905,5,R$ 100.00,02-Sep-24,1,Pago com atraso,27-Jun-25
3604,11905,5,R$ 100.00,02-Oct-24,2,Pago com atraso,27-Jun-25
3605,11905,5,R$ 100.00,02-Nov-24,3,Pago com atraso,11-Aug-25
3606,11905,5,R$ 100.00,02-Dec-24,4,Pago com atraso,11-Aug-25
3607,11905,5,R$ 100.00,02-Jan-25,5,Pago com atraso,03-Sep-25
3608,11911,6,R$ 250.00,15-Sep-24,1,Pago com sucesso,12-Sep-24
3609,11911,6,R$ 250.00,15-Oct-24,2,Pago com atraso,30-Oct-24
3610,11911,6,R$ 250.00,15-Nov-24,3,Pago com atraso,08-May-25
3611,11911,6,R$ 250.00,15-Dec-24,4,Aberta,
3612,11911,6,R$ 250.00,15-Jan-25,5,Aberta,
3613,11911,6,R$ 250.00,15-Feb-25,6,Aberta,
3614,11914,1,R$ 280.00,02-Oct-24,1,Aberta,
3615,11915,5,R$ 200.00,25-Oct-24,1,Pago com sucesso,27-Sep-24
3616,11915,5,R$ 200.00,25-Nov-24,2,Pago com sucesso,24-Oct-24
3617,11915,5,R$ 200.00,25-Dec-24,3,Pago com sucesso,25-Nov-24
3618,11915,5,R$ 200.00,25-Jan-25,4,Pago com sucesso,26-Dec-24
3619,11915,5,R$ 200.00,25-Feb-25,5,Pago com sucesso,31-Jan-25
3620,11918,4,R$ 140.00,10-Oct-24,1,Pago com sucesso,10-Oct-24
3621,11918,4,R$ 140.00,10-Nov-24,2,Pago com sucesso,10-Nov-24
3622,11918,4,R$ 140.00,10-Dec-24,3,Pago com sucesso,10-Dec-24
3623,11918,4,R$ 140.00,10-Jan-25,4,Pago com sucesso,10-Jan-25
3624,11919,4,R$ 170.00,20-Nov-24,1,Pago com sucesso,19-Nov-24
3625,11919,4,R$ 170.00,20-Dec-24,2,Pago com sucesso,30-Nov-24
3626,11919,4,R$ 170.00,20-Jan-25,3,Pago com sucesso,24-Dec-24
3627,11919,4,R$ 170.00,20-Feb-25,4,Pago com sucesso,29-Jan-25
3628,11921,5,R$ 160.00,15-Oct-24,1,Pago com sucesso,12-Oct-24
3629,11921,5,R$ 160.00,15-Nov-24,2,Pago com sucesso,14-Nov-24
3630,11921,5,R$ 160.00,15-Dec-24,3,Pago com sucesso,13-Dec-24
3631,11921,5,R$ 160.00,15-Jan-25,4,Pago com sucesso,11-Jan-25
3632,11921,5,R$ 160.00,15-Feb-25,5,Pago com sucesso,10-Feb-25
3633,11924,5,R$ 160.00,14-Oct-24,1,Pago com sucesso,12-Oct-24
3634,11924,5,R$ 160.00,14-Nov-24,2,Pago com atraso,19-Nov-24
3635,11924,5,R$ 160.00,14-Dec-24,3,Pago com sucesso,11-Dec-24
3636,11924,5,R$ 160.00,14-Jan-25,4,Pago com atraso,31-Jan-25
3637,11924,5,R$ 160.00,14-Feb-25,5,Pago com atraso,15-Feb-25
3638,11925,7,R$ 200.00,30-Oct-24,1,Pago com atraso,07-Nov-24
3639,11925,7,R$ 200.00,30-Nov-24,2,Pago com atraso,26-Dec-24
3640,11925,7,R$ 200.00,30-Dec-24,3,Pago com atraso,28-May-25
3641,11925,7,R$ 200.00,30-Jan-25,4,Pago com atraso,30-Aug-25
3642,11925,7,R$ 200.00,28-Feb-25,5,Aberta,
3643,11925,7,R$ 200.00,28-Mar-25,6,Aberta,
3644,11925,7,R$ 200.00,28-Apr-25,7,Aberta,
3645,11932,4,R$ 175.00,27-Dec-24,1,Pago com sucesso,27-Dec-24
3646,11932,4,R$ 175.00,27-Jan-25,2,Pago com atraso,01-Mar-25
3647,11932,4,R$ 175.00,27-Feb-25,3,Aberta,
3648,11932,4,R$ 175.00,27-Mar-25,4,Aberta,
3649,11933,6,R$ 200.00,09-Nov-24,1,Pago com atraso,11-Nov-24
3650,11933,6,R$ 200.00,09-Dec-24,2,Pago com atraso,13-Jan-25
3651,11933,6,R$ 200.00,09-Jan-25,3,Pago com atraso,13-Jan-25
3652,11933,6,R$ 200.00,09-Feb-25,4,Pago com atraso,11-Feb-25
3653,11933,6,R$ 200.00,09-Mar-25,5,Pago com sucesso,05-Mar-25
3654,11933,6,R$ 200.00,09-Apr-25,6,Pago com atraso,14-Apr-25
3655,11940,5,R$ 130.00,07-Nov-24,1,Pago com atraso,03-Sep-25
3656,11940,5,R$ 130.00,07-Dec-24,2,Pago com atraso,03-Sep-25
3657,11940,5,R$ 130.00,07-Jan-25,3,Pago com atraso,29-Sep-25
3658,11940,5,R$ 130.00,07-Feb-25,4,Pago com atraso,29-Sep-25
3659,11940,5,R$ 130.00,07-Mar-25,5,Pago com atraso,29-Sep-25
3660,11941,5,R$ 200.00,05-Nov-24,1,Pago com sucesso,04-Nov-24
3661,11941,5,R$ 200.00,05-Dec-24,2,Pago com atraso,13-Dec-24
3662,11941,5,R$ 200.00,05-Jan-25,3,Pago com atraso,14-Jan-25
3663,11941,5,R$ 200.00,05-Feb-25,4,Pago com atraso,07-Apr-25
3664,11941,5,R$ 200.00,05-Mar-25,5,Pago com atraso,22-Sep-25
3665,11944,3,R$ 130.00,25-Nov-24,1,Pago com atraso,13-Dec-24
3666,11944,3,R$ 130.00,25-Dec-24,2,Pago com atraso,04-Feb-25
3667,11944,3,R$ 130.00,25-Jan-25,3,Pago com atraso,15-Apr-25
3668,11945,2,R$ 150.00,15-Nov-24,1,Aberta,
3669,11945,2,R$ 150.00,15-Dec-24,2,Aberta,
3670,11947,5,R$ 550.00,20-Nov-24,1,Pago com atraso,30-Nov-24
3671,11947,5,R$ 550.00,20-Dec-24,2,Pago com atraso,07-Feb-25
3672,11947,5,R$ 550.00,20-Jan-25,3,Pago com atraso,07-Feb-25
3673,11947,5,R$ 550.00,20-Feb-25,4,Pago com atraso,16-May-25
3674,11947,5,R$ 550.00,20-Mar-25,5,Pago com atraso,11-Oct-25
3675,11948,5,R$ 140.00,07-Nov-24,1,Pago com atraso,06-Feb-25
3676,11948,5,R$ 140.00,07-Dec-24,2,Pago com atraso,13-Aug-25
3677,11948,5,R$ 140.00,07-Jan-25,3,Aberta,
3678,11948,5,R$ 140.00,07-Feb-25,4,Aberta,
3679,11948,5,R$ 140.00,07-Mar-25,5,Aberta,
3680,11952,2,R$ 150.00,10-Nov-24,1,Pago com sucesso,31-Oct-24
3681,11952,2,R$ 150.00,10-Dec-24,2,Pago com sucesso,30-Nov-24
3682,11954,1,"R$ 1,000.00",29-Nov-24,1,Aberta,
3683,11955,8,R$ 287.50,05-Dec-24,1,Pago com sucesso,19-Nov-24
3684,11955,8,R$ 287.50,05-Jan-25,2,Pago com sucesso,24-Dec-24
3685,11955,8,R$ 287.50,05-Feb-25,3,Pago com sucesso,29-Jan-25
3686,11955,8,R$ 287.50,05-Mar-25,4,Pago com sucesso,26-Feb-25
3687,11955,8,R$ 287.50,05-Apr-25,5,Pago com sucesso,28-Mar-25
3688,11955,8,R$ 287.50,05-May-25,6,Pago com sucesso,29-Apr-25
3689,11955,8,R$ 287.50,05-Jun-25,7,Pago com sucesso,27-May-25
3690,11955,8,R$ 287.50,05-Jul-25,8,Pago com sucesso,26-Jun-25
3691,11956,6,R$ 340.00,28-Dec-24,1,Pago com sucesso,21-Dec-24
3692,11956,6,R$ 340.00,28-Jan-25,2,Pago com sucesso,28-Jan-25
3693,11956,6,R$ 340.00,28-Feb-25,3,Pago com sucesso,28-Feb-25
3694,11956,6,R$ 340.00,28-Mar-25,4,Pago com atraso,25-Apr-25
3695,11956,6,R$ 340.00,28-Apr-25,5,Pago com atraso,29-May-25
3696,11956,6,R$ 340.00,28-May-25,6,Pago com atraso,29-Jul-25
3697,11960,6,R$ 200.00,10-Dec-24,1,Pago com sucesso,10-Dec-24
3698,11960,6,R$ 200.00,10-Jan-25,2,Pago com sucesso,08-Jan-25
3699,11960,6,R$ 200.00,10-Feb-25,3,Pago com sucesso,07-Feb-25
3700,11960,6,R$ 200.00,10-Mar-25,4,Pago com sucesso,08-Mar-25
3701,11960,6,R$ 200.00,10-Apr-25,5,Pago com sucesso,08-Apr-25
3702,11960,6,R$ 200.00,10-May-25,6,Pago com sucesso,08-May-25
3703,11961,5,R$ 140.00,10-Dec-24,1,Pago com sucesso,05-Dec-24
3704,11961,5,R$ 140.00,10-Jan-25,2,Pago com sucesso,06-Jan-25
3705,11961,5,R$ 140.00,10-Feb-25,3,Pago com sucesso,05-Feb-25
3706,11961,5,R$ 140.00,10-Mar-25,4,Pago com sucesso,05-Mar-25
3707,11961,5,R$ 140.00,10-Apr-25,5,Pago com sucesso,05-Apr-25
3708,11966,6,R$ 135.00,05-Dec-24,1,Pago com atraso,07-Jan-25
3709,11966,6,R$ 135.00,05-Jan-25,2,Pago com atraso,03-Feb-25
3710,11966,6,R$ 135.00,05-Feb-25,3,Pago com atraso,13-Mar-25
3711,11966,6,R$ 135.00,05-Mar-25,4,Pago com atraso,02-Apr-25
3712,11966,6,R$ 135.00,05-Apr-25,5,Pago com atraso,05-May-25
3713,11966,6,R$ 135.00,05-May-25,6,Pago com atraso,06-Jun-25
3714,11968,5,R$ 110.00,28-Dec-24,1,Pago com atraso,28-Jan-25
3715,11968,5,R$ 110.00,28-Jan-25,2,Pago com atraso,25-Apr-25
3716,11968,5,R$ 110.00,28-Feb-25,3,Pago com sucesso,28-Feb-25
3717,11968,5,R$ 110.00,28-Mar-25,4,Pago com atraso,25-Apr-25
3718,11968,5,R$ 110.00,28-Apr-25,5,Pago com atraso,01-Sep-25
3719,11970,3,R$ 225.00,09-Jan-25,1,Pago com atraso,22-Jan-25
3720,11970,3,R$ 225.00,09-Feb-25,2,Pago com atraso,10-Feb-25
3721,11970,3,R$ 225.00,09-Mar-25,3,Pago com atraso,25-Mar-25
3722,11971,2,R$ 175.00,02-Jan-25,1,Pago com atraso,11-Oct-25
3723,11971,2,R$ 175.00,02-Feb-25,2,Pago com atraso,11-Oct-25
3724,11975,6,R$ 250.00,10-Jan-25,1,Pago com atraso,14-Jan-25
3725,11975,6,R$ 250.00,10-Feb-25,2,Pago com atraso,10-Mar-25
3726,11975,6,R$ 250.00,10-Mar-25,3,Pago com atraso,11-Apr-25
3727,11975,6,R$ 250.00,10-Apr-25,4,Pago com atraso,15-May-25
3728,11975,6,R$ 250.00,10-May-25,5,Pago com atraso,26-Jun-25
3729,11975,6,R$ 250.00,10-Jun-25,6,Pago com atraso,07-Aug-25
3730,11976,5,R$ 230.00,05-Feb-25,1,Pago com sucesso,05-Feb-25
3731,11976,5,R$ 230.00,05-Mar-25,2,Pago com atraso,07-Mar-25
3732,11976,5,R$ 230.00,05-Apr-25,3,Pago com sucesso,02-Apr-25
3733,11976,5,R$ 230.00,05-May-25,4,Pago com atraso,06-May-25
3734,11976,5,R$ 230.00,05-Jun-25,5,Pago com sucesso,03-Jun-25
3735,11977,6,R$ 240.00,10-Jan-25,1,Pago com atraso,14-Jan-25
3736,11977,6,R$ 240.00,10-Feb-25,2,Pago com atraso,10-Mar-25
3737,11977,6,R$ 240.00,10-Mar-25,3,Pago com atraso,11-Apr-25
3738,11977,6,R$ 240.00,10-Apr-25,4,Pago com atraso,15-May-25
3739,11977,6,R$ 240.00,10-May-25,5,Pago com atraso,26-Jun-25
3740,11977,6,R$ 240.00,10-Jun-25,6,Pago com atraso,07-Aug-25
3741,11982,4,R$ 175.00,17-Jan-25,1,Pago com atraso,23-Jan-25
3742,11982,4,R$ 175.00,17-Feb-25,2,Pago com atraso,07-Mar-25
3743,11982,4,R$ 175.00,17-Mar-25,3,Pago com atraso,08-Apr-25
3744,11982,4,R$ 175.00,17-Apr-25,4,Aberta,
3745,11983,4,R$ 100.00,19-Jan-25,1,Pago com atraso,30-Jan-25
3746,11983,4,R$ 100.00,19-Feb-25,2,Pago com atraso,07-Mar-25
3747,11983,4,R$ 100.00,19-Mar-25,3,Pago com atraso,10-May-25
3748,11983,4,R$ 100.00,19-Apr-25,4,Aberta,
3749,11987,10,R$ 326.00,05-Feb-25,1,Pago com sucesso,04-Feb-25
3750,11987,10,R$ 326.00,05-Mar-25,2,Pago com atraso,06-Mar-25
3751,11987,10,R$ 326.00,05-Apr-25,3,Pago com sucesso,03-Apr-25
3752,11987,10,R$ 326.00,05-May-25,4,Pago com sucesso,30-Apr-25
3753,11987,10,R$ 326.00,05-Jun-25,5,Pago com sucesso,30-May-25
3754,11987,10,R$ 326.00,05-Jul-25,6,Pago com atraso,29-Jul-25
3755,11987,10,R$ 326.00,05-Aug-25,7,Pago com atraso,28-Aug-25
3756,11987,10,R$ 326.00,05-Sep-25,8,Pago com atraso,29-Sep-25
3757,11987,10,R$ 326.00,05-Oct-25,9,Pago com atraso,29-Oct-25
3758,11987,10,R$ 326.00,05-Nov-25,10,Aberta,
3759,11990,5,R$ 90.00,30-Mar-25,1,Pago com sucesso,12-Mar-25
3760,11990,5,R$ 90.00,30-Apr-25,2,Pago com sucesso,22-Apr-25
3761,11990,5,R$ 90.00,30-May-25,3,Pago com sucesso,12-May-25
3762,11990,5,R$ 90.00,30-Jun-25,4,Pago com sucesso,28-May-25
3763,11990,5,R$ 90.00,30-Jul-25,5,Pago com sucesso,21-Jul-25
3764,11991,4,R$ 200.00,08-Feb-25,1,Pago com atraso,10-Feb-25
3765,11991,4,R$ 200.00,08-Mar-25,2,Pago com atraso,25-Mar-25
3766,11991,4,R$ 200.00,08-Apr-25,3,Pago com atraso,20-Jun-25
3767,11991,4,R$ 200.00,08-May-25,4,Pago com atraso,09-Sep-25
3768,11992,1,R$ 150.00,09-Feb-25,1,Aberta,
3769,11996,3,R$ 120.00,13-Feb-25,1,Pago com atraso,18-Mar-25
3770,11996,3,R$ 120.00,13-Mar-25,2,Pago com atraso,18-Mar-25
3771,11996,3,R$ 120.00,13-Apr-25,3,Pago com sucesso,18-Mar-25
3772,11997,6,R$ 335.00,05-Feb-25,1,Pago com sucesso,04-Feb-25
3773,11997,6,R$ 335.00,05-Mar-25,2,Pago com atraso,06-Mar-25
3774,11997,6,R$ 335.00,05-Apr-25,3,Pago com atraso,28-Apr-25
3775,11997,6,R$ 335.00,05-May-25,4,Pago com atraso,30-May-25
3776,11997,6,R$ 335.00,05-Jun-25,5,Pago com atraso,03-Jul-25
3777,11997,6,R$ 335.00,05-Jul-25,6,Pago com atraso,04-Aug-25
3778,12000,2,R$ 330.00,05-Mar-25,1,Pago com atraso,11-Mar-25
3779,12000,2,R$ 330.00,05-Apr-25,2,Pago com sucesso,04-Apr-25
3780,12003,1,R$ 190.00,05-Mar-25,1,Pago com sucesso,28-Feb-25
3781,12004,6,R$ 435.00,10-Feb-25,1,Pago com atraso,08-Mar-25
3782,12004,6,R$ 435.00,10-Mar-25,2,Pago com atraso,09-Apr-25
3783,12004,6,R$ 435.00,10-Apr-25,3,Pago com atraso,10-May-25
3784,12004,6,R$ 435.00,10-May-25,4,Pago com atraso,09-Jun-25
3785,12004,6,R$ 435.00,10-Jun-25,5,Pago com atraso,06-Aug-25
3786,12004,6,R$ 435.00,10-Jul-25,6,Pago com atraso,18-Jul-25
3787,12007,4,R$ 130.00,01-Mar-25,1,Pago com atraso,28-Mar-25
3788,12007,4,R$ 130.00,01-Apr-25,2,Pago com atraso,02-May-25
3789,12007,4,R$ 130.00,01-May-25,3,Pago com atraso,04-Jul-25
3790,12007,4,R$ 130.00,01-Jun-25,4,Pago com atraso,01-Aug-25
3791,12008,1,R$ 100.00,04-Mar-25,1,Pago com atraso,10-Mar-25
3792,12010,6,R$ 364.00,01-Mar-25,1,Pago com sucesso,27-Feb-25
3793,12010,6,R$ 364.00,01-Apr-25,2,Pago com sucesso,29-Mar-25
3794,12010,6,R$ 364.00,01-May-25,3,Pago com sucesso,28-Apr-25
3795,12010,6,R$ 364.00,01-Jun-25,4,Pago com sucesso,28-May-25
3796,12010,6,R$ 364.00,01-Jul-25,5,Pago com sucesso,26-Jun-25
3797,12010,6,R$ 364.00,01-Aug-25,6,Pago com sucesso,28-Jul-25
3798,12014,7,R$ 200.00,15-Mar-25,1,Pago com sucesso,10-Mar-25
3799,12014,7,R$ 200.00,15-Apr-25,2,Pago com sucesso,11-Apr-25
3800,12014,7,R$ 200.00,15-May-25,3,Pago com sucesso,11-Apr-25
3801,12014,7,R$ 200.00,15-Jun-25,4,Pago com sucesso,09-May-25
3802,12014,7,R$ 200.00,15-Jul-25,5,Pago com sucesso,11-Jun-25
3803,12014,7,R$ 200.00,15-Aug-25,6,Pago com sucesso,10-Jul-25
3804,12014,7,R$ 200.00,15-Sep-25,7,Pago com sucesso,08-Aug-25
3805,12015,5,R$ 110.00,29-Mar-25,1,Pago com sucesso,28-Mar-25
3806,12015,5,R$ 110.00,29-Apr-25,2,Pago com sucesso,28-Apr-25
3807,12015,5,R$ 110.00,29-May-25,3,Pago com atraso,03-Jun-25
3808,12015,5,R$ 110.00,29-Jun-25,4,Pago com atraso,30-Jun-25
3809,12015,5,R$ 110.00,29-Jul-25,5,Pago com atraso,30-Jul-25
3810,12016,7,R$ 260.00,29-Mar-25,1,Pago com sucesso,11-Mar-25
3811,12016,7,R$ 260.00,29-Apr-25,2,Pago com sucesso,28-Apr-25
3812,12016,7,R$ 260.00,29-May-25,3,Pago com atraso,03-Jun-25
3813,12016,7,R$ 260.00,29-Jun-25,4,Pago com atraso,30-Jun-25
3814,12016,7,R$ 260.00,29-Jul-25,5,Pago com atraso,30-Jul-25
3815,12016,7,R$ 260.00,29-Aug-25,6,Pago com sucesso,26-Aug-25
3816,12016,7,R$ 260.00,29-Sep-25,7,Pago com sucesso,09-Sep-25
3817,12017,5,R$ 334.00,17-Mar-25,1,Aberta,
3818,12017,5,R$ 334.00,17-Apr-25,2,Aberta,
3819,12017,5,R$ 334.00,17-May-25,3,Aberta,
3820,12017,5,R$ 334.00,17-Jun-25,4,Aberta,
3821,12017,5,R$ 334.00,17-Jul-25,5,Aberta,
3822,12022,1,R$ 300.00,05-May-25,1,Pago com atraso,12-May-25
3823,12024,10,R$ 340.00,22-Apr-25,1,Pago com atraso,23-Apr-25
3824,12024,10,R$ 340.00,22-May-25,2,Pago com sucesso,21-May-25
3825,12024,10,R$ 340.00,22-Jun-25,3,Pago com atraso,24-Jun-25
3826,12024,10,R$ 340.00,22-Jul-25,4,Pago com sucesso,21-Jul-25
3827,12024,10,R$ 340.00,22-Aug-25,5,Pago com sucesso,21-Aug-25
3828,12024,10,R$ 340.00,22-Sep-25,6,Pago com atraso,21-Oct-25
3829,12024,10,R$ 340.00,22-Oct-25,7,Pago com atraso,21-Nov-25
3830,12024,10,R$ 340.00,22-Nov-25,8,Aberta,
3831,12024,10,R$ 340.00,22-Dec-25,9,Aberta,
3832,12024,10,R$ 340.00,22-Jan-26,10,Aberta,
3833,12028,14,R$ 150.00,05-May-25,1,Pago com sucesso,05-May-25
3834,12028,14,R$ 150.00,05-Jun-25,2,Pago com sucesso,04-Jun-25
3835,12028,14,R$ 150.00,05-Jul-25,3,Pago com sucesso,02-Jul-25
3836,12028,14,R$ 150.00,05-Aug-25,4,Pago com sucesso,05-Aug-25
3837,12028,14,R$ 150.00,05-Sep-25,5,Pago com sucesso,02-Sep-25
3838,12028,14,R$ 150.00,05-Oct-25,6,Pago com sucesso,02-Oct-25
3839,12028,14,R$ 150.00,05-Nov-25,7,Pago com sucesso,04-Nov-25
3840,12028,14,R$ 150.00,05-Dec-25,8,Aberta,
3841,12028,14,R$ 150.00,05-Jan-26,9,Aberta,
3842,12028,14,R$ 150.00,05-Feb-26,10,Aberta,
3843,12028,14,R$ 150.00,05-Mar-26,11,Aberta,
3844,12028,14,R$ 150.00,05-Apr-26,12,Aberta,
3845,12028,14,R$ 150.00,05-May-26,13,Aberta,
3846,12028,14,R$ 150.00,05-Jun-26,14,Aberta,
3847,12031,5,R$ 196.00,09-May-25,1,Pago com sucesso,06-May-25
3848,12031,5,R$ 196.00,09-Jun-25,2,Pago com sucesso,28-May-25
3849,12031,5,R$ 196.00,09-Jul-25,3,Pago com sucesso,01-Jul-25
3850,12031,5,R$ 196.00,09-Aug-25,4,Pago com sucesso,05-Aug-25
3851,12031,5,R$ 196.00,09-Sep-25,5,Pago com sucesso,02-Sep-25
3852,12034,6,R$ 200.00,05-May-25,1,Pago com sucesso,05-May-25
3853,12034,6,R$ 200.00,05-Jun-25,2,Pago com sucesso,05-May-25
3854,12034,6,R$ 200.00,05-Jul-25,3,Pago com sucesso,06-Jun-25
3855,12034,6,R$ 200.00,05-Aug-25,4,Pago com sucesso,06-Jun-25
3856,12034,6,R$ 200.00,05-Sep-25,5,Pago com sucesso,05-Jul-25
3857,12034,6,R$ 200.00,05-Oct-25,6,Pago com sucesso,06-Aug-25
3858,12033,4,R$ 275.00,07-May-25,1,Pago com sucesso,22-Apr-25
3859,12033,4,R$ 275.00,07-Jun-25,2,Pago com sucesso,20-May-25
3860,12033,4,R$ 275.00,07-Jul-25,3,Pago com sucesso,06-Jun-25
3861,12033,4,R$ 275.00,07-Aug-25,4,Pago com sucesso,25-Jun-25
3862,12042,6,R$ 350.00,02-Jun-25,1,Pago com atraso,13-Jun-25
3863,12042,6,R$ 350.00,02-Jul-25,2,Pago com atraso,03-Jul-25
3864,12042,6,R$ 350.00,02-Aug-25,3,Pago com atraso,15-Aug-25
3865,12042,6,R$ 350.00,02-Sep-25,4,Pago com atraso,19-Sep-25
3866,12042,6,R$ 350.00,02-Oct-25,5,Pago com sucesso,19-Sep-25
3867,12042,6,R$ 350.00,02-Nov-25,6,Aberta,
3868,12048,7,R$ 120.00,06-Jun-25,1,Pago com atraso,09-Jun-25
3869,12048,7,R$ 120.00,06-Jul-25,2,Pago com atraso,03-Oct-25
3870,12048,7,R$ 120.00,06-Aug-25,3,Pago com atraso,03-Oct-25
3871,12048,7,R$ 120.00,06-Sep-25,4,Pago com atraso,03-Oct-25
3872,12048,7,R$ 120.00,06-Oct-25,5,Pago com atraso,05-Nov-25
3873,12048,7,R$ 120.00,06-Nov-25,6,Pago com sucesso,05-Nov-25
3874,12048,7,R$ 120.00,06-Dec-25,7,Pago com atraso,06-Jan-26
3875,12044,6,R$ 300.00,26-Jun-25,1,Pago com sucesso,26-Jun-25
3876,12044,6,R$ 300.00,26-Jul-25,2,Pago com atraso,31-Aug-25
3877,12044,6,R$ 300.00,26-Aug-25,3,Pago com atraso,08-Oct-25
3878,12044,6,R$ 300.00,26-Sep-25,4,Pago com atraso,27-Oct-25
3879,12044,6,R$ 300.00,26-Oct-25,5,Aberta,
3880,12044,6,R$ 300.00,26-Nov-25,6,Aberta,
3881,12056,5,R$ 340.00,05-Jun-25,1,Pago com atraso,08-Jul-25
3882,12056,5,R$ 340.00,05-Jul-25,2,Pago com atraso,11-Aug-25
3883,12056,5,R$ 340.00,05-Aug-25,3,Pago com atraso,12-Sep-25
3884,12056,5,R$ 340.00,05-Sep-25,4,Pago com atraso,16-Oct-25
3885,12056,5,R$ 340.00,05-Oct-25,5,Pago com atraso,07-Nov-25
3886,12058,4,R$ 200.00,15-Jun-25,1,Pago com sucesso,11-Jun-25
3887,12058,4,R$ 200.00,15-Jul-25,2,Pago com sucesso,09-Jul-25
3888,12058,4,R$ 200.00,15-Aug-25,3,Pago com sucesso,14-Aug-25
3889,12058,4,R$ 200.00,15-Sep-25,4,Pago com sucesso,01-Sep-25
3890,12059,1,R$ 80.00,03-Jul-25,1,Aberta,
3891,12063,5,R$ 200.00,01-Jul-25,1,Pago com sucesso,01-Jul-25
3892,12063,5,R$ 200.00,01-Aug-25,2,Pago com sucesso,29-Jul-25
3893,12063,5,R$ 200.00,01-Sep-25,3,Pago com sucesso,28-Aug-25
3894,12063,5,R$ 200.00,01-Oct-25,4,Pago com sucesso,29-Sep-25
3895,12063,5,R$ 200.00,01-Nov-25,5,Pago com sucesso,28-Oct-25
3896,12064,6,R$ 184.00,05-Jul-25,1,Pago com atraso,07-Jul-25
3897,12064,6,R$ 184.00,05-Aug-25,2,Pago com atraso,02-Sep-25
3898,12064,6,R$ 184.00,05-Sep-25,3,Pago com atraso,03-Oct-25
3899,12064,6,R$ 184.00,05-Oct-25,4,Pago com atraso,03-Nov-25
3900,12064,6,R$ 184.00,05-Nov-25,5,Aberta,
3901,12064,6,R$ 184.00,05-Dec-25,6,Aberta,
3902,12067,10,R$ 200.00,30-Jul-25,1,Pago com atraso,22-Sep-25
3903,12067,10,R$ 200.00,30-Aug-25,2,Pago com atraso,17-Oct-25
3904,12067,10,R$ 200.00,30-Sep-25,3,Aberta,
3905,12067,10,R$ 200.00,30-Oct-25,4,Aberta,
3906,12067,10,R$ 200.00,30-Nov-25,5,Aberta,
3907,12067,10,R$ 200.00,30-Dec-25,6,Aberta,
3908,12067,10,R$ 200.00,30-Jan-26,7,Aberta,
3909,12067,10,R$ 200.00,28-Feb-26,8,Aberta,
3910,12067,10,R$ 200.00,28-Mar-26,9,Aberta,
3911,12067,10,R$ 200.00,28-Apr-26,10,Aberta,
3922,12068,10,R$ 600.00,10-Jul-25,1,Pago com sucesso,08-Jul-25
3923,12068,10,R$ 600.00,10-Aug-25,2,Pago com sucesso,04-Aug-25
3924,12068,10,R$ 600.00,10-Sep-25,3,Pago com atraso,30-Sep-25
3925,12068,10,R$ 600.00,10-Oct-25,4,Pago com atraso,29-Oct-25
3926,12068,10,R$ 600.00,10-Nov-25,5,Pago com atraso,11-Nov-25
3927,12068,10,R$ 600.00,10-Dec-25,6,Pago com atraso,16-Jan-26
3928,12068,10,R$ 600.00,10-Jan-26,7,Aberta,
3929,12068,10,R$ 600.00,10-Feb-26,8,Aberta,
3930,12068,10,R$ 600.00,10-Mar-26,9,Aberta,
3931,12068,10,R$ 600.00,10-Apr-26,10,Aberta,
3932,12070,3,R$ 250.00,10-Aug-25,1,Pago com sucesso,07-Aug-25
3933,12070,3,R$ 250.00,10-Sep-25,2,Pago com sucesso,05-Sep-25
3934,12070,3,R$ 250.00,10-Oct-25,3,Pago com sucesso,07-Oct-25
3935,12071,5,R$ 258.00,10-Aug-25,1,Pago com atraso,05-Sep-25
3936,12071,5,R$ 258.00,10-Sep-25,2,Pago com atraso,07-Oct-25
3937,12071,5,R$ 258.00,10-Oct-25,3,Pago com atraso,07-Nov-25
3938,12071,5,R$ 258.00,10-Nov-25,4,Pago com atraso,08-Dec-25
3939,12071,5,R$ 258.00,10-Dec-25,5,Pago com atraso,08-Jan-26
3940,12073,5,R$ 120.00,20-Aug-25,1,Pago com sucesso,18-Aug-25
3941,12073,5,R$ 120.00,20-Sep-25,2,Pago com sucesso,13-Sep-25
3942,12073,5,R$ 120.00,20-Oct-25,3,Pago com sucesso,16-Oct-25
3943,12073,5,R$ 120.00,20-Nov-25,4,Pago com sucesso,17-Nov-25
3944,12073,5,R$ 120.00,20-Dec-25,5,Aberta,
3945,12078,5,R$ 100.00,14-Aug-25,1,Pago com atraso,02-Sep-25
3946,12078,5,R$ 100.00,14-Sep-25,2,Pago com atraso,18-Oct-25
3947,12078,5,R$ 100.00,14-Oct-25,3,Aberta,
3948,12078,5,R$ 100.00,14-Nov-25,4,Aberta,
3949,12078,5,R$ 100.00,14-Dec-25,5,Aberta,
3957,12080,5,R$ 114.00,19-Aug-25,1,Pago com atraso,29-Oct-25
3958,12080,5,R$ 114.00,19-Sep-25,2,Pago com atraso,29-Oct-25
3959,12080,5,R$ 114.00,19-Oct-25,3,Pago com atraso,29-Oct-25
3960,12080,5,R$ 114.00,19-Nov-25,4,Pago com sucesso,29-Oct-25
3961,12080,5,R$ 114.00,19-Dec-25,5,Pago com sucesso,29-Oct-25
3962,12085,5,R$ 200.00,24-Aug-25,1,Pago com atraso,25-Aug-25
3963,12085,5,R$ 200.00,24-Sep-25,2,Pago com sucesso,23-Sep-25
3964,12085,5,R$ 200.00,24-Oct-25,3,Pago com sucesso,23-Oct-25
3965,12085,5,R$ 200.00,24-Nov-25,4,Aberta,
3966,12085,5,R$ 200.00,24-Dec-25,5,Aberta,
3967,12086,10,R$ 700.00,25-Aug-25,1,Pago com atraso,12-Sep-25
3968,12086,10,R$ 700.00,25-Sep-25,2,Pago com atraso,17-Nov-25
3969,12086,10,R$ 700.00,25-Oct-25,3,Aberta,
3970,12086,10,R$ 700.00,25-Nov-25,4,Aberta,
3971,12086,10,R$ 700.00,25-Dec-25,5,Aberta,
3972,12086,10,R$ 700.00,25-Jan-26,6,Aberta,
3973,12086,10,R$ 700.00,25-Feb-26,7,Aberta,
3974,12086,10,R$ 700.00,25-Mar-26,8,Aberta,
3975,12086,10,R$ 700.00,25-Apr-26,9,Aberta,
3976,12086,10,R$ 700.00,25-May-26,10,Aberta,
3977,12087,9,R$ 200.00,25-Aug-25,1,Pago com sucesso,25-Aug-25
3978,12087,9,R$ 200.00,25-Sep-25,2,Pago com atraso,29-Sep-25
3979,12087,9,R$ 200.00,25-Oct-25,3,Pago com sucesso,25-Oct-25
3980,12087,9,R$ 200.00,25-Nov-25,4,Aberta,
3981,12087,9,R$ 200.00,25-Dec-25,5,Aberta,
3982,12087,9,R$ 200.00,25-Jan-26,6,Aberta,
3983,12087,9,R$ 200.00,25-Feb-26,7,Aberta,
3984,12087,9,R$ 200.00,25-Mar-26,8,Aberta,
3985,12087,9,R$ 200.00,25-Apr-26,9,Aberta,
3986,12088,3,R$ 150.00,15-Aug-25,1,Pago com sucesso,15-Aug-25
3987,12088,3,R$ 150.00,15-Sep-25,2,Pago com sucesso,15-Sep-25
3988,12088,3,R$ 150.00,15-Oct-25,3,Pago com sucesso,13-Oct-25
3989,12089,8,R$ 210.00,12-Aug-25,1,Pago com atraso,15-Aug-25
3990,12089,8,R$ 210.00,12-Sep-25,2,Pago com atraso,15-Sep-25
3991,12089,8,R$ 210.00,12-Oct-25,3,Pago com sucesso,02-Oct-25
3992,12089,8,R$ 210.00,12-Nov-25,4,Pago com sucesso,04-Nov-25
3993,12089,8,R$ 210.00,12-Dec-25,5,Pago com sucesso,08-Dec-25
3994,12089,8,R$ 210.00,12-Jan-26,6,Pago com sucesso,05-Jan-26
3995,12089,8,R$ 210.00,12-Feb-26,7,Aberta,
3996,12089,8,R$ 210.00,12-Mar-26,8,Aberta,
3997,12074,1,R$ 300.00,02-Oct-25,1,Aberta,
3998,12091,6,R$ 184.00,15-Sep-25,1,Pago com sucesso,15-Sep-25
3999,12091,6,R$ 184.00,15-Oct-25,2,Pago com sucesso,14-Oct-25
4000,12091,6,R$ 184.00,15-Nov-25,3,Aberta,
4001,12091,6,R$ 184.00,15-Dec-25,4,Aberta,
4002,12091,6,R$ 184.00,15-Jan-26,5,Aberta,
4003,12091,6,R$ 184.00,15-Feb-26,6,Aberta,
4004,12097,5,R$ 400.00,30-Sep-25,1,Pago com atraso,03-Oct-25
4005,12097,5,R$ 400.00,30-Oct-25,2,Pago com atraso,03-Nov-25
4006,12097,5,R$ 400.00,30-Nov-25,3,Aberta,
4007,12097,5,R$ 400.00,30-Dec-25,4,Aberta,
4008,12097,5,R$ 400.00,30-Jan-26,5,Aberta,
4009,12098,6,R$ 182.00,30-Sep-25,1,Pago com atraso,03-Nov-25
4010,12098,6,R$ 182.00,30-Oct-25,2,Pago com atraso,03-Nov-25
4011,12098,6,R$ 182.00,30-Nov-25,3,Aberta,
4012,12098,6,R$ 182.00,30-Dec-25,4,Aberta,
4013,12098,6,R$ 182.00,30-Jan-26,5,Aberta,
4014,12098,6,R$ 182.00,28-Feb-26,6,Aberta,
4015,12093,6,R$ 100.00,25-Sep-25,1,Pago com atraso,23-Oct-25
4016,12093,6,R$ 100.00,25-Oct-25,2,Pago com sucesso,23-Oct-25
4017,12093,6,R$ 100.00,25-Nov-25,3,Aberta,
4018,12093,6,R$ 100.00,25-Dec-25,4,Aberta,
4019,12093,6,R$ 100.00,25-Jan-26,5,Aberta,
4020,12093,6,R$ 100.00,25-Feb-26,6,Aberta,
4021,12102,6,R$ 120.00,26-Sep-25,1,Pago com atraso,01-Oct-25
4022,12102,6,R$ 120.00,26-Oct-25,2,Pago com atraso,17-Nov-25
4023,12102,6,R$ 120.00,26-Nov-25,3,Aberta,
4024,12102,6,R$ 120.00,26-Dec-25,4,Aberta,
4025,12102,6,R$ 120.00,26-Jan-26,5,Aberta,
4026,12102,6,R$ 120.00,26-Feb-26,6,Aberta,
4027,12103,8,R$ 150.00,30-Sep-25,1,Pago com atraso,10-Oct-25
4028,12103,8,R$ 150.00,30-Oct-25,2,Aberta,
4029,12103,8,R$ 150.00,30-Nov-25,3,Aberta,
4030,12103,8,R$ 150.00,30-Dec-25,4,Aberta,
4031,12103,8,R$ 150.00,30-Jan-26,5,Aberta,
4032,12103,8,R$ 150.00,28-Feb-26,6,Aberta,
4033,12103,8,R$ 150.00,28-Mar-26,7,Aberta,
4034,12103,8,R$ 150.00,28-Apr-26,8,Aberta,
4035,12114,6,R$ 250.00,05-Dec-25,1,Aberta,
4036,12114,6,R$ 250.00,05-Jan-26,2,Aberta,
4037,12114,6,R$ 250.00,05-Feb-26,3,Aberta,
4038,12114,6,R$ 250.00,05-Mar-26,4,Aberta,
4039,12114,6,R$ 250.00,05-Apr-26,5,Aberta,
4040,12114,6,R$ 250.00,05-May-26,6,Aberta,
4041,12115,1,R$ 350.00,24-Oct-25,1,Aberta,
4042,12116,5,R$ 280.00,10-Oct-25,1,Pago com sucesso,10-Oct-25
4043,12116,5,R$ 280.00,10-Nov-25,2,Aberta,
4044,12116,5,R$ 280.00,10-Dec-25,3,Aberta,
4045,12116,5,R$ 280.00,10-Jan-26,4,Aberta,
4046,12116,5,R$ 280.00,10-Feb-26,5,Aberta,
4047,12119,6,R$ 250.00,05-Oct-25,1,Pago com atraso,09-Oct-25
4048,12119,6,R$ 250.00,05-Nov-25,2,Pago com atraso,10-Nov-25
4049,12119,6,R$ 250.00,05-Dec-25,3,Aberta,
4050,12119,6,R$ 250.00,05-Jan-26,4,Aberta,
4051,12119,6,R$ 250.00,05-Feb-26,5,Aberta,
4052,12119,6,R$ 250.00,05-Mar-26,6,Aberta,
4053,12120,10,R$ 290.00,05-Nov-25,1,Aberta,
4054,12120,10,R$ 290.00,05-Dec-25,2,Aberta,
4055,12120,10,R$ 290.00,05-Jan-26,3,Aberta,
4056,12120,10,R$ 290.00,05-Feb-26,4,Aberta,
4057,12120,10,R$ 290.00,05-Mar-26,5,Aberta,
4058,12120,10,R$ 290.00,05-Apr-26,6,Aberta,
4059,12120,10,R$ 290.00,05-May-26,7,Aberta,
4060,12120,10,R$ 290.00,05-Jun-26,8,Aberta,
4061,12120,10,R$ 290.00,05-Jul-26,9,Aberta,
4062,12120,10,R$ 290.00,05-Aug-26,10,Aberta,
4063,12127,2,R$ 500.00,05-Nov-25,1,Aberta,
4064,12127,2,R$ 500.00,05-Dec-25,2,Aberta,
4065,12130,5,R$ 156.00,26-Oct-25,1,Pago com sucesso,25-Oct-25
4066,12130,5,R$ 156.00,26-Nov-25,2,Pago com sucesso,07-Nov-25
4067,12130,5,R$ 156.00,26-Dec-25,3,Pago com sucesso,28-Nov-25
4068,12130,5,R$ 156.00,26-Jan-26,4,Pago com sucesso,29-Dec-25
4069,12130,5,R$ 156.00,26-Feb-26,5,Aberta,
4070,12131,8,R$ 269.00,05-Nov-25,1,Pago com atraso,06-Nov-25
4071,12131,8,R$ 269.00,05-Dec-25,2,Pago com atraso,08-Dec-25
4072,12131,8,R$ 269.00,05-Jan-26,3,Pago com atraso,07-Jan-26
4073,12131,8,R$ 269.00,05-Feb-26,4,Aberta,
4074,12131,8,R$ 269.00,05-Mar-26,5,Aberta,
4075,12131,8,R$ 269.00,05-Apr-26,6,Aberta,
4076,12131,8,R$ 269.00,05-May-26,7,Aberta,
4077,12131,8,R$ 269.00,05-Jun-26,8,Aberta,
4078,12132,10,R$ 230.00,23-Nov-25,1,Pago com atraso,07-Jan-26
4079,12132,10,R$ 230.00,23-Dec-25,2,Aberta,
4080,12132,10,R$ 230.00,23-Jan-26,3,Aberta,
4081,12132,10,R$ 230.00,23-Feb-26,4,Aberta,
4082,12132,10,R$ 230.00,23-Mar-26,5,Aberta,
4083,12132,10,R$ 230.00,23-Apr-26,6,Aberta,
4084,12132,10,R$ 230.00,23-May-26,7,Aberta,
4085,12132,10,R$ 230.00,23-Jun-26,8,Aberta,
4086,12132,10,R$ 230.00,23-Jul-26,9,Aberta,
4087,12132,10,R$ 230.00,23-Aug-26,10,Aberta,
4088,12138,3,R$ 100.00,06-Dec-25,1,Aberta,
4089,12138,3,R$ 100.00,06-Jan-26,2,Aberta,
4090,12138,3,R$ 100.00,06-Feb-26,3,Aberta,
4091,12142,8,R$ 225.00,05-Dec-25,1,Pago com atraso,09-Dec-25
4092,12142,8,R$ 225.00,05-Jan-26,2,Pago com atraso,06-Jan-26
4093,12142,8,R$ 225.00,05-Feb-26,3,Aberta,
4094,12142,8,R$ 225.00,05-Mar-26,4,Aberta,
4095,12142,8,R$ 225.00,05-Apr-26,5,Aberta,
4096,12142,8,R$ 225.00,05-May-26,6,Aberta,
4097,12142,8,R$ 225.00,05-Jun-26,7,Aberta,
4098,12142,8,R$ 225.00,05-Jul-26,8,Aberta,
4099,12146,6,R$ 150.00,20-Dec-25,1,Aberta,
4100,12146,6,R$ 150.00,20-Jan-26,2,Aberta,
4101,12146,6,R$ 150.00,20-Feb-26,3,Aberta,
4102,12146,6,R$ 150.00,20-Mar-26,4,Aberta,
4103,12146,6,R$ 150.00,20-Apr-26,5,Aberta,
4104,12146,6,R$ 150.00,20-May-26,6,Aberta,
4105,12148,7,R$ 200.00,23-Jan-26,1,Aberta,
4106,12148,7,R$ 200.00,23-Feb-26,2,Aberta,
4107,12148,7,R$ 200.00,23-Mar-26,3,Aberta,
4108,12148,7,R$ 200.00,23-Apr-26,4,Aberta,
4109,12148,7,R$ 200.00,23-May-26,5,Aberta,
4110,12148,7,R$ 200.00,23-Jun-26,6,Aberta,
4111,12148,7,R$ 200.00,23-Jul-26,7,Aberta,
4112,12150,3,R$ 100.00,10-Jan-26,1,Aberta,
4113,12150,3,R$ 100.00,10-Feb-26,2,Aberta,
4114,12150,3,R$ 100.00,10-Mar-26,3,Aberta,
4115,12154,4,R$ 101.25,22-Jan-26,1,Aberta,
4116,12154,4,R$ 101.25,22-Feb-26,2,Aberta,
4117,12154,4,R$ 101.25,22-Mar-26,3,Aberta,
4118,12154,4,R$ 101.25,22-Apr-26,4,Aberta,