[2026-09-22T19:39:49.166Z] Iniciando migration 04-sale | DRY_RUN=true
[2026-09-22T19:39:50.413Z] INCONSISTÊNCIA FINANCEIRA venda=10034 calculado=231.10 ateTotal=1330.00
[2026-09-22T19:39:50.413Z] INCONSISTÊNCIA NOS ITENS venda=10034 calculado=231.10 itemTotalGeral=1330.00
[2026-09-22T19:39:50.485Z] INCONSISTÊNCIA FINANCEIRA venda=10035 calculado=650.00 ateTotal=1250.00
[2026-09-22T19:39:50.485Z] INCONSISTÊNCIA NOS ITENS venda=10035 calculado=650.00 itemTotalGeral=1250.00
[2026-09-22T19:39:50.949Z] INCONSISTÊNCIA FINANCEIRA venda=10041 calculado=800.00 ateTotal=750.00
[2026-09-22T19:39:51.021Z] INCONSISTÊNCIA FINANCEIRA venda=10042 calculado=1911.10 ateTotal=3010.00
[2026-09-22T19:39:51.022Z] INCONSISTÊNCIA NOS ITENS venda=10042 calculado=1911.10 itemTotalGeral=3010.00
[2026-09-22T19:39:51.088Z] INCONSISTÊNCIA FINANCEIRA venda=10043 calculado=321.60 ateTotal=1920.00
[2026-09-22T19:39:51.579Z] INCONSISTÊNCIA FINANCEIRA venda=10051 calculado=201.40 ateTotal=1600.00
[2026-09-22T19:39:51.579Z] INCONSISTÊNCIA NOS ITENS venda=10051 calculado=201.40 itemTotalGeral=381.22
[2026-09-22T19:39:52.613Z] INCONSISTÊNCIA FINANCEIRA venda=10072 calculado=480.00 ateTotal=400.00
[2026-09-22T19:39:52.682Z] INCONSISTÊNCIA FINANCEIRA venda=10073 calculado=291.50 ateTotal=1300.00
[2026-09-22T19:39:52.755Z] INCONSISTÊNCIA FINANCEIRA venda=10074 calculado=1.30 ateTotal=1280.00
[2026-09-22T19:39:52.822Z] INCONSISTÊNCIA FINANCEIRA venda=10075 calculado=940.00 ateTotal=700.00
[2026-09-22T19:39:52.957Z] INCONSISTÊNCIA FINANCEIRA venda=10077 calculado=990.00 ateTotal=900.00
[2026-09-22T19:39:53.026Z] INCONSISTÊNCIA FINANCEIRA venda=10078 calculado=751.30 ateTotal=1630.00
[2026-09-22T19:39:53.096Z] INCONSISTÊNCIA FINANCEIRA venda=10079 calculado=320.00 ateTotal=200.00
[2026-09-22T19:39:53.166Z] INCONSISTÊNCIA FINANCEIRA venda=10080 calculado=830.00 ateTotal=700.00
[2026-09-22T19:39:53.240Z] INCONSISTÊNCIA FINANCEIRA venda=10081 calculado=640.00 ateTotal=500.00
[2026-09-22T19:39:53.309Z] INCONSISTÊNCIA FINANCEIRA venda=10082 calculado=351.30 ateTotal=1300.00
[2026-09-22T19:39:53.387Z] INCONSISTÊNCIA FINANCEIRA venda=10083 calculado=620.00 ateTotal=500.00
[2026-09-22T19:39:53.529Z] INCONSISTÊNCIA FINANCEIRA venda=10085 calculado=650.00 ateTotal=400.00
[2026-09-22T19:39:53.604Z] INCONSISTÊNCIA FINANCEIRA venda=10086 calculado=900.00 ateTotal=800.00
[2026-09-22T19:39:53.672Z] INCONSISTÊNCIA FINANCEIRA venda=10087 calculado=630.00 ateTotal=500.00
[2026-09-22T19:39:53.746Z] INCONSISTÊNCIA FINANCEIRA venda=10088 calculado=880.00 ateTotal=840.00
[2026-09-22T19:39:53.818Z] INCONSISTÊNCIA FINANCEIRA venda=10090 calculado=930.00 ateTotal=900.00
[2026-09-22T19:39:53.959Z] INCONSISTÊNCIA FINANCEIRA venda=10092 calculado=720.00 ateTotal=700.00
[2026-09-22T19:39:54.114Z] INCONSISTÊNCIA FINANCEIRA venda=10094 calculado=332.02 ateTotal=2120.00
[2026-09-22T19:39:54.186Z] INCONSISTÊNCIA FINANCEIRA venda=10095 calculado=990.00 ateTotal=960.00
[2026-09-22T19:39:54.256Z] INCONSISTÊNCIA FINANCEIRA venda=10096 calculado=500.00 ateTotal=370.00
[2026-09-22T19:39:54.397Z] INCONSISTÊNCIA FINANCEIRA venda=10098 calculado=860.00 ateTotal=800.00
[2026-09-22T19:39:54.469Z] INCONSISTÊNCIA FINANCEIRA venda=10099 calculado=914.00 ateTotal=910.00
[2026-09-22T19:39:54.539Z] INCONSISTÊNCIA FINANCEIRA venda=10100 calculado=1946.00 ateTotal=1680.00
[2026-09-22T19:39:54.607Z] INCONSISTÊNCIA FINANCEIRA venda=10101 calculado=550.00 ateTotal=500.00
[2026-09-22T19:39:54.677Z] INCONSISTÊNCIA FINANCEIRA venda=10102 calculado=540.00 ateTotal=300.00
[2026-09-22T19:39:54.745Z] INCONSISTÊNCIA FINANCEIRA venda=10103 calculado=1170.00 ateTotal=990.00
[2026-09-22T19:39:54.889Z] INCONSISTÊNCIA FINANCEIRA venda=10105 calculado=840.00 ateTotal=800.00
[2026-09-22T19:39:54.959Z] INCONSISTÊNCIA FINANCEIRA venda=10106 calculado=830.00 ateTotal=825.00
[2026-09-22T19:39:55.030Z] INCONSISTÊNCIA FINANCEIRA venda=10107 calculado=431.52 ateTotal=1680.00
[2026-09-22T19:39:55.097Z] INCONSISTÊNCIA FINANCEIRA venda=10108 calculado=1151.52 ateTotal=2410.00
[2026-09-22T19:39:55.162Z] INCONSISTÊNCIA FINANCEIRA venda=10109 calculado=2260.00 ateTotal=1530.00
[2026-09-22T19:39:55.234Z] INCONSISTÊNCIA FINANCEIRA venda=10110 calculado=1596.00 ateTotal=1200.00
[2026-09-22T19:39:55.461Z] INCONSISTÊNCIA FINANCEIRA venda=10113 calculado=780.00 ateTotal=720.00
[2026-09-22T19:39:55.645Z] INCONSISTÊNCIA FINANCEIRA venda=10115 calculado=700.00 ateTotal=600.00
[2026-09-22T19:39:55.733Z] INCONSISTÊNCIA FINANCEIRA venda=10118 calculado=950.00 ateTotal=700.00
[2026-09-22T19:39:55.819Z] INCONSISTÊNCIA FINANCEIRA venda=10119 calculado=840.00 ateTotal=810.00
[2026-09-22T19:39:55.885Z] INCONSISTÊNCIA FINANCEIRA venda=10120 calculado=760.00 ateTotal=400.00
[2026-09-22T19:39:55.951Z] INCONSISTÊNCIA FINANCEIRA venda=10121 calculado=1010.00 ateTotal=500.00
[2026-09-22T19:39:56.101Z] INCONSISTÊNCIA FINANCEIRA venda=10123 calculado=810.00 ateTotal=500.00
[2026-09-22T19:39:56.174Z] INCONSISTÊNCIA FINANCEIRA venda=10124 calculado=800.00 ateTotal=600.00
[2026-09-22T19:39:56.278Z] INCONSISTÊNCIA FINANCEIRA venda=10125 calculado=421.40 ateTotal=1685.00
[2026-09-22T19:39:56.348Z] INCONSISTÊNCIA FINANCEIRA venda=10126 calculado=1160.00 ateTotal=980.00
[2026-09-22T19:39:56.417Z] INCONSISTÊNCIA FINANCEIRA venda=10127 calculado=860.00 ateTotal=840.00
[2026-09-22T19:39:56.623Z] INCONSISTÊNCIA FINANCEIRA venda=10130 calculado=371.70 ateTotal=1925.00
[2026-09-22T19:39:56.760Z] INCONSISTÊNCIA FINANCEIRA venda=10132 calculado=892.00 ateTotal=850.00
[2026-09-22T19:39:56.831Z] INCONSISTÊNCIA FINANCEIRA venda=10134 calculado=760.00 ateTotal=500.00
[2026-09-22T19:39:56.963Z] INCONSISTÊNCIA FINANCEIRA venda=10136 calculado=-278.40 ateTotal=1320.00
[2026-09-22T19:39:56.964Z] INCONSISTÊNCIA NOS ITENS venda=10136 calculado=-278.40 itemTotalGeral=1.32
[2026-09-22T19:39:57.100Z] INCONSISTÊNCIA FINANCEIRA venda=10138 calculado=982.00 ateTotal=900.00
[2026-09-22T19:39:57.166Z] INCONSISTÊNCIA FINANCEIRA venda=10139 calculado=1160.00 ateTotal=1015.00
[2026-09-22T19:39:57.231Z] INCONSISTÊNCIA FINANCEIRA venda=10140 calculado=870.00 ateTotal=750.00
[2026-09-22T19:39:57.302Z] INCONSISTÊNCIA FINANCEIRA venda=10141 calculado=980.00 ateTotal=770.00
[2026-09-22T19:39:57.369Z] INCONSISTÊNCIA FINANCEIRA venda=10142 calculado=790.00 ateTotal=750.00
[2026-09-22T19:39:57.439Z] INCONSISTÊNCIA FINANCEIRA venda=10143 calculado=700.00 ateTotal=600.00
[2026-09-22T19:39:57.643Z] INCONSISTÊNCIA FINANCEIRA venda=10146 calculado=1300.00 ateTotal=900.00
[2026-09-22T19:39:57.776Z] INCONSISTÊNCIA FINANCEIRA venda=10148 calculado=520.00 ateTotal=390.00
[2026-09-22T19:39:57.845Z] INCONSISTÊNCIA FINANCEIRA venda=10149 calculado=1000.00 ateTotal=795.00
[2026-09-22T19:39:57.911Z] INCONSISTÊNCIA FINANCEIRA venda=10150 calculado=361.50 ateTotal=1200.00
[2026-09-22T19:39:57.976Z] INCONSISTÊNCIA FINANCEIRA venda=10151 calculado=421.10 ateTotal=1500.00
[2026-09-22T19:39:58.046Z] INCONSISTÊNCIA FINANCEIRA venda=10152 calculado=910.00 ateTotal=840.00
[2026-09-22T19:39:58.118Z] INCONSISTÊNCIA FINANCEIRA venda=10153 calculado=680.00 ateTotal=590.00
[2026-09-22T19:39:58.185Z] INCONSISTÊNCIA FINANCEIRA venda=10154 calculado=970.00 ateTotal=700.00
[2026-09-22T19:39:58.253Z] INCONSISTÊNCIA FINANCEIRA venda=10155 calculado=750.00 ateTotal=700.00
[2026-09-22T19:39:58.319Z] INCONSISTÊNCIA FINANCEIRA venda=10157 calculado=1680.00 ateTotal=1150.00
[2026-09-22T19:39:58.408Z] INCONSISTÊNCIA FINANCEIRA venda=10158 calculado=780.00 ateTotal=750.00
[2026-09-22T19:39:58.480Z] INCONSISTÊNCIA FINANCEIRA venda=10159 calculado=1140.00 ateTotal=960.00
[2026-09-22T19:39:58.550Z] INCONSISTÊNCIA FINANCEIRA venda=10160 calculado=323.45 ateTotal=2200.00
[2026-09-22T19:39:58.625Z] INCONSISTÊNCIA FINANCEIRA venda=10161 calculado=1140.00 ateTotal=960.00
[2026-09-22T19:39:58.691Z] INCONSISTÊNCIA FINANCEIRA venda=10162 calculado=810.00 ateTotal=550.00
[2026-09-22T19:39:58.775Z] INCONSISTÊNCIA FINANCEIRA venda=10163 calculado=790.00 ateTotal=675.00
[2026-09-22T19:39:58.844Z] INCONSISTÊNCIA FINANCEIRA venda=10164 calculado=810.00 ateTotal=500.00
[2026-09-22T19:39:58.911Z] INCONSISTÊNCIA FINANCEIRA venda=10165 calculado=1678.00 ateTotal=1290.00
[2026-09-22T19:39:59.043Z] INCONSISTÊNCIA FINANCEIRA venda=10167 calculado=1740.00 ateTotal=1500.00
[2026-09-22T19:39:59.134Z] INCONSISTÊNCIA FINANCEIRA venda=10168 calculado=900.00 ateTotal=675.00
[2026-09-22T19:39:59.269Z] INCONSISTÊNCIA FINANCEIRA venda=10170 calculado=1200.00 ateTotal=900.00
[2026-09-22T19:39:59.338Z] INCONSISTÊNCIA FINANCEIRA venda=10171 calculado=840.00 ateTotal=410.00
[2026-09-22T19:39:59.409Z] INCONSISTÊNCIA FINANCEIRA venda=10172 calculado=750.00 ateTotal=600.00
[2026-09-22T19:39:59.689Z] INCONSISTÊNCIA FINANCEIRA venda=10178 calculado=1160.00 ateTotal=890.00
[2026-09-22T19:39:59.762Z] INCONSISTÊNCIA FINANCEIRA venda=10179 calculado=400.00 ateTotal=300.00
[2026-09-22T19:39:59.834Z] INCONSISTÊNCIA FINANCEIRA venda=10180 calculado=377.51 ateTotal=1800.00
[2026-09-22T19:39:59.976Z] INCONSISTÊNCIA FINANCEIRA venda=10182 calculado=620.00 ateTotal=600.00
[2026-09-22T19:40:00.043Z] INCONSISTÊNCIA FINANCEIRA venda=10183 calculado=1152.00 ateTotal=1000.00
[2026-09-22T19:40:00.129Z] INCONSISTÊNCIA FINANCEIRA venda=10184 calculado=780.00 ateTotal=690.00
[2026-09-22T19:40:00.197Z] INCONSISTÊNCIA FINANCEIRA venda=10185 calculado=240.00 ateTotal=200.00
[2026-09-22T19:40:00.341Z] INCONSISTÊNCIA FINANCEIRA venda=10187 calculado=1170.00 ateTotal=960.00
[2026-09-22T19:40:00.413Z] INCONSISTÊNCIA FINANCEIRA venda=10189 calculado=980.00 ateTotal=800.00
[2026-09-22T19:40:00.482Z] INCONSISTÊNCIA FINANCEIRA venda=10190 calculado=1260.00 ateTotal=1140.00
[2026-09-22T19:40:00.570Z] INCONSISTÊNCIA FINANCEIRA venda=10191 calculado=770.00 ateTotal=450.00
[2026-09-22T19:40:00.641Z] INCONSISTÊNCIA FINANCEIRA venda=10192 calculado=1510.00 ateTotal=1050.00
[2026-09-22T19:40:00.719Z] INCONSISTÊNCIA FINANCEIRA venda=10193 calculado=450.00 ateTotal=380.00
[2026-09-22T19:40:00.792Z] INCONSISTÊNCIA FINANCEIRA venda=10194 calculado=1730.00 ateTotal=1300.00
[2026-09-22T19:40:00.860Z] INCONSISTÊNCIA FINANCEIRA venda=10195 calculado=750.00 ateTotal=380.00
[2026-09-22T19:40:00.933Z] INCONSISTÊNCIA FINANCEIRA venda=10196 calculado=1820.00 ateTotal=1200.00
[2026-09-22T19:40:01.228Z] INCONSISTÊNCIA FINANCEIRA venda=10200 calculado=1140.00 ateTotal=900.00
[2026-09-22T19:40:01.302Z] INCONSISTÊNCIA FINANCEIRA venda=10201 calculado=1150.00 ateTotal=1120.00
[2026-09-22T19:40:01.379Z] INCONSISTÊNCIA FINANCEIRA venda=10202 calculado=770.00 ateTotal=590.00
[2026-09-22T19:40:01.456Z] INCONSISTÊNCIA FINANCEIRA venda=10203 calculado=391.29 ateTotal=1320.00
[2026-09-22T19:40:01.601Z] INCONSISTÊNCIA FINANCEIRA venda=10205 calculado=810.00 ateTotal=640.00
[2026-09-22T19:40:01.816Z] INCONSISTÊNCIA FINANCEIRA venda=10208 calculado=730.00 ateTotal=600.00
[2026-09-22T19:40:01.882Z] INCONSISTÊNCIA FINANCEIRA venda=10209 calculado=840.00 ateTotal=600.00
[2026-09-22T19:40:02.022Z] INCONSISTÊNCIA FINANCEIRA venda=10211 calculado=-142.86 ateTotal=1000.00
[2026-09-22T19:40:02.023Z] INCONSISTÊNCIA NOS ITENS venda=10211 calculado=-142.86 itemTotalGeral=1.00
[2026-09-22T19:40:02.096Z] INCONSISTÊNCIA FINANCEIRA venda=10212 calculado=990.00 ateTotal=850.00
[2026-09-22T19:40:02.164Z] INCONSISTÊNCIA FINANCEIRA venda=10213 calculado=700.00 ateTotal=480.00
[2026-09-22T19:40:02.444Z] INCONSISTÊNCIA FINANCEIRA venda=10217 calculado=381.14 ateTotal=1000.00
[2026-09-22T19:40:02.657Z] INCONSISTÊNCIA FINANCEIRA venda=10220 calculado=381.14 ateTotal=1200.00
[2026-09-22T19:40:02.727Z] INCONSISTÊNCIA FINANCEIRA venda=10221 calculado=820.00 ateTotal=780.00
[2026-09-22T19:40:02.799Z] INCONSISTÊNCIA FINANCEIRA venda=10222 calculado=1180.00 ateTotal=930.00
[2026-09-22T19:40:02.868Z] INCONSISTÊNCIA FINANCEIRA venda=10223 calculado=1140.00 ateTotal=930.00
[2026-09-22T19:40:02.935Z] INCONSISTÊNCIA FINANCEIRA venda=10225 calculado=810.00 ateTotal=700.00
[2026-09-22T19:40:03.002Z] INCONSISTÊNCIA FINANCEIRA venda=10226 calculado=810.00 ateTotal=500.00
[2026-09-22T19:40:03.070Z] INCONSISTÊNCIA FINANCEIRA venda=10227 calculado=772.00 ateTotal=580.00
[2026-09-22T19:40:03.143Z] INCONSISTÊNCIA FINANCEIRA venda=10228 calculado=710.00 ateTotal=400.00
[2026-09-22T19:40:03.210Z] INCONSISTÊNCIA FINANCEIRA venda=10229 calculado=790.00 ateTotal=450.00
[2026-09-22T19:40:03.278Z] INCONSISTÊNCIA FINANCEIRA venda=10230 calculado=1170.00 ateTotal=870.00
[2026-09-22T19:40:03.351Z] INCONSISTÊNCIA FINANCEIRA venda=10231 calculado=990.00 ateTotal=900.00
[2026-09-22T19:40:03.420Z] INCONSISTÊNCIA FINANCEIRA venda=10232 calculado=870.00 ateTotal=700.00
[2026-09-22T19:40:03.491Z] INCONSISTÊNCIA FINANCEIRA venda=10233 calculado=1460.00 ateTotal=1100.00
[2026-09-22T19:40:03.559Z] INCONSISTÊNCIA FINANCEIRA venda=10234 calculado=1.80 ateTotal=1650.00
[2026-09-22T19:40:03.630Z] INCONSISTÊNCIA FINANCEIRA venda=10235 calculado=870.00 ateTotal=580.00
[2026-09-22T19:40:03.696Z] INCONSISTÊNCIA FINANCEIRA venda=10236 calculado=2060.00 ateTotal=1740.00
[2026-09-22T19:40:03.764Z] INCONSISTÊNCIA FINANCEIRA venda=10237 calculado=450.00 ateTotal=200.00
[2026-09-22T19:40:03.832Z] INCONSISTÊNCIA FINANCEIRA venda=10238 calculado=930.00 ateTotal=520.00
[2026-09-22T19:40:03.901Z] INCONSISTÊNCIA FINANCEIRA venda=10239 calculado=810.00 ateTotal=500.00
[2026-09-22T19:40:03.970Z] INCONSISTÊNCIA FINANCEIRA venda=10240 calculado=800.00 ateTotal=750.00
[2026-09-22T19:40:04.044Z] INCONSISTÊNCIA FINANCEIRA venda=10241 calculado=1160.00 ateTotal=960.00
[2026-09-22T19:40:04.122Z] INCONSISTÊNCIA FINANCEIRA venda=10242 calculado=820.00 ateTotal=740.00
[2026-09-22T19:40:04.192Z] INCONSISTÊNCIA FINANCEIRA venda=10243 calculado=860.00 ateTotal=500.00
[2026-09-22T19:40:04.262Z] INCONSISTÊNCIA FINANCEIRA venda=10244 calculado=361.40 ateTotal=1680.00
[2026-09-22T19:40:04.329Z] INCONSISTÊNCIA FINANCEIRA venda=10245 calculado=764.00 ateTotal=660.00
[2026-09-22T19:40:04.397Z] INCONSISTÊNCIA FINANCEIRA venda=10246 calculado=1220.00 ateTotal=840.00
[2026-09-22T19:40:04.468Z] INCONSISTÊNCIA FINANCEIRA venda=10247 calculado=361.10 ateTotal=1350.00
[2026-09-22T19:40:04.541Z] INCONSISTÊNCIA FINANCEIRA venda=10248 calculado=810.00 ateTotal=680.00
[2026-09-22T19:40:04.612Z] INCONSISTÊNCIA FINANCEIRA venda=10249 calculado=1231.40 ateTotal=2580.00
[2026-09-22T19:40:04.769Z] INCONSISTÊNCIA FINANCEIRA venda=10250 calculado=1010.00 ateTotal=780.00
[2026-09-22T19:40:04.839Z] INCONSISTÊNCIA FINANCEIRA venda=10251 calculado=350.00 ateTotal=250.00
[2026-09-22T19:40:04.907Z] INCONSISTÊNCIA FINANCEIRA venda=10252 calculado=1260.00 ateTotal=1020.00
[2026-09-22T19:40:04.973Z] INCONSISTÊNCIA FINANCEIRA venda=10253 calculado=990.00 ateTotal=800.00
[2026-09-22T19:40:05.042Z] INCONSISTÊNCIA FINANCEIRA venda=10254 calculado=840.00 ateTotal=600.00
[2026-09-22T19:40:05.110Z] INCONSISTÊNCIA FINANCEIRA venda=10255 calculado=380.00 ateTotal=350.00
[2026-09-22T19:40:05.248Z] INCONSISTÊNCIA FINANCEIRA venda=10257 calculado=940.00 ateTotal=935.00
[2026-09-22T19:40:05.380Z] INCONSISTÊNCIA FINANCEIRA venda=10259 calculado=970.00 ateTotal=800.00
[2026-09-22T19:40:05.445Z] INCONSISTÊNCIA FINANCEIRA venda=10260 calculado=360.00 ateTotal=270.00
[2026-09-22T19:40:05.510Z] INCONSISTÊNCIA FINANCEIRA venda=10261 calculado=2270.00 ateTotal=1100.00
[2026-09-22T19:40:05.579Z] INCONSISTÊNCIA FINANCEIRA venda=10262 calculado=760.00 ateTotal=550.00
[2026-09-22T19:40:05.652Z] INCONSISTÊNCIA FINANCEIRA venda=10263 calculado=690.00 ateTotal=450.00
[2026-09-22T19:40:05.722Z] INCONSISTÊNCIA FINANCEIRA venda=10264 calculado=1190.00 ateTotal=1155.00
[2026-09-22T19:40:05.793Z] INCONSISTÊNCIA FINANCEIRA venda=10265 calculado=1310.00 ateTotal=924.00
[2026-09-22T19:40:05.861Z] INCONSISTÊNCIA FINANCEIRA venda=10266 calculado=910.00 ateTotal=700.00
[2026-09-22T19:40:05.927Z] INCONSISTÊNCIA FINANCEIRA venda=10267 calculado=760.00 ateTotal=700.00
[2026-09-22T19:40:06.004Z] INCONSISTÊNCIA FINANCEIRA venda=10268 calculado=600.00 ateTotal=450.00
[2026-09-22T19:40:06.083Z] INCONSISTÊNCIA FINANCEIRA venda=10269 calculado=810.00 ateTotal=660.00
[2026-09-22T19:40:06.156Z] INCONSISTÊNCIA FINANCEIRA venda=10270 calculado=1370.00 ateTotal=1340.00
[2026-09-22T19:40:06.223Z] INCONSISTÊNCIA FINANCEIRA venda=10271 calculado=940.00 ateTotal=845.00
[2026-09-22T19:40:06.305Z] INCONSISTÊNCIA FINANCEIRA venda=10272 calculado=760.00 ateTotal=500.00
[2026-09-22T19:40:06.374Z] INCONSISTÊNCIA FINANCEIRA venda=10273 calculado=1322.00 ateTotal=1110.00
[2026-09-22T19:40:06.442Z] INCONSISTÊNCIA FINANCEIRA venda=10274 calculado=1250.00 ateTotal=1200.00
[2026-09-22T19:40:06.512Z] INCONSISTÊNCIA FINANCEIRA venda=10275 calculado=2330.00 ateTotal=2295.00
[2026-09-22T19:40:06.580Z] INCONSISTÊNCIA FINANCEIRA venda=10276 calculado=960.00 ateTotal=900.00
[2026-09-22T19:40:06.650Z] INCONSISTÊNCIA FINANCEIRA venda=10277 calculado=360.00 ateTotal=270.00
[2026-09-22T19:40:06.720Z] INCONSISTÊNCIA FINANCEIRA venda=10278 calculado=290.00 ateTotal=250.00
[2026-09-22T19:40:06.789Z] INCONSISTÊNCIA FINANCEIRA venda=10279 calculado=1822.00 ateTotal=1300.00
[2026-09-22T19:40:06.858Z] INCONSISTÊNCIA FINANCEIRA venda=10280 calculado=1190.00 ateTotal=1170.00
[2026-09-22T19:40:06.930Z] INCONSISTÊNCIA FINANCEIRA venda=10281 calculado=1010.00 ateTotal=500.00
[2026-09-22T19:40:07.006Z] INCONSISTÊNCIA FINANCEIRA venda=10283 calculado=760.00 ateTotal=500.00
[2026-09-22T19:40:07.081Z] INCONSISTÊNCIA FINANCEIRA venda=10284 calculado=830.00 ateTotal=810.00
[2026-09-22T19:40:07.154Z] INCONSISTÊNCIA FINANCEIRA venda=10285 calculado=1370.00 ateTotal=1300.00
[2026-09-22T19:40:07.222Z] INCONSISTÊNCIA FINANCEIRA venda=10286 calculado=754.21 ateTotal=2640.00
[2026-09-22T19:40:07.294Z] INCONSISTÊNCIA FINANCEIRA venda=10287 calculado=200.00 ateTotal=100.00
[2026-09-22T19:40:07.365Z] INCONSISTÊNCIA FINANCEIRA venda=10288 calculado=990.00 ateTotal=945.00
[2026-09-22T19:40:07.507Z] INCONSISTÊNCIA FINANCEIRA venda=10290 calculado=1.20 ateTotal=850.00
[2026-09-22T19:40:07.578Z] INCONSISTÊNCIA FINANCEIRA venda=10291 calculado=660.00 ateTotal=550.00
[2026-09-22T19:40:07.646Z] INCONSISTÊNCIA FINANCEIRA venda=10292 calculado=870.00 ateTotal=840.00
[2026-09-22T19:40:07.713Z] INCONSISTÊNCIA FINANCEIRA venda=10293 calculado=810.00 ateTotal=660.00
[2026-09-22T19:40:07.784Z] INCONSISTÊNCIA FINANCEIRA venda=10294 calculado=690.00 ateTotal=675.00
[2026-09-22T19:40:07.926Z] INCONSISTÊNCIA FINANCEIRA venda=10296 calculado=960.00 ateTotal=780.00
[2026-09-22T19:40:07.997Z] INCONSISTÊNCIA FINANCEIRA venda=10297 calculado=910.00 ateTotal=800.00
[2026-09-22T19:40:08.069Z] INCONSISTÊNCIA FINANCEIRA venda=10298 calculado=500.00 ateTotal=360.00
[2026-09-22T19:40:08.140Z] INCONSISTÊNCIA FINANCEIRA venda=10299 calculado=400.00 ateTotal=390.00
[2026-09-22T19:40:08.278Z] INCONSISTÊNCIA FINANCEIRA venda=10301 calculado=550.00 ateTotal=500.00
[2026-09-22T19:40:08.413Z] INCONSISTÊNCIA FINANCEIRA venda=10303 calculado=652.00 ateTotal=450.00
[2026-09-22T19:40:08.482Z] INCONSISTÊNCIA FINANCEIRA venda=10304 calculado=972.00 ateTotal=880.00
[2026-09-22T19:40:08.555Z] INCONSISTÊNCIA FINANCEIRA venda=10305 calculado=720.00 ateTotal=580.00
[2026-09-22T19:40:08.903Z] INCONSISTÊNCIA FINANCEIRA venda=10311 calculado=1470.00 ateTotal=990.00
[2026-09-22T19:40:08.972Z] INCONSISTÊNCIA FINANCEIRA venda=10312 calculado=970.00 ateTotal=750.00
[2026-09-22T19:40:09.040Z] INCONSISTÊNCIA FINANCEIRA venda=10313 calculado=960.00 ateTotal=900.00
[2026-09-22T19:40:09.110Z] INCONSISTÊNCIA FINANCEIRA venda=10314 calculado=810.00 ateTotal=600.00
[2026-09-22T19:40:09.309Z] INCONSISTÊNCIA FINANCEIRA venda=10317 calculado=890.00 ateTotal=810.00
[2026-09-22T19:40:09.378Z] INCONSISTÊNCIA FINANCEIRA venda=10318 calculado=910.00 ateTotal=750.00
[2026-09-22T19:40:09.446Z] INCONSISTÊNCIA FINANCEIRA venda=10319 calculado=960.00 ateTotal=810.00
[2026-09-22T19:40:09.582Z] INCONSISTÊNCIA FINANCEIRA venda=10321 calculado=952.00 ateTotal=850.00
[2026-09-22T19:40:09.649Z] INCONSISTÊNCIA FINANCEIRA venda=10322 calculado=1040.00 ateTotal=700.00
[2026-09-22T19:40:09.727Z] INCONSISTÊNCIA FINANCEIRA venda=10323 calculado=510.00 ateTotal=350.00
[2026-09-22T19:40:09.797Z] INCONSISTÊNCIA FINANCEIRA venda=10324 calculado=890.00 ateTotal=500.00
[2026-09-22T19:40:10.074Z] INCONSISTÊNCIA FINANCEIRA venda=10328 calculado=930.00 ateTotal=900.00
[2026-09-22T19:40:10.171Z] INCONSISTÊNCIA FINANCEIRA venda=10329 calculado=1.10 ateTotal=1100.00
[2026-09-22T19:40:10.240Z] INCONSISTÊNCIA FINANCEIRA venda=10330 calculado=910.00 ateTotal=680.00
[2026-09-22T19:40:10.312Z] INCONSISTÊNCIA FINANCEIRA venda=10331 calculado=710.00 ateTotal=660.00
[2026-09-22T19:40:10.380Z] INCONSISTÊNCIA FINANCEIRA venda=10332 calculado=1260.00 ateTotal=922.00
[2026-09-22T19:40:10.451Z] INCONSISTÊNCIA FINANCEIRA venda=10333 calculado=964.00 ateTotal=900.00
[2026-09-22T19:40:10.518Z] INCONSISTÊNCIA FINANCEIRA venda=10334 calculado=670.00 ateTotal=620.00
[2026-09-22T19:40:10.589Z] INCONSISTÊNCIA FINANCEIRA venda=10335 calculado=480.00 ateTotal=230.00
[2026-09-22T19:40:10.661Z] INCONSISTÊNCIA FINANCEIRA venda=10336 calculado=710.00 ateTotal=450.00
[2026-09-22T19:40:10.729Z] INCONSISTÊNCIA FINANCEIRA venda=10337 calculado=910.00 ateTotal=700.00
[2026-09-22T19:40:10.799Z] INCONSISTÊNCIA FINANCEIRA venda=10338 calculado=390.00 ateTotal=340.00
[2026-09-22T19:40:10.886Z] INCONSISTÊNCIA FINANCEIRA venda=10339 calculado=372.00 ateTotal=325.00
[2026-09-22T19:40:10.960Z] INCONSISTÊNCIA FINANCEIRA venda=10340 calculado=1340.00 ateTotal=1300.00
[2026-09-22T19:40:11.029Z] INCONSISTÊNCIA FINANCEIRA venda=10341 calculado=400.00 ateTotal=300.00
[2026-09-22T19:40:11.103Z] INCONSISTÊNCIA FINANCEIRA venda=10342 calculado=480.00 ateTotal=230.00
[2026-09-22T19:40:11.178Z] INCONSISTÊNCIA FINANCEIRA venda=10343 calculado=360.00 ateTotal=200.00
[2026-09-22T19:40:11.246Z] INCONSISTÊNCIA FINANCEIRA venda=10344 calculado=770.00 ateTotal=680.00
[2026-09-22T19:40:11.324Z] INCONSISTÊNCIA FINANCEIRA venda=10345 calculado=980.00 ateTotal=900.00
[2026-09-22T19:40:11.392Z] INCONSISTÊNCIA FINANCEIRA venda=10346 calculado=680.00 ateTotal=500.00
[2026-09-22T19:40:11.458Z] INCONSISTÊNCIA FINANCEIRA venda=10347 calculado=550.00 ateTotal=400.00
[2026-09-22T19:40:11.524Z] INCONSISTÊNCIA FINANCEIRA venda=10348 calculado=890.00 ateTotal=700.00
[2026-09-22T19:40:11.591Z] INCONSISTÊNCIA FINANCEIRA venda=10349 calculado=500.00 ateTotal=155.00
[2026-09-22T19:40:11.658Z] INCONSISTÊNCIA FINANCEIRA venda=10350 calculado=950.00 ateTotal=650.00
[2026-09-22T19:40:11.726Z] INCONSISTÊNCIA FINANCEIRA venda=10351 calculado=780.00 ateTotal=700.00
[2026-09-22T19:40:11.795Z] INCONSISTÊNCIA FINANCEIRA venda=10352 calculado=321.25 ateTotal=1440.00
[2026-09-22T19:40:11.864Z] INCONSISTÊNCIA FINANCEIRA venda=10353 calculado=910.00 ateTotal=780.00
[2026-09-22T19:40:11.933Z] INCONSISTÊNCIA FINANCEIRA venda=10354 calculado=300.00 ateTotal=200.00
[2026-09-22T19:40:12.000Z] INCONSISTÊNCIA FINANCEIRA venda=10356 calculado=1310.00 ateTotal=1200.00
[2026-09-22T19:40:12.065Z] INCONSISTÊNCIA FINANCEIRA venda=10357 calculado=370.00 ateTotal=240.00
[2026-09-22T19:40:12.132Z] INCONSISTÊNCIA FINANCEIRA venda=10358 calculado=980.00 ateTotal=900.00
[2026-09-22T19:40:12.199Z] INCONSISTÊNCIA FINANCEIRA venda=10359 calculado=980.00 ateTotal=750.00
[2026-09-22T19:40:12.268Z] INCONSISTÊNCIA FINANCEIRA venda=10360 calculado=710.00 ateTotal=675.00
[2026-09-22T19:40:12.337Z] INCONSISTÊNCIA FINANCEIRA venda=10361 calculado=380.00 ateTotal=340.00
[2026-09-22T19:40:12.409Z] INCONSISTÊNCIA FINANCEIRA venda=10362 calculado=450.00 ateTotal=300.00
[2026-09-22T19:40:12.477Z] INCONSISTÊNCIA FINANCEIRA venda=10363 calculado=660.00 ateTotal=500.00
[2026-09-22T19:40:12.551Z] INCONSISTÊNCIA FINANCEIRA venda=10364 calculado=500.00 ateTotal=300.00
[2026-09-22T19:40:12.617Z] INCONSISTÊNCIA FINANCEIRA venda=10367 calculado=1660.00 ateTotal=1152.00
[2026-09-22T19:40:12.683Z] INCONSISTÊNCIA FINANCEIRA venda=10368 calculado=650.00 ateTotal=640.00
[2026-09-22T19:40:12.755Z] INCONSISTÊNCIA FINANCEIRA venda=10369 calculado=1222.00 ateTotal=900.00
[2026-09-22T19:40:12.824Z] INCONSISTÊNCIA FINANCEIRA venda=10370 calculado=750.00 ateTotal=500.00
[2026-09-22T19:40:12.892Z] INCONSISTÊNCIA FINANCEIRA venda=10371 calculado=960.00 ateTotal=900.00
[2026-09-22T19:40:12.961Z] INCONSISTÊNCIA FINANCEIRA venda=10372 calculado=580.00 ateTotal=375.00
[2026-09-22T19:40:13.127Z] INCONSISTÊNCIA FINANCEIRA venda=10374 calculado=960.00 ateTotal=800.00
[2026-09-22T19:40:13.267Z] INCONSISTÊNCIA FINANCEIRA venda=10376 calculado=960.00 ateTotal=800.00
[2026-09-22T19:40:13.338Z] INCONSISTÊNCIA FINANCEIRA venda=10377 calculado=1040.00 ateTotal=990.00
[2026-09-22T19:40:13.408Z] INCONSISTÊNCIA FINANCEIRA venda=10378 calculado=900.00 ateTotal=550.00
[2026-09-22T19:40:13.551Z] INCONSISTÊNCIA FINANCEIRA venda=10380 calculado=1480.00 ateTotal=1000.00
[2026-09-22T19:40:13.622Z] INCONSISTÊNCIA FINANCEIRA venda=10381 calculado=1090.00 ateTotal=872.00
[2026-09-22T19:40:13.692Z] INCONSISTÊNCIA FINANCEIRA venda=10382 calculado=1660.00 ateTotal=1380.00
[2026-09-22T19:40:13.766Z] INCONSISTÊNCIA FINANCEIRA venda=10383 calculado=2140.00 ateTotal=1500.00
[2026-09-22T19:40:13.923Z] INCONSISTÊNCIA FINANCEIRA venda=10385 calculado=1050.00 ateTotal=900.00
[2026-09-22T19:40:13.990Z] INCONSISTÊNCIA FINANCEIRA venda=10386 calculado=365.10 ateTotal=1332.00
[2026-09-22T19:40:14.335Z] INCONSISTÊNCIA FINANCEIRA venda=10391 calculado=872.00 ateTotal=500.00
[2026-09-22T19:40:14.403Z] INCONSISTÊNCIA FINANCEIRA venda=10392 calculado=350.00 ateTotal=200.00
[2026-09-22T19:40:14.472Z] INCONSISTÊNCIA FINANCEIRA venda=10393 calculado=970.00 ateTotal=600.00
[2026-09-22T19:40:14.539Z] INCONSISTÊNCIA FINANCEIRA venda=10394 calculado=500.00 ateTotal=450.00
[2026-09-22T19:40:14.609Z] INCONSISTÊNCIA FINANCEIRA venda=10395 calculado=760.00 ateTotal=600.00
[2026-09-22T19:40:14.678Z] INCONSISTÊNCIA FINANCEIRA venda=10396 calculado=850.00 ateTotal=530.00
[2026-09-22T19:40:14.823Z] INCONSISTÊNCIA FINANCEIRA venda=10398 calculado=960.00 ateTotal=600.00
[2026-09-22T19:40:14.895Z] INCONSISTÊNCIA FINANCEIRA venda=10399 calculado=450.01 ateTotal=200.00
[2026-09-22T19:40:14.969Z] INCONSISTÊNCIA FINANCEIRA venda=10400 calculado=1090.01 ateTotal=200.00
[2026-09-22T19:40:15.040Z] INCONSISTÊNCIA FINANCEIRA venda=10401 calculado=850.00 ateTotal=600.00
[2026-09-22T19:40:15.116Z] INCONSISTÊNCIA FINANCEIRA venda=10403 calculado=882.00 ateTotal=810.00
[2026-09-22T19:40:15.195Z] INCONSISTÊNCIA FINANCEIRA venda=10404 calculado=960.00 ateTotal=850.00
[2026-09-22T19:40:15.268Z] INCONSISTÊNCIA FINANCEIRA venda=10405 calculado=1290.00 ateTotal=900.00
[2026-09-22T19:40:15.338Z] INCONSISTÊNCIA FINANCEIRA venda=10406 calculado=740.00 ateTotal=700.00
[2026-09-22T19:40:15.633Z] INCONSISTÊNCIA FINANCEIRA venda=10410 calculado=780.00 ateTotal=700.00
[2026-09-22T19:40:15.703Z] INCONSISTÊNCIA FINANCEIRA venda=10411 calculado=820.00 ateTotal=750.00
[2026-09-22T19:40:15.769Z] INCONSISTÊNCIA FINANCEIRA venda=10412 calculado=910.00 ateTotal=780.00
[2026-09-22T19:40:15.854Z] INCONSISTÊNCIA FINANCEIRA venda=10413 calculado=160.00 ateTotal=100.00
[2026-09-22T19:40:15.920Z] INCONSISTÊNCIA FINANCEIRA venda=10414 calculado=860.00 ateTotal=550.00
[2026-09-22T19:40:15.987Z] INCONSISTÊNCIA FINANCEIRA venda=10415 calculado=620.00 ateTotal=300.00
[2026-09-22T19:40:16.056Z] INCONSISTÊNCIA FINANCEIRA venda=10416 calculado=860.00 ateTotal=750.00
[2026-09-22T19:40:16.125Z] INCONSISTÊNCIA FINANCEIRA venda=10417 calculado=381.80 ateTotal=1650.00
[2026-09-22T19:40:16.193Z] INCONSISTÊNCIA FINANCEIRA venda=10418 calculado=900.00 ateTotal=0.01
[2026-09-22T19:40:16.264Z] INCONSISTÊNCIA FINANCEIRA venda=10419 calculado=850.00 ateTotal=700.00
[2026-09-22T19:40:16.415Z] INCONSISTÊNCIA FINANCEIRA venda=10421 calculado=640.00 ateTotal=450.00
[2026-09-22T19:40:16.482Z] INCONSISTÊNCIA FINANCEIRA venda=10422 calculado=1444.00 ateTotal=1440.00
[2026-09-22T19:40:16.553Z] INCONSISTÊNCIA FINANCEIRA venda=10423 calculado=950.00 ateTotal=700.00
[2026-09-22T19:40:16.624Z] INCONSISTÊNCIA FINANCEIRA venda=10424 calculado=1040.00 ateTotal=680.00
[2026-09-22T19:40:16.691Z] INCONSISTÊNCIA FINANCEIRA venda=10425 calculado=890.00 ateTotal=780.00
[2026-09-22T19:40:16.830Z] INCONSISTÊNCIA FINANCEIRA venda=10427 calculado=870.00 ateTotal=600.00
[2026-09-22T19:40:16.904Z] INCONSISTÊNCIA FINANCEIRA venda=10428 calculado=814.00 ateTotal=600.00
[2026-09-22T19:40:16.972Z] INCONSISTÊNCIA FINANCEIRA venda=10430 calculado=990.00 ateTotal=875.00
[2026-09-22T19:40:17.037Z] INCONSISTÊNCIA FINANCEIRA venda=10431 calculado=1240.00 ateTotal=1200.00
[2026-09-22T19:40:17.109Z] INCONSISTÊNCIA FINANCEIRA venda=10432 calculado=1072.00 ateTotal=800.00
[2026-09-22T19:40:17.178Z] INCONSISTÊNCIA FINANCEIRA venda=10433 calculado=810.00 ateTotal=600.00
[2026-09-22T19:40:17.248Z] INCONSISTÊNCIA FINANCEIRA venda=10434 calculado=990.00 ateTotal=600.00
[2026-09-22T19:40:17.315Z] INCONSISTÊNCIA FINANCEIRA venda=10435 calculado=391.40 ateTotal=1300.00
[2026-09-22T19:40:17.383Z] INCONSISTÊNCIA FINANCEIRA venda=10436 calculado=400.00 ateTotal=390.00
[2026-09-22T19:40:17.452Z] INCONSISTÊNCIA FINANCEIRA venda=10437 calculado=341.40 ateTotal=1120.20
[2026-09-22T19:40:17.519Z] INCONSISTÊNCIA FINANCEIRA venda=10438 calculado=473.94 ateTotal=1800.00
[2026-09-22T19:40:17.587Z] INCONSISTÊNCIA FINANCEIRA venda=10439 calculado=1.40 ateTotal=1330.00
[2026-09-22T19:40:17.653Z] INCONSISTÊNCIA FINANCEIRA venda=10440 calculado=373.10 ateTotal=1000.00
[2026-09-22T19:40:17.726Z] INCONSISTÊNCIA FINANCEIRA venda=10441 calculado=1840.00 ateTotal=1720.00
[2026-09-22T19:40:17.793Z] INCONSISTÊNCIA FINANCEIRA venda=10442 calculado=700.00 ateTotal=480.00
[2026-09-22T19:40:17.859Z] INCONSISTÊNCIA FINANCEIRA venda=10443 calculado=870.00 ateTotal=550.00
[2026-09-22T19:40:17.928Z] INCONSISTÊNCIA FINANCEIRA venda=10444 calculado=870.00 ateTotal=550.00
[2026-09-22T19:40:18.064Z] INCONSISTÊNCIA FINANCEIRA venda=10446 calculado=940.00 ateTotal=900.00
[2026-09-22T19:40:18.134Z] INCONSISTÊNCIA FINANCEIRA venda=10447 calculado=840.00 ateTotal=800.00
[2026-09-22T19:40:18.203Z] INCONSISTÊNCIA FINANCEIRA venda=10448 calculado=960.00 ateTotal=800.00
[2026-09-22T19:40:18.272Z] INCONSISTÊNCIA FINANCEIRA venda=10449 calculado=1.60 ateTotal=1548.00
[2026-09-22T19:40:18.406Z] INCONSISTÊNCIA FINANCEIRA venda=10451 calculado=510.00 ateTotal=300.00
[2026-09-22T19:40:18.473Z] INCONSISTÊNCIA FINANCEIRA venda=10452 calculado=302.40 ateTotal=1600.00
[2026-09-22T19:40:18.609Z] INCONSISTÊNCIA FINANCEIRA venda=10454 calculado=890.00 ateTotal=650.00
[2026-09-22T19:40:18.677Z] INCONSISTÊNCIA FINANCEIRA venda=10456 calculado=1350.00 ateTotal=1200.00
[2026-09-22T19:40:18.775Z] INCONSISTÊNCIA FINANCEIRA venda=10457 calculado=1670.00 ateTotal=1110.00
[2026-09-22T19:40:18.842Z] INCONSISTÊNCIA FINANCEIRA venda=10458 calculado=840.00 ateTotal=725.00
[2026-09-22T19:40:18.909Z] INCONSISTÊNCIA FINANCEIRA venda=10459 calculado=840.00 ateTotal=500.00
[2026-09-22T19:40:18.977Z] INCONSISTÊNCIA FINANCEIRA venda=10460 calculado=990.00 ateTotal=690.00
[2026-09-22T19:40:19.044Z] INCONSISTÊNCIA FINANCEIRA venda=10461 calculado=940.00 ateTotal=900.00
[2026-09-22T19:40:19.111Z] INCONSISTÊNCIA FINANCEIRA venda=10462 calculado=366.00 ateTotal=1650.00
[2026-09-22T19:40:19.180Z] INCONSISTÊNCIA FINANCEIRA venda=10463 calculado=990.00 ateTotal=780.00
[2026-09-22T19:40:19.251Z] INCONSISTÊNCIA FINANCEIRA venda=10464 calculado=990.00 ateTotal=900.00
[2026-09-22T19:40:19.388Z] INCONSISTÊNCIA FINANCEIRA venda=10466 calculado=1160.00 ateTotal=1110.00
[2026-09-22T19:40:19.526Z] INCONSISTÊNCIA FINANCEIRA venda=10468 calculado=960.00 ateTotal=750.00
[2026-09-22T19:40:19.592Z] INCONSISTÊNCIA FINANCEIRA venda=10469 calculado=200.00 ateTotal=120.00
[2026-09-22T19:40:19.660Z] INCONSISTÊNCIA FINANCEIRA venda=10470 calculado=1000.00 ateTotal=960.00
[2026-09-22T19:40:19.726Z] INCONSISTÊNCIA FINANCEIRA venda=10471 calculado=-898.30 ateTotal=800.00
[2026-09-22T19:40:19.726Z] INCONSISTÊNCIA NOS ITENS venda=10471 calculado=-898.30 itemTotalGeral=800.00
[2026-09-22T19:40:19.858Z] INCONSISTÊNCIA FINANCEIRA venda=10472 calculado=590.00 ateTotal=400.00
[2026-09-22T19:40:19.927Z] INCONSISTÊNCIA FINANCEIRA venda=10473 calculado=930.00 ateTotal=850.00
[2026-09-22T19:40:20.127Z] INCONSISTÊNCIA FINANCEIRA venda=10476 calculado=1120.00 ateTotal=1100.00
[2026-09-22T19:40:20.210Z] INCONSISTÊNCIA FINANCEIRA venda=10477 calculado=1816.00 ateTotal=1200.00
[2026-09-22T19:40:20.277Z] INCONSISTÊNCIA FINANCEIRA venda=10478 calculado=920.00 ateTotal=700.00
[2026-09-22T19:40:20.343Z] INCONSISTÊNCIA FINANCEIRA venda=10479 calculado=860.00 ateTotal=440.00
[2026-09-22T19:40:20.412Z] INCONSISTÊNCIA FINANCEIRA venda=10480 calculado=400.00 ateTotal=330.00
[2026-09-22T19:40:20.480Z] INCONSISTÊNCIA FINANCEIRA venda=10481 calculado=340.00 ateTotal=270.00
[2026-09-22T19:40:20.549Z] INCONSISTÊNCIA FINANCEIRA venda=10482 calculado=1414.00 ateTotal=1380.00
[2026-09-22T19:40:20.619Z] INCONSISTÊNCIA FINANCEIRA venda=10483 calculado=1.20 ateTotal=900.00
[2026-09-22T19:40:20.706Z] INCONSISTÊNCIA FINANCEIRA venda=10484 calculado=1000.00 ateTotal=880.00
[2026-09-22T19:40:20.773Z] INCONSISTÊNCIA FINANCEIRA venda=10485 calculado=890.00 ateTotal=840.00
[2026-09-22T19:40:20.837Z] INCONSISTÊNCIA FINANCEIRA venda=10486 calculado=830.00 ateTotal=650.00
[2026-09-22T19:40:20.988Z] INCONSISTÊNCIA FINANCEIRA venda=10488 calculado=800.00 ateTotal=400.00
[2026-09-22T19:40:21.058Z] INCONSISTÊNCIA FINANCEIRA venda=10489 calculado=1260.00 ateTotal=1200.00
[2026-09-22T19:40:21.143Z] INCONSISTÊNCIA FINANCEIRA venda=10490 calculado=710.00 ateTotal=590.00
[2026-09-22T19:40:21.282Z] INCONSISTÊNCIA FINANCEIRA venda=10492 calculado=500.00 ateTotal=350.00
[2026-09-22T19:40:21.360Z] INCONSISTÊNCIA FINANCEIRA venda=10493 calculado=960.00 ateTotal=900.00
[2026-09-22T19:40:21.568Z] INCONSISTÊNCIA FINANCEIRA venda=10496 calculado=870.00 ateTotal=675.00
[2026-09-22T19:40:21.636Z] INCONSISTÊNCIA FINANCEIRA venda=10497 calculado=1310.00 ateTotal=1300.00
[2026-09-22T19:40:21.846Z] INCONSISTÊNCIA FINANCEIRA venda=10500 calculado=900.00 ateTotal=850.00
[2026-09-22T19:40:21.978Z] INCONSISTÊNCIA FINANCEIRA venda=10502 calculado=901.20 ateTotal=1440.00
[2026-09-22T19:40:22.043Z] INCONSISTÊNCIA FINANCEIRA venda=10503 calculado=990.00 ateTotal=800.00
[2026-09-22T19:40:22.110Z] INCONSISTÊNCIA FINANCEIRA venda=10504 calculado=1820.00 ateTotal=1795.00
[2026-09-22T19:40:22.176Z] INCONSISTÊNCIA FINANCEIRA venda=10505 calculado=1140.00 ateTotal=700.00
[2026-09-22T19:40:22.312Z] INCONSISTÊNCIA FINANCEIRA venda=10507 calculado=960.00 ateTotal=750.00
[2026-09-22T19:40:22.394Z] INCONSISTÊNCIA FINANCEIRA venda=10508 calculado=740.00 ateTotal=720.00
[2026-09-22T19:40:22.467Z] INCONSISTÊNCIA FINANCEIRA venda=10509 calculado=750.00 ateTotal=640.00
[2026-09-22T19:40:22.540Z] INCONSISTÊNCIA FINANCEIRA venda=10510 calculado=920.00 ateTotal=500.00
[2026-09-22T19:40:22.607Z] INCONSISTÊNCIA FINANCEIRA venda=10511 calculado=950.00 ateTotal=900.00
[2026-09-22T19:40:22.674Z] INCONSISTÊNCIA FINANCEIRA venda=10513 calculado=822.61 ateTotal=2892.00
[2026-09-22T19:40:22.743Z] INCONSISTÊNCIA FINANCEIRA venda=10514 calculado=950.00 ateTotal=900.00
[2026-09-22T19:40:22.811Z] INCONSISTÊNCIA FINANCEIRA venda=10515 calculado=810.00 ateTotal=440.00
[2026-09-22T19:40:22.876Z] INCONSISTÊNCIA FINANCEIRA venda=10516 calculado=1630.00 ateTotal=1200.00
[2026-09-22T19:40:23.008Z] INCONSISTÊNCIA FINANCEIRA venda=10518 calculado=1022.00 ateTotal=800.00
[2026-09-22T19:40:23.077Z] INCONSISTÊNCIA FINANCEIRA venda=10519 calculado=520.00 ateTotal=400.00
[2026-09-22T19:40:23.211Z] INCONSISTÊNCIA FINANCEIRA venda=10521 calculado=830.00 ateTotal=500.00
[2026-09-22T19:40:23.345Z] INCONSISTÊNCIA FINANCEIRA venda=10523 calculado=1680.00 ateTotal=1200.00
[2026-09-22T19:40:23.411Z] INCONSISTÊNCIA FINANCEIRA venda=10524 calculado=1.30 ateTotal=1300.00
[2026-09-22T19:40:23.483Z] INCONSISTÊNCIA FINANCEIRA venda=10525 calculado=351.10 ateTotal=1400.00
[2026-09-22T19:40:23.748Z] INCONSISTÊNCIA FINANCEIRA venda=10529 calculado=840.00 ateTotal=680.00
[2026-09-22T19:40:23.816Z] INCONSISTÊNCIA FINANCEIRA venda=10530 calculado=860.00 ateTotal=800.00
[2026-09-22T19:40:23.884Z] INCONSISTÊNCIA FINANCEIRA venda=10531 calculado=930.00 ateTotal=900.00
[2026-09-22T19:40:23.953Z] INCONSISTÊNCIA FINANCEIRA venda=10532 calculado=850.00 ateTotal=650.00
[2026-09-22T19:40:24.020Z] INCONSISTÊNCIA FINANCEIRA venda=10533 calculado=280.00 ateTotal=120.00
[2026-09-22T19:40:24.108Z] INCONSISTÊNCIA FINANCEIRA venda=10534 calculado=-758.79 ateTotal=440.00
[2026-09-22T19:40:24.108Z] INCONSISTÊNCIA NOS ITENS venda=10534 calculado=-758.79 itemTotalGeral=440.01
[2026-09-22T19:40:24.176Z] INCONSISTÊNCIA FINANCEIRA venda=10535 calculado=400.00 ateTotal=350.00
[2026-09-22T19:40:24.244Z] INCONSISTÊNCIA FINANCEIRA venda=10536 calculado=350.00 ateTotal=280.00
[2026-09-22T19:40:24.311Z] INCONSISTÊNCIA FINANCEIRA venda=10537 calculado=1130.00 ateTotal=1000.00
[2026-09-22T19:40:24.384Z] INCONSISTÊNCIA FINANCEIRA venda=10538 calculado=990.00 ateTotal=800.00
[2026-09-22T19:40:24.458Z] INCONSISTÊNCIA FINANCEIRA venda=10539 calculado=1280.00 ateTotal=900.00
[2026-09-22T19:40:24.666Z] INCONSISTÊNCIA FINANCEIRA venda=10542 calculado=1080.00 ateTotal=1000.00
[2026-09-22T19:40:24.742Z] INCONSISTÊNCIA FINANCEIRA venda=10543 calculado=790.00 ateTotal=600.00
[2026-09-22T19:40:24.810Z] INCONSISTÊNCIA FINANCEIRA venda=10544 calculado=1280.00 ateTotal=900.00
[2026-09-22T19:40:24.878Z] INCONSISTÊNCIA FINANCEIRA venda=10545 calculado=1290.00 ateTotal=1000.00
[2026-09-22T19:40:24.946Z] INCONSISTÊNCIA FINANCEIRA venda=10546 calculado=640.00 ateTotal=500.00
[2026-09-22T19:40:25.084Z] INCONSISTÊNCIA FINANCEIRA venda=10548 calculado=990.00 ateTotal=800.00
[2026-09-22T19:40:25.153Z] INCONSISTÊNCIA FINANCEIRA venda=10549 calculado=700.00 ateTotal=640.00
[2026-09-22T19:40:25.242Z] INCONSISTÊNCIA FINANCEIRA venda=10552 calculado=860.00 ateTotal=500.00
[2026-09-22T19:40:25.309Z] INCONSISTÊNCIA FINANCEIRA venda=10553 calculado=760.00 ateTotal=500.00
[2026-09-22T19:40:25.380Z] INCONSISTÊNCIA FINANCEIRA venda=10554 calculado=822.00 ateTotal=680.00
[2026-09-22T19:40:25.445Z] INCONSISTÊNCIA FINANCEIRA venda=10555 calculado=520.00 ateTotal=380.00
[2026-09-22T19:40:25.513Z] INCONSISTÊNCIA FINANCEIRA venda=10556 calculado=431.10 ateTotal=1200.00
[2026-09-22T19:40:25.581Z] INCONSISTÊNCIA FINANCEIRA venda=10557 calculado=450.00 ateTotal=300.00
[2026-09-22T19:40:25.674Z] INCONSISTÊNCIA FINANCEIRA venda=10558 calculado=330.00 ateTotal=290.00
[2026-09-22T19:40:25.745Z] INCONSISTÊNCIA FINANCEIRA venda=10559 calculado=361.40 ateTotal=900.00
[2026-09-22T19:40:25.811Z] INCONSISTÊNCIA FINANCEIRA venda=10560 calculado=760.00 ateTotal=500.00
[2026-09-22T19:40:25.944Z] INCONSISTÊNCIA FINANCEIRA venda=10562 calculado=460.00 ateTotal=0.01
[2026-09-22T19:40:26.011Z] INCONSISTÊNCIA FINANCEIRA venda=10563 calculado=1010.00 ateTotal=800.00
[2026-09-22T19:40:26.080Z] INCONSISTÊNCIA FINANCEIRA venda=10564 calculado=730.00 ateTotal=600.00
[2026-09-22T19:40:26.164Z] INCONSISTÊNCIA FINANCEIRA venda=10565 calculado=1682.00 ateTotal=1650.00
[2026-09-22T19:40:26.236Z] INCONSISTÊNCIA FINANCEIRA venda=10566 calculado=800.00 ateTotal=600.00
[2026-09-22T19:40:26.312Z] INCONSISTÊNCIA FINANCEIRA venda=10567 calculado=910.00 ateTotal=900.00
[2026-09-22T19:40:26.384Z] INCONSISTÊNCIA FINANCEIRA venda=10568 calculado=1.25 ateTotal=1200.00
[2026-09-22T19:40:26.456Z] INCONSISTÊNCIA FINANCEIRA venda=10569 calculado=960.00 ateTotal=900.00
[2026-09-22T19:40:26.593Z] INCONSISTÊNCIA FINANCEIRA venda=10571 calculado=611.41 ateTotal=1980.00
[2026-09-22T19:40:26.659Z] INCONSISTÊNCIA FINANCEIRA venda=10572 calculado=990.00 ateTotal=900.00
[2026-09-22T19:40:26.727Z] INCONSISTÊNCIA FINANCEIRA venda=10573 calculado=910.00 ateTotal=820.00
[2026-09-22T19:40:26.793Z] INCONSISTÊNCIA FINANCEIRA venda=10574 calculado=380.00 ateTotal=250.00
[2026-09-22T19:40:26.863Z] INCONSISTÊNCIA FINANCEIRA venda=10575 calculado=391.10 ateTotal=1480.00
[2026-09-22T19:40:27.005Z] INCONSISTÊNCIA FINANCEIRA venda=10577 calculado=790.00 ateTotal=750.00
[2026-09-22T19:40:27.073Z] INCONSISTÊNCIA FINANCEIRA venda=10578 calculado=381.10 ateTotal=1350.00
[2026-09-22T19:40:27.144Z] INCONSISTÊNCIA FINANCEIRA venda=10579 calculado=373.20 ateTotal=1440.00
[2026-09-22T19:40:27.275Z] INCONSISTÊNCIA FINANCEIRA venda=10581 calculado=1280.00 ateTotal=1100.00
[2026-09-22T19:40:27.342Z] INCONSISTÊNCIA FINANCEIRA venda=10582 calculado=850.00 ateTotal=700.00
[2026-09-22T19:40:27.411Z] INCONSISTÊNCIA FINANCEIRA venda=10583 calculado=960.00 ateTotal=150.00
[2026-09-22T19:40:27.480Z] INCONSISTÊNCIA FINANCEIRA venda=10584 calculado=341.60 ateTotal=1560.00
[2026-09-22T19:40:27.546Z] INCONSISTÊNCIA FINANCEIRA venda=10585 calculado=341.20 ateTotal=1300.00
[2026-09-22T19:40:27.612Z] INCONSISTÊNCIA FINANCEIRA venda=10586 calculado=1030.00 ateTotal=1000.00
[2026-09-22T19:40:27.682Z] INCONSISTÊNCIA FINANCEIRA venda=10587 calculado=770.00 ateTotal=300.00
[2026-09-22T19:40:27.749Z] INCONSISTÊNCIA FINANCEIRA venda=10588 calculado=850.00 ateTotal=800.00
[2026-09-22T19:40:27.816Z] INCONSISTÊNCIA FINANCEIRA venda=10589 calculado=650.00 ateTotal=340.00
[2026-09-22T19:40:27.890Z] INCONSISTÊNCIA FINANCEIRA venda=10590 calculado=640.00 ateTotal=200.00
[2026-09-22T19:40:27.960Z] INCONSISTÊNCIA FINANCEIRA venda=10591 calculado=560.00 ateTotal=500.00
[2026-09-22T19:40:28.031Z] INCONSISTÊNCIA FINANCEIRA venda=10592 calculado=750.00 ateTotal=700.00
[2026-09-22T19:40:28.103Z] INCONSISTÊNCIA FINANCEIRA venda=10593 calculado=360.00 ateTotal=200.00
[2026-09-22T19:40:28.171Z] INCONSISTÊNCIA FINANCEIRA venda=10594 calculado=972.00 ateTotal=820.00
[2026-09-22T19:40:28.239Z] INCONSISTÊNCIA FINANCEIRA venda=10595 calculado=960.00 ateTotal=930.00
[2026-09-22T19:40:28.314Z] INCONSISTÊNCIA FINANCEIRA venda=10596 calculado=400.00 ateTotal=300.00
[2026-09-22T19:40:28.383Z] INCONSISTÊNCIA FINANCEIRA venda=10598 calculado=860.00 ateTotal=600.00
[2026-09-22T19:40:28.450Z] INCONSISTÊNCIA FINANCEIRA venda=10599 calculado=381.11 ateTotal=1152.00
[2026-09-22T19:40:28.522Z] INCONSISTÊNCIA FINANCEIRA venda=10600 calculado=760.00 ateTotal=540.00
[2026-09-22T19:40:28.590Z] INCONSISTÊNCIA FINANCEIRA venda=10601 calculado=430.00 ateTotal=420.00
[2026-09-22T19:40:28.657Z] INCONSISTÊNCIA FINANCEIRA venda=10602 calculado=890.00 ateTotal=650.00
[2026-09-22T19:40:28.726Z] INCONSISTÊNCIA FINANCEIRA venda=10603 calculado=570.00 ateTotal=500.00
[2026-09-22T19:40:28.793Z] INCONSISTÊNCIA FINANCEIRA venda=10604 calculado=1630.00 ateTotal=1610.00
[2026-09-22T19:40:28.859Z] INCONSISTÊNCIA FINANCEIRA venda=10605 calculado=1200.00 ateTotal=750.00
[2026-09-22T19:40:28.926Z] INCONSISTÊNCIA FINANCEIRA venda=10606 calculado=800.00 ateTotal=500.00
[2026-09-22T19:40:29.062Z] INCONSISTÊNCIA FINANCEIRA venda=10608 calculado=860.00 ateTotal=600.00
[2026-09-22T19:40:29.131Z] INCONSISTÊNCIA FINANCEIRA venda=10609 calculado=350.00 ateTotal=280.00
[2026-09-22T19:40:29.198Z] INCONSISTÊNCIA FINANCEIRA venda=10610 calculado=280.00 ateTotal=250.00
[2026-09-22T19:40:29.267Z] INCONSISTÊNCIA FINANCEIRA venda=10611 calculado=910.00 ateTotal=780.00
[2026-09-22T19:40:29.341Z] INCONSISTÊNCIA FINANCEIRA venda=10612 calculado=960.00 ateTotal=840.00
[2026-09-22T19:40:29.412Z] INCONSISTÊNCIA FINANCEIRA venda=10613 calculado=1320.00 ateTotal=1290.00
[2026-09-22T19:40:29.484Z] INCONSISTÊNCIA FINANCEIRA venda=10614 calculado=1210.00 ateTotal=1200.00
[2026-09-22T19:40:29.554Z] INCONSISTÊNCIA FINANCEIRA venda=10615 calculado=1030.00 ateTotal=600.00
[2026-09-22T19:40:29.626Z] INCONSISTÊNCIA FINANCEIRA venda=10616 calculado=1400.00 ateTotal=1380.00
[2026-09-22T19:40:29.696Z] INCONSISTÊNCIA FINANCEIRA venda=10617 calculado=372.00 ateTotal=285.00
[2026-09-22T19:40:29.764Z] INCONSISTÊNCIA FINANCEIRA venda=10618 calculado=1300.00 ateTotal=1100.00
[2026-09-22T19:40:29.833Z] INCONSISTÊNCIA FINANCEIRA venda=10619 calculado=450.00 ateTotal=220.00
[2026-09-22T19:40:29.901Z] INCONSISTÊNCIA FINANCEIRA venda=10620 calculado=620.00 ateTotal=570.00
[2026-09-22T19:40:29.971Z] INCONSISTÊNCIA FINANCEIRA venda=10621 calculado=360.00 ateTotal=300.00
[2026-09-22T19:40:30.041Z] INCONSISTÊNCIA FINANCEIRA venda=10622 calculado=360.00 ateTotal=150.00
[2026-09-22T19:40:30.116Z] INCONSISTÊNCIA FINANCEIRA venda=10624 calculado=1250.00 ateTotal=1200.00
[2026-09-22T19:40:30.183Z] INCONSISTÊNCIA FINANCEIRA venda=10625 calculado=720.00 ateTotal=505.00
[2026-09-22T19:40:30.252Z] INCONSISTÊNCIA FINANCEIRA venda=10626 calculado=930.00 ateTotal=900.00
[2026-09-22T19:40:30.325Z] INCONSISTÊNCIA FINANCEIRA venda=10627 calculado=910.00 ateTotal=550.00
[2026-09-22T19:40:30.396Z] INCONSISTÊNCIA FINANCEIRA venda=10628 calculado=500.00 ateTotal=220.00
[2026-09-22T19:40:30.467Z] INCONSISTÊNCIA FINANCEIRA venda=10629 calculado=890.00 ateTotal=840.00
[2026-09-22T19:40:30.600Z] INCONSISTÊNCIA FINANCEIRA venda=10631 calculado=970.00 ateTotal=500.00
[2026-09-22T19:40:30.760Z] INCONSISTÊNCIA FINANCEIRA venda=10633 calculado=900.00 ateTotal=800.00
[2026-09-22T19:40:30.895Z] INCONSISTÊNCIA FINANCEIRA venda=10635 calculado=350.00 ateTotal=340.00
[2026-09-22T19:40:30.964Z] INCONSISTÊNCIA FINANCEIRA venda=10636 calculado=940.00 ateTotal=650.00
[2026-09-22T19:40:31.030Z] INCONSISTÊNCIA FINANCEIRA venda=10637 calculado=1060.00 ateTotal=900.00
[2026-09-22T19:40:31.100Z] INCONSISTÊNCIA FINANCEIRA venda=10638 calculado=810.00 ateTotal=380.00
[2026-09-22T19:40:31.169Z] INCONSISTÊNCIA FINANCEIRA venda=10639 calculado=520.00 ateTotal=350.00
[2026-09-22T19:40:31.311Z] INCONSISTÊNCIA FINANCEIRA venda=10641 calculado=950.00 ateTotal=930.00
[2026-09-22T19:40:31.385Z] INCONSISTÊNCIA FINANCEIRA venda=10642 calculado=860.00 ateTotal=600.00
[2026-09-22T19:40:31.465Z] INCONSISTÊNCIA FINANCEIRA venda=10643 calculado=860.00 ateTotal=420.00
[2026-09-22T19:40:31.542Z] INCONSISTÊNCIA FINANCEIRA venda=10644 calculado=810.00 ateTotal=650.00
[2026-09-22T19:40:31.616Z] INCONSISTÊNCIA FINANCEIRA venda=10645 calculado=760.00 ateTotal=600.00
[2026-09-22T19:40:31.690Z] INCONSISTÊNCIA FINANCEIRA venda=10646 calculado=391.20 ateTotal=1590.00
[2026-09-22T19:40:31.763Z] INCONSISTÊNCIA FINANCEIRA venda=10647 calculado=1130.00 ateTotal=850.00
[2026-09-22T19:40:31.836Z] INCONSISTÊNCIA FINANCEIRA venda=10648 calculado=760.00 ateTotal=300.00
[2026-09-22T19:40:31.910Z] INCONSISTÊNCIA FINANCEIRA venda=10649 calculado=960.00 ateTotal=660.00
[2026-09-22T19:40:31.980Z] INCONSISTÊNCIA FINANCEIRA venda=10650 calculado=400.00 ateTotal=350.00
[2026-09-22T19:40:32.052Z] INCONSISTÊNCIA FINANCEIRA venda=10652 calculado=390.00 ateTotal=250.00
[2026-09-22T19:40:32.195Z] INCONSISTÊNCIA FINANCEIRA venda=10654 calculado=400.00 ateTotal=300.00
[2026-09-22T19:40:32.396Z] INCONSISTÊNCIA FINANCEIRA venda=10658 calculado=1080.00 ateTotal=1000.00
[2026-09-22T19:40:32.465Z] INCONSISTÊNCIA FINANCEIRA venda=10659 calculado=760.00 ateTotal=600.00
[2026-09-22T19:40:32.532Z] INCONSISTÊNCIA FINANCEIRA venda=10660 calculado=1040.00 ateTotal=900.00
[2026-09-22T19:40:32.601Z] INCONSISTÊNCIA FINANCEIRA venda=10661 calculado=850.00 ateTotal=600.00
[2026-09-22T19:40:32.675Z] INCONSISTÊNCIA FINANCEIRA venda=10662 calculado=980.00 ateTotal=555.00
[2026-09-22T19:40:32.743Z] INCONSISTÊNCIA FINANCEIRA venda=10663 calculado=890.00 ateTotal=840.00
[2026-09-22T19:40:32.809Z] INCONSISTÊNCIA FINANCEIRA venda=10664 calculado=500.00 ateTotal=400.00
[2026-09-22T19:40:32.880Z] INCONSISTÊNCIA FINANCEIRA venda=10665 calculado=860.00 ateTotal=800.00
[2026-09-22T19:40:32.947Z] INCONSISTÊNCIA FINANCEIRA venda=10666 calculado=450.00 ateTotal=200.00
[2026-09-22T19:40:33.019Z] INCONSISTÊNCIA FINANCEIRA venda=10667 calculado=760.00 ateTotal=440.00
[2026-09-22T19:40:33.088Z] INCONSISTÊNCIA FINANCEIRA venda=10668 calculado=900.00 ateTotal=700.00
[2026-09-22T19:40:33.157Z] INCONSISTÊNCIA FINANCEIRA venda=10669 calculado=400.01 ateTotal=200.00
[2026-09-22T19:40:33.224Z] INCONSISTÊNCIA FINANCEIRA venda=10670 calculado=1180.00 ateTotal=1170.00
[2026-09-22T19:40:33.292Z] INCONSISTÊNCIA FINANCEIRA venda=10671 calculado=1170.00 ateTotal=840.00
[2026-09-22T19:40:33.358Z] INCONSISTÊNCIA FINANCEIRA venda=10672 calculado=750.00 ateTotal=650.00
[2026-09-22T19:40:33.426Z] INCONSISTÊNCIA FINANCEIRA venda=10673 calculado=1.40 ateTotal=1300.00
[2026-09-22T19:40:33.567Z] INCONSISTÊNCIA FINANCEIRA venda=10675 calculado=610.00 ateTotal=400.00
[2026-09-22T19:40:33.640Z] INCONSISTÊNCIA FINANCEIRA venda=10676 calculado=301.10 ateTotal=1200.00
[2026-09-22T19:40:33.709Z] INCONSISTÊNCIA FINANCEIRA venda=10677 calculado=710.00 ateTotal=570.00
[2026-09-22T19:40:33.776Z] INCONSISTÊNCIA FINANCEIRA venda=10678 calculado=700.01 ateTotal=550.00
[2026-09-22T19:40:33.845Z] INCONSISTÊNCIA FINANCEIRA venda=10679 calculado=1200.00 ateTotal=800.00
[2026-09-22T19:40:33.913Z] INCONSISTÊNCIA FINANCEIRA venda=10680 calculado=870.00 ateTotal=600.00
[2026-09-22T19:40:34.274Z] INCONSISTÊNCIA FINANCEIRA venda=10685 calculado=810.00 ateTotal=500.00
[2026-09-22T19:40:34.339Z] INCONSISTÊNCIA FINANCEIRA venda=10686 calculado=650.00 ateTotal=600.00
[2026-09-22T19:40:34.474Z] INCONSISTÊNCIA FINANCEIRA venda=10688 calculado=610.00 ateTotal=590.00
[2026-09-22T19:40:34.610Z] INCONSISTÊNCIA FINANCEIRA venda=10690 calculado=800.00 ateTotal=600.00
[2026-09-22T19:40:34.680Z] INCONSISTÊNCIA FINANCEIRA venda=10691 calculado=730.00 ateTotal=600.00
[2026-09-22T19:40:34.749Z] INCONSISTÊNCIA FINANCEIRA venda=10692 calculado=760.00 ateTotal=510.00
[2026-09-22T19:40:34.963Z] INCONSISTÊNCIA FINANCEIRA venda=10694 calculado=1022.00 ateTotal=1000.00
[2026-09-22T19:40:35.051Z] INCONSISTÊNCIA FINANCEIRA venda=10695 calculado=720.00 ateTotal=450.00
[2026-09-22T19:40:35.122Z] INCONSISTÊNCIA FINANCEIRA venda=10696 calculado=450.00 ateTotal=240.00
[2026-09-22T19:40:35.194Z] INCONSISTÊNCIA FINANCEIRA venda=10697 calculado=2200.00 ateTotal=1764.00
[2026-09-22T19:40:35.273Z] INCONSISTÊNCIA FINANCEIRA venda=10698 calculado=313.03 ateTotal=1100.00
[2026-09-22T19:40:35.274Z] INCONSISTÊNCIA NOS ITENS venda=10698 calculado=313.03 itemTotalGeral=1330.01
[2026-09-22T19:40:35.344Z] INCONSISTÊNCIA FINANCEIRA venda=10699 calculado=450.01 ateTotal=320.00
[2026-09-22T19:40:35.479Z] INCONSISTÊNCIA FINANCEIRA venda=10701 calculado=940.00 ateTotal=720.00
[2026-09-22T19:40:35.547Z] INCONSISTÊNCIA FINANCEIRA venda=10702 calculado=830.01 ateTotal=350.00
[2026-09-22T19:40:35.614Z] INCONSISTÊNCIA FINANCEIRA venda=10703 calculado=800.00 ateTotal=580.00
[2026-09-22T19:40:35.712Z] INCONSISTÊNCIA FINANCEIRA venda=10704 calculado=840.00 ateTotal=770.00
[2026-09-22T19:40:35.780Z] INCONSISTÊNCIA FINANCEIRA venda=10705 calculado=500.00 ateTotal=420.00
[2026-09-22T19:40:35.848Z] INCONSISTÊNCIA FINANCEIRA venda=10706 calculado=1430.00 ateTotal=1200.00
[2026-09-22T19:40:36.006Z] INCONSISTÊNCIA FINANCEIRA venda=10708 calculado=710.00 ateTotal=680.00
[2026-09-22T19:40:36.217Z] INCONSISTÊNCIA FINANCEIRA venda=10711 calculado=760.00 ateTotal=500.00
[2026-09-22T19:40:36.354Z] INCONSISTÊNCIA FINANCEIRA venda=10713 calculado=150.00 ateTotal=120.00
[2026-09-22T19:40:36.422Z] INCONSISTÊNCIA FINANCEIRA venda=10714 calculado=810.00 ateTotal=300.00
[2026-09-22T19:40:36.492Z] INCONSISTÊNCIA FINANCEIRA venda=10715 calculado=850.00 ateTotal=600.00
[2026-09-22T19:40:36.566Z] INCONSISTÊNCIA FINANCEIRA venda=10716 calculado=780.00 ateTotal=0.01
[2026-09-22T19:40:36.635Z] INCONSISTÊNCIA FINANCEIRA venda=10717 calculado=1140.00 ateTotal=1116.00
[2026-09-22T19:40:36.703Z] INCONSISTÊNCIA FINANCEIRA venda=10718 calculado=870.00 ateTotal=580.00
[2026-09-22T19:40:36.909Z] INCONSISTÊNCIA FINANCEIRA venda=10722 calculado=850.00 ateTotal=600.00
[2026-09-22T19:40:36.983Z] INCONSISTÊNCIA FINANCEIRA venda=10723 calculado=950.00 ateTotal=930.00
[2026-09-22T19:40:37.056Z] INCONSISTÊNCIA FINANCEIRA venda=10724 calculado=710.00 ateTotal=500.00
[2026-09-22T19:40:37.125Z] INCONSISTÊNCIA FINANCEIRA venda=10725 calculado=900.00 ateTotal=700.00
[2026-09-22T19:40:37.192Z] INCONSISTÊNCIA FINANCEIRA venda=10726 calculado=860.00 ateTotal=690.00
[2026-09-22T19:40:37.261Z] INCONSISTÊNCIA FINANCEIRA venda=10727 calculado=1730.00 ateTotal=1350.00
[2026-09-22T19:40:37.329Z] INCONSISTÊNCIA FINANCEIRA venda=10728 calculado=670.00 ateTotal=450.00
[2026-09-22T19:40:37.469Z] INCONSISTÊNCIA FINANCEIRA venda=10730 calculado=950.00 ateTotal=500.00
[2026-09-22T19:40:37.536Z] INCONSISTÊNCIA FINANCEIRA venda=10731 calculado=675.00 ateTotal=550.00
[2026-09-22T19:40:37.676Z] INCONSISTÊNCIA FINANCEIRA venda=10733 calculado=1020.00 ateTotal=800.00
[2026-09-22T19:40:37.748Z] INCONSISTÊNCIA FINANCEIRA venda=10734 calculado=400.00 ateTotal=255.00
[2026-09-22T19:40:37.819Z] INCONSISTÊNCIA FINANCEIRA venda=10735 calculado=1.25 ateTotal=1200.00
[2026-09-22T19:40:37.906Z] INCONSISTÊNCIA FINANCEIRA venda=10736 calculado=351.10 ateTotal=1245.00
[2026-09-22T19:40:37.975Z] INCONSISTÊNCIA FINANCEIRA venda=10737 calculado=1375.00 ateTotal=1150.00
[2026-09-22T19:40:38.042Z] INCONSISTÊNCIA FINANCEIRA venda=10738 calculado=910.00 ateTotal=900.00
[2026-09-22T19:40:38.108Z] INCONSISTÊNCIA FINANCEIRA venda=10739 calculado=790.00 ateTotal=700.00
[2026-09-22T19:40:38.177Z] INCONSISTÊNCIA FINANCEIRA venda=10740 calculado=890.00 ateTotal=800.00
[2026-09-22T19:40:38.245Z] INCONSISTÊNCIA FINANCEIRA venda=10741 calculado=854.00 ateTotal=850.00
[2026-09-22T19:40:38.314Z] INCONSISTÊNCIA FINANCEIRA venda=10742 calculado=1850.00 ateTotal=1300.00
[2026-09-22T19:40:38.384Z] INCONSISTÊNCIA FINANCEIRA venda=10743 calculado=770.00 ateTotal=180.00
[2026-09-22T19:40:38.450Z] INCONSISTÊNCIA FINANCEIRA venda=10744 calculado=1030.00 ateTotal=750.00
[2026-09-22T19:40:38.519Z] INCONSISTÊNCIA FINANCEIRA venda=10745 calculado=1035.00 ateTotal=850.00
[2026-09-22T19:40:38.587Z] INCONSISTÊNCIA FINANCEIRA venda=10746 calculado=450.00 ateTotal=250.00
[2026-09-22T19:40:38.654Z] INCONSISTÊNCIA FINANCEIRA venda=10747 calculado=400.00 ateTotal=300.00
[2026-09-22T19:40:38.721Z] INCONSISTÊNCIA FINANCEIRA venda=10748 calculado=1065.00 ateTotal=930.00
[2026-09-22T19:40:38.927Z] INCONSISTÊNCIA FINANCEIRA venda=10751 calculado=710.00 ateTotal=700.00
[2026-09-22T19:40:38.997Z] INCONSISTÊNCIA FINANCEIRA venda=10752 calculado=860.00 ateTotal=600.00
[2026-09-22T19:40:39.073Z] INCONSISTÊNCIA FINANCEIRA venda=10753 calculado=860.00 ateTotal=800.00
[2026-09-22T19:40:39.143Z] INCONSISTÊNCIA FINANCEIRA venda=10754 calculado=393.20 ateTotal=3420.00
[2026-09-22T19:40:39.210Z] INCONSISTÊNCIA FINANCEIRA venda=10755 calculado=740.00 ateTotal=550.00
[2026-09-22T19:40:39.275Z] INCONSISTÊNCIA FINANCEIRA venda=10756 calculado=880.00 ateTotal=750.00
[2026-09-22T19:40:39.346Z] INCONSISTÊNCIA FINANCEIRA venda=10757 calculado=876.00 ateTotal=870.00
[2026-09-22T19:40:39.414Z] INCONSISTÊNCIA FINANCEIRA venda=10758 calculado=880.00 ateTotal=450.00
[2026-09-22T19:40:39.480Z] INCONSISTÊNCIA FINANCEIRA venda=10759 calculado=341.70 ateTotal=1827.00
[2026-09-22T19:40:39.686Z] INCONSISTÊNCIA FINANCEIRA venda=10762 calculado=500.00 ateTotal=400.00
[2026-09-22T19:40:39.756Z] INCONSISTÊNCIA FINANCEIRA venda=10763 calculado=351.82 ateTotal=2000.00
[2026-09-22T19:40:39.894Z] INCONSISTÊNCIA FINANCEIRA venda=10765 calculado=700.00 ateTotal=600.00
[2026-09-22T19:40:39.961Z] INCONSISTÊNCIA FINANCEIRA venda=10766 calculado=1234.00 ateTotal=0.01
[2026-09-22T19:40:40.166Z] INCONSISTÊNCIA FINANCEIRA venda=10769 calculado=710.00 ateTotal=700.00
[2026-09-22T19:40:40.237Z] INCONSISTÊNCIA FINANCEIRA venda=10770 calculado=710.00 ateTotal=675.00
[2026-09-22T19:40:40.306Z] INCONSISTÊNCIA FINANCEIRA venda=10771 calculado=940.00 ateTotal=900.00
[2026-09-22T19:40:40.374Z] INCONSISTÊNCIA FINANCEIRA venda=10772 calculado=1050.00 ateTotal=900.00
[2026-09-22T19:40:40.511Z] INCONSISTÊNCIA FINANCEIRA venda=10775 calculado=400.00 ateTotal=300.00
[2026-09-22T19:40:40.577Z] INCONSISTÊNCIA FINANCEIRA venda=10776 calculado=724.88 ateTotal=3500.00
[2026-09-22T19:40:40.643Z] INCONSISTÊNCIA FINANCEIRA venda=10777 calculado=680.00 ateTotal=600.00
[2026-09-22T19:40:40.714Z] INCONSISTÊNCIA FINANCEIRA venda=10778 calculado=1450.00 ateTotal=218.00
[2026-09-22T19:40:40.714Z] INCONSISTÊNCIA NOS ITENS venda=10778 calculado=1450.00 itemTotalGeral=1800.00
[2026-09-22T19:40:40.860Z] INCONSISTÊNCIA FINANCEIRA venda=10780 calculado=830.00 ateTotal=680.00
[2026-09-22T19:40:40.928Z] INCONSISTÊNCIA FINANCEIRA venda=10781 calculado=700.00 ateTotal=500.00
[2026-09-22T19:40:41.155Z] INCONSISTÊNCIA FINANCEIRA venda=10784 calculado=860.00 ateTotal=660.00
[2026-09-22T19:40:41.227Z] INCONSISTÊNCIA FINANCEIRA venda=10785 calculado=860.00 ateTotal=253.00
[2026-09-22T19:40:41.298Z] INCONSISTÊNCIA FINANCEIRA venda=10786 calculado=740.00 ateTotal=700.00
[2026-09-22T19:40:41.371Z] INCONSISTÊNCIA FINANCEIRA venda=10787 calculado=780.00 ateTotal=600.00
[2026-09-22T19:40:41.443Z] INCONSISTÊNCIA FINANCEIRA venda=10788 calculado=810.00 ateTotal=720.00
[2026-09-22T19:40:41.580Z] INCONSISTÊNCIA FINANCEIRA venda=10790 calculado=710.00 ateTotal=550.00
[2026-09-22T19:40:41.719Z] INCONSISTÊNCIA FINANCEIRA venda=10792 calculado=940.00 ateTotal=900.00
[2026-09-22T19:40:41.789Z] INCONSISTÊNCIA FINANCEIRA venda=10793 calculado=950.00 ateTotal=840.00
[2026-09-22T19:40:41.928Z] INCONSISTÊNCIA FINANCEIRA venda=10795 calculado=950.00 ateTotal=840.00
[2026-09-22T19:40:41.996Z] INCONSISTÊNCIA FINANCEIRA venda=10796 calculado=1200.00 ateTotal=950.00
[2026-09-22T19:40:42.133Z] INCONSISTÊNCIA FINANCEIRA venda=10798 calculado=760.00 ateTotal=550.00
[2026-09-22T19:40:42.200Z] INCONSISTÊNCIA FINANCEIRA venda=10799 calculado=350.00 ateTotal=250.00
[2026-09-22T19:40:42.266Z] INCONSISTÊNCIA FINANCEIRA venda=10800 calculado=590.00 ateTotal=450.00
[2026-09-22T19:40:42.335Z] INCONSISTÊNCIA FINANCEIRA venda=10801 calculado=300.00 ateTotal=200.00
[2026-09-22T19:40:42.403Z] INCONSISTÊNCIA FINANCEIRA venda=10802 calculado=1410.00 ateTotal=1400.00
[2026-09-22T19:40:42.487Z] INCONSISTÊNCIA FINANCEIRA venda=10803 calculado=764.00 ateTotal=690.00
[2026-09-22T19:40:42.553Z] INCONSISTÊNCIA FINANCEIRA venda=10804 calculado=1234.00 ateTotal=1150.00
[2026-09-22T19:40:42.624Z] INCONSISTÊNCIA FINANCEIRA venda=10805 calculado=600.00 ateTotal=550.00
[2026-09-22T19:40:42.759Z] INCONSISTÊNCIA FINANCEIRA venda=10807 calculado=550.00 ateTotal=439.00
[2026-09-22T19:40:42.894Z] INCONSISTÊNCIA FINANCEIRA venda=10809 calculado=750.00 ateTotal=550.00
[2026-09-22T19:40:42.959Z] INCONSISTÊNCIA FINANCEIRA venda=10810 calculado=600.00 ateTotal=400.00
[2026-09-22T19:40:43.027Z] INCONSISTÊNCIA FINANCEIRA venda=10811 calculado=950.00 ateTotal=810.00
[2026-09-22T19:40:43.097Z] INCONSISTÊNCIA FINANCEIRA venda=10812 calculado=950.00 ateTotal=810.00
[2026-09-22T19:40:43.161Z] INCONSISTÊNCIA FINANCEIRA venda=10813 calculado=590.00 ateTotal=552.00
[2026-09-22T19:40:43.300Z] INCONSISTÊNCIA FINANCEIRA venda=10815 calculado=650.00 ateTotal=500.00
[2026-09-22T19:40:43.373Z] INCONSISTÊNCIA FINANCEIRA venda=10816 calculado=990.00 ateTotal=900.00
[2026-09-22T19:40:43.440Z] INCONSISTÊNCIA FINANCEIRA venda=10817 calculado=1090.00 ateTotal=810.00
[2026-09-22T19:40:43.509Z] INCONSISTÊNCIA FINANCEIRA venda=10818 calculado=660.00 ateTotal=450.00
[2026-09-22T19:40:43.578Z] INCONSISTÊNCIA FINANCEIRA venda=10819 calculado=450.00 ateTotal=400.00
[2026-09-22T19:40:43.648Z] INCONSISTÊNCIA FINANCEIRA venda=10820 calculado=990.00 ateTotal=900.00
[2026-09-22T19:40:43.718Z] INCONSISTÊNCIA FINANCEIRA venda=10821 calculado=300.00 ateTotal=220.00
[2026-09-22T19:40:43.784Z] INCONSISTÊNCIA FINANCEIRA venda=10822 calculado=650.00 ateTotal=0.01
[2026-09-22T19:40:43.851Z] INCONSISTÊNCIA FINANCEIRA venda=10823 calculado=1350.00 ateTotal=1256.00
[2026-09-22T19:40:43.923Z] INCONSISTÊNCIA FINANCEIRA venda=10824 calculado=300.00 ateTotal=280.00
[2026-09-22T19:40:43.993Z] INCONSISTÊNCIA FINANCEIRA venda=10825 calculado=640.00 ateTotal=500.00
[2026-09-22T19:40:44.061Z] INCONSISTÊNCIA FINANCEIRA venda=10826 calculado=450.00 ateTotal=400.00
[2026-09-22T19:40:44.270Z] INCONSISTÊNCIA FINANCEIRA venda=10830 calculado=840.00 ateTotal=750.00
[2026-09-22T19:40:44.345Z] INCONSISTÊNCIA FINANCEIRA venda=10831 calculado=520.00 ateTotal=0.01
[2026-09-22T19:40:44.480Z] INCONSISTÊNCIA FINANCEIRA venda=10833 calculado=720.00 ateTotal=650.00
[2026-09-22T19:40:44.548Z] INCONSISTÊNCIA FINANCEIRA venda=10834 calculado=300.00 ateTotal=200.00
[2026-09-22T19:40:44.617Z] INCONSISTÊNCIA FINANCEIRA venda=10835 calculado=700.00 ateTotal=600.00
[2026-09-22T19:40:44.685Z] INCONSISTÊNCIA FINANCEIRA venda=10836 calculado=1290.00 ateTotal=1080.00
[2026-09-22T19:40:44.753Z] INCONSISTÊNCIA FINANCEIRA venda=10837 calculado=320.00 ateTotal=270.00
[2026-09-22T19:40:44.823Z] INCONSISTÊNCIA FINANCEIRA venda=10838 calculado=300.00 ateTotal=200.00
[2026-09-22T19:40:44.957Z] INCONSISTÊNCIA FINANCEIRA venda=10840 calculado=660.00 ateTotal=300.00
[2026-09-22T19:40:45.026Z] INCONSISTÊNCIA FINANCEIRA venda=10841 calculado=820.00 ateTotal=500.00
[2026-09-22T19:40:45.094Z] INCONSISTÊNCIA FINANCEIRA venda=10842 calculado=510.00 ateTotal=250.00
[2026-09-22T19:40:45.164Z] INCONSISTÊNCIA FINANCEIRA venda=10843 calculado=1220.00 ateTotal=950.00
[2026-09-22T19:40:45.230Z] INCONSISTÊNCIA FINANCEIRA venda=10844 calculado=300.00 ateTotal=150.00
[2026-09-22T19:40:45.300Z] INCONSISTÊNCIA FINANCEIRA venda=10845 calculado=760.00 ateTotal=660.00
[2026-09-22T19:40:45.368Z] INCONSISTÊNCIA FINANCEIRA venda=10846 calculado=331.70 ateTotal=1800.00
[2026-09-22T19:40:45.437Z] INCONSISTÊNCIA FINANCEIRA venda=10847 calculado=660.00 ateTotal=500.00
[2026-09-22T19:40:45.506Z] INCONSISTÊNCIA FINANCEIRA venda=10848 calculado=1210.00 ateTotal=1200.00
[2026-09-22T19:40:45.591Z] INCONSISTÊNCIA FINANCEIRA venda=10849 calculado=890.00 ateTotal=800.00
[2026-09-22T19:40:45.659Z] INCONSISTÊNCIA FINANCEIRA venda=10850 calculado=550.00 ateTotal=480.00
[2026-09-22T19:40:45.820Z] INCONSISTÊNCIA FINANCEIRA venda=10852 calculado=720.00 ateTotal=600.00
[2026-09-22T19:40:45.888Z] INCONSISTÊNCIA FINANCEIRA venda=10853 calculado=1510.00 ateTotal=1000.00
[2026-09-22T19:40:45.960Z] INCONSISTÊNCIA FINANCEIRA venda=10854 calculado=450.00 ateTotal=390.00
[2026-09-22T19:40:46.031Z] INCONSISTÊNCIA FINANCEIRA venda=10855 calculado=381.80 ateTotal=2000.00
[2026-09-22T19:40:46.167Z] INCONSISTÊNCIA FINANCEIRA venda=10857 calculado=391.10 ateTotal=1470.00
[2026-09-22T19:40:46.258Z] INCONSISTÊNCIA FINANCEIRA venda=10858 calculado=1360.00 ateTotal=1310.00
[2026-09-22T19:40:46.329Z] INCONSISTÊNCIA FINANCEIRA venda=10859 calculado=520.00 ateTotal=400.00
[2026-09-22T19:40:46.401Z] INCONSISTÊNCIA FINANCEIRA venda=10860 calculado=860.00 ateTotal=800.00
[2026-09-22T19:40:46.473Z] INCONSISTÊNCIA FINANCEIRA venda=10861 calculado=1015.00 ateTotal=900.00
[2026-09-22T19:40:46.545Z] INCONSISTÊNCIA FINANCEIRA venda=10862 calculado=360.00 ateTotal=200.00
[2026-09-22T19:40:46.617Z] INCONSISTÊNCIA FINANCEIRA venda=10863 calculado=300.00 ateTotal=250.00
[2026-09-22T19:40:46.687Z] INCONSISTÊNCIA FINANCEIRA venda=10864 calculado=690.00 ateTotal=500.00
[2026-09-22T19:40:46.760Z] INCONSISTÊNCIA FINANCEIRA venda=10865 calculado=830.00 ateTotal=720.00
[2026-09-22T19:40:46.828Z] INCONSISTÊNCIA FINANCEIRA venda=10866 calculado=620.00 ateTotal=200.00
[2026-09-22T19:40:46.893Z] INCONSISTÊNCIA FINANCEIRA venda=10867 calculado=1232.00 ateTotal=1200.00
[2026-09-22T19:40:46.960Z] INCONSISTÊNCIA FINANCEIRA venda=10868 calculado=500.00 ateTotal=400.00
[2026-09-22T19:40:47.028Z] INCONSISTÊNCIA FINANCEIRA venda=10869 calculado=1000.00 ateTotal=840.00
[2026-09-22T19:40:47.097Z] INCONSISTÊNCIA FINANCEIRA venda=10870 calculado=700.00 ateTotal=675.00
[2026-09-22T19:40:47.166Z] INCONSISTÊNCIA FINANCEIRA venda=10871 calculado=1310.00 ateTotal=1140.00
[2026-09-22T19:40:47.235Z] INCONSISTÊNCIA FINANCEIRA venda=10872 calculado=950.00 ateTotal=800.00
[2026-09-22T19:40:47.305Z] INCONSISTÊNCIA FINANCEIRA venda=10873 calculado=1214.00 ateTotal=1154.00
[2026-09-22T19:40:47.374Z] INCONSISTÊNCIA FINANCEIRA venda=10874 calculado=800.00 ateTotal=780.00
[2026-09-22T19:40:47.526Z] INCONSISTÊNCIA FINANCEIRA venda=10876 calculado=720.00 ateTotal=660.00
[2026-09-22T19:40:47.596Z] INCONSISTÊNCIA FINANCEIRA venda=10877 calculado=850.01 ateTotal=700.00
[2026-09-22T19:40:47.667Z] INCONSISTÊNCIA FINANCEIRA venda=10878 calculado=1035.00 ateTotal=950.00
[2026-09-22T19:40:47.733Z] INCONSISTÊNCIA FINANCEIRA venda=10879 calculado=1040.00 ateTotal=900.00
[2026-09-22T19:40:47.802Z] INCONSISTÊNCIA FINANCEIRA venda=10880 calculado=791.41 ateTotal=2000.00
[2026-09-22T19:40:47.867Z] INCONSISTÊNCIA FINANCEIRA venda=10881 calculado=854.00 ateTotal=800.00
[2026-09-22T19:40:47.952Z] INCONSISTÊNCIA FINANCEIRA venda=10882 calculado=950.00 ateTotal=750.00
[2026-09-22T19:40:48.020Z] INCONSISTÊNCIA FINANCEIRA venda=10883 calculado=360.00 ateTotal=200.00
[2026-09-22T19:40:48.161Z] INCONSISTÊNCIA FINANCEIRA venda=10885 calculado=360.00 ateTotal=350.00
[2026-09-22T19:40:48.231Z] INCONSISTÊNCIA FINANCEIRA venda=10886 calculado=1214.00 ateTotal=950.00
[2026-09-22T19:40:48.436Z] INCONSISTÊNCIA FINANCEIRA venda=10889 calculado=640.00 ateTotal=500.00
[2026-09-22T19:40:48.503Z] INCONSISTÊNCIA FINANCEIRA venda=10890 calculado=650.00 ateTotal=600.00
[2026-09-22T19:40:48.569Z] INCONSISTÊNCIA FINANCEIRA venda=10891 calculado=720.00 ateTotal=500.00
[2026-09-22T19:40:48.651Z] INCONSISTÊNCIA FINANCEIRA venda=10892 calculado=391.00 ateTotal=950.00
[2026-09-22T19:40:48.721Z] INCONSISTÊNCIA FINANCEIRA venda=10893 calculado=260.00 ateTotal=220.00
[2026-09-22T19:40:48.790Z] INCONSISTÊNCIA FINANCEIRA venda=10894 calculado=550.00 ateTotal=320.00
[2026-09-22T19:40:48.925Z] INCONSISTÊNCIA FINANCEIRA venda=10896 calculado=500.00 ateTotal=480.00
[2026-09-22T19:40:48.995Z] INCONSISTÊNCIA FINANCEIRA venda=10897 calculado=350.00 ateTotal=260.00
[2026-09-22T19:40:49.065Z] INCONSISTÊNCIA FINANCEIRA venda=10898 calculado=550.00 ateTotal=330.00
[2026-09-22T19:40:49.132Z] INCONSISTÊNCIA FINANCEIRA venda=10899 calculado=61.41 ateTotal=1300.00
[2026-09-22T19:40:49.199Z] INCONSISTÊNCIA FINANCEIRA venda=10900 calculado=341.27 ateTotal=1610.00
[2026-09-22T19:40:49.337Z] INCONSISTÊNCIA FINANCEIRA venda=10902 calculado=351.00 ateTotal=1200.00
[2026-09-22T19:40:49.404Z] INCONSISTÊNCIA FINANCEIRA venda=10903 calculado=970.00 ateTotal=700.00
[2026-09-22T19:40:49.473Z] INCONSISTÊNCIA FINANCEIRA venda=10904 calculado=300.00 ateTotal=180.00
[2026-09-22T19:40:49.544Z] INCONSISTÊNCIA FINANCEIRA venda=10905 calculado=980.00 ateTotal=700.00
[2026-09-22T19:40:49.611Z] INCONSISTÊNCIA FINANCEIRA venda=10906 calculado=260.00 ateTotal=250.00
[2026-09-22T19:40:49.678Z] INCONSISTÊNCIA FINANCEIRA venda=10907 calculado=1010.00 ateTotal=990.00
[2026-09-22T19:40:49.817Z] INCONSISTÊNCIA FINANCEIRA venda=10909 calculado=404.10 ateTotal=1930.00
[2026-09-22T19:40:49.887Z] INCONSISTÊNCIA FINANCEIRA venda=10910 calculado=1176.00 ateTotal=1000.00
[2026-09-22T19:40:49.952Z] INCONSISTÊNCIA FINANCEIRA venda=10911 calculado=750.00 ateTotal=725.00
[2026-09-22T19:40:50.147Z] INCONSISTÊNCIA FINANCEIRA venda=10913 calculado=860.00 ateTotal=600.00
[2026-09-22T19:40:50.277Z] INCONSISTÊNCIA FINANCEIRA venda=10915 calculado=860.00 ateTotal=600.00
[2026-09-22T19:40:50.345Z] INCONSISTÊNCIA FINANCEIRA venda=10916 calculado=1.51 ateTotal=1350.00
[2026-09-22T19:40:50.481Z] INCONSISTÊNCIA FINANCEIRA venda=10918 calculado=3.80 ateTotal=2700.00
[2026-09-22T19:40:50.614Z] INCONSISTÊNCIA FINANCEIRA venda=10921 calculado=200.00 ateTotal=80.00
[2026-09-22T19:40:50.679Z] INCONSISTÊNCIA FINANCEIRA venda=10922 calculado=1194.00 ateTotal=1050.00
[2026-09-22T19:40:50.775Z] INCONSISTÊNCIA FINANCEIRA venda=10923 calculado=720.00 ateTotal=360.00
[2026-09-22T19:40:50.913Z] INCONSISTÊNCIA FINANCEIRA venda=10925 calculado=840.00 ateTotal=700.00
[2026-09-22T19:40:50.991Z] INCONSISTÊNCIA FINANCEIRA venda=10926 calculado=820.00 ateTotal=750.00
[2026-09-22T19:40:51.132Z] INCONSISTÊNCIA FINANCEIRA venda=10928 calculado=970.00 ateTotal=960.00
[2026-09-22T19:40:51.199Z] INCONSISTÊNCIA FINANCEIRA venda=10929 calculado=890.00 ateTotal=800.00
[2026-09-22T19:40:51.278Z] INCONSISTÊNCIA FINANCEIRA venda=10930 calculado=1040.00 ateTotal=0.01
[2026-09-22T19:40:51.345Z] INCONSISTÊNCIA FINANCEIRA venda=10931 calculado=1210.00 ateTotal=900.00
[2026-09-22T19:40:51.413Z] INCONSISTÊNCIA FINANCEIRA venda=10932 calculado=341.86 ateTotal=1630.00
[2026-09-22T19:40:51.480Z] INCONSISTÊNCIA FINANCEIRA venda=10933 calculado=350.00 ateTotal=200.00
[2026-09-22T19:40:51.550Z] INCONSISTÊNCIA FINANCEIRA venda=10935 calculado=941.27 ateTotal=2190.00
[2026-09-22T19:40:51.616Z] INCONSISTÊNCIA FINANCEIRA venda=10936 calculado=1240.00 ateTotal=1110.00
[2026-09-22T19:40:51.754Z] INCONSISTÊNCIA FINANCEIRA venda=10938 calculado=450.00 ateTotal=300.00
[2026-09-22T19:40:51.886Z] INCONSISTÊNCIA FINANCEIRA venda=10940 calculado=300.00 ateTotal=250.00
[2026-09-22T19:40:51.951Z] INCONSISTÊNCIA FINANCEIRA venda=10941 calculado=341.51 ateTotal=1200.00
[2026-09-22T19:40:52.016Z] INCONSISTÊNCIA FINANCEIRA venda=10942 calculado=920.02 ateTotal=300.00
[2026-09-22T19:40:52.089Z] INCONSISTÊNCIA FINANCEIRA venda=10943 calculado=2076.00 ateTotal=1590.00
[2026-09-22T19:40:52.224Z] INCONSISTÊNCIA FINANCEIRA venda=10945 calculado=377.28 ateTotal=1300.00
[2026-09-22T19:40:52.496Z] INCONSISTÊNCIA FINANCEIRA venda=10949 calculado=1025.00 ateTotal=800.00
[2026-09-22T19:40:52.564Z] INCONSISTÊNCIA FINANCEIRA venda=10950 calculado=660.00 ateTotal=300.00
[2026-09-22T19:40:52.632Z] INCONSISTÊNCIA FINANCEIRA venda=10951 calculado=1590.00 ateTotal=950.00
[2026-09-22T19:40:52.699Z] INCONSISTÊNCIA FINANCEIRA venda=10952 calculado=740.00 ateTotal=540.00
[2026-09-22T19:40:52.829Z] INCONSISTÊNCIA FINANCEIRA venda=10954 calculado=1060.00 ateTotal=950.00
[2026-09-22T19:40:52.899Z] INCONSISTÊNCIA FINANCEIRA venda=10955 calculado=722.00 ateTotal=550.00
[2026-09-22T19:40:52.967Z] INCONSISTÊNCIA FINANCEIRA venda=10956 calculado=1460.00 ateTotal=1400.00
[2026-09-22T19:40:53.033Z] INCONSISTÊNCIA FINANCEIRA venda=10957 calculado=1050.00 ateTotal=800.00
[2026-09-22T19:40:53.099Z] INCONSISTÊNCIA FINANCEIRA venda=10960 calculado=341.50 ateTotal=1350.00
[2026-09-22T19:40:53.166Z] INCONSISTÊNCIA FINANCEIRA venda=10962 calculado=900.00 ateTotal=500.00
[2026-09-22T19:40:53.237Z] INCONSISTÊNCIA FINANCEIRA venda=10963 calculado=983.50 ateTotal=1660.00
[2026-09-22T19:40:53.306Z] INCONSISTÊNCIA FINANCEIRA venda=10964 calculado=750.00 ateTotal=600.00
[2026-09-22T19:40:53.372Z] INCONSISTÊNCIA FINANCEIRA venda=10965 calculado=860.00 ateTotal=700.00
[2026-09-22T19:40:53.511Z] INCONSISTÊNCIA FINANCEIRA venda=10967 calculado=700.00 ateTotal=680.00
[2026-09-22T19:40:53.578Z] INCONSISTÊNCIA FINANCEIRA venda=10969 calculado=321.50 ateTotal=1215.00
[2026-09-22T19:40:53.646Z] INCONSISTÊNCIA FINANCEIRA venda=10970 calculado=680.00 ateTotal=500.00
[2026-09-22T19:40:53.716Z] INCONSISTÊNCIA FINANCEIRA venda=10971 calculado=680.00 ateTotal=660.00
[2026-09-22T19:40:53.786Z] INCONSISTÊNCIA FINANCEIRA venda=10972 calculado=350.00 ateTotal=135.00
[2026-09-22T19:40:53.854Z] INCONSISTÊNCIA FINANCEIRA venda=10973 calculado=703.00 ateTotal=2000.00
[2026-09-22T19:40:53.922Z] INCONSISTÊNCIA FINANCEIRA venda=10974 calculado=341.50 ateTotal=680.00
[2026-09-22T19:40:53.988Z] INCONSISTÊNCIA FINANCEIRA venda=10975 calculado=1580.00 ateTotal=1575.00
[2026-09-22T19:40:54.056Z] INCONSISTÊNCIA FINANCEIRA venda=10976 calculado=860.01 ateTotal=300.00
[2026-09-22T19:40:54.137Z] INCONSISTÊNCIA FINANCEIRA venda=10977 calculado=1270.00 ateTotal=1260.00
[2026-09-22T19:40:54.207Z] INCONSISTÊNCIA FINANCEIRA venda=10978 calculado=390.00 ateTotal=280.00
[2026-09-22T19:40:54.278Z] INCONSISTÊNCIA FINANCEIRA venda=10979 calculado=250.00 ateTotal=120.00
[2026-09-22T19:40:54.347Z] INCONSISTÊNCIA FINANCEIRA venda=10980 calculado=650.00 ateTotal=450.00
[2026-09-22T19:40:54.419Z] INCONSISTÊNCIA FINANCEIRA venda=10981 calculado=1665.00 ateTotal=1400.00
[2026-09-22T19:40:54.489Z] INCONSISTÊNCIA FINANCEIRA venda=10983 calculado=1842.00 ateTotal=1500.00
[2026-09-22T19:40:54.556Z] INCONSISTÊNCIA FINANCEIRA venda=10984 calculado=341.20 ateTotal=1380.00
[2026-09-22T19:40:54.626Z] INCONSISTÊNCIA FINANCEIRA venda=10985 calculado=1470.00 ateTotal=1280.00
[2026-09-22T19:40:54.693Z] INCONSISTÊNCIA FINANCEIRA venda=10986 calculado=780.00 ateTotal=600.00
[2026-09-22T19:40:54.759Z] INCONSISTÊNCIA FINANCEIRA venda=10987 calculado=381.28 ateTotal=1260.00
[2026-09-22T19:40:54.827Z] INCONSISTÊNCIA FINANCEIRA venda=10988 calculado=770.00 ateTotal=750.00
[2026-09-22T19:40:54.905Z] INCONSISTÊNCIA FINANCEIRA venda=10989 calculado=690.00 ateTotal=550.00
[2026-09-22T19:40:54.974Z] INCONSISTÊNCIA FINANCEIRA venda=10990 calculado=1160.00 ateTotal=1120.00
[2026-09-22T19:40:55.038Z] INCONSISTÊNCIA FINANCEIRA venda=10991 calculado=700.00 ateTotal=600.00
[2026-09-22T19:40:55.106Z] INCONSISTÊNCIA FINANCEIRA venda=10992 calculado=730.00 ateTotal=700.00
[2026-09-22T19:40:55.179Z] INCONSISTÊNCIA FINANCEIRA venda=10993 calculado=1460.00 ateTotal=970.00
[2026-09-22T19:40:55.245Z] INCONSISTÊNCIA FINANCEIRA venda=10994 calculado=650.00 ateTotal=600.00
[2026-09-22T19:40:55.314Z] INCONSISTÊNCIA FINANCEIRA venda=10995 calculado=350.01 ateTotal=240.00
[2026-09-22T19:40:55.383Z] INCONSISTÊNCIA FINANCEIRA venda=10996 calculado=640.01 ateTotal=550.00
[2026-09-22T19:40:55.453Z] INCONSISTÊNCIA FINANCEIRA venda=10997 calculado=382.60 ateTotal=2350.00
[2026-09-22T19:40:55.520Z] INCONSISTÊNCIA FINANCEIRA venda=10998 calculado=352.10 ateTotal=1940.00
[2026-09-22T19:40:55.594Z] INCONSISTÊNCIA FINANCEIRA venda=10999 calculado=1090.00 ateTotal=1020.00
[2026-09-22T19:40:55.726Z] INCONSISTÊNCIA FINANCEIRA venda=11001 calculado=720.00 ateTotal=520.00
[2026-09-22T19:40:55.793Z] INCONSISTÊNCIA FINANCEIRA venda=11002 calculado=-1498.49 ateTotal=0.01
[2026-09-22T19:40:55.793Z] INCONSISTÊNCIA NOS ITENS venda=11002 calculado=-1498.49 itemTotalGeral=0.01
[2026-09-22T19:40:55.868Z] INCONSISTÊNCIA FINANCEIRA venda=11003 calculado=360.00 ateTotal=180.00
[2026-09-22T19:40:55.938Z] INCONSISTÊNCIA FINANCEIRA venda=11004 calculado=341.30 ateTotal=1450.00
[2026-09-22T19:40:56.010Z] INCONSISTÊNCIA FINANCEIRA venda=11005 calculado=850.00 ateTotal=750.00
[2026-09-22T19:40:56.075Z] INCONSISTÊNCIA FINANCEIRA venda=11006 calculado=1680.00 ateTotal=1200.00
[2026-09-22T19:40:56.145Z] INCONSISTÊNCIA FINANCEIRA venda=11007 calculado=1290.00 ateTotal=1280.00
[2026-09-22T19:40:56.215Z] INCONSISTÊNCIA FINANCEIRA venda=11008 calculado=600.00 ateTotal=500.00
[2026-09-22T19:40:56.301Z] INCONSISTÊNCIA FINANCEIRA venda=11009 calculado=660.00 ateTotal=430.00
[2026-09-22T19:40:56.368Z] INCONSISTÊNCIA FINANCEIRA venda=11010 calculado=1.20 ateTotal=1000.00
[2026-09-22T19:40:56.514Z] INCONSISTÊNCIA FINANCEIRA venda=11012 calculado=764.00 ateTotal=700.00
[2026-09-22T19:40:56.582Z] INCONSISTÊNCIA FINANCEIRA venda=11013 calculado=350.00 ateTotal=250.00
[2026-09-22T19:40:56.655Z] INCONSISTÊNCIA FINANCEIRA venda=11014 calculado=990.00 ateTotal=950.00
[2026-09-22T19:40:56.801Z] INCONSISTÊNCIA FINANCEIRA venda=11016 calculado=381.55 ateTotal=1900.00
[2026-09-22T19:40:56.874Z] INCONSISTÊNCIA FINANCEIRA venda=11017 calculado=550.00 ateTotal=425.00
[2026-09-22T19:40:56.946Z] INCONSISTÊNCIA FINANCEIRA venda=11018 calculado=680.00 ateTotal=240.00
[2026-09-22T19:40:57.015Z] INCONSISTÊNCIA FINANCEIRA venda=11019 calculado=1226.00 ateTotal=1110.00
[2026-09-22T19:40:57.081Z] INCONSISTÊNCIA FINANCEIRA venda=11020 calculado=350.00 ateTotal=280.00
[2026-09-22T19:40:57.153Z] INCONSISTÊNCIA FINANCEIRA venda=11021 calculado=360.00 ateTotal=220.00
[2026-09-22T19:40:57.223Z] INCONSISTÊNCIA FINANCEIRA venda=11022 calculado=1282.00 ateTotal=1200.00
[2026-09-22T19:40:57.292Z] INCONSISTÊNCIA FINANCEIRA venda=11024 calculado=320.00 ateTotal=290.00
[2026-09-22T19:40:57.358Z] INCONSISTÊNCIA FINANCEIRA venda=11025 calculado=920.00 ateTotal=750.00
[2026-09-22T19:40:57.428Z] INCONSISTÊNCIA FINANCEIRA venda=11026 calculado=770.00 ateTotal=400.00
[2026-09-22T19:40:57.497Z] INCONSISTÊNCIA FINANCEIRA venda=11027 calculado=500.00 ateTotal=370.00
[2026-09-22T19:40:57.563Z] INCONSISTÊNCIA FINANCEIRA venda=11028 calculado=650.00 ateTotal=430.00
[2026-09-22T19:40:57.636Z] INCONSISTÊNCIA FINANCEIRA venda=11029 calculado=650.00 ateTotal=400.00
[2026-09-22T19:40:57.705Z] INCONSISTÊNCIA FINANCEIRA venda=11030 calculado=420.00 ateTotal=250.00
[2026-09-22T19:40:57.776Z] INCONSISTÊNCIA FINANCEIRA venda=11031 calculado=250.01 ateTotal=180.00
[2026-09-22T19:40:57.844Z] INCONSISTÊNCIA FINANCEIRA venda=11032 calculado=1190.00 ateTotal=980.00
[2026-09-22T19:40:57.914Z] INCONSISTÊNCIA FINANCEIRA venda=11033 calculado=500.00 ateTotal=350.00
[2026-09-22T19:40:57.983Z] INCONSISTÊNCIA FINANCEIRA venda=11034 calculado=350.00 ateTotal=200.00
[2026-09-22T19:40:58.049Z] INCONSISTÊNCIA FINANCEIRA venda=11035 calculado=960.00 ateTotal=600.00
[2026-09-22T19:40:58.119Z] INCONSISTÊNCIA FINANCEIRA venda=11036 calculado=730.00 ateTotal=500.00
[2026-09-22T19:40:58.192Z] INCONSISTÊNCIA FINANCEIRA venda=11037 calculado=1302.00 ateTotal=1244.00
[2026-09-22T19:40:58.261Z] INCONSISTÊNCIA FINANCEIRA venda=11038 calculado=2270.00 ateTotal=2184.00
[2026-09-22T19:40:58.326Z] INCONSISTÊNCIA FINANCEIRA venda=11039 calculado=780.00 ateTotal=400.00
[2026-09-22T19:40:58.393Z] INCONSISTÊNCIA FINANCEIRA venda=11040 calculado=1020.00 ateTotal=400.00
[2026-09-22T19:40:58.462Z] INCONSISTÊNCIA FINANCEIRA venda=11041 calculado=520.00 ateTotal=395.00
[2026-09-22T19:40:58.531Z] INCONSISTÊNCIA FINANCEIRA venda=11042 calculado=2134.40 ateTotal=2400.00
[2026-09-22T19:40:58.600Z] INCONSISTÊNCIA FINANCEIRA venda=11043 calculado=400.00 ateTotal=390.00
[2026-09-22T19:40:58.669Z] INCONSISTÊNCIA FINANCEIRA venda=11044 calculado=630.00 ateTotal=300.00
[2026-09-22T19:40:58.739Z] INCONSISTÊNCIA FINANCEIRA venda=11046 calculado=400.00 ateTotal=250.00
[2026-09-22T19:40:58.808Z] INCONSISTÊNCIA FINANCEIRA venda=11047 calculado=560.00 ateTotal=270.00
[2026-09-22T19:40:58.874Z] INCONSISTÊNCIA FINANCEIRA venda=11048 calculado=1060.00 ateTotal=645.00
[2026-09-22T19:40:58.941Z] INCONSISTÊNCIA FINANCEIRA venda=11049 calculado=500.00 ateTotal=300.00
[2026-09-22T19:40:59.009Z] INCONSISTÊNCIA FINANCEIRA venda=11051 calculado=660.00 ateTotal=400.00
[2026-09-22T19:40:59.079Z] INCONSISTÊNCIA FINANCEIRA venda=11052 calculado=350.00 ateTotal=300.00
[2026-09-22T19:40:59.147Z] INCONSISTÊNCIA FINANCEIRA venda=11053 calculado=381.14 ateTotal=1500.00
[2026-09-22T19:40:59.215Z] INCONSISTÊNCIA FINANCEIRA venda=11054 calculado=880.00 ateTotal=750.00
[2026-09-22T19:40:59.286Z] INCONSISTÊNCIA FINANCEIRA venda=11055 calculado=830.00 ateTotal=800.00
[2026-09-22T19:40:59.356Z] INCONSISTÊNCIA FINANCEIRA venda=11056 calculado=373.50 ateTotal=1500.00
[2026-09-22T19:40:59.426Z] INCONSISTÊNCIA FINANCEIRA venda=11057 calculado=700.00 ateTotal=500.00
[2026-09-22T19:40:59.495Z] INCONSISTÊNCIA FINANCEIRA venda=11058 calculado=350.00 ateTotal=220.00
[2026-09-22T19:40:59.561Z] INCONSISTÊNCIA FINANCEIRA venda=11059 calculado=341.56 ateTotal=1400.00
[2026-09-22T19:40:59.632Z] INCONSISTÊNCIA FINANCEIRA venda=11060 calculado=500.00 ateTotal=380.00
[2026-09-22T19:40:59.700Z] INCONSISTÊNCIA FINANCEIRA venda=11061 calculado=1364.73 ateTotal=1170.00
[2026-09-22T19:40:59.774Z] INCONSISTÊNCIA FINANCEIRA venda=11062 calculado=972.00 ateTotal=700.00
[2026-09-22T19:40:59.844Z] INCONSISTÊNCIA FINANCEIRA venda=11063 calculado=720.00 ateTotal=600.00
[2026-09-22T19:40:59.931Z] INCONSISTÊNCIA FINANCEIRA venda=11064 calculado=740.00 ateTotal=380.00
[2026-09-22T19:41:00.001Z] INCONSISTÊNCIA FINANCEIRA venda=11065 calculado=300.00 ateTotal=200.00
[2026-09-22T19:41:00.072Z] INCONSISTÊNCIA FINANCEIRA venda=11066 calculado=500.00 ateTotal=350.00
[2026-09-22T19:41:00.145Z] INCONSISTÊNCIA FINANCEIRA venda=11067 calculado=300.01 ateTotal=250.00
[2026-09-22T19:41:00.213Z] INCONSISTÊNCIA FINANCEIRA venda=11068 calculado=1120.00 ateTotal=800.00
[2026-09-22T19:41:00.280Z] INCONSISTÊNCIA FINANCEIRA venda=11069 calculado=640.00 ateTotal=600.00
[2026-09-22T19:41:00.349Z] INCONSISTÊNCIA FINANCEIRA venda=11070 calculado=710.00 ateTotal=500.00
[2026-09-22T19:41:00.415Z] INCONSISTÊNCIA FINANCEIRA venda=11071 calculado=874.00 ateTotal=2130.00
[2026-09-22T19:41:00.486Z] INCONSISTÊNCIA FINANCEIRA venda=11072 calculado=740.00 ateTotal=500.00
[2026-09-22T19:41:00.555Z] INCONSISTÊNCIA FINANCEIRA venda=11073 calculado=1050.00 ateTotal=950.00
[2026-09-22T19:41:00.651Z] INCONSISTÊNCIA FINANCEIRA venda=11075 calculado=820.00 ateTotal=570.00
[2026-09-22T19:41:00.725Z] INCONSISTÊNCIA FINANCEIRA venda=11076 calculado=260.00 ateTotal=120.00
[2026-09-22T19:41:00.871Z] INCONSISTÊNCIA FINANCEIRA venda=11078 calculado=378.20 ateTotal=2350.00
[2026-09-22T19:41:00.939Z] INCONSISTÊNCIA FINANCEIRA venda=11079 calculado=560.00 ateTotal=350.00
[2026-09-22T19:41:01.033Z] INCONSISTÊNCIA FINANCEIRA venda=11080 calculado=381.66 ateTotal=1800.00
[2026-09-22T19:41:01.102Z] INCONSISTÊNCIA FINANCEIRA venda=11081 calculado=560.00 ateTotal=300.00
[2026-09-22T19:41:01.172Z] INCONSISTÊNCIA FINANCEIRA venda=11082 calculado=650.00 ateTotal=570.00
[2026-09-22T19:41:01.243Z] INCONSISTÊNCIA FINANCEIRA venda=11083 calculado=351.41 ateTotal=1620.00
[2026-09-22T19:41:01.310Z] INCONSISTÊNCIA FINANCEIRA venda=11084 calculado=1330.00 ateTotal=1100.00
[2026-09-22T19:41:01.391Z] INCONSISTÊNCIA FINANCEIRA venda=11085 calculado=300.00 ateTotal=250.00
[2026-09-22T19:41:01.462Z] INCONSISTÊNCIA FINANCEIRA venda=11086 calculado=1.80 ateTotal=1650.00
[2026-09-22T19:41:01.538Z] INCONSISTÊNCIA FINANCEIRA venda=11087 calculado=1140.00 ateTotal=950.00
[2026-09-22T19:41:01.612Z] INCONSISTÊNCIA FINANCEIRA venda=11088 calculado=361.42 ateTotal=1520.00
[2026-09-22T19:41:01.685Z] INCONSISTÊNCIA FINANCEIRA venda=11089 calculado=720.01 ateTotal=400.00
[2026-09-22T19:41:01.753Z] INCONSISTÊNCIA FINANCEIRA venda=11090 calculado=560.00 ateTotal=400.00
[2026-09-22T19:41:01.822Z] INCONSISTÊNCIA FINANCEIRA venda=11091 calculado=500.00 ateTotal=450.00
[2026-09-22T19:41:01.890Z] INCONSISTÊNCIA FINANCEIRA venda=11092 calculado=300.00 ateTotal=250.00
[2026-09-22T19:41:02.033Z] INCONSISTÊNCIA FINANCEIRA venda=11094 calculado=670.00 ateTotal=400.00
[2026-09-22T19:41:02.104Z] INCONSISTÊNCIA FINANCEIRA venda=11095 calculado=760.00 ateTotal=500.00
[2026-09-22T19:41:02.174Z] INCONSISTÊNCIA FINANCEIRA venda=11096 calculado=1172.00 ateTotal=1100.00
[2026-09-22T19:41:02.243Z] INCONSISTÊNCIA FINANCEIRA venda=11097 calculado=400.00 ateTotal=280.00
[2026-09-22T19:41:02.311Z] INCONSISTÊNCIA FINANCEIRA venda=11098 calculado=980.00 ateTotal=600.00
[2026-09-22T19:41:02.379Z] INCONSISTÊNCIA FINANCEIRA venda=11099 calculado=360.00 ateTotal=80.00
[2026-09-22T19:41:02.444Z] INCONSISTÊNCIA FINANCEIRA venda=11100 calculado=1110.00 ateTotal=850.00
[2026-09-22T19:41:02.509Z] INCONSISTÊNCIA FINANCEIRA venda=11101 calculado=960.00 ateTotal=700.00
[2026-09-22T19:41:02.580Z] INCONSISTÊNCIA FINANCEIRA venda=11102 calculado=270.00 ateTotal=100.00
[2026-09-22T19:41:02.648Z] INCONSISTÊNCIA FINANCEIRA venda=11103 calculado=690.00 ateTotal=600.00
[2026-09-22T19:41:02.718Z] INCONSISTÊNCIA FINANCEIRA venda=11104 calculado=620.00 ateTotal=400.00
[2026-09-22T19:41:02.788Z] INCONSISTÊNCIA FINANCEIRA venda=11105 calculado=320.00 ateTotal=250.00
[2026-09-22T19:41:02.858Z] INCONSISTÊNCIA FINANCEIRA venda=11106 calculado=350.00 ateTotal=100.00
[2026-09-22T19:41:02.929Z] INCONSISTÊNCIA FINANCEIRA venda=11107 calculado=700.00 ateTotal=400.00
[2026-09-22T19:41:02.996Z] INCONSISTÊNCIA FINANCEIRA venda=11108 calculado=1060.10 ateTotal=750.00
[2026-09-22T19:41:03.066Z] INCONSISTÊNCIA FINANCEIRA venda=11109 calculado=350.00 ateTotal=300.00
[2026-09-22T19:41:03.137Z] INCONSISTÊNCIA FINANCEIRA venda=11110 calculado=1070.00 ateTotal=1000.00
[2026-09-22T19:41:03.207Z] INCONSISTÊNCIA FINANCEIRA venda=11111 calculado=1240.00 ateTotal=1000.00
[2026-09-22T19:41:03.274Z] INCONSISTÊNCIA FINANCEIRA venda=11112 calculado=351.40 ateTotal=1350.00
[2026-09-22T19:41:03.341Z] INCONSISTÊNCIA FINANCEIRA venda=11114 calculado=361.47 ateTotal=1800.00
[2026-09-22T19:41:03.412Z] INCONSISTÊNCIA FINANCEIRA venda=11115 calculado=1274.00 ateTotal=1200.00
[2026-09-22T19:41:03.483Z] INCONSISTÊNCIA FINANCEIRA venda=11116 calculado=350.00 ateTotal=100.00
[2026-09-22T19:41:03.552Z] INCONSISTÊNCIA FINANCEIRA venda=11117 calculado=1.41 ateTotal=900.00
[2026-09-22T19:41:03.625Z] INCONSISTÊNCIA FINANCEIRA venda=11120 calculado=700.00 ateTotal=600.00
[2026-09-22T19:41:03.691Z] INCONSISTÊNCIA FINANCEIRA venda=11121 calculado=640.00 ateTotal=500.00
[2026-09-22T19:41:03.760Z] INCONSISTÊNCIA FINANCEIRA venda=11122 calculado=630.00 ateTotal=570.00
[2026-09-22T19:41:03.831Z] INCONSISTÊNCIA FINANCEIRA venda=11123 calculado=400.00 ateTotal=180.00
[2026-09-22T19:41:03.897Z] INCONSISTÊNCIA FINANCEIRA venda=11124 calculado=1026.00 ateTotal=750.00
[2026-09-22T19:41:03.969Z] INCONSISTÊNCIA FINANCEIRA venda=11125 calculado=560.00 ateTotal=350.00
[2026-09-22T19:41:04.038Z] INCONSISTÊNCIA FINANCEIRA venda=11126 calculado=710.00 ateTotal=650.00
[2026-09-22T19:41:04.110Z] INCONSISTÊNCIA FINANCEIRA venda=11127 calculado=750.00 ateTotal=400.00
[2026-09-22T19:41:04.180Z] INCONSISTÊNCIA FINANCEIRA venda=11128 calculado=360.00 ateTotal=180.00
[2026-09-22T19:41:04.247Z] INCONSISTÊNCIA FINANCEIRA venda=11129 calculado=400.00 ateTotal=200.00
[2026-09-22T19:41:04.397Z] INCONSISTÊNCIA FINANCEIRA venda=11131 calculado=760.00 ateTotal=500.00
[2026-09-22T19:41:04.779Z] INCONSISTÊNCIA FINANCEIRA venda=11132 calculado=650.00 ateTotal=450.00
[2026-09-22T19:41:05.119Z] INCONSISTÊNCIA FINANCEIRA venda=11133 calculado=972.00 ateTotal=720.00
[2026-09-22T19:41:05.572Z] INCONSISTÊNCIA FINANCEIRA venda=11134 calculado=1120.00 ateTotal=850.00
[2026-09-22T19:41:05.959Z] INCONSISTÊNCIA FINANCEIRA venda=11135 calculado=710.00 ateTotal=500.00
[2026-09-22T19:41:06.170Z] INCONSISTÊNCIA FINANCEIRA venda=11136 calculado=360.01 ateTotal=0.01
[2026-09-22T19:41:06.241Z] INCONSISTÊNCIA FINANCEIRA venda=11137 calculado=500.00 ateTotal=400.00
[2026-09-22T19:41:06.566Z] INCONSISTÊNCIA FINANCEIRA venda=11138 calculado=321.42 ateTotal=1200.00
[2026-09-22T19:41:06.905Z] INCONSISTÊNCIA FINANCEIRA venda=11139 calculado=700.00 ateTotal=600.00
[2026-09-22T19:41:07.799Z] INCONSISTÊNCIA FINANCEIRA venda=11142 calculado=740.00 ateTotal=700.00
[2026-09-22T19:41:08.652Z] INCONSISTÊNCIA FINANCEIRA venda=11144 calculado=860.00 ateTotal=800.00
[2026-09-22T19:41:08.731Z] INCONSISTÊNCIA FINANCEIRA venda=11145 calculado=760.00 ateTotal=350.00
[2026-09-22T19:41:09.703Z] INCONSISTÊNCIA FINANCEIRA venda=11148 calculado=740.00 ateTotal=700.00
[2026-09-22T19:41:09.785Z] INCONSISTÊNCIA FINANCEIRA venda=11149 calculado=1222.00 ateTotal=1000.00
[2026-09-22T19:41:10.206Z] INCONSISTÊNCIA FINANCEIRA venda=11150 calculado=840.00 ateTotal=720.00
[2026-09-22T19:41:11.579Z] INCONSISTÊNCIA FINANCEIRA venda=11151 calculado=710.00 ateTotal=600.00
[2026-09-22T19:41:11.655Z] INCONSISTÊNCIA FINANCEIRA venda=11152 calculado=350.00 ateTotal=300.00
[2026-09-22T19:41:12.903Z] INCONSISTÊNCIA FINANCEIRA venda=11157 calculado=1012.40 ateTotal=1380.00
[2026-09-22T19:41:13.797Z] INCONSISTÊNCIA FINANCEIRA venda=11158 calculado=950.00 ateTotal=700.00
[2026-09-22T19:41:14.147Z] INCONSISTÊNCIA FINANCEIRA venda=11159 calculado=710.00 ateTotal=500.00
[2026-09-22T19:41:14.350Z] INCONSISTÊNCIA FINANCEIRA venda=11160 calculado=1.80 ateTotal=1600.00
[2026-09-22T19:41:14.431Z] INCONSISTÊNCIA FINANCEIRA venda=11161 calculado=1.11 ateTotal=1100.00
[2026-09-22T19:41:14.823Z] INCONSISTÊNCIA FINANCEIRA venda=11162 calculado=1190.01 ateTotal=1100.00
[2026-09-22T19:41:15.546Z] INCONSISTÊNCIA FINANCEIRA venda=11164 calculado=840.00 ateTotal=800.00
[2026-09-22T19:41:15.941Z] INCONSISTÊNCIA FINANCEIRA venda=11165 calculado=940.00 ateTotal=670.00
[2026-09-22T19:41:16.209Z] INCONSISTÊNCIA FINANCEIRA venda=11166 calculado=820.00 ateTotal=300.00
[2026-09-22T19:41:16.557Z] INCONSISTÊNCIA FINANCEIRA venda=11167 calculado=373.20 ateTotal=1350.00
[2026-09-22T19:41:16.934Z] INCONSISTÊNCIA FINANCEIRA venda=11168 calculado=1204.00 ateTotal=1200.00
[2026-09-22T19:41:17.389Z] INCONSISTÊNCIA FINANCEIRA venda=11170 calculado=600.00 ateTotal=500.00
[2026-09-22T19:41:17.872Z] INCONSISTÊNCIA FINANCEIRA venda=11171 calculado=750.00 ateTotal=500.00
[2026-09-22T19:41:18.235Z] INCONSISTÊNCIA FINANCEIRA venda=11172 calculado=361.41 ateTotal=1260.00
[2026-09-22T19:41:18.718Z] INCONSISTÊNCIA FINANCEIRA venda=11174 calculado=350.00 ateTotal=300.00
[2026-09-22T19:41:18.989Z] INCONSISTÊNCIA FINANCEIRA venda=11175 calculado=750.00 ateTotal=680.00
[2026-09-22T19:41:19.060Z] INCONSISTÊNCIA FINANCEIRA venda=11176 calculado=351.65 ateTotal=2000.00
[2026-09-22T19:41:19.726Z] INCONSISTÊNCIA FINANCEIRA venda=11177 calculado=400.00 ateTotal=350.00
[2026-09-22T19:41:20.055Z] INCONSISTÊNCIA FINANCEIRA venda=11178 calculado=331.41 ateTotal=1400.00
[2026-09-22T19:41:21.503Z] INCONSISTÊNCIA FINANCEIRA venda=11181 calculado=1160.00 ateTotal=900.00
[2026-09-22T19:41:22.432Z] INCONSISTÊNCIA FINANCEIRA venda=11182 calculado=1.30 ateTotal=1150.00
[2026-09-22T19:41:23.818Z] INCONSISTÊNCIA FINANCEIRA venda=11184 calculado=250.00 ateTotal=200.00
[2026-09-22T19:41:24.217Z] INCONSISTÊNCIA FINANCEIRA venda=11185 calculado=780.00 ateTotal=705.00
[2026-09-22T19:41:24.454Z] INCONSISTÊNCIA FINANCEIRA venda=11187 calculado=800.00 ateTotal=600.00
[2026-09-22T19:41:24.536Z] INCONSISTÊNCIA FINANCEIRA venda=11188 calculado=850.00 ateTotal=600.00
[2026-09-22T19:41:24.714Z] INCONSISTÊNCIA FINANCEIRA venda=11192 calculado=1.00 ateTotal=850.00
[2026-09-22T19:41:24.795Z] INCONSISTÊNCIA FINANCEIRA venda=11193 calculado=321.80 ateTotal=2000.00
[2026-09-22T19:41:24.866Z] INCONSISTÊNCIA FINANCEIRA venda=11194 calculado=341.80 ateTotal=1900.00
[2026-09-22T19:41:25.033Z] INCONSISTÊNCIA FINANCEIRA venda=11196 calculado=740.00 ateTotal=670.00
[2026-09-22T19:41:25.107Z] INCONSISTÊNCIA FINANCEIRA venda=11197 calculado=740.00 ateTotal=700.00
[2026-09-22T19:41:25.177Z] INCONSISTÊNCIA FINANCEIRA venda=11198 calculado=770.00 ateTotal=450.00
[2026-09-22T19:41:25.259Z] INCONSISTÊNCIA FINANCEIRA venda=11199 calculado=700.00 ateTotal=370.00
[2026-09-22T19:41:25.573Z] INCONSISTÊNCIA FINANCEIRA venda=11203 calculado=300.00 ateTotal=200.00
[2026-09-22T19:41:25.653Z] INCONSISTÊNCIA FINANCEIRA venda=11204 calculado=341.20 ateTotal=1530.00
[2026-09-22T19:41:25.729Z] INCONSISTÊNCIA FINANCEIRA venda=11205 calculado=820.00 ateTotal=710.00
[2026-09-22T19:41:25.811Z] INCONSISTÊNCIA FINANCEIRA venda=11206 calculado=350.00 ateTotal=250.00
[2026-09-22T19:41:25.895Z] INCONSISTÊNCIA FINANCEIRA venda=11207 calculado=1161.60 ateTotal=2380.00
[2026-09-22T19:41:25.977Z] INCONSISTÊNCIA FINANCEIRA venda=11208 calculado=1010.00 ateTotal=700.00
[2026-09-22T19:41:26.212Z] INCONSISTÊNCIA FINANCEIRA venda=11211 calculado=800.00 ateTotal=650.00
[2026-09-22T19:41:26.284Z] INCONSISTÊNCIA FINANCEIRA venda=11212 calculado=690.00 ateTotal=300.00
[2026-09-22T19:41:26.367Z] INCONSISTÊNCIA FINANCEIRA venda=11213 calculado=1140.00 ateTotal=1100.00
[2026-09-22T19:41:26.449Z] INCONSISTÊNCIA FINANCEIRA venda=11214 calculado=600.00 ateTotal=500.00
[2026-09-22T19:41:26.606Z] INCONSISTÊNCIA FINANCEIRA venda=11216 calculado=740.00 ateTotal=600.00
[2026-09-22T19:41:26.684Z] INCONSISTÊNCIA FINANCEIRA venda=11217 calculado=1140.00 ateTotal=900.00
[2026-09-22T19:41:26.767Z] INCONSISTÊNCIA FINANCEIRA venda=11218 calculado=670.00 ateTotal=650.00
[2026-09-22T19:41:26.844Z] INCONSISTÊNCIA FINANCEIRA venda=11219 calculado=910.00 ateTotal=500.00
[2026-09-22T19:41:26.922Z] INCONSISTÊNCIA FINANCEIRA venda=11220 calculado=1000.00 ateTotal=740.00
[2026-09-22T19:41:27.077Z] INCONSISTÊNCIA FINANCEIRA venda=11222 calculado=1140.00 ateTotal=1000.00
[2026-09-22T19:41:27.154Z] INCONSISTÊNCIA FINANCEIRA venda=11223 calculado=1000.00 ateTotal=970.00
[2026-09-22T19:41:27.237Z] INCONSISTÊNCIA FINANCEIRA venda=11224 calculado=1180.00 ateTotal=900.00
[2026-09-22T19:41:27.315Z] INCONSISTÊNCIA FINANCEIRA venda=11225 calculado=1204.00 ateTotal=1140.00
[2026-09-22T19:41:27.471Z] INCONSISTÊNCIA FINANCEIRA venda=11227 calculado=1420.00 ateTotal=1140.00
[2026-09-22T19:41:27.544Z] INCONSISTÊNCIA FINANCEIRA venda=11228 calculado=500.00 ateTotal=350.00
[2026-09-22T19:41:27.620Z] INCONSISTÊNCIA FINANCEIRA venda=11229 calculado=670.00 ateTotal=500.00
[2026-09-22T19:41:27.696Z] INCONSISTÊNCIA FINANCEIRA venda=11230 calculado=930.00 ateTotal=600.00
[2026-09-22T19:41:27.773Z] INCONSISTÊNCIA FINANCEIRA venda=11231 calculado=1.01 ateTotal=1000.00
[2026-09-22T19:41:28.007Z] INCONSISTÊNCIA FINANCEIRA venda=11236 calculado=-198.90 ateTotal=900.00
[2026-09-22T19:41:28.007Z] INCONSISTÊNCIA NOS ITENS venda=11236 calculado=-198.90 itemTotalGeral=900.00
[2026-09-22T19:41:28.114Z] INCONSISTÊNCIA FINANCEIRA venda=11237 calculado=1150.00 ateTotal=1000.00
[2026-09-22T19:41:28.196Z] INCONSISTÊNCIA FINANCEIRA venda=11238 calculado=940.00 ateTotal=790.00
[2026-09-22T19:41:28.277Z] INCONSISTÊNCIA FINANCEIRA venda=11239 calculado=350.00 ateTotal=250.00
[2026-09-22T19:41:28.375Z] INCONSISTÊNCIA FINANCEIRA venda=11241 calculado=-2097.89 ateTotal=0.01
[2026-09-22T19:41:28.378Z] INCONSISTÊNCIA NOS ITENS venda=11241 calculado=-2097.89 itemTotalGeral=0.01
[2026-09-22T19:41:28.462Z] INCONSISTÊNCIA FINANCEIRA venda=11242 calculado=1070.00 ateTotal=900.00
[2026-09-22T19:41:28.539Z] INCONSISTÊNCIA FINANCEIRA venda=11243 calculado=350.00 ateTotal=150.00
[2026-09-22T19:41:28.619Z] INCONSISTÊNCIA FINANCEIRA venda=11244 calculado=920.00 ateTotal=550.00
[2026-09-22T19:41:28.698Z] INCONSISTÊNCIA FINANCEIRA venda=11245 calculado=720.00 ateTotal=510.00
[2026-09-22T19:41:28.783Z] INCONSISTÊNCIA FINANCEIRA venda=11246 calculado=350.00 ateTotal=300.00
[2026-09-22T19:41:28.859Z] INCONSISTÊNCIA FINANCEIRA venda=11247 calculado=860.00 ateTotal=720.00
[2026-09-22T19:41:28.943Z] INCONSISTÊNCIA FINANCEIRA venda=11248 calculado=852.00 ateTotal=780.00
[2026-09-22T19:41:29.022Z] INCONSISTÊNCIA FINANCEIRA venda=11249 calculado=400.00 ateTotal=350.00
[2026-09-22T19:41:29.102Z] INCONSISTÊNCIA FINANCEIRA venda=11250 calculado=1176.00 ateTotal=900.00
[2026-09-22T19:41:29.184Z] INCONSISTÊNCIA FINANCEIRA venda=11251 calculado=1.10 ateTotal=1000.00
[2026-09-22T19:41:29.284Z] INCONSISTÊNCIA FINANCEIRA venda=11252 calculado=351.20 ateTotal=1400.00
[2026-09-22T19:41:29.368Z] INCONSISTÊNCIA FINANCEIRA venda=11253 calculado=340.00 ateTotal=280.00
[2026-09-22T19:41:29.534Z] INCONSISTÊNCIA FINANCEIRA venda=11255 calculado=400.00 ateTotal=300.00
[2026-09-22T19:41:29.615Z] INCONSISTÊNCIA FINANCEIRA venda=11256 calculado=730.00 ateTotal=700.00
[2026-09-22T19:41:29.701Z] INCONSISTÊNCIA FINANCEIRA venda=11258 calculado=720.00 ateTotal=500.00
[2026-09-22T19:41:29.950Z] INCONSISTÊNCIA FINANCEIRA venda=11262 calculado=841.20 ateTotal=1250.00
[2026-09-22T19:41:30.058Z] INCONSISTÊNCIA FINANCEIRA venda=11263 calculado=321.50 ateTotal=1650.00
[2026-09-22T19:41:30.213Z] INCONSISTÊNCIA FINANCEIRA venda=11265 calculado=300.00 ateTotal=180.00
[2026-09-22T19:41:30.298Z] INCONSISTÊNCIA FINANCEIRA venda=11266 calculado=1220.00 ateTotal=1150.00
[2026-09-22T19:41:30.376Z] INCONSISTÊNCIA FINANCEIRA venda=11267 calculado=890.00 ateTotal=650.00
[2026-09-22T19:41:30.452Z] INCONSISTÊNCIA FINANCEIRA venda=11268 calculado=341.20 ateTotal=980.00
[2026-09-22T19:41:30.532Z] INCONSISTÊNCIA FINANCEIRA venda=11269 calculado=690.00 ateTotal=600.00
[2026-09-22T19:41:30.616Z] INCONSISTÊNCIA FINANCEIRA venda=11270 calculado=1.20 ateTotal=900.00
[2026-09-22T19:41:30.710Z] INCONSISTÊNCIA FINANCEIRA venda=11271 calculado=341.40 ateTotal=1400.00
[2026-09-22T19:41:30.785Z] INCONSISTÊNCIA FINANCEIRA venda=11272 calculado=380.00 ateTotal=300.00
[2026-09-22T19:41:30.937Z] INCONSISTÊNCIA FINANCEIRA venda=11274 calculado=391.10 ateTotal=1400.00
[2026-09-22T19:41:31.019Z] INCONSISTÊNCIA FINANCEIRA venda=11275 calculado=340.00 ateTotal=200.00
[2026-09-22T19:41:31.095Z] INCONSISTÊNCIA FINANCEIRA venda=11276 calculado=980.00 ateTotal=550.00
[2026-09-22T19:41:31.323Z] INCONSISTÊNCIA FINANCEIRA venda=11279 calculado=1.46 ateTotal=1300.00
[2026-09-22T19:41:31.409Z] INCONSISTÊNCIA FINANCEIRA venda=11280 calculado=890.00 ateTotal=800.00
[2026-09-22T19:41:31.491Z] INCONSISTÊNCIA FINANCEIRA venda=11281 calculado=1290.00 ateTotal=850.00
[2026-09-22T19:41:31.572Z] INCONSISTÊNCIA FINANCEIRA venda=11282 calculado=351.00 ateTotal=1200.00
[2026-09-22T19:41:31.805Z] INCONSISTÊNCIA FINANCEIRA venda=11285 calculado=1.10 ateTotal=1000.00
[2026-09-22T19:41:31.896Z] INCONSISTÊNCIA FINANCEIRA venda=11286 calculado=351.66 ateTotal=2000.00
[2026-09-22T19:41:31.975Z] INCONSISTÊNCIA FINANCEIRA venda=11287 calculado=343.30 ateTotal=2900.00
[2026-09-22T19:41:32.123Z] INCONSISTÊNCIA FINANCEIRA venda=11289 calculado=854.00 ateTotal=800.00
[2026-09-22T19:41:32.197Z] INCONSISTÊNCIA FINANCEIRA venda=11290 calculado=850.00 ateTotal=750.00
[2026-09-22T19:41:32.358Z] INCONSISTÊNCIA FINANCEIRA venda=11292 calculado=460.00 ateTotal=450.00
[2026-09-22T19:41:32.436Z] INCONSISTÊNCIA FINANCEIRA venda=11293 calculado=710.00 ateTotal=600.00
[2026-09-22T19:41:32.518Z] INCONSISTÊNCIA FINANCEIRA venda=11294 calculado=1390.00 ateTotal=1240.00
[2026-09-22T19:41:32.597Z] INCONSISTÊNCIA FINANCEIRA venda=11295 calculado=1.48 ateTotal=1380.00
[2026-09-22T19:41:32.681Z] INCONSISTÊNCIA FINANCEIRA venda=11296 calculado=351.00 ateTotal=1300.00
[2026-09-22T19:41:32.759Z] INCONSISTÊNCIA FINANCEIRA venda=11297 calculado=500.00 ateTotal=400.00
[2026-09-22T19:41:32.838Z] INCONSISTÊNCIA FINANCEIRA venda=11298 calculado=1033.70 ateTotal=4400.00
[2026-09-22T19:41:32.933Z] INCONSISTÊNCIA FINANCEIRA venda=11299 calculado=2.20 ateTotal=2000.00
[2026-09-22T19:41:33.012Z] INCONSISTÊNCIA FINANCEIRA venda=11300 calculado=1170.00 ateTotal=800.00
[2026-09-22T19:41:33.096Z] INCONSISTÊNCIA FINANCEIRA venda=11301 calculado=910.00 ateTotal=650.00
[2026-09-22T19:41:33.180Z] INCONSISTÊNCIA FINANCEIRA venda=11302 calculado=301.80 ateTotal=1500.00
[2026-09-22T19:41:33.268Z] INCONSISTÊNCIA FINANCEIRA venda=11303 calculado=560.00 ateTotal=350.00
[2026-09-22T19:41:33.352Z] INCONSISTÊNCIA FINANCEIRA venda=11304 calculado=1114.20 ateTotal=2000.00
[2026-09-22T19:41:33.441Z] INCONSISTÊNCIA FINANCEIRA venda=11305 calculado=4.70 ateTotal=2100.00
[2026-09-22T19:41:33.516Z] INCONSISTÊNCIA FINANCEIRA venda=11306 calculado=381.70 ateTotal=1800.00
[2026-09-22T19:41:33.595Z] INCONSISTÊNCIA FINANCEIRA venda=11307 calculado=381.30 ateTotal=1100.00
[2026-09-22T19:41:33.676Z] INCONSISTÊNCIA FINANCEIRA venda=11308 calculado=350.00 ateTotal=200.00
[2026-09-22T19:41:33.750Z] INCONSISTÊNCIA FINANCEIRA venda=11309 calculado=500.00 ateTotal=350.00
[2026-09-22T19:41:33.819Z] INCONSISTÊNCIA FINANCEIRA venda=11310 calculado=910.00 ateTotal=400.00
[2026-09-22T19:41:34.037Z] INCONSISTÊNCIA FINANCEIRA venda=11313 calculado=550.00 ateTotal=500.00
[2026-09-22T19:41:34.114Z] INCONSISTÊNCIA FINANCEIRA venda=11314 calculado=350.00 ateTotal=300.00
[2026-09-22T19:41:34.189Z] INCONSISTÊNCIA FINANCEIRA venda=11315 calculado=-408.59 ateTotal=1000.00
[2026-09-22T19:41:34.190Z] INCONSISTÊNCIA NOS ITENS venda=11315 calculado=-408.59 itemTotalGeral=1.00
[2026-09-22T19:41:34.267Z] INCONSISTÊNCIA FINANCEIRA venda=11316 calculado=690.00 ateTotal=650.00
[2026-09-22T19:41:34.341Z] INCONSISTÊNCIA FINANCEIRA venda=11317 calculado=400.00 ateTotal=350.00
[2026-09-22T19:41:34.482Z] INCONSISTÊNCIA FINANCEIRA venda=11319 calculado=940.00 ateTotal=900.00
[2026-09-22T19:41:34.556Z] INCONSISTÊNCIA FINANCEIRA venda=11320 calculado=500.00 ateTotal=450.00
[2026-09-22T19:41:34.624Z] INCONSISTÊNCIA FINANCEIRA venda=11321 calculado=-748.50 ateTotal=730.00
[2026-09-22T19:41:34.625Z] INCONSISTÊNCIA NOS ITENS venda=11321 calculado=-748.50 itemTotalGeral=750.00
[2026-09-22T19:41:34.700Z] INCONSISTÊNCIA FINANCEIRA venda=11322 calculado=950.00 ateTotal=780.00
[2026-09-22T19:41:34.773Z] INCONSISTÊNCIA FINANCEIRA venda=11323 calculado=770.00 ateTotal=300.00
[2026-09-22T19:41:34.856Z] INCONSISTÊNCIA FINANCEIRA venda=11324 calculado=1050.00 ateTotal=900.00
[2026-09-22T19:41:35.016Z] INCONSISTÊNCIA FINANCEIRA venda=11327 calculado=710.00 ateTotal=90.00
[2026-09-22T19:41:35.099Z] INCONSISTÊNCIA FINANCEIRA venda=11328 calculado=340.00 ateTotal=265.00
[2026-09-22T19:41:35.182Z] INCONSISTÊNCIA FINANCEIRA venda=11329 calculado=710.00 ateTotal=500.00
[2026-09-22T19:41:35.265Z] INCONSISTÊNCIA FINANCEIRA venda=11330 calculado=920.00 ateTotal=800.00
[2026-09-22T19:41:35.432Z] INCONSISTÊNCIA FINANCEIRA venda=11332 calculado=740.00 ateTotal=530.00
[2026-09-22T19:41:35.518Z] INCONSISTÊNCIA FINANCEIRA venda=11333 calculado=381.41 ateTotal=1320.00
[2026-09-22T19:41:35.665Z] INCONSISTÊNCIA FINANCEIRA venda=11335 calculado=600.00 ateTotal=450.00
[2026-09-22T19:41:35.802Z] INCONSISTÊNCIA FINANCEIRA venda=11337 calculado=-408.59 ateTotal=1000.00
[2026-09-22T19:41:35.803Z] INCONSISTÊNCIA NOS ITENS venda=11337 calculado=-408.59 itemTotalGeral=1.00
[2026-09-22T19:41:35.883Z] INCONSISTÊNCIA FINANCEIRA venda=11338 calculado=990.00 ateTotal=900.00
[2026-09-22T19:41:35.963Z] INCONSISTÊNCIA FINANCEIRA venda=11339 calculado=550.00 ateTotal=500.00
[2026-09-22T19:41:36.041Z] INCONSISTÊNCIA FINANCEIRA venda=11340 calculado=720.00 ateTotal=600.00
[2026-09-22T19:41:36.187Z] INCONSISTÊNCIA FINANCEIRA venda=11341 calculado=381.50 ateTotal=1600.00
[2026-09-22T19:41:36.274Z] INCONSISTÊNCIA FINANCEIRA venda=11342 calculado=101.41 ateTotal=1500.00
[2026-09-22T19:41:36.359Z] INCONSISTÊNCIA FINANCEIRA venda=11343 calculado=972.00 ateTotal=800.00
[2026-09-22T19:41:36.439Z] INCONSISTÊNCIA FINANCEIRA venda=11344 calculado=930.00 ateTotal=600.00
[2026-09-22T19:41:36.524Z] INCONSISTÊNCIA FINANCEIRA venda=11345 calculado=1540.01 ateTotal=1250.00
[2026-09-22T19:41:36.595Z] INCONSISTÊNCIA FINANCEIRA venda=11346 calculado=840.00 ateTotal=825.00
[2026-09-22T19:41:36.752Z] INCONSISTÊNCIA FINANCEIRA venda=11348 calculado=1022.00 ateTotal=810.00
[2026-09-22T19:41:36.828Z] INCONSISTÊNCIA FINANCEIRA venda=11349 calculado=690.00 ateTotal=600.00
[2026-09-22T19:41:36.911Z] INCONSISTÊNCIA FINANCEIRA venda=11350 calculado=1100.00 ateTotal=900.00
[2026-09-22T19:41:36.985Z] INCONSISTÊNCIA FINANCEIRA venda=11351 calculado=1.50 ateTotal=1500.00
[2026-09-22T19:41:37.056Z] INCONSISTÊNCIA FINANCEIRA venda=11352 calculado=760.00 ateTotal=600.00
[2026-09-22T19:41:37.134Z] INCONSISTÊNCIA FINANCEIRA venda=11353 calculado=331.50 ateTotal=1700.00
[2026-09-22T19:41:37.218Z] INCONSISTÊNCIA FINANCEIRA venda=11354 calculado=1172.00 ateTotal=900.00
[2026-09-22T19:41:37.298Z] INCONSISTÊNCIA FINANCEIRA venda=11355 calculado=-1566.36 ateTotal=2070.00
[2026-09-22T19:41:37.302Z] INCONSISTÊNCIA NOS ITENS venda=11355 calculado=-1566.36 itemTotalGeral=251.82
[2026-09-22T19:41:37.384Z] INCONSISTÊNCIA FINANCEIRA venda=11357 calculado=750.00 ateTotal=686.00
[2026-09-22T19:41:37.467Z] INCONSISTÊNCIA FINANCEIRA venda=11358 calculado=1900.00 ateTotal=1150.00
[2026-09-22T19:41:37.539Z] INCONSISTÊNCIA FINANCEIRA venda=11359 calculado=1221.20 ateTotal=1790.00
[2026-09-22T19:41:37.613Z] INCONSISTÊNCIA FINANCEIRA venda=11360 calculado=341.20 ateTotal=1320.00
[2026-09-22T19:41:37.707Z] INCONSISTÊNCIA FINANCEIRA venda=11361 calculado=960.00 ateTotal=950.00
[2026-09-22T19:41:37.781Z] INCONSISTÊNCIA FINANCEIRA venda=11362 calculado=600.00 ateTotal=500.00
[2026-09-22T19:41:37.860Z] INCONSISTÊNCIA FINANCEIRA venda=11363 calculado=680.00 ateTotal=550.00
[2026-09-22T19:41:37.943Z] INCONSISTÊNCIA FINANCEIRA venda=11364 calculado=1284.50 ateTotal=5550.00
[2026-09-22T19:41:38.016Z] INCONSISTÊNCIA FINANCEIRA venda=11365 calculado=374.20 ateTotal=2120.00
[2026-09-22T19:41:38.104Z] INCONSISTÊNCIA FINANCEIRA venda=11366 calculado=341.50 ateTotal=1600.00
[2026-09-22T19:41:38.176Z] INCONSISTÊNCIA FINANCEIRA venda=11367 calculado=820.00 ateTotal=750.00
[2026-09-22T19:41:38.257Z] INCONSISTÊNCIA FINANCEIRA venda=11368 calculado=720.00 ateTotal=500.00
[2026-09-22T19:41:38.339Z] INCONSISTÊNCIA FINANCEIRA venda=11369 calculado=1120.00 ateTotal=850.00
[2026-09-22T19:41:38.412Z] INCONSISTÊNCIA FINANCEIRA venda=11370 calculado=321.40 ateTotal=1600.00
[2026-09-22T19:41:38.488Z] INCONSISTÊNCIA FINANCEIRA venda=11371 calculado=321.10 ateTotal=1300.00
[2026-09-22T19:41:38.565Z] INCONSISTÊNCIA FINANCEIRA venda=11372 calculado=1140.00 ateTotal=1000.00
[2026-09-22T19:41:38.660Z] INCONSISTÊNCIA FINANCEIRA venda=11373 calculado=620.00 ateTotal=500.00
[2026-09-22T19:41:38.739Z] INCONSISTÊNCIA FINANCEIRA venda=11374 calculado=1690.00 ateTotal=1100.00
[2026-09-22T19:41:38.810Z] INCONSISTÊNCIA FINANCEIRA venda=11375 calculado=81.30 ateTotal=1000.00
[2026-09-22T19:41:38.878Z] INCONSISTÊNCIA FINANCEIRA venda=11376 calculado=82.00 ateTotal=1500.00
[2026-09-22T19:41:38.953Z] INCONSISTÊNCIA FINANCEIRA venda=11377 calculado=1130.00 ateTotal=1100.00
[2026-09-22T19:41:39.120Z] INCONSISTÊNCIA FINANCEIRA venda=11379 calculado=81.20 ateTotal=650.00
[2026-09-22T19:41:39.196Z] INCONSISTÊNCIA FINANCEIRA venda=11380 calculado=332.40 ateTotal=2600.00
[2026-09-22T19:41:39.506Z] INCONSISTÊNCIA FINANCEIRA venda=11384 calculado=1090.00 ateTotal=1000.00
[2026-09-22T19:41:39.588Z] INCONSISTÊNCIA FINANCEIRA venda=11385 calculado=1420.00 ateTotal=1000.00
[2026-09-22T19:41:39.669Z] INCONSISTÊNCIA FINANCEIRA venda=11386 calculado=381.20 ateTotal=1500.00
[2026-09-22T19:41:39.838Z] INCONSISTÊNCIA FINANCEIRA venda=11389 calculado=770.00 ateTotal=700.00
[2026-09-22T19:41:39.923Z] INCONSISTÊNCIA FINANCEIRA venda=11390 calculado=381.40 ateTotal=1700.00
[2026-09-22T19:41:39.999Z] INCONSISTÊNCIA FINANCEIRA venda=11391 calculado=81.42 ateTotal=1250.00
[2026-09-22T19:41:40.081Z] INCONSISTÊNCIA FINANCEIRA venda=11392 calculado=880.00 ateTotal=800.00
[2026-09-22T19:41:40.161Z] INCONSISTÊNCIA FINANCEIRA venda=11393 calculado=1130.00 ateTotal=800.00
[2026-09-22T19:41:40.250Z] INCONSISTÊNCIA FINANCEIRA venda=11394 calculado=520.00 ateTotal=450.00
[2026-09-22T19:41:40.404Z] INCONSISTÊNCIA FINANCEIRA venda=11396 calculado=1040.00 ateTotal=850.00
[2026-09-22T19:41:40.485Z] INCONSISTÊNCIA FINANCEIRA venda=11397 calculado=670.00 ateTotal=500.00
[2026-09-22T19:41:40.567Z] INCONSISTÊNCIA FINANCEIRA venda=11398 calculado=1101.42 ateTotal=1800.00
[2026-09-22T19:41:40.649Z] INCONSISTÊNCIA FINANCEIRA venda=11399 calculado=2421.41 ateTotal=3801.00
[2026-09-22T19:41:40.729Z] INCONSISTÊNCIA FINANCEIRA venda=11400 calculado=452.70 ateTotal=2000.00
[2026-09-22T19:41:40.824Z] INCONSISTÊNCIA FINANCEIRA venda=11401 calculado=1.70 ateTotal=1470.00
[2026-09-22T19:41:40.906Z] INCONSISTÊNCIA FINANCEIRA venda=11402 calculado=1040.00 ateTotal=800.00
[2026-09-22T19:41:40.992Z] INCONSISTÊNCIA FINANCEIRA venda=11403 calculado=-198.80 ateTotal=1000.00
[2026-09-22T19:41:40.995Z] INCONSISTÊNCIA NOS ITENS venda=11403 calculado=-198.80 itemTotalGeral=1.00
[2026-09-22T19:41:41.075Z] INCONSISTÊNCIA FINANCEIRA venda=11404 calculado=1090.00 ateTotal=1000.00
[2026-09-22T19:41:41.156Z] INCONSISTÊNCIA FINANCEIRA venda=11405 calculado=331.50 ateTotal=1715.00
[2026-09-22T19:41:41.236Z] INCONSISTÊNCIA FINANCEIRA venda=11406 calculado=1172.00 ateTotal=1100.00
[2026-09-22T19:41:41.337Z] INCONSISTÊNCIA FINANCEIRA venda=11409 calculado=2060.00 ateTotal=2000.00
[2026-09-22T19:41:41.503Z] INCONSISTÊNCIA FINANCEIRA venda=11412 calculado=380.00 ateTotal=300.00
[2026-09-22T19:41:41.584Z] INCONSISTÊNCIA FINANCEIRA venda=11413 calculado=360.00 ateTotal=100.00
[2026-09-22T19:41:41.666Z] INCONSISTÊNCIA FINANCEIRA venda=11414 calculado=1130.00 ateTotal=1110.00
[2026-09-22T19:41:41.747Z] INCONSISTÊNCIA FINANCEIRA venda=11415 calculado=560.00 ateTotal=330.00
[2026-09-22T19:41:41.826Z] INCONSISTÊNCIA FINANCEIRA venda=11416 calculado=332.06 ateTotal=2000.00
[2026-09-22T19:41:41.909Z] INCONSISTÊNCIA FINANCEIRA venda=11417 calculado=340.00 ateTotal=300.00
[2026-09-22T19:41:41.991Z] INCONSISTÊNCIA FINANCEIRA venda=11418 calculado=860.00 ateTotal=800.00
[2026-09-22T19:41:42.071Z] INCONSISTÊNCIA FINANCEIRA venda=11419 calculado=350.00 ateTotal=250.00
[2026-09-22T19:41:42.151Z] INCONSISTÊNCIA FINANCEIRA venda=11420 calculado=1610.00 ateTotal=1250.00
[2026-09-22T19:41:42.234Z] INCONSISTÊNCIA FINANCEIRA venda=11421 calculado=700.00 ateTotal=450.00
[2026-09-22T19:41:42.316Z] INCONSISTÊNCIA FINANCEIRA venda=11422 calculado=550.00 ateTotal=170.00
[2026-09-22T19:41:42.399Z] INCONSISTÊNCIA FINANCEIRA venda=11423 calculado=381.50 ateTotal=1700.00
[2026-09-22T19:41:42.481Z] INCONSISTÊNCIA FINANCEIRA venda=11424 calculado=740.00 ateTotal=500.00
[2026-09-22T19:41:42.565Z] INCONSISTÊNCIA FINANCEIRA venda=11425 calculado=990.00 ateTotal=400.00
[2026-09-22T19:41:42.647Z] INCONSISTÊNCIA FINANCEIRA venda=11426 calculado=1140.00 ateTotal=1110.00
[2026-09-22T19:41:42.806Z] INCONSISTÊNCIA FINANCEIRA venda=11428 calculado=820.00 ateTotal=810.00
[2026-09-22T19:41:42.887Z] INCONSISTÊNCIA FINANCEIRA venda=11429 calculado=722.00 ateTotal=600.00
[2026-09-22T19:41:42.965Z] INCONSISTÊNCIA FINANCEIRA venda=11430 calculado=1100.00 ateTotal=1300.00
[2026-09-22T19:41:42.968Z] INCONSISTÊNCIA NOS ITENS venda=11430 calculado=1100.00 itemTotalGeral=1500.00
[2026-09-22T19:41:43.044Z] INCONSISTÊNCIA FINANCEIRA venda=11431 calculado=980.00 ateTotal=900.00
[2026-09-22T19:41:43.127Z] INCONSISTÊNCIA FINANCEIRA venda=11432 calculado=1.80 ateTotal=1380.00
[2026-09-22T19:41:43.213Z] INCONSISTÊNCIA FINANCEIRA venda=11433 calculado=860.00 ateTotal=650.00
[2026-09-22T19:41:43.292Z] INCONSISTÊNCIA FINANCEIRA venda=11434 calculado=1150.00 ateTotal=1100.00
[2026-09-22T19:41:43.381Z] INCONSISTÊNCIA FINANCEIRA venda=11435 calculado=1090.00 ateTotal=900.00
[2026-09-22T19:41:43.468Z] INCONSISTÊNCIA FINANCEIRA venda=11436 calculado=391.70 ateTotal=1500.00
[2026-09-22T19:41:43.546Z] INCONSISTÊNCIA FINANCEIRA venda=11437 calculado=340.00 ateTotal=300.00
[2026-09-22T19:41:43.625Z] INCONSISTÊNCIA FINANCEIRA venda=11438 calculado=932.60 ateTotal=2400.00
[2026-09-22T19:41:43.712Z] INCONSISTÊNCIA FINANCEIRA venda=11439 calculado=1.20 ateTotal=1000.00
[2026-09-22T19:41:43.795Z] INCONSISTÊNCIA FINANCEIRA venda=11440 calculado=350.00 ateTotal=220.00
[2026-09-22T19:41:43.864Z] INCONSISTÊNCIA FINANCEIRA venda=11441 calculado=500.00 ateTotal=330.00
[2026-09-22T19:41:43.940Z] INCONSISTÊNCIA FINANCEIRA venda=11442 calculado=1176.00 ateTotal=1000.00
[2026-09-22T19:41:44.018Z] INCONSISTÊNCIA FINANCEIRA venda=11443 calculado=670.00 ateTotal=500.00
[2026-09-22T19:41:44.294Z] INCONSISTÊNCIA FINANCEIRA venda=11448 calculado=710.00 ateTotal=500.00
[2026-09-22T19:41:44.453Z] INCONSISTÊNCIA FINANCEIRA venda=11450 calculado=324.00 ateTotal=3400.00
[2026-09-22T19:41:44.614Z] INCONSISTÊNCIA FINANCEIRA venda=11452 calculado=353.00 ateTotal=2100.00
[2026-09-22T19:41:44.694Z] INCONSISTÊNCIA FINANCEIRA venda=11453 calculado=-298.00 ateTotal=1700.00
[2026-09-22T19:41:44.697Z] INCONSISTÊNCIA NOS ITENS venda=11453 calculado=-298.00 itemTotalGeral=1.70
[2026-09-22T19:41:44.770Z] INCONSISTÊNCIA FINANCEIRA venda=11454 calculado=820.00 ateTotal=700.00
[2026-09-22T19:41:44.848Z] INCONSISTÊNCIA FINANCEIRA venda=11455 calculado=800.00 ateTotal=680.00
[2026-09-22T19:41:44.927Z] INCONSISTÊNCIA FINANCEIRA venda=11456 calculado=321.40 ateTotal=800.00
[2026-09-22T19:41:45.007Z] INCONSISTÊNCIA FINANCEIRA venda=11457 calculado=1220.00 ateTotal=1100.00
[2026-09-22T19:41:45.102Z] INCONSISTÊNCIA FINANCEIRA venda=11458 calculado=1200.00 ateTotal=550.00
[2026-09-22T19:41:45.176Z] INCONSISTÊNCIA FINANCEIRA venda=11459 calculado=1160.00 ateTotal=1120.00
[2026-09-22T19:41:45.256Z] INCONSISTÊNCIA FINANCEIRA venda=11460 calculado=800.00 ateTotal=650.00
[2026-09-22T19:41:45.333Z] INCONSISTÊNCIA FINANCEIRA venda=11461 calculado=730.00 ateTotal=550.00
[2026-09-22T19:41:45.564Z] INCONSISTÊNCIA FINANCEIRA venda=11465 calculado=1180.00 ateTotal=1075.00
[2026-09-22T19:41:45.734Z] INCONSISTÊNCIA FINANCEIRA venda=11467 calculado=700.00 ateTotal=400.00
[2026-09-22T19:41:45.808Z] INCONSISTÊNCIA FINANCEIRA venda=11468 calculado=820.00 ateTotal=450.00
[2026-09-22T19:41:45.889Z] INCONSISTÊNCIA FINANCEIRA venda=11469 calculado=378.10 ateTotal=2400.00
[2026-09-22T19:41:45.964Z] INCONSISTÊNCIA FINANCEIRA venda=11470 calculado=920.00 ateTotal=804.00
[2026-09-22T19:41:46.033Z] INCONSISTÊNCIA FINANCEIRA venda=11471 calculado=830.00 ateTotal=700.00
[2026-09-22T19:41:46.109Z] INCONSISTÊNCIA FINANCEIRA venda=11472 calculado=1140.00 ateTotal=1000.00
[2026-09-22T19:41:46.192Z] INCONSISTÊNCIA FINANCEIRA venda=11473 calculado=730.00 ateTotal=300.00
[2026-09-22T19:41:46.277Z] INCONSISTÊNCIA FINANCEIRA venda=11474 calculado=940.00 ateTotal=900.00
[2026-09-22T19:41:46.364Z] INCONSISTÊNCIA FINANCEIRA venda=11475 calculado=600.00 ateTotal=550.00
[2026-09-22T19:41:46.451Z] INCONSISTÊNCIA FINANCEIRA venda=11476 calculado=920.00 ateTotal=690.00
[2026-09-22T19:41:46.529Z] INCONSISTÊNCIA FINANCEIRA venda=11477 calculado=720.00 ateTotal=600.00
[2026-09-22T19:41:46.597Z] INCONSISTÊNCIA FINANCEIRA venda=11478 calculado=341.20 ateTotal=1500.00
[2026-09-22T19:41:46.677Z] INCONSISTÊNCIA FINANCEIRA venda=11479 calculado=360.00 ateTotal=280.00
[2026-09-22T19:41:46.750Z] INCONSISTÊNCIA FINANCEIRA venda=11480 calculado=700.00 ateTotal=550.00
[2026-09-22T19:41:46.831Z] INCONSISTÊNCIA FINANCEIRA venda=11481 calculado=1000.00 ateTotal=750.00
[2026-09-22T19:41:46.906Z] INCONSISTÊNCIA FINANCEIRA venda=11482 calculado=341.70 ateTotal=1700.00
[2026-09-22T19:41:46.987Z] INCONSISTÊNCIA FINANCEIRA venda=11483 calculado=850.00 ateTotal=700.00
[2026-09-22T19:41:47.069Z] INCONSISTÊNCIA FINANCEIRA venda=11484 calculado=700.00 ateTotal=470.00
[2026-09-22T19:41:47.152Z] INCONSISTÊNCIA FINANCEIRA venda=11485 calculado=341.60 ateTotal=1680.00
[2026-09-22T19:41:47.230Z] INCONSISTÊNCIA FINANCEIRA venda=11486 calculado=331.60 ateTotal=1650.00
[2026-09-22T19:41:47.302Z] INCONSISTÊNCIA FINANCEIRA venda=11487 calculado=710.00 ateTotal=500.00
[2026-09-22T19:41:47.400Z] INCONSISTÊNCIA FINANCEIRA venda=11489 calculado=800.00 ateTotal=600.00
[2026-09-22T19:41:47.489Z] INCONSISTÊNCIA FINANCEIRA venda=11490 calculado=2.70 ateTotal=1380.00
[2026-09-22T19:41:47.658Z] INCONSISTÊNCIA FINANCEIRA venda=11492 calculado=1270.00 ateTotal=1200.00
[2026-09-22T19:41:47.732Z] INCONSISTÊNCIA FINANCEIRA venda=11493 calculado=400.00 ateTotal=380.00
[2026-09-22T19:41:47.815Z] INCONSISTÊNCIA FINANCEIRA venda=11494 calculado=383.00 ateTotal=2600.00
[2026-09-22T19:41:47.895Z] INCONSISTÊNCIA FINANCEIRA venda=11495 calculado=950.00 ateTotal=750.00
[2026-09-22T19:41:47.984Z] INCONSISTÊNCIA FINANCEIRA venda=11496 calculado=830.00 ateTotal=810.00
[2026-09-22T19:41:48.054Z] INCONSISTÊNCIA FINANCEIRA venda=11497 calculado=700.00 ateTotal=500.00
[2026-09-22T19:41:48.131Z] INCONSISTÊNCIA FINANCEIRA venda=11498 calculado=711.60 ateTotal=2000.00
[2026-09-22T19:41:48.208Z] INCONSISTÊNCIA FINANCEIRA venda=11499 calculado=600.01 ateTotal=400.00
[2026-09-22T19:41:48.275Z] INCONSISTÊNCIA FINANCEIRA venda=11500 calculado=702.00 ateTotal=550.00
[2026-09-22T19:41:48.344Z] INCONSISTÊNCIA FINANCEIRA venda=11501 calculado=340.00 ateTotal=320.00
[2026-09-22T19:41:48.423Z] INCONSISTÊNCIA FINANCEIRA venda=11502 calculado=383.60 ateTotal=3800.00
[2026-09-22T19:41:48.494Z] INCONSISTÊNCIA FINANCEIRA venda=11503 calculado=700.00 ateTotal=500.00
[2026-09-22T19:41:48.576Z] INCONSISTÊNCIA FINANCEIRA venda=11504 calculado=340.00 ateTotal=200.00
[2026-09-22T19:41:48.660Z] INCONSISTÊNCIA FINANCEIRA venda=11505 calculado=2900.00 ateTotal=1980.00
[2026-09-22T19:41:48.743Z] INCONSISTÊNCIA FINANCEIRA venda=11506 calculado=700.00 ateTotal=500.00
[2026-09-22T19:41:48.898Z] INCONSISTÊNCIA FINANCEIRA venda=11508 calculado=710.00 ateTotal=450.00
[2026-09-22T19:41:48.979Z] INCONSISTÊNCIA FINANCEIRA venda=11509 calculado=710.00 ateTotal=500.00
[2026-09-22T19:41:49.052Z] INCONSISTÊNCIA FINANCEIRA venda=11511 calculado=600.00 ateTotal=500.00
[2026-09-22T19:41:49.119Z] INCONSISTÊNCIA FINANCEIRA venda=11512 calculado=660.00 ateTotal=500.00
[2026-09-22T19:41:49.199Z] INCONSISTÊNCIA FINANCEIRA venda=11513 calculado=660.00 ateTotal=500.00
[2026-09-22T19:41:49.354Z] INCONSISTÊNCIA FINANCEIRA venda=11515 calculado=1130.00 ateTotal=1050.00
[2026-09-22T19:41:49.431Z] INCONSISTÊNCIA FINANCEIRA venda=11516 calculado=2060.00 ateTotal=1760.00
[2026-09-22T19:41:49.513Z] INCONSISTÊNCIA FINANCEIRA venda=11517 calculado=452.35 ateTotal=2100.00
[2026-09-22T19:41:49.589Z] INCONSISTÊNCIA FINANCEIRA venda=11518 calculado=1190.00 ateTotal=1000.00
[2026-09-22T19:41:49.668Z] INCONSISTÊNCIA FINANCEIRA venda=11519 calculado=1180.00 ateTotal=1000.00
[2026-09-22T19:41:49.748Z] INCONSISTÊNCIA FINANCEIRA venda=11520 calculado=4.18 ateTotal=4000.00
[2026-09-22T19:41:49.826Z] INCONSISTÊNCIA FINANCEIRA venda=11521 calculado=1.80 ateTotal=1800.00
[2026-09-22T19:41:50.076Z] INCONSISTÊNCIA FINANCEIRA venda=11524 calculado=-619.00 ateTotal=380.00
[2026-09-22T19:41:50.082Z] INCONSISTÊNCIA NOS ITENS venda=11524 calculado=-619.00 itemTotalGeral=380.00
[2026-09-22T19:41:50.307Z] INCONSISTÊNCIA FINANCEIRA venda=11525 calculado=1250.00 ateTotal=0.01
[2026-09-22T19:41:50.495Z] INCONSISTÊNCIA FINANCEIRA venda=11527 calculado=1150.00 ateTotal=1390.00
[2026-09-22T19:41:50.499Z] INCONSISTÊNCIA NOS ITENS venda=11527 calculado=1150.00 itemTotalGeral=1450.00
[2026-09-22T19:41:50.667Z] INCONSISTÊNCIA FINANCEIRA venda=11529 calculado=700.00 ateTotal=585.00
[2026-09-22T19:41:50.755Z] INCONSISTÊNCIA FINANCEIRA venda=11530 calculado=1060.00 ateTotal=1000.00
[2026-09-22T19:41:50.865Z] INCONSISTÊNCIA FINANCEIRA venda=11531 calculado=830.00 ateTotal=650.00
[2026-09-22T19:41:51.030Z] INCONSISTÊNCIA FINANCEIRA venda=11533 calculado=700.00 ateTotal=600.00
[2026-09-22T19:41:51.112Z] INCONSISTÊNCIA FINANCEIRA venda=11534 calculado=850.00 ateTotal=840.00
[2026-09-22T19:41:51.440Z] INCONSISTÊNCIA FINANCEIRA venda=11537 calculado=2.87 ateTotal=2500.00
[2026-09-22T19:41:51.539Z] INCONSISTÊNCIA FINANCEIRA venda=11538 calculado=-400.65 ateTotal=2900.00
[2026-09-22T19:41:51.546Z] INCONSISTÊNCIA NOS ITENS venda=11538 calculado=-400.65 itemTotalGeral=352.60
[2026-09-22T19:41:51.642Z] INCONSISTÊNCIA FINANCEIRA venda=11539 calculado=900.00 ateTotal=840.00
[2026-09-22T19:41:51.728Z] INCONSISTÊNCIA FINANCEIRA venda=11540 calculado=740.00 ateTotal=550.00
[2026-09-22T19:41:51.812Z] INCONSISTÊNCIA FINANCEIRA venda=11541 calculado=900.00 ateTotal=800.00
[2026-09-22T19:41:51.896Z] INCONSISTÊNCIA FINANCEIRA venda=11542 calculado=1150.00 ateTotal=980.00
[2026-09-22T19:41:51.978Z] INCONSISTÊNCIA FINANCEIRA venda=11543 calculado=351.20 ateTotal=1100.00
[2026-09-22T19:41:52.060Z] INCONSISTÊNCIA FINANCEIRA venda=11544 calculado=750.00 ateTotal=700.00
[2026-09-22T19:41:52.144Z] INCONSISTÊNCIA FINANCEIRA venda=11545 calculado=850.00 ateTotal=650.00
[2026-09-22T19:41:52.226Z] INCONSISTÊNCIA FINANCEIRA venda=11546 calculado=401.98 ateTotal=120.00
[2026-09-22T19:41:52.306Z] INCONSISTÊNCIA FINANCEIRA venda=11547 calculado=800.01 ateTotal=135.00
[2026-09-22T19:41:52.386Z] INCONSISTÊNCIA FINANCEIRA venda=11548 calculado=840.00 ateTotal=1.00
[2026-09-22T19:41:52.473Z] INCONSISTÊNCIA FINANCEIRA venda=11549 calculado=840.00 ateTotal=1.00
[2026-09-22T19:41:52.554Z] INCONSISTÊNCIA FINANCEIRA venda=11550 calculado=351.25 ateTotal=1290.00
[2026-09-22T19:41:52.635Z] INCONSISTÊNCIA FINANCEIRA venda=11551 calculado=500.00 ateTotal=400.00
[2026-09-22T19:41:52.716Z] INCONSISTÊNCIA FINANCEIRA venda=11552 calculado=600.00 ateTotal=400.00
[2026-09-22T19:41:52.797Z] INCONSISTÊNCIA FINANCEIRA venda=11553 calculado=1176.00 ateTotal=950.00
[2026-09-22T19:41:52.881Z] INCONSISTÊNCIA FINANCEIRA venda=11554 calculado=736.00 ateTotal=550.00
[2026-09-22T19:41:53.051Z] INCONSISTÊNCIA FINANCEIRA venda=11557 calculado=377.20 ateTotal=1200.00
[2026-09-22T19:41:53.132Z] INCONSISTÊNCIA FINANCEIRA venda=11558 calculado=500.00 ateTotal=450.00
[2026-09-22T19:41:53.213Z] INCONSISTÊNCIA FINANCEIRA venda=11559 calculado=350.00 ateTotal=300.00
[2026-09-22T19:41:53.301Z] INCONSISTÊNCIA FINANCEIRA venda=11560 calculado=960.00 ateTotal=650.00
[2026-09-22T19:41:53.382Z] INCONSISTÊNCIA FINANCEIRA venda=11562 calculado=1090.00 ateTotal=900.00
[2026-09-22T19:41:53.466Z] INCONSISTÊNCIA FINANCEIRA venda=11563 calculado=501.20 ateTotal=1300.00
[2026-09-22T19:41:53.548Z] INCONSISTÊNCIA FINANCEIRA venda=11564 calculado=1.00 ateTotal=900.00
[2026-09-22T19:41:53.632Z] INCONSISTÊNCIA FINANCEIRA venda=11565 calculado=451.00 ateTotal=990.00
[2026-09-22T19:41:53.803Z] INCONSISTÊNCIA FINANCEIRA venda=11567 calculado=402.50 ateTotal=2560.00
[2026-09-22T19:41:53.891Z] INCONSISTÊNCIA FINANCEIRA venda=11569 calculado=341.20 ateTotal=1200.00
[2026-09-22T19:41:53.973Z] INCONSISTÊNCIA FINANCEIRA venda=11570 calculado=381.58 ateTotal=1200.00
[2026-09-22T19:41:54.054Z] INCONSISTÊNCIA FINANCEIRA venda=11571 calculado=500.00 ateTotal=390.00
[2026-09-22T19:41:54.212Z] INCONSISTÊNCIA FINANCEIRA venda=11573 calculado=1090.00 ateTotal=1000.00
[2026-09-22T19:41:54.294Z] INCONSISTÊNCIA FINANCEIRA venda=11574 calculado=451.58 ateTotal=1600.00
[2026-09-22T19:41:54.375Z] INCONSISTÊNCIA FINANCEIRA venda=11575 calculado=3.35 ateTotal=2500.00
[2026-09-22T19:41:54.455Z] INCONSISTÊNCIA FINANCEIRA venda=11576 calculado=930.00 ateTotal=880.00
[2026-09-22T19:41:54.537Z] INCONSISTÊNCIA FINANCEIRA venda=11577 calculado=910.00 ateTotal=900.00
[2026-09-22T19:41:54.618Z] INCONSISTÊNCIA FINANCEIRA venda=11578 calculado=421.40 ateTotal=1600.00
[2026-09-22T19:41:54.711Z] INCONSISTÊNCIA FINANCEIRA venda=11580 calculado=1560.00 ateTotal=1380.00
[2026-09-22T19:41:54.803Z] INCONSISTÊNCIA FINANCEIRA venda=11582 calculado=1.21 ateTotal=1100.00
[2026-09-22T19:41:54.883Z] INCONSISTÊNCIA FINANCEIRA venda=11583 calculado=920.00 ateTotal=855.00
[2026-09-22T19:41:54.965Z] INCONSISTÊNCIA FINANCEIRA venda=11584 calculado=600.00 ateTotal=370.00
[2026-09-22T19:41:55.045Z] INCONSISTÊNCIA FINANCEIRA venda=11585 calculado=1140.00 ateTotal=800.00
[2026-09-22T19:41:55.132Z] INCONSISTÊNCIA FINANCEIRA venda=11586 calculado=680.00 ateTotal=625.00
[2026-09-22T19:41:55.217Z] INCONSISTÊNCIA FINANCEIRA venda=11587 calculado=-901.90 ateTotal=1200.00
[2026-09-22T19:41:55.220Z] INCONSISTÊNCIA NOS ITENS venda=11587 calculado=-901.90 itemTotalGeral=1.20
[2026-09-22T19:41:55.301Z] INCONSISTÊNCIA FINANCEIRA venda=11588 calculado=400.00 ateTotal=350.00
[2026-09-22T19:41:55.387Z] INCONSISTÊNCIA FINANCEIRA venda=11589 calculado=1220.00 ateTotal=1110.00
[2026-09-22T19:41:55.471Z] INCONSISTÊNCIA FINANCEIRA venda=11590 calculado=700.00 ateTotal=500.00
[2026-09-22T19:41:55.557Z] INCONSISTÊNCIA FINANCEIRA venda=11591 calculado=800.00 ateTotal=650.00
[2026-09-22T19:41:55.638Z] INCONSISTÊNCIA FINANCEIRA venda=11592 calculado=1000.00 ateTotal=500.00
[2026-09-22T19:41:55.713Z] INCONSISTÊNCIA FINANCEIRA venda=11593 calculado=350.00 ateTotal=150.00
[2026-09-22T19:41:55.786Z] INCONSISTÊNCIA FINANCEIRA venda=11594 calculado=403.35 ateTotal=3000.00
[2026-09-22T19:41:55.953Z] INCONSISTÊNCIA FINANCEIRA venda=11596 calculado=1150.00 ateTotal=900.00
[2026-09-22T19:41:56.044Z] INCONSISTÊNCIA FINANCEIRA venda=11597 calculado=1190.00 ateTotal=990.00
[2026-09-22T19:41:56.135Z] INCONSISTÊNCIA FINANCEIRA venda=11599 calculado=402.00 ateTotal=2000.00
[2026-09-22T19:41:56.209Z] INCONSISTÊNCIA FINANCEIRA venda=11600 calculado=750.00 ateTotal=630.00
[2026-09-22T19:41:56.292Z] INCONSISTÊNCIA FINANCEIRA venda=11601 calculado=1000.00 ateTotal=701.00
[2026-09-22T19:41:56.380Z] INCONSISTÊNCIA FINANCEIRA venda=11602 calculado=900.00 ateTotal=700.00
[2026-09-22T19:41:56.463Z] INCONSISTÊNCIA FINANCEIRA venda=11603 calculado=1801.10 ateTotal=2490.00
[2026-09-22T19:41:56.547Z] INCONSISTÊNCIA FINANCEIRA venda=11604 calculado=680.00 ateTotal=600.00
[2026-09-22T19:41:56.632Z] INCONSISTÊNCIA FINANCEIRA venda=11605 calculado=1060.00 ateTotal=600.00
[2026-09-22T19:41:56.711Z] INCONSISTÊNCIA FINANCEIRA venda=11606 calculado=1220.00 ateTotal=1050.00
[2026-09-22T19:41:56.783Z] INCONSISTÊNCIA FINANCEIRA venda=11607 calculado=401.30 ateTotal=1450.00
[2026-09-22T19:41:56.860Z] INCONSISTÊNCIA FINANCEIRA venda=11608 calculado=1130.00 ateTotal=1050.00
[2026-09-22T19:41:56.939Z] INCONSISTÊNCIA FINANCEIRA venda=11609 calculado=820.00 ateTotal=775.00
[2026-09-22T19:41:57.110Z] INCONSISTÊNCIA FINANCEIRA venda=11611 calculado=452.20 ateTotal=1950.00
[2026-09-22T19:41:57.191Z] INCONSISTÊNCIA FINANCEIRA venda=11612 calculado=340.00 ateTotal=300.00
[2026-09-22T19:41:57.273Z] INCONSISTÊNCIA FINANCEIRA venda=11613 calculado=501.99 ateTotal=1800.00
[2026-09-22T19:41:57.432Z] INCONSISTÊNCIA FINANCEIRA venda=11615 calculado=1080.00 ateTotal=950.00
[2026-09-22T19:41:57.512Z] INCONSISTÊNCIA FINANCEIRA venda=11616 calculado=720.00 ateTotal=400.00
[2026-09-22T19:41:57.741Z] INCONSISTÊNCIA FINANCEIRA venda=11619 calculado=450.00 ateTotal=300.00
[2026-09-22T19:41:57.822Z] INCONSISTÊNCIA FINANCEIRA venda=11620 calculado=1220.00 ateTotal=1200.00
[2026-09-22T19:41:57.904Z] INCONSISTÊNCIA FINANCEIRA venda=11621 calculado=870.00 ateTotal=680.00
[2026-09-22T19:41:58.068Z] INCONSISTÊNCIA FINANCEIRA venda=11623 calculado=401.70 ateTotal=1900.00
[2026-09-22T19:41:58.147Z] INCONSISTÊNCIA FINANCEIRA venda=11624 calculado=401.45 ateTotal=1400.00
[2026-09-22T19:41:58.301Z] INCONSISTÊNCIA FINANCEIRA venda=11626 calculado=800.00 ateTotal=600.00
[2026-09-22T19:41:58.395Z] INCONSISTÊNCIA FINANCEIRA venda=11627 calculado=350.00 ateTotal=280.00
[2026-09-22T19:41:58.561Z] INCONSISTÊNCIA FINANCEIRA venda=11629 calculado=750.00 ateTotal=600.00
[2026-09-22T19:41:58.712Z] INCONSISTÊNCIA FINANCEIRA venda=11631 calculado=1000.00 ateTotal=850.00
[2026-09-22T19:41:58.782Z] INCONSISTÊNCIA FINANCEIRA venda=11632 calculado=1190.00 ateTotal=1000.00
[2026-09-22T19:41:58.865Z] INCONSISTÊNCIA FINANCEIRA venda=11633 calculado=420.00 ateTotal=220.00
[2026-09-22T19:41:58.945Z] INCONSISTÊNCIA FINANCEIRA venda=11634 calculado=351.50 ateTotal=1370.00
[2026-09-22T19:41:59.182Z] INCONSISTÊNCIA FINANCEIRA venda=11637 calculado=772.40 ateTotal=2510.00
[2026-09-22T19:41:59.348Z] INCONSISTÊNCIA FINANCEIRA venda=11639 calculado=1180.00 ateTotal=1000.00
[2026-09-22T19:41:59.436Z] INCONSISTÊNCIA FINANCEIRA venda=11640 calculado=401.45 ateTotal=1790.00
[2026-09-22T19:41:59.522Z] INCONSISTÊNCIA FINANCEIRA venda=11641 calculado=950.00 ateTotal=600.00
[2026-09-22T19:41:59.641Z] INCONSISTÊNCIA FINANCEIRA venda=11643 calculado=900.00 ateTotal=630.00
[2026-09-22T19:41:59.732Z] INCONSISTÊNCIA FINANCEIRA venda=11644 calculado=790.00 ateTotal=700.00
[2026-09-22T19:41:59.813Z] INCONSISTÊNCIA FINANCEIRA venda=11645 calculado=451.70 ateTotal=1600.00
[2026-09-22T19:41:59.980Z] INCONSISTÊNCIA FINANCEIRA venda=11647 calculado=800.00 ateTotal=480.00
[2026-09-22T19:42:00.065Z] INCONSISTÊNCIA FINANCEIRA venda=11648 calculado=800.00 ateTotal=500.00
[2026-09-22T19:42:00.149Z] INCONSISTÊNCIA FINANCEIRA venda=11649 calculado=850.00 ateTotal=700.00
[2026-09-22T19:42:00.231Z] INCONSISTÊNCIA FINANCEIRA venda=11650 calculado=780.00 ateTotal=600.00
[2026-09-22T19:42:00.306Z] INCONSISTÊNCIA FINANCEIRA venda=11651 calculado=421.45 ateTotal=1701.00
[2026-09-22T19:42:00.470Z] INCONSISTÊNCIA FINANCEIRA venda=11653 calculado=700.00 ateTotal=500.00
[2026-09-22T19:42:00.559Z] INCONSISTÊNCIA FINANCEIRA venda=11654 calculado=350.00 ateTotal=300.00
[2026-09-22T19:42:00.644Z] INCONSISTÊNCIA FINANCEIRA venda=11655 calculado=960.00 ateTotal=700.00
[2026-09-22T19:42:00.729Z] INCONSISTÊNCIA FINANCEIRA venda=11656 calculado=1330.00 ateTotal=1100.00
[2026-09-22T19:42:00.820Z] INCONSISTÊNCIA FINANCEIRA venda=11657 calculado=1421.30 ateTotal=2304.00
[2026-09-22T19:42:00.920Z] INCONSISTÊNCIA FINANCEIRA venda=11659 calculado=431.90 ateTotal=1850.00
[2026-09-22T19:42:01.003Z] INCONSISTÊNCIA FINANCEIRA venda=11660 calculado=800.00 ateTotal=350.00
[2026-09-22T19:42:01.085Z] INCONSISTÊNCIA FINANCEIRA venda=11661 calculado=300.00 ateTotal=290.00
[2026-09-22T19:42:01.171Z] INCONSISTÊNCIA FINANCEIRA venda=11662 calculado=391.45 ateTotal=1710.00
[2026-09-22T19:42:01.270Z] INCONSISTÊNCIA FINANCEIRA venda=11663 calculado=450.01 ateTotal=300.00
[2026-09-22T19:42:01.349Z] INCONSISTÊNCIA FINANCEIRA venda=11664 calculado=600.00 ateTotal=450.00
[2026-09-22T19:42:01.422Z] INCONSISTÊNCIA FINANCEIRA venda=11665 calculado=900.00 ateTotal=750.00
[2026-09-22T19:42:01.501Z] INCONSISTÊNCIA FINANCEIRA venda=11666 calculado=380.00 ateTotal=300.00
[2026-09-22T19:42:01.644Z] INCONSISTÊNCIA FINANCEIRA venda=11668 calculado=950.00 ateTotal=615.00
[2026-09-22T19:42:01.718Z] INCONSISTÊNCIA FINANCEIRA venda=11669 calculado=400.00 ateTotal=390.00
[2026-09-22T19:42:01.792Z] INCONSISTÊNCIA FINANCEIRA venda=11670 calculado=1150.00 ateTotal=1000.00
[2026-09-22T19:42:01.870Z] INCONSISTÊNCIA FINANCEIRA venda=11671 calculado=332.87 ateTotal=3000.00
[2026-09-22T19:42:01.950Z] INCONSISTÊNCIA FINANCEIRA venda=11672 calculado=1150.00 ateTotal=950.00
[2026-09-22T19:42:02.036Z] INCONSISTÊNCIA FINANCEIRA venda=11673 calculado=391.00 ateTotal=1110.00
[2026-09-22T19:42:02.119Z] INCONSISTÊNCIA FINANCEIRA venda=11674 calculado=700.00 ateTotal=570.00
[2026-09-22T19:42:02.195Z] INCONSISTÊNCIA FINANCEIRA venda=11675 calculado=890.00 ateTotal=800.00
[2026-09-22T19:42:02.281Z] INCONSISTÊNCIA FINANCEIRA venda=11676 calculado=772.00 ateTotal=500.00
[2026-09-22T19:42:02.366Z] INCONSISTÊNCIA FINANCEIRA venda=11677 calculado=624.24 ateTotal=3610.00
[2026-09-22T19:42:02.449Z] INCONSISTÊNCIA FINANCEIRA venda=11678 calculado=400.00 ateTotal=250.00
[2026-09-22T19:42:02.525Z] INCONSISTÊNCIA FINANCEIRA venda=11679 calculado=500.00 ateTotal=390.00
[2026-09-22T19:42:02.603Z] INCONSISTÊNCIA FINANCEIRA venda=11680 calculado=300.00 ateTotal=290.00
[2026-09-22T19:42:02.684Z] INCONSISTÊNCIA FINANCEIRA venda=11681 calculado=600.00 ateTotal=350.00
[2026-09-22T19:42:02.762Z] INCONSISTÊNCIA FINANCEIRA venda=11682 calculado=770.00 ateTotal=400.00
[2026-09-22T19:42:02.844Z] INCONSISTÊNCIA FINANCEIRA venda=11683 calculado=350.00 ateTotal=330.00
[2026-09-22T19:42:02.929Z] INCONSISTÊNCIA FINANCEIRA venda=11684 calculado=500.00 ateTotal=400.00
[2026-09-22T19:42:03.011Z] INCONSISTÊNCIA FINANCEIRA venda=11685 calculado=1610.00 ateTotal=1360.00
[2026-09-22T19:42:03.093Z] INCONSISTÊNCIA FINANCEIRA venda=11686 calculado=300.00 ateTotal=290.00
[2026-09-22T19:42:03.175Z] INCONSISTÊNCIA FINANCEIRA venda=11687 calculado=1250.00 ateTotal=1000.00
[2026-09-22T19:42:03.260Z] INCONSISTÊNCIA FINANCEIRA venda=11688 calculado=402.10 ateTotal=1980.00
[2026-09-22T19:42:03.347Z] INCONSISTÊNCIA FINANCEIRA venda=11689 calculado=1350.00 ateTotal=1000.00
[2026-09-22T19:42:03.429Z] INCONSISTÊNCIA FINANCEIRA venda=11690 calculado=560.00 ateTotal=480.00
[2026-09-22T19:42:03.505Z] INCONSISTÊNCIA FINANCEIRA venda=11691 calculado=400.00 ateTotal=380.00
[2026-09-22T19:42:03.588Z] INCONSISTÊNCIA FINANCEIRA venda=11692 calculado=1800.00 ateTotal=950.00
[2026-09-22T19:42:03.671Z] INCONSISTÊNCIA FINANCEIRA venda=11693 calculado=350.00 ateTotal=300.00
[2026-09-22T19:42:03.750Z] INCONSISTÊNCIA FINANCEIRA venda=11694 calculado=1.60 ateTotal=1400.00
[2026-09-22T19:42:03.829Z] INCONSISTÊNCIA FINANCEIRA venda=11695 calculado=400.00 ateTotal=250.00
[2026-09-22T19:42:03.911Z] INCONSISTÊNCIA FINANCEIRA venda=11696 calculado=880.00 ateTotal=600.00
[2026-09-22T19:42:03.985Z] INCONSISTÊNCIA FINANCEIRA venda=11697 calculado=421.68 ateTotal=1790.00
[2026-09-22T19:42:04.066Z] INCONSISTÊNCIA FINANCEIRA venda=11698 calculado=1050.00 ateTotal=700.00
[2026-09-22T19:42:04.146Z] INCONSISTÊNCIA FINANCEIRA venda=11699 calculado=810.00 ateTotal=500.00
[2026-09-22T19:42:04.230Z] INCONSISTÊNCIA FINANCEIRA venda=11700 calculado=650.00 ateTotal=600.00
[2026-09-22T19:42:04.303Z] INCONSISTÊNCIA FINANCEIRA venda=11701 calculado=1600.00 ateTotal=760.00
[2026-09-22T19:42:04.369Z] INCONSISTÊNCIA FINANCEIRA venda=11702 calculado=810.00 ateTotal=550.00
[2026-09-22T19:42:04.450Z] INCONSISTÊNCIA FINANCEIRA venda=11703 calculado=400.00 ateTotal=360.00
[2026-09-22T19:42:04.523Z] INCONSISTÊNCIA FINANCEIRA venda=11704 calculado=451.95 ateTotal=2340.00
[2026-09-22T19:42:04.603Z] INCONSISTÊNCIA FINANCEIRA venda=11705 calculado=420.00 ateTotal=290.00
[2026-09-22T19:42:04.680Z] INCONSISTÊNCIA FINANCEIRA venda=11706 calculado=800.00 ateTotal=650.00
[2026-09-22T19:42:04.749Z] INCONSISTÊNCIA FINANCEIRA venda=11707 calculado=550.00 ateTotal=450.00
[2026-09-22T19:42:04.825Z] INCONSISTÊNCIA FINANCEIRA venda=11708 calculado=950.00 ateTotal=800.00
[2026-09-22T19:42:04.906Z] INCONSISTÊNCIA FINANCEIRA venda=11709 calculado=600.00 ateTotal=430.00
[2026-09-22T19:42:04.982Z] INCONSISTÊNCIA FINANCEIRA venda=11710 calculado=760.00 ateTotal=600.00
[2026-09-22T19:42:05.058Z] INCONSISTÊNCIA FINANCEIRA venda=11711 calculado=1.60 ateTotal=948.00
[2026-09-22T19:42:05.127Z] INCONSISTÊNCIA FINANCEIRA venda=11712 calculado=390.00 ateTotal=330.00
[2026-09-22T19:42:05.204Z] INCONSISTÊNCIA FINANCEIRA venda=11713 calculado=451.20 ateTotal=1400.00
[2026-09-22T19:42:05.279Z] INCONSISTÊNCIA FINANCEIRA venda=11714 calculado=451.30 ateTotal=1150.00
[2026-09-22T19:42:05.359Z] INCONSISTÊNCIA FINANCEIRA venda=11715 calculado=950.00 ateTotal=700.00
[2026-09-22T19:42:05.437Z] INCONSISTÊNCIA FINANCEIRA venda=11716 calculado=1.36 ateTotal=1200.00
[2026-09-22T19:42:05.516Z] INCONSISTÊNCIA FINANCEIRA venda=11717 calculado=900.00 ateTotal=700.00
[2026-09-22T19:42:05.594Z] INCONSISTÊNCIA FINANCEIRA venda=11718 calculado=900.00 ateTotal=740.00
[2026-09-22T19:42:05.700Z] INCONSISTÊNCIA FINANCEIRA venda=11719 calculado=850.00 ateTotal=800.00
[2026-09-22T19:42:05.783Z] INCONSISTÊNCIA FINANCEIRA venda=11720 calculado=750.00 ateTotal=650.00
[2026-09-22T19:42:05.866Z] INCONSISTÊNCIA FINANCEIRA venda=11721 calculado=401.20 ateTotal=1410.00
[2026-09-22T19:42:05.948Z] INCONSISTÊNCIA FINANCEIRA venda=11722 calculado=1681.20 ateTotal=1800.00
[2026-09-22T19:42:06.037Z] INCONSISTÊNCIA FINANCEIRA venda=11723 calculado=962.24 ateTotal=2680.00
[2026-09-22T19:42:06.190Z] INCONSISTÊNCIA FINANCEIRA venda=11725 calculado=810.00 ateTotal=650.00
[2026-09-22T19:42:06.411Z] INCONSISTÊNCIA FINANCEIRA venda=11727 calculado=700.00 ateTotal=540.00
[2026-09-22T19:42:06.493Z] INCONSISTÊNCIA FINANCEIRA venda=11728 calculado=870.00 ateTotal=690.00
[2026-09-22T19:42:06.568Z] INCONSISTÊNCIA FINANCEIRA venda=11729 calculado=1200.00 ateTotal=800.00
[2026-09-22T19:42:06.650Z] INCONSISTÊNCIA FINANCEIRA venda=11730 calculado=361.20 ateTotal=1100.00
[2026-09-22T19:42:06.745Z] INCONSISTÊNCIA FINANCEIRA venda=11731 calculado=820.00 ateTotal=500.00
[2026-09-22T19:42:06.818Z] INCONSISTÊNCIA FINANCEIRA venda=11732 calculado=850.00 ateTotal=750.00
[2026-09-22T19:42:06.895Z] INCONSISTÊNCIA FINANCEIRA venda=11733 calculado=1282.05 ateTotal=2550.00
[2026-09-22T19:42:06.980Z] INCONSISTÊNCIA FINANCEIRA venda=11734 calculado=420.00 ateTotal=300.00
[2026-09-22T19:42:07.064Z] INCONSISTÊNCIA FINANCEIRA venda=11735 calculado=560.00 ateTotal=500.00
[2026-09-22T19:42:07.140Z] INCONSISTÊNCIA FINANCEIRA venda=11736 calculado=1320.00 ateTotal=1100.00
[2026-09-22T19:42:07.222Z] INCONSISTÊNCIA FINANCEIRA venda=11737 calculado=783.50 ateTotal=3870.00
[2026-09-22T19:42:07.302Z] INCONSISTÊNCIA FINANCEIRA venda=11738 calculado=800.00 ateTotal=500.00
[2026-09-22T19:42:07.383Z] INCONSISTÊNCIA FINANCEIRA venda=11739 calculado=1.60 ateTotal=1380.00
[2026-09-22T19:42:07.468Z] INCONSISTÊNCIA FINANCEIRA venda=11740 calculado=431.10 ateTotal=1300.00
[2026-09-22T19:42:07.549Z] INCONSISTÊNCIA FINANCEIRA venda=11741 calculado=800.00 ateTotal=590.00
[2026-09-22T19:42:07.628Z] INCONSISTÊNCIA FINANCEIRA venda=11742 calculado=500.00 ateTotal=210.00
[2026-09-22T19:42:07.707Z] INCONSISTÊNCIA FINANCEIRA venda=11743 calculado=900.00 ateTotal=680.00
[2026-09-22T19:42:07.787Z] INCONSISTÊNCIA FINANCEIRA venda=11744 calculado=400.00 ateTotal=250.00
[2026-09-22T19:42:07.864Z] INCONSISTÊNCIA FINANCEIRA venda=11745 calculado=101.10 ateTotal=1000.00
[2026-09-22T19:42:07.867Z] INCONSISTÊNCIA NOS ITENS venda=11745 calculado=101.10 itemTotalGeral=1200.00
[2026-09-22T19:42:08.015Z] INCONSISTÊNCIA FINANCEIRA venda=11747 calculado=880.00 ateTotal=690.00
[2026-09-22T19:42:08.097Z] INCONSISTÊNCIA FINANCEIRA venda=11748 calculado=1150.00 ateTotal=1140.00
[2026-09-22T19:42:08.176Z] INCONSISTÊNCIA FINANCEIRA venda=11749 calculado=800.00 ateTotal=300.00
[2026-09-22T19:42:08.261Z] INCONSISTÊNCIA FINANCEIRA venda=11750 calculado=-2594.48 ateTotal=2350.00
[2026-09-22T19:42:08.263Z] INCONSISTÊNCIA NOS ITENS venda=11750 calculado=-2594.48 itemTotalGeral=2.92
[2026-09-22T19:42:08.344Z] INCONSISTÊNCIA FINANCEIRA venda=11751 calculado=900.00 ateTotal=750.00
[2026-09-22T19:42:08.423Z] INCONSISTÊNCIA FINANCEIRA venda=11752 calculado=401.60 ateTotal=1500.00
[2026-09-22T19:42:08.499Z] INCONSISTÊNCIA FINANCEIRA venda=11753 calculado=2291.70 ateTotal=2740.00
[2026-09-22T19:42:08.585Z] INCONSISTÊNCIA FINANCEIRA venda=11754 calculado=760.00 ateTotal=600.00
[2026-09-22T19:42:08.668Z] INCONSISTÊNCIA FINANCEIRA venda=11755 calculado=601.00 ateTotal=1500.00
[2026-09-22T19:42:08.751Z] INCONSISTÊNCIA FINANCEIRA venda=11756 calculado=-2537.44 ateTotal=0.01
[2026-09-22T19:42:08.753Z] INCONSISTÊNCIA NOS ITENS venda=11756 calculado=-2537.44 itemTotalGeral=0.02
[2026-09-22T19:42:08.842Z] INCONSISTÊNCIA FINANCEIRA venda=11757 calculado=401.10 ateTotal=800.00
[2026-09-22T19:42:08.926Z] INCONSISTÊNCIA FINANCEIRA venda=11758 calculado=760.00 ateTotal=400.00
[2026-09-22T19:42:09.010Z] INCONSISTÊNCIA FINANCEIRA venda=11759 calculado=350.00 ateTotal=250.00
[2026-09-22T19:42:09.262Z] INCONSISTÊNCIA FINANCEIRA venda=11763 calculado=730.00 ateTotal=700.00
[2026-09-22T19:42:09.343Z] INCONSISTÊNCIA FINANCEIRA venda=11764 calculado=1210.00 ateTotal=850.00
[2026-09-22T19:42:09.502Z] INCONSISTÊNCIA FINANCEIRA venda=11766 calculado=700.00 ateTotal=350.00
[2026-09-22T19:42:09.588Z] INCONSISTÊNCIA FINANCEIRA venda=11767 calculado=-157.99 ateTotal=1400.00
[2026-09-22T19:42:09.591Z] INCONSISTÊNCIA NOS ITENS venda=11767 calculado=-157.99 itemTotalGeral=841.01
[2026-09-22T19:42:09.673Z] INCONSISTÊNCIA FINANCEIRA venda=11768 calculado=390.00 ateTotal=300.00
[2026-09-22T19:42:09.753Z] INCONSISTÊNCIA FINANCEIRA venda=11769 calculado=1892.70 ateTotal=1025.00
[2026-09-22T19:42:09.835Z] INCONSISTÊNCIA FINANCEIRA venda=11770 calculado=1150.00 ateTotal=900.00
[2026-09-22T19:42:10.150Z] INCONSISTÊNCIA FINANCEIRA venda=11774 calculado=500.00 ateTotal=400.00
[2026-09-22T19:42:10.544Z] INCONSISTÊNCIA FINANCEIRA venda=11780 calculado=860.00 ateTotal=800.00
[2026-09-22T19:42:10.620Z] INCONSISTÊNCIA FINANCEIRA venda=11781 calculado=401.00 ateTotal=1100.00
[2026-09-22T19:42:10.721Z] INCONSISTÊNCIA FINANCEIRA venda=11782 calculado=483.60 ateTotal=4080.00
[2026-09-22T19:42:10.725Z] INCONSISTÊNCIA NOS ITENS venda=11782 calculado=483.60 itemTotalGeral=1282.80
[2026-09-22T19:42:10.884Z] INCONSISTÊNCIA FINANCEIRA venda=11784 calculado=903.57 ateTotal=3000.00
[2026-09-22T19:42:10.965Z] INCONSISTÊNCIA FINANCEIRA venda=11785 calculado=1.10 ateTotal=490.00
[2026-09-22T19:42:11.049Z] INCONSISTÊNCIA FINANCEIRA venda=11786 calculado=60.00 ateTotal=100.00
[2026-09-22T19:42:11.050Z] INCONSISTÊNCIA NOS ITENS venda=11786 calculado=60.00 itemTotalGeral=120.00
[2026-09-22T19:42:11.133Z] INCONSISTÊNCIA FINANCEIRA venda=11787 calculado=431.00 ateTotal=1200.00
[2026-09-22T19:42:11.543Z] INCONSISTÊNCIA FINANCEIRA venda=11792 calculado=401.90 ateTotal=2100.00
[2026-09-22T19:42:11.618Z] INCONSISTÊNCIA FINANCEIRA venda=11793 calculado=621.00 ateTotal=1080.00
[2026-09-22T19:42:11.693Z] INCONSISTÊNCIA FINANCEIRA venda=11794 calculado=330.00 ateTotal=200.00
[2026-09-22T19:42:11.783Z] INCONSISTÊNCIA FINANCEIRA venda=11795 calculado=1190.00 ateTotal=600.00
[2026-09-22T19:42:11.853Z] INCONSISTÊNCIA FINANCEIRA venda=11796 calculado=730.00 ateTotal=650.00
[2026-09-22T19:42:11.920Z] INCONSISTÊNCIA FINANCEIRA venda=11797 calculado=900.00 ateTotal=750.00
[2026-09-22T19:42:11.996Z] INCONSISTÊNCIA FINANCEIRA venda=11798 calculado=500.00 ateTotal=250.00
[2026-09-22T19:42:12.151Z] INCONSISTÊNCIA FINANCEIRA venda=11800 calculado=700.00 ateTotal=540.00
[2026-09-22T19:42:12.223Z] INCONSISTÊNCIA FINANCEIRA venda=11801 calculado=350.00 ateTotal=180.00
[2026-09-22T19:42:12.303Z] INCONSISTÊNCIA FINANCEIRA venda=11802 calculado=2.20 ateTotal=1700.00
[2026-09-22T19:42:12.378Z] INCONSISTÊNCIA FINANCEIRA venda=11803 calculado=452.06 ateTotal=2250.00
[2026-09-22T19:42:12.460Z] INCONSISTÊNCIA FINANCEIRA venda=11804 calculado=351.30 ateTotal=1550.00
[2026-09-22T19:42:12.543Z] INCONSISTÊNCIA FINANCEIRA venda=11805 calculado=351.35 ateTotal=1680.00
[2026-09-22T19:42:12.620Z] INCONSISTÊNCIA FINANCEIRA venda=11806 calculado=431.35 ateTotal=1080.00
[2026-09-22T19:42:12.696Z] INCONSISTÊNCIA FINANCEIRA venda=11807 calculado=400.00 ateTotal=300.00
[2026-09-22T19:42:12.789Z] INCONSISTÊNCIA FINANCEIRA venda=11808 calculado=392.40 ateTotal=2240.00
[2026-09-22T19:42:12.869Z] INCONSISTÊNCIA FINANCEIRA venda=11809 calculado=1511.50 ateTotal=2800.00
[2026-09-22T19:42:12.942Z] INCONSISTÊNCIA FINANCEIRA venda=11810 calculado=930.00 ateTotal=750.00
[2026-09-22T19:42:13.022Z] INCONSISTÊNCIA FINANCEIRA venda=11811 calculado=960.00 ateTotal=750.00
[2026-09-22T19:42:13.116Z] INCONSISTÊNCIA FINANCEIRA venda=11812 calculado=950.00 ateTotal=670.00
[2026-09-22T19:42:13.193Z] INCONSISTÊNCIA FINANCEIRA venda=11813 calculado=800.00 ateTotal=656.00
[2026-09-22T19:42:13.264Z] INCONSISTÊNCIA FINANCEIRA venda=11814 calculado=800.00 ateTotal=450.00
[2026-09-22T19:42:13.338Z] INCONSISTÊNCIA FINANCEIRA venda=11815 calculado=401.80 ateTotal=1365.00
[2026-09-22T19:42:13.415Z] INCONSISTÊNCIA FINANCEIRA venda=11816 calculado=650.00 ateTotal=400.00
[2026-09-22T19:42:13.495Z] INCONSISTÊNCIA FINANCEIRA venda=11817 calculado=1250.00 ateTotal=960.00
[2026-09-22T19:42:13.575Z] INCONSISTÊNCIA FINANCEIRA venda=11818 calculado=1320.00 ateTotal=1100.00
[2026-09-22T19:42:13.748Z] INCONSISTÊNCIA FINANCEIRA venda=11820 calculado=-4891.60 ateTotal=3500.00
[2026-09-22T19:42:13.749Z] INCONSISTÊNCIA NOS ITENS venda=11820 calculado=-4891.60 itemTotalGeral=503.00
[2026-09-22T19:42:13.829Z] INCONSISTÊNCIA FINANCEIRA venda=11821 calculado=760.00 ateTotal=552.00
[2026-09-22T19:42:13.988Z] INCONSISTÊNCIA FINANCEIRA venda=11823 calculado=1000.00 ateTotal=940.00
[2026-09-22T19:42:14.141Z] INCONSISTÊNCIA FINANCEIRA venda=11826 calculado=650.00 ateTotal=400.00
[2026-09-22T19:42:14.217Z] INCONSISTÊNCIA FINANCEIRA venda=11827 calculado=451.50 ateTotal=1700.00
[2026-09-22T19:42:14.287Z] INCONSISTÊNCIA FINANCEIRA venda=11828 calculado=2.20 ateTotal=1400.00
[2026-09-22T19:42:14.363Z] INCONSISTÊNCIA FINANCEIRA venda=11829 calculado=1021.35 ateTotal=1400.00
[2026-09-22T19:42:14.433Z] INCONSISTÊNCIA FINANCEIRA venda=11830 calculado=361.00 ateTotal=1000.00
[2026-09-22T19:42:14.506Z] INCONSISTÊNCIA FINANCEIRA venda=11831 calculado=400.00 ateTotal=150.00
[2026-09-22T19:42:14.586Z] INCONSISTÊNCIA FINANCEIRA venda=11832 calculado=451.80 ateTotal=2190.00
[2026-09-22T19:42:14.662Z] INCONSISTÊNCIA FINANCEIRA venda=11833 calculado=401.40 ateTotal=1500.00
[2026-09-22T19:42:14.734Z] INCONSISTÊNCIA FINANCEIRA venda=11834 calculado=620.00 ateTotal=390.00
[2026-09-22T19:42:14.813Z] INCONSISTÊNCIA FINANCEIRA venda=11835 calculado=1250.00 ateTotal=874.00
[2026-09-22T19:42:14.896Z] INCONSISTÊNCIA FINANCEIRA venda=11836 calculado=394.20 ateTotal=3700.00
[2026-09-22T19:42:14.965Z] INCONSISTÊNCIA FINANCEIRA venda=11837 calculado=400.00 ateTotal=300.00
[2026-09-22T19:42:15.041Z] INCONSISTÊNCIA FINANCEIRA venda=11838 calculado=1060.00 ateTotal=990.00
[2026-09-22T19:42:15.108Z] INCONSISTÊNCIA FINANCEIRA venda=11839 calculado=1580.00 ateTotal=1000.00
[2026-09-22T19:42:15.179Z] INCONSISTÊNCIA FINANCEIRA venda=11840 calculado=854.70 ateTotal=5000.00
[2026-09-22T19:42:15.257Z] INCONSISTÊNCIA FINANCEIRA venda=11841 calculado=-2397.57 ateTotal=0.01
[2026-09-22T19:42:15.258Z] INCONSISTÊNCIA NOS ITENS venda=11841 calculado=-2397.57 itemTotalGeral=0.03
[2026-09-22T19:42:15.409Z] INCONSISTÊNCIA FINANCEIRA venda=11843 calculado=1711.90 ateTotal=3140.00
[2026-09-22T19:42:15.564Z] INCONSISTÊNCIA FINANCEIRA venda=11845 calculado=1330.00 ateTotal=1000.00
[2026-09-22T19:42:15.650Z] INCONSISTÊNCIA FINANCEIRA venda=11846 calculado=800.00 ateTotal=780.00
[2026-09-22T19:42:15.734Z] INCONSISTÊNCIA FINANCEIRA venda=11847 calculado=1220.00 ateTotal=800.00
[2026-09-22T19:42:15.806Z] INCONSISTÊNCIA FINANCEIRA venda=11848 calculado=401.20 ateTotal=1500.00
[2026-09-22T19:42:16.120Z] INCONSISTÊNCIA FINANCEIRA venda=11852 calculado=350.00 ateTotal=250.00
[2026-09-22T19:42:16.194Z] INCONSISTÊNCIA FINANCEIRA venda=11853 calculado=3.35 ateTotal=2500.00
[2026-09-22T19:42:16.341Z] INCONSISTÊNCIA FINANCEIRA venda=11855 calculado=960.00 ateTotal=700.00
[2026-09-22T19:42:16.412Z] INCONSISTÊNCIA FINANCEIRA venda=11856 calculado=1100.00 ateTotal=750.00
[2026-09-22T19:42:16.485Z] INCONSISTÊNCIA FINANCEIRA venda=11857 calculado=800.00 ateTotal=740.00
[2026-09-22T19:42:16.555Z] INCONSISTÊNCIA FINANCEIRA venda=11858 calculado=1220.00 ateTotal=1000.00
[2026-09-22T19:42:16.624Z] INCONSISTÊNCIA FINANCEIRA venda=11859 calculado=3.38 ateTotal=2500.00
[2026-09-22T19:42:16.701Z] INCONSISTÊNCIA FINANCEIRA venda=11860 calculado=790.00 ateTotal=700.00
[2026-09-22T19:42:16.772Z] INCONSISTÊNCIA FINANCEIRA venda=11861 calculado=1220.00 ateTotal=800.00
[2026-09-22T19:42:16.850Z] INCONSISTÊNCIA FINANCEIRA venda=11862 calculado=402.90 ateTotal=2000.00
[2026-09-22T19:42:16.924Z] INCONSISTÊNCIA FINANCEIRA venda=11863 calculado=1372.50 ateTotal=2500.00
[2026-09-22T19:42:17.003Z] INCONSISTÊNCIA FINANCEIRA venda=11864 calculado=451.80 ateTotal=2200.00
[2026-09-22T19:42:17.076Z] INCONSISTÊNCIA FINANCEIRA venda=11865 calculado=520.00 ateTotal=350.00
[2026-09-22T19:42:17.148Z] INCONSISTÊNCIA FINANCEIRA venda=11866 calculado=1220.00 ateTotal=950.00
[2026-09-22T19:42:17.224Z] INCONSISTÊNCIA FINANCEIRA venda=11867 calculado=990.00 ateTotal=900.00
[2026-09-22T19:42:17.298Z] INCONSISTÊNCIA FINANCEIRA venda=11868 calculado=1020.00 ateTotal=748.00
[2026-09-22T19:42:17.376Z] INCONSISTÊNCIA FINANCEIRA venda=11869 calculado=1200.00 ateTotal=1000.00
[2026-09-22T19:42:17.449Z] INCONSISTÊNCIA FINANCEIRA venda=11870 calculado=1220.00 ateTotal=900.00
[2026-09-22T19:42:17.523Z] INCONSISTÊNCIA FINANCEIRA venda=11871 calculado=1.20 ateTotal=1100.00
[2026-09-22T19:42:17.594Z] INCONSISTÊNCIA FINANCEIRA venda=11872 calculado=422.00 ateTotal=2000.00
[2026-09-22T19:42:17.773Z] INCONSISTÊNCIA FINANCEIRA venda=11874 calculado=1230.00 ateTotal=950.00
[2026-09-22T19:42:17.854Z] INCONSISTÊNCIA FINANCEIRA venda=11875 calculado=800.00 ateTotal=600.00
[2026-09-22T19:42:17.921Z] INCONSISTÊNCIA FINANCEIRA venda=11876 calculado=452.24 ateTotal=2280.00
[2026-09-22T19:42:18.096Z] INCONSISTÊNCIA FINANCEIRA venda=11878 calculado=341.10 ateTotal=1440.00
[2026-09-22T19:42:18.100Z] INCONSISTÊNCIA NOS ITENS venda=11878 calculado=341.10 itemTotalGeral=1440.00
[2026-09-22T19:42:18.173Z] INCONSISTÊNCIA FINANCEIRA venda=11879 calculado=393.24 ateTotal=3000.00
[2026-09-22T19:42:18.244Z] INCONSISTÊNCIA FINANCEIRA venda=11880 calculado=523.18 ateTotal=3450.00
[2026-09-22T19:42:18.317Z] INCONSISTÊNCIA FINANCEIRA venda=11881 calculado=432.60 ateTotal=3000.00
[2026-09-22T19:42:18.392Z] INCONSISTÊNCIA FINANCEIRA venda=11882 calculado=401.00 ateTotal=1000.00
[2026-09-22T19:42:18.459Z] INCONSISTÊNCIA FINANCEIRA venda=11883 calculado=402.40 ateTotal=2300.00
[2026-09-22T19:42:18.525Z] INCONSISTÊNCIA FINANCEIRA venda=11884 calculado=431.00 ateTotal=1.00
[2026-09-22T19:42:18.600Z] INCONSISTÊNCIA FINANCEIRA venda=11885 calculado=451.50 ateTotal=1610.00
[2026-09-22T19:42:18.683Z] INCONSISTÊNCIA FINANCEIRA venda=11886 calculado=690.00 ateTotal=350.00
[2026-09-22T19:42:18.765Z] INCONSISTÊNCIA FINANCEIRA venda=11887 calculado=474.24 ateTotal=1.00
[2026-09-22T19:42:18.843Z] INCONSISTÊNCIA FINANCEIRA venda=11888 calculado=421.20 ateTotal=1200.00
[2026-09-22T19:42:18.923Z] INCONSISTÊNCIA FINANCEIRA venda=11889 calculado=421.40 ateTotal=1500.00
[2026-09-22T19:42:19.006Z] INCONSISTÊNCIA FINANCEIRA venda=11890 calculado=421.00 ateTotal=1.00
[2026-09-22T19:42:19.085Z] INCONSISTÊNCIA FINANCEIRA venda=11891 calculado=1.70 ateTotal=1600.00
[2026-09-22T19:42:19.170Z] INCONSISTÊNCIA FINANCEIRA venda=11892 calculado=401.80 ateTotal=1900.00
[2026-09-22T19:42:19.256Z] INCONSISTÊNCIA FINANCEIRA venda=11893 calculado=421.40 ateTotal=1750.00
[2026-09-22T19:42:19.336Z] INCONSISTÊNCIA FINANCEIRA venda=11894 calculado=600.00 ateTotal=400.00
[2026-09-22T19:42:19.410Z] INCONSISTÊNCIA FINANCEIRA venda=11895 calculado=361.10 ateTotal=700.00
[2026-09-22T19:42:19.492Z] INCONSISTÊNCIA FINANCEIRA venda=11896 calculado=421.30 ateTotal=1200.00
[2026-09-22T19:42:19.571Z] INCONSISTÊNCIA FINANCEIRA venda=11897 calculado=790.00 ateTotal=600.00
[2026-09-22T19:42:19.674Z] INCONSISTÊNCIA FINANCEIRA venda=11898 calculado=350.00 ateTotal=440.00
[2026-09-22T19:42:19.676Z] INCONSISTÊNCIA NOS ITENS venda=11898 calculado=350.00 itemTotalGeral=700.00
[2026-09-22T19:42:19.750Z] INCONSISTÊNCIA FINANCEIRA venda=11899 calculado=600.00 ateTotal=250.00
[2026-09-22T19:42:19.831Z] INCONSISTÊNCIA FINANCEIRA venda=11900 calculado=1100.00 ateTotal=875.00
[2026-09-22T19:42:19.910Z] INCONSISTÊNCIA FINANCEIRA venda=11901 calculado=860.00 ateTotal=700.00
[2026-09-22T19:42:19.982Z] INCONSISTÊNCIA FINANCEIRA venda=11902 calculado=403.60 ateTotal=3000.00
[2026-09-22T19:42:20.058Z] INCONSISTÊNCIA FINANCEIRA venda=11903 calculado=403.80 ateTotal=3600.00
[2026-09-22T19:42:20.141Z] INCONSISTÊNCIA FINANCEIRA venda=11904 calculado=930.00 ateTotal=750.00
[2026-09-22T19:42:20.224Z] INCONSISTÊNCIA FINANCEIRA venda=11905 calculado=760.00 ateTotal=500.00
[2026-09-22T19:42:20.295Z] INCONSISTÊNCIA FINANCEIRA venda=11906 calculado=1180.00 ateTotal=1.00
[2026-09-22T19:42:20.375Z] INCONSISTÊNCIA FINANCEIRA venda=11907 calculado=980.00 ateTotal=800.00
[2026-09-22T19:42:20.450Z] INCONSISTÊNCIA FINANCEIRA venda=11908 calculado=421.60 ateTotal=1300.00
[2026-09-22T19:42:20.529Z] INCONSISTÊNCIA FINANCEIRA venda=11909 calculado=3.70 ateTotal=3000.00
[2026-09-22T19:42:20.608Z] INCONSISTÊNCIA FINANCEIRA venda=11910 calculado=900.00 ateTotal=880.00
[2026-09-22T19:42:20.692Z] INCONSISTÊNCIA FINANCEIRA venda=11911 calculado=401.40 ateTotal=1500.00
[2026-09-22T19:42:20.769Z] INCONSISTÊNCIA FINANCEIRA venda=11912 calculado=1190.00 ateTotal=960.00
[2026-09-22T19:42:20.999Z] INCONSISTÊNCIA FINANCEIRA venda=11915 calculado=421.20 ateTotal=1200.00
[2026-09-22T19:42:21.082Z] INCONSISTÊNCIA FINANCEIRA venda=11916 calculado=400.00 ateTotal=330.00
[2026-09-22T19:42:21.153Z] INCONSISTÊNCIA FINANCEIRA venda=11917 calculado=1190.00 ateTotal=900.00
[2026-09-22T19:42:21.226Z] INCONSISTÊNCIA FINANCEIRA venda=11918 calculado=840.00 ateTotal=700.00
[2026-09-22T19:42:21.302Z] INCONSISTÊNCIA FINANCEIRA venda=11919 calculado=1000.00 ateTotal=680.00
[2026-09-22T19:42:21.432Z] INCONSISTÊNCIA FINANCEIRA venda=11920 calculado=940.00 ateTotal=900.00
[2026-09-22T19:42:21.505Z] INCONSISTÊNCIA FINANCEIRA venda=11921 calculado=970.00 ateTotal=900.00
[2026-09-22T19:42:21.577Z] INCONSISTÊNCIA FINANCEIRA venda=11922 calculado=550.00 ateTotal=400.00
[2026-09-22T19:42:21.649Z] INCONSISTÊNCIA FINANCEIRA venda=11923 calculado=420.00 ateTotal=300.00
[2026-09-22T19:42:21.727Z] INCONSISTÊNCIA FINANCEIRA venda=11924 calculado=820.00 ateTotal=800.00
[2026-09-22T19:42:21.805Z] INCONSISTÊNCIA FINANCEIRA venda=11925 calculado=1.74 ateTotal=1600.00
[2026-09-22T19:42:21.888Z] INCONSISTÊNCIA FINANCEIRA venda=11926 calculado=1233.80 ateTotal=3380.00
[2026-09-22T19:42:21.959Z] INCONSISTÊNCIA FINANCEIRA venda=11927 calculado=600.00 ateTotal=350.00
[2026-09-22T19:42:22.029Z] INCONSISTÊNCIA FINANCEIRA venda=11928 calculado=1190.00 ateTotal=950.00
[2026-09-22T19:42:22.098Z] INCONSISTÊNCIA FINANCEIRA venda=11929 calculado=500.00 ateTotal=240.00
[2026-09-22T19:42:22.239Z] INCONSISTÊNCIA FINANCEIRA venda=11930 calculado=840.00 ateTotal=700.00
[2026-09-22T19:42:22.312Z] INCONSISTÊNCIA FINANCEIRA venda=11931 calculado=1.10 ateTotal=700.00
[2026-09-22T19:42:22.395Z] INCONSISTÊNCIA FINANCEIRA venda=11932 calculado=1252.70 ateTotal=2400.00
[2026-09-22T19:42:22.475Z] INCONSISTÊNCIA FINANCEIRA venda=11933 calculado=1250.00 ateTotal=1200.00
[2026-09-22T19:42:22.553Z] INCONSISTÊNCIA FINANCEIRA venda=11934 calculado=420.00 ateTotal=220.00
[2026-09-22T19:42:22.635Z] INCONSISTÊNCIA FINANCEIRA venda=11935 calculado=1250.00 ateTotal=1000.00
[2026-09-22T19:42:22.709Z] INCONSISTÊNCIA FINANCEIRA venda=11936 calculado=1220.00 ateTotal=960.00
[2026-09-22T19:42:22.789Z] INCONSISTÊNCIA FINANCEIRA venda=11937 calculado=1200.00 ateTotal=700.00
[2026-09-22T19:42:22.868Z] INCONSISTÊNCIA FINANCEIRA venda=11938 calculado=420.00 ateTotal=300.00
[2026-09-22T19:42:22.945Z] INCONSISTÊNCIA FINANCEIRA venda=11939 calculado=360.00 ateTotal=150.00
[2026-09-22T19:42:23.026Z] INCONSISTÊNCIA FINANCEIRA venda=11940 calculado=840.00 ateTotal=650.00
[2026-09-22T19:42:23.108Z] INCONSISTÊNCIA FINANCEIRA venda=11941 calculado=1030.00 ateTotal=1000.00
[2026-09-22T19:42:23.191Z] INCONSISTÊNCIA FINANCEIRA venda=11942 calculado=830.00 ateTotal=550.00
[2026-09-22T19:42:23.262Z] INCONSISTÊNCIA FINANCEIRA venda=11943 calculado=421.20 ateTotal=900.00
[2026-09-22T19:42:23.341Z] INCONSISTÊNCIA FINANCEIRA venda=11944 calculado=600.00 ateTotal=390.00
[2026-09-22T19:42:23.412Z] INCONSISTÊNCIA FINANCEIRA venda=11945 calculado=450.00 ateTotal=300.00
[2026-09-22T19:42:23.480Z] INCONSISTÊNCIA FINANCEIRA venda=11946 calculado=330.00 ateTotal=300.00
[2026-09-22T19:42:23.617Z] INCONSISTÊNCIA FINANCEIRA venda=11947 calculado=403.50 ateTotal=2750.00
[2026-09-22T19:42:23.696Z] INCONSISTÊNCIA FINANCEIRA venda=11948 calculado=920.00 ateTotal=700.00
[2026-09-22T19:42:23.763Z] INCONSISTÊNCIA FINANCEIRA venda=11949 calculado=391.20 ateTotal=1450.00
[2026-09-22T19:42:23.841Z] INCONSISTÊNCIA FINANCEIRA venda=11950 calculado=860.00 ateTotal=700.00
[2026-09-22T19:42:23.908Z] INCONSISTÊNCIA FINANCEIRA venda=11951 calculado=600.00 ateTotal=500.00
[2026-09-22T19:42:23.981Z] INCONSISTÊNCIA FINANCEIRA venda=11952 calculado=390.00 ateTotal=300.00
[2026-09-22T19:42:24.051Z] INCONSISTÊNCIA FINANCEIRA venda=11953 calculado=1010.00 ateTotal=590.00
[2026-09-22T19:42:24.127Z] INCONSISTÊNCIA FINANCEIRA venda=11954 calculado=3.80 ateTotal=2000.00
[2026-09-22T19:42:24.202Z] INCONSISTÊNCIA FINANCEIRA venda=11955 calculado=422.40 ateTotal=2300.00
[2026-09-22T19:42:24.278Z] INCONSISTÊNCIA FINANCEIRA venda=11956 calculado=433.80 ateTotal=2380.00
[2026-09-22T19:42:24.439Z] INCONSISTÊNCIA FINANCEIRA venda=11958 calculado=472.00 ateTotal=200.00
[2026-09-22T19:42:24.508Z] INCONSISTÊNCIA FINANCEIRA venda=11959 calculado=432.06 ateTotal=1400.00
[2026-09-22T19:42:24.580Z] INCONSISTÊNCIA FINANCEIRA venda=11960 calculado=451.68 ateTotal=1800.00
[2026-09-22T19:42:24.657Z] INCONSISTÊNCIA FINANCEIRA venda=11961 calculado=790.00 ateTotal=700.00
[2026-09-22T19:42:24.736Z] INCONSISTÊNCIA FINANCEIRA venda=11962 calculado=420.00 ateTotal=280.00
[2026-09-22T19:42:24.818Z] INCONSISTÊNCIA FINANCEIRA venda=11963 calculado=431.20 ateTotal=795.00
[2026-09-22T19:42:24.898Z] INCONSISTÊNCIA FINANCEIRA venda=11964 calculado=800.00 ateTotal=500.00
[2026-09-22T19:42:24.981Z] INCONSISTÊNCIA FINANCEIRA venda=11965 calculado=1.30 ateTotal=700.00
[2026-09-22T19:42:25.063Z] INCONSISTÊNCIA FINANCEIRA venda=11966 calculado=1250.00 ateTotal=1110.00
[2026-09-22T19:42:25.147Z] INCONSISTÊNCIA FINANCEIRA venda=11967 calculado=400.00 ateTotal=300.00
[2026-09-22T19:42:25.226Z] INCONSISTÊNCIA FINANCEIRA venda=11968 calculado=560.00 ateTotal=550.00
[2026-09-22T19:42:25.305Z] INCONSISTÊNCIA FINANCEIRA venda=11969 calculado=1250.00 ateTotal=990.00
[2026-09-22T19:42:25.384Z] INCONSISTÊNCIA FINANCEIRA venda=11970 calculado=421.10 ateTotal=900.00
[2026-09-22T19:42:25.462Z] INCONSISTÊNCIA FINANCEIRA venda=11971 calculado=400.00 ateTotal=350.00
[2026-09-22T19:42:25.544Z] INCONSISTÊNCIA FINANCEIRA venda=11972 calculado=800.00 ateTotal=300.00
[2026-09-22T19:42:25.620Z] INCONSISTÊNCIA FINANCEIRA venda=11973 calculado=421.00 ateTotal=1160.00
[2026-09-22T19:42:25.725Z] INCONSISTÊNCIA FINANCEIRA venda=11974 calculado=1200.00 ateTotal=1100.00
[2026-09-22T19:42:25.808Z] INCONSISTÊNCIA FINANCEIRA venda=11975 calculado=421.40 ateTotal=1500.00
[2026-09-22T19:42:25.891Z] INCONSISTÊNCIA FINANCEIRA venda=11976 calculado=1420.00 ateTotal=1380.00
[2026-09-22T19:42:25.972Z] INCONSISTÊNCIA FINANCEIRA venda=11977 calculado=481.00 ateTotal=1440.00
[2026-09-22T19:42:26.053Z] INCONSISTÊNCIA FINANCEIRA venda=11978 calculado=500.00 ateTotal=460.00
[2026-09-22T19:42:26.136Z] INCONSISTÊNCIA FINANCEIRA venda=11979 calculado=500.00 ateTotal=400.00
[2026-09-22T19:42:26.225Z] INCONSISTÊNCIA FINANCEIRA venda=11980 calculado=421.74 ateTotal=1400.00
[2026-09-22T19:42:26.305Z] INCONSISTÊNCIA FINANCEIRA venda=11981 calculado=1290.00 ateTotal=345.00
[2026-09-22T19:42:26.375Z] INCONSISTÊNCIA FINANCEIRA venda=11982 calculado=452.80 ateTotal=700.00
[2026-09-22T19:42:26.455Z] INCONSISTÊNCIA FINANCEIRA venda=11983 calculado=620.00 ateTotal=400.00
[2026-09-22T19:42:26.529Z] INCONSISTÊNCIA FINANCEIRA venda=11984 calculado=360.00 ateTotal=155.00
[2026-09-22T19:42:26.603Z] INCONSISTÊNCIA FINANCEIRA venda=11985 calculado=1000.00 ateTotal=505.00
[2026-09-22T19:42:26.679Z] INCONSISTÊNCIA FINANCEIRA venda=11986 calculado=600.00 ateTotal=250.00
[2026-09-22T19:42:26.750Z] INCONSISTÊNCIA FINANCEIRA venda=11987 calculado=453.35 ateTotal=3260.00
[2026-09-22T19:42:26.820Z] INCONSISTÊNCIA FINANCEIRA venda=11988 calculado=1.80 ateTotal=1000.00
[2026-09-22T19:42:26.896Z] INCONSISTÊNCIA FINANCEIRA venda=11989 calculado=1680.00 ateTotal=1000.00
[2026-09-22T19:42:26.980Z] INCONSISTÊNCIA FINANCEIRA venda=11990 calculado=550.00 ateTotal=450.00
[2026-09-22T19:42:27.058Z] INCONSISTÊNCIA FINANCEIRA venda=11991 calculado=1250.00 ateTotal=1000.00
[2026-09-22T19:42:27.205Z] INCONSISTÊNCIA FINANCEIRA venda=11993 calculado=330.00 ateTotal=250.00
[2026-09-22T19:42:27.281Z] INCONSISTÊNCIA FINANCEIRA venda=11994 calculado=990.00 ateTotal=910.00
[2026-09-22T19:42:27.362Z] INCONSISTÊNCIA FINANCEIRA venda=11995 calculado=1.30 ateTotal=950.00
[2026-09-22T19:42:27.439Z] INCONSISTÊNCIA FINANCEIRA venda=11996 calculado=930.00 ateTotal=660.00
[2026-09-22T19:42:27.512Z] INCONSISTÊNCIA FINANCEIRA venda=11997 calculado=713.30 ateTotal=2010.00
[2026-09-22T19:42:27.596Z] INCONSISTÊNCIA FINANCEIRA venda=11998 calculado=522.10 ateTotal=1950.00
[2026-09-22T19:42:27.673Z] INCONSISTÊNCIA FINANCEIRA venda=11999 calculado=3.80 ateTotal=2100.00
[2026-09-22T19:42:27.741Z] INCONSISTÊNCIA FINANCEIRA venda=12000 calculado=1.40 ateTotal=1000.00
[2026-09-22T19:42:27.823Z] INCONSISTÊNCIA FINANCEIRA venda=12001 calculado=400.00 ateTotal=330.00
[2026-09-22T19:42:27.896Z] INCONSISTÊNCIA FINANCEIRA venda=12002 calculado=360.00 ateTotal=250.00
[2026-09-22T19:42:27.978Z] INCONSISTÊNCIA FINANCEIRA venda=12003 calculado=400.00 ateTotal=390.00
[2026-09-22T19:42:28.060Z] INCONSISTÊNCIA FINANCEIRA venda=12004 calculado=393.80 ateTotal=2610.00
[2026-09-22T19:42:28.138Z] INCONSISTÊNCIA FINANCEIRA venda=12005 calculado=402.24 ateTotal=2000.00
[2026-09-22T19:42:28.299Z] INCONSISTÊNCIA FINANCEIRA venda=12007 calculado=830.00 ateTotal=700.00
[2026-09-22T19:42:28.382Z] INCONSISTÊNCIA FINANCEIRA venda=12008 calculado=434.60 ateTotal=3100.00
[2026-09-22T19:42:28.465Z] INCONSISTÊNCIA FINANCEIRA venda=12009 calculado=400.00 ateTotal=330.00
[2026-09-22T19:42:28.541Z] INCONSISTÊNCIA FINANCEIRA venda=12010 calculado=431.80 ateTotal=2184.00
[2026-09-22T19:42:28.622Z] INCONSISTÊNCIA FINANCEIRA venda=12011 calculado=1.30 ateTotal=800.00
[2026-09-22T19:42:28.699Z] INCONSISTÊNCIA FINANCEIRA venda=12012 calculado=1272.00 ateTotal=960.00
[2026-09-22T19:42:28.780Z] INCONSISTÊNCIA FINANCEIRA venda=12013 calculado=433.80 ateTotal=3350.00
[2026-09-22T19:42:28.862Z] INCONSISTÊNCIA FINANCEIRA venda=12014 calculado=482.00 ateTotal=1600.00
[2026-09-22T19:42:29.019Z] INCONSISTÊNCIA FINANCEIRA venda=12016 calculado=522.60 ateTotal=2080.00
[2026-09-22T19:42:29.103Z] INCONSISTÊNCIA FINANCEIRA venda=12017 calculado=452.60 ateTotal=1670.00
[2026-09-22T19:42:29.184Z] INCONSISTÊNCIA FINANCEIRA venda=12018 calculado=700.00 ateTotal=400.00
[2026-09-22T19:42:29.267Z] INCONSISTÊNCIA FINANCEIRA venda=12019 calculado=400.00 ateTotal=250.00
[2026-09-22T19:42:29.350Z] INCONSISTÊNCIA FINANCEIRA venda=12020 calculado=900.00 ateTotal=430.00
[2026-09-22T19:42:29.431Z] INCONSISTÊNCIA FINANCEIRA venda=12021 calculado=431.00 ateTotal=950.00
[2026-09-22T19:42:29.514Z] INCONSISTÊNCIA FINANCEIRA venda=12022 calculado=420.00 ateTotal=300.00
[2026-09-22T19:42:29.594Z] INCONSISTÊNCIA FINANCEIRA venda=12023 calculado=700.00 ateTotal=550.00
[2026-09-22T19:42:29.674Z] INCONSISTÊNCIA FINANCEIRA venda=12024 calculado=393.35 ateTotal=3400.00
[2026-09-22T19:42:29.833Z] INCONSISTÊNCIA FINANCEIRA venda=12026 calculado=3.80 ateTotal=2100.00
[2026-09-22T19:42:29.914Z] INCONSISTÊNCIA FINANCEIRA venda=12027 calculado=451.60 ateTotal=1700.00
[2026-09-22T19:42:29.995Z] INCONSISTÊNCIA FINANCEIRA venda=12028 calculado=402.60 ateTotal=2200.00
[2026-09-22T19:42:30.078Z] INCONSISTÊNCIA FINANCEIRA venda=12029 calculado=1.74 ateTotal=1000.00
[2026-09-22T19:42:30.230Z] INCONSISTÊNCIA FINANCEIRA venda=12031 calculado=1.10 ateTotal=980.00
[2026-09-22T19:42:30.304Z] INCONSISTÊNCIA FINANCEIRA venda=12032 calculado=501.99 ateTotal=1360.00
[2026-09-22T19:42:30.384Z] INCONSISTÊNCIA FINANCEIRA venda=12033 calculado=522.50 ateTotal=2100.00
[2026-09-22T19:42:30.463Z] INCONSISTÊNCIA FINANCEIRA venda=12034 calculado=1320.00 ateTotal=1200.00
[2026-09-22T19:42:30.536Z] INCONSISTÊNCIA FINANCEIRA venda=12035 calculado=450.00 ateTotal=370.00
[2026-09-22T19:42:30.617Z] INCONSISTÊNCIA FINANCEIRA venda=12036 calculado=451.35 ateTotal=1040.00
[2026-09-22T19:42:30.692Z] INCONSISTÊNCIA FINANCEIRA venda=12037 calculado=1350.00 ateTotal=1000.00
[2026-09-22T19:42:30.761Z] INCONSISTÊNCIA FINANCEIRA venda=12038 calculado=500.00 ateTotal=0.01
[2026-09-22T19:42:30.827Z] INCONSISTÊNCIA FINANCEIRA venda=12039 calculado=401.20 ateTotal=1280.00
[2026-09-22T19:42:30.896Z] INCONSISTÊNCIA FINANCEIRA venda=12040 calculado=520.00 ateTotal=300.00
[2026-09-22T19:42:30.961Z] INCONSISTÊNCIA FINANCEIRA venda=12041 calculado=782.50 ateTotal=2340.00
[2026-09-22T19:42:31.039Z] INCONSISTÊNCIA FINANCEIRA venda=12042 calculado=482.40 ateTotal=2100.00
[2026-09-22T19:42:31.110Z] INCONSISTÊNCIA FINANCEIRA venda=12043 calculado=350.00 ateTotal=240.00
[2026-09-22T19:42:31.182Z] INCONSISTÊNCIA FINANCEIRA venda=12044 calculado=392.04 ateTotal=2150.00
[2026-09-22T19:42:31.253Z] INCONSISTÊNCIA FINANCEIRA venda=12045 calculado=1160.00 ateTotal=700.00
[2026-09-22T19:42:31.329Z] INCONSISTÊNCIA FINANCEIRA venda=12046 calculado=400.00 ateTotal=350.00
[2026-09-22T19:42:31.402Z] INCONSISTÊNCIA FINANCEIRA venda=12047 calculado=521.00 ateTotal=1100.00
[2026-09-22T19:42:31.479Z] INCONSISTÊNCIA FINANCEIRA venda=12048 calculado=930.00 ateTotal=840.00
[2026-09-22T19:42:31.544Z] INCONSISTÊNCIA FINANCEIRA venda=12049 calculado=1120.00 ateTotal=750.00
[2026-09-22T19:42:31.620Z] INCONSISTÊNCIA FINANCEIRA venda=12050 calculado=830.00 ateTotal=670.00
[2026-09-22T19:42:31.692Z] INCONSISTÊNCIA FINANCEIRA venda=12051 calculado=391.80 ateTotal=1600.00
[2026-09-22T19:42:31.760Z] INCONSISTÊNCIA FINANCEIRA venda=12052 calculado=400.00 ateTotal=350.00
[2026-09-22T19:42:31.828Z] INCONSISTÊNCIA FINANCEIRA venda=12053 calculado=1290.00 ateTotal=1100.00
[2026-09-22T19:42:31.895Z] INCONSISTÊNCIA FINANCEIRA venda=12054 calculado=1250.00 ateTotal=800.00
[2026-09-22T19:42:31.968Z] INCONSISTÊNCIA FINANCEIRA venda=12055 calculado=1.74 ateTotal=1340.00
[2026-09-22T19:42:32.042Z] INCONSISTÊNCIA FINANCEIRA venda=12056 calculado=391.70 ateTotal=1700.00
[2026-09-22T19:42:32.110Z] INCONSISTÊNCIA FINANCEIRA venda=12057 calculado=2310.00 ateTotal=1750.00
[2026-09-22T19:42:32.177Z] INCONSISTÊNCIA FINANCEIRA venda=12058 calculado=1.60 ateTotal=1000.00
[2026-09-22T19:42:32.324Z] INCONSISTÊNCIA FINANCEIRA venda=12060 calculado=454.20 ateTotal=3390.00
[2026-09-22T19:42:32.392Z] INCONSISTÊNCIA FINANCEIRA venda=12061 calculado=350.00 ateTotal=220.00
[2026-09-22T19:42:32.467Z] INCONSISTÊNCIA FINANCEIRA venda=12062 calculado=600.00 ateTotal=350.00
[2026-09-22T19:42:32.541Z] INCONSISTÊNCIA FINANCEIRA venda=12063 calculado=1390.00 ateTotal=1200.00
[2026-09-22T19:42:32.621Z] INCONSISTÊNCIA FINANCEIRA venda=12064 calculado=451.74 ateTotal=1104.00
[2026-09-22T19:42:32.694Z] INCONSISTÊNCIA FINANCEIRA venda=12065 calculado=760.00 ateTotal=400.00
[2026-09-22T19:42:32.773Z] INCONSISTÊNCIA FINANCEIRA venda=12066 calculado=830.00 ateTotal=500.00
[2026-09-22T19:42:32.848Z] INCONSISTÊNCIA FINANCEIRA venda=12067 calculado=522.04 ateTotal=2150.00
[2026-09-22T19:42:32.918Z] INCONSISTÊNCIA FINANCEIRA venda=12068 calculado=966.74 ateTotal=6000.00
[2026-09-22T19:42:32.986Z] INCONSISTÊNCIA FINANCEIRA venda=12069 calculado=930.00 ateTotal=550.00
[2026-09-22T19:42:33.057Z] INCONSISTÊNCIA FINANCEIRA venda=12070 calculado=950.00 ateTotal=850.00
[2026-09-22T19:42:33.124Z] INCONSISTÊNCIA FINANCEIRA venda=12071 calculado=391.00 ateTotal=1390.00
[2026-09-22T19:42:33.192Z] INCONSISTÊNCIA FINANCEIRA venda=12072 calculado=990.00 ateTotal=900.00
[2026-09-22T19:42:33.265Z] INCONSISTÊNCIA FINANCEIRA venda=12073 calculado=1050.00 ateTotal=900.00
[2026-09-22T19:42:33.403Z] INCONSISTÊNCIA FINANCEIRA venda=12075 calculado=500.00 ateTotal=350.00
[2026-09-22T19:42:33.543Z] INCONSISTÊNCIA FINANCEIRA venda=12077 calculado=500.00 ateTotal=285.00
[2026-09-22T19:42:33.614Z] INCONSISTÊNCIA FINANCEIRA venda=12078 calculado=920.00 ateTotal=700.00
[2026-09-22T19:42:33.681Z] INCONSISTÊNCIA FINANCEIRA venda=12079 calculado=1.50 ateTotal=1000.00
[2026-09-22T19:42:33.747Z] INCONSISTÊNCIA FINANCEIRA venda=12080 calculado=960.00 ateTotal=770.00
[2026-09-22T19:42:33.814Z] INCONSISTÊNCIA FINANCEIRA venda=12081 calculado=550.00 ateTotal=450.00
[2026-09-22T19:42:33.879Z] INCONSISTÊNCIA FINANCEIRA venda=12082 calculado=1.80 ateTotal=1100.00
[2026-09-22T19:42:33.948Z] INCONSISTÊNCIA FINANCEIRA venda=12083 calculado=960.00 ateTotal=900.00
[2026-09-22T19:42:34.022Z] INCONSISTÊNCIA FINANCEIRA venda=12084 calculado=1190.00 ateTotal=950.00
[2026-09-22T19:42:34.093Z] INCONSISTÊNCIA FINANCEIRA venda=12085 calculado=361.00 ateTotal=1200.00
[2026-09-22T19:42:34.163Z] INCONSISTÊNCIA FINANCEIRA venda=12086 calculado=1316.25 ateTotal=7500.00
[2026-09-22T19:42:34.241Z] INCONSISTÊNCIA FINANCEIRA venda=12087 calculado=362.10 ateTotal=1800.00
[2026-09-22T19:42:34.314Z] INCONSISTÊNCIA FINANCEIRA venda=12088 calculado=600.00 ateTotal=450.00
[2026-09-22T19:42:34.381Z] INCONSISTÊNCIA FINANCEIRA venda=12089 calculado=381.60 ateTotal=1680.00
[2026-09-22T19:42:34.453Z] INCONSISTÊNCIA FINANCEIRA venda=12090 calculado=401.68 ateTotal=1400.00
[2026-09-22T19:42:34.529Z] INCONSISTÊNCIA FINANCEIRA venda=12091 calculado=481.20 ateTotal=1254.00
[2026-09-22T19:42:34.596Z] INCONSISTÊNCIA FINANCEIRA venda=12092 calculado=960.00 ateTotal=600.00
[2026-09-22T19:42:34.661Z] INCONSISTÊNCIA FINANCEIRA venda=12093 calculado=800.00 ateTotal=600.00
[2026-09-22T19:42:34.729Z] INCONSISTÊNCIA FINANCEIRA venda=12094 calculado=500.00 ateTotal=350.00
[2026-09-22T19:42:34.798Z] INCONSISTÊNCIA FINANCEIRA venda=12095 calculado=1200.00 ateTotal=900.00
[2026-09-22T19:42:34.867Z] INCONSISTÊNCIA FINANCEIRA venda=12096 calculado=393.00 ateTotal=3080.00
[2026-09-22T19:42:34.936Z] INCONSISTÊNCIA FINANCEIRA venda=12097 calculado=-285.91 ateTotal=2980.00
[2026-09-22T19:42:34.936Z] INCONSISTÊNCIA NOS ITENS venda=12097 calculado=-285.91 itemTotalGeral=553.25
[2026-09-22T19:42:35.009Z] INCONSISTÊNCIA FINANCEIRA venda=12098 calculado=481.30 ateTotal=1592.00
[2026-09-22T19:42:35.144Z] INCONSISTÊNCIA FINANCEIRA venda=12100 calculado=1.20 ateTotal=1050.00
[2026-09-22T19:42:35.348Z] INCONSISTÊNCIA FINANCEIRA venda=12103 calculado=391.30 ateTotal=1200.00
[2026-09-22T19:42:35.420Z] INCONSISTÊNCIA FINANCEIRA venda=12104 calculado=551.80 ateTotal=1900.00
[2026-09-22T19:42:35.492Z] INCONSISTÊNCIA FINANCEIRA venda=12105 calculado=401.70 ateTotal=1700.00
[2026-09-22T19:42:35.562Z] INCONSISTÊNCIA FINANCEIRA venda=12106 calculado=523.80 ateTotal=3400.00
[2026-09-22T19:42:35.637Z] INCONSISTÊNCIA FINANCEIRA venda=12107 calculado=350.00 ateTotal=480.00
[2026-09-22T19:42:35.637Z] INCONSISTÊNCIA NOS ITENS venda=12107 calculado=350.00 itemTotalGeral=700.00
[2026-09-22T19:42:35.779Z] INCONSISTÊNCIA FINANCEIRA venda=12109 calculado=391.74 ateTotal=1450.00
[2026-09-22T19:42:35.850Z] INCONSISTÊNCIA FINANCEIRA venda=12110 calculado=3.70 ateTotal=3300.00
[2026-09-22T19:42:35.921Z] INCONSISTÊNCIA FINANCEIRA venda=12111 calculado=620.00 ateTotal=550.00
[2026-09-22T19:42:35.994Z] INCONSISTÊNCIA FINANCEIRA venda=12112 calculado=1200.00 ateTotal=400.00
[2026-09-22T19:42:36.063Z] INCONSISTÊNCIA FINANCEIRA venda=12113 calculado=520.00 ateTotal=250.00
[2026-09-22T19:42:36.134Z] INCONSISTÊNCIA FINANCEIRA venda=12114 calculado=401.30 ateTotal=1500.00
[2026-09-22T19:42:36.207Z] INCONSISTÊNCIA FINANCEIRA venda=12115 calculado=500.00 ateTotal=350.00
[2026-09-22T19:42:36.280Z] INCONSISTÊNCIA FINANCEIRA venda=12116 calculado=421.74 ateTotal=1400.00
[2026-09-22T19:42:36.347Z] INCONSISTÊNCIA FINANCEIRA venda=12117 calculado=401.30 ateTotal=1400.00
[2026-09-22T19:42:36.417Z] INCONSISTÊNCIA FINANCEIRA venda=12118 calculado=300.00 ateTotal=180.00
[2026-09-22T19:42:36.550Z] INCONSISTÊNCIA FINANCEIRA venda=12119 calculado=521.30 ateTotal=1500.00
[2026-09-22T19:42:36.628Z] INCONSISTÊNCIA FINANCEIRA venda=12120 calculado=3.80 ateTotal=2900.00
[2026-09-22T19:42:36.698Z] INCONSISTÊNCIA FINANCEIRA venda=12121 calculado=760.00 ateTotal=400.00
[2026-09-22T19:42:36.765Z] INCONSISTÊNCIA FINANCEIRA venda=12122 calculado=600.00 ateTotal=470.00
[2026-09-22T19:42:36.832Z] INCONSISTÊNCIA FINANCEIRA venda=12123 calculado=1.80 ateTotal=1400.00
[2026-09-22T19:42:36.906Z] INCONSISTÊNCIA FINANCEIRA venda=12124 calculado=391.20 ateTotal=1000.00
[2026-09-22T19:42:36.981Z] INCONSISTÊNCIA FINANCEIRA venda=12125 calculado=521.20 ateTotal=1000.00
[2026-09-22T19:42:37.054Z] INCONSISTÊNCIA FINANCEIRA venda=12126 calculado=481.30 ateTotal=1450.00
[2026-09-22T19:42:37.124Z] INCONSISTÊNCIA FINANCEIRA venda=12127 calculado=521.40 ateTotal=1600.00
[2026-09-22T19:42:37.196Z] INCONSISTÊNCIA FINANCEIRA venda=12128 calculado=1160.00 ateTotal=750.00
[2026-09-22T19:42:37.264Z] INCONSISTÊNCIA FINANCEIRA venda=12129 calculado=482.20 ateTotal=2050.00
[2026-09-22T19:42:37.329Z] INCONSISTÊNCIA FINANCEIRA venda=12130 calculado=1000.00 ateTotal=780.00
[2026-09-22T19:42:37.395Z] INCONSISTÊNCIA FINANCEIRA venda=12131 calculado=402.20 ateTotal=2152.00
[2026-09-22T19:42:37.466Z] INCONSISTÊNCIA FINANCEIRA venda=12133 calculado=432.50 ateTotal=1880.00
[2026-09-22T19:42:37.535Z] INCONSISTÊNCIA FINANCEIRA venda=12134 calculado=560.00 ateTotal=340.00
[2026-09-22T19:42:37.669Z] INCONSISTÊNCIA FINANCEIRA venda=12136 calculado=850.00 ateTotal=800.00
[2026-09-22T19:42:37.804Z] INCONSISTÊNCIA FINANCEIRA venda=12138 calculado=350.00 ateTotal=300.00
[2026-09-22T19:42:37.873Z] INCONSISTÊNCIA FINANCEIRA venda=12139 calculado=400.00 ateTotal=300.00
[2026-09-22T19:42:37.941Z] INCONSISTÊNCIA FINANCEIRA venda=12140 calculado=403.30 ateTotal=1260.00
[2026-09-22T19:42:38.010Z] INCONSISTÊNCIA FINANCEIRA venda=12141 calculado=700.00 ateTotal=400.00
[2026-09-22T19:42:38.080Z] INCONSISTÊNCIA FINANCEIRA venda=12143 calculado=1600.00 ateTotal=580.00
[2026-09-22T19:42:38.211Z] INCONSISTÊNCIA FINANCEIRA venda=12145 calculado=500.00 ateTotal=300.00
[2026-09-22T19:42:38.280Z] INCONSISTÊNCIA FINANCEIRA venda=12146 calculado=401.30 ateTotal=900.00
[2026-09-22T19:42:38.349Z] INCONSISTÊNCIA FINANCEIRA venda=12147 calculado=400.00 ateTotal=230.00
[2026-09-22T19:42:38.415Z] INCONSISTÊNCIA FINANCEIRA venda=12148 calculado=451.50 ateTotal=1800.00
[2026-09-22T19:42:38.485Z] INCONSISTÊNCIA FINANCEIRA venda=12149 calculado=350.00 ateTotal=240.00
[2026-09-22T19:42:38.560Z] INCONSISTÊNCIA FINANCEIRA venda=12150 calculado=1.80 ateTotal=300.00
[2026-09-22T19:42:38.631Z] INCONSISTÊNCIA FINANCEIRA venda=12151 calculado=600.00 ateTotal=400.00
[2026-09-22T19:42:38.697Z] INCONSISTÊNCIA FINANCEIRA venda=12152 calculado=350.00 ateTotal=200.00
[2026-09-22T19:42:38.763Z] INCONSISTÊNCIA FINANCEIRA venda=12153 calculado=500.00 ateTotal=200.00
[2026-09-22T19:42:38.831Z] INCONSISTÊNCIA FINANCEIRA venda=12154 calculado=1030.00 ateTotal=405.00
[2026-09-22T19:42:38.897Z] INCONSISTÊNCIA FINANCEIRA venda=12155 calculado=620.00 ateTotal=400.00
[2026-09-22T19:42:38.962Z] INCONSISTÊNCIA FINANCEIRA venda=12156 calculado=2.20 ateTotal=1200.00
[2026-09-22T19:42:39.029Z] INCONSISTÊNCIA FINANCEIRA venda=12157 calculado=960.00 ateTotal=700.00
[2026-09-22T19:42:39.101Z] Finalizada migration 04-sale | total=2094 created=2052 existing=0 pending=42 errors=0
