finId,finData,finValor,finDescricao,finTipo,finBalanco
1,09-Mar-15,R$ 160.00,Pago com sucesso da parcela n° 1 do atendimento 10021,E,11
2,15-May-15,R$ 160.00,Pago com atraso da parcela n° 2 do atendimento 10021,E,44
3,08-Jun-15,R$ 160.00,Pago com atraso da parcela n° 3 do atendimento 10021,E,0
4,09-Oct-15,R$ 160.00,Pago com atraso da parcela n° 4 do atendimento 10021,E,5
7,02-Jan-17,R$ 300.00,Pagamento de entrada. Atendimento N° 10023,E,1
8,22-Sep-16,R$ 110.00,Pago com sucesso da parcela n° 1 do atendimento 10024,E,39
9,01-Nov-16,R$ 110.00,Pago com atraso da parcela n° 2 do atendimento 10024,E,5
10,02-Dec-16,R$ 110.00,Pago com atraso da parcela n° 3 do atendimento 10024,E,2
11,30-Dec-16,R$ 110.00,Pago com atraso da parcela n° 4 do atendimento 10024,E,2
12,03-Jun-16,R$ 160.00,Pagamento de entrada. Atendimento N° 10027,E,39
13,05-Jul-16,R$ 160.00,Pago com sucesso da parcela n° 1 do atendimento 10027,E,39
14,01-Sep-16,R$ 160.00,Pago com atraso da parcela n° 2 do atendimento 10027,E,39
15,05-Oct-16,R$ 160.00,Pago com atraso da parcela n° 3 do atendimento 10027,E,6
16,28-Jun-16,R$ 130.00,Pago com atraso da parcela n° 1 do atendimento 10028,E,39
17,05-Oct-16,R$ 130.00,Pago com atraso da parcela n° 2 do atendimento 10028,E,6
18,08-Mar-16,R$ 160.00,Pago com sucesso da parcela n° 1 do atendimento 10031,E,38
19,12-May-16,R$ 160.00,Pago com atraso da parcela n° 2 do atendimento 10031,E,39
20,03-Jun-16,R$ 160.00,Pago com atraso da parcela n° 3 do atendimento 10031,E,39
21,09-Aug-16,R$ 160.00,Pago com atraso da parcela n° 4 do atendimento 10031,E,39
22,10-Feb-15,R$ 200.00,Pago com atraso da parcela n° 1 do atendimento 10032,E,10
23,11-Mar-15,R$ 200.00,Pago com atraso da parcela n° 2 do atendimento 10032,E,11
24,11-Mar-15,R$ 200.00,Pago com atraso da parcela n° 3 do atendimento 10032,E,11
25,22-Oct-13,R$ 30.00,Pagamento de entrada. Atendimento N° 10033,E,85
26,04-Nov-13,R$ 100.00,Pago com sucesso da parcela n° 1 do atendimento 10033,E,84
27,12-Dec-13,R$ 100.00,Pago com atraso da parcela n° 2 do atendimento 10033,E,42
28,10-Jan-14,R$ 100.00,Pago com sucesso da parcela n° 3 do atendimento 10033,E,43
29,17-Feb-14,R$ 100.00,Pago com atraso da parcela n° 4 do atendimento 10033,E,0
30,24-Dec-15,R$ 884.00,Pagamento de entrada. Atendimento N° 10035,E,35
31,23-May-16,R$ 130.00,Pago com atraso da parcela n° 1 do atendimento 10036,E,39
32,10-Oct-16,R$ 130.00,Pago com atraso da parcela n° 2 do atendimento 10036,E,6
33,10-Jan-17,R$ 130.00,Pago com atraso da parcela n° 3 do atendimento 10036,E,1
34,26-Nov-14,R$ 170.00,Pagamento de entrada. Atendimento N° 10037,E,88
35,09-Jan-15,R$ 170.00,Pago com atraso da parcela n° 1 do atendimento 10037,E,33
36,06-Mar-15,R$ 170.00,Pago com atraso da parcela n° 2 do atendimento 10037,E,34
37,16-Jan-17,R$ 130.00,Pago com sucesso em dinheiro. Atendimento N° 10038,E,1
38,16-Jan-17,R$ 960.00,Pago com sucesso em dinheiro. Atendimento N° 10039,E,1
39,16-Jan-17,R$ 50.00,Pagamento de entrada. Atendimento N° 10040,E,1
40,31-Aug-15,"R$ 2,738.00",Pagamento de entrada. Atendimento N° 10042,E,91
41,05-Mar-15,"R$ 1,920.00",Pago com sucesso em dinheiro. Atendimento N° 10043,E,34
42,09-Aug-16,R$ 130.00,Pagamento de entrada. Atendimento N° 10044,E,39
43,14-Jun-16,"R$ 1,015.00",Pago com sucesso em dinheiro. Atendimento N° 10045,E,39
44,03-Jan-17,R$ 115.00,Pago com sucesso da parcela n° 1 do atendimento 10046,E,1
45,07-Jul-16,R$ 464.00,Pagamento de entrada. Atendimento N° 10047,E,39
46,27-May-16,R$ 650.00,Pagamento de entrada. Atendimento N° 10048,E,39
47,18-Jan-16,R$ 100.00,Pago com sucesso da parcela n° 1 do atendimento 10049,E,36
48,19-Apr-16,R$ 100.00,Pago com atraso da parcela n° 2 do atendimento 10049,E,39
49,19-Apr-16,R$ 100.00,Pago com atraso da parcela n° 3 do atendimento 10049,E,39
50,30-Oct-15,"R$ 1,000.00",Pagamento de entrada. Atendimento N° 10050,E,5
51,29-Oct-15,"R$ 1,000.00",Pagamento de entrada. Atendimento N° 10051,E,5
52,13-Jun-16,R$ 660.00,Pagamento de entrada. Atendimento N° 10052,E,39
53,01-Mar-16,R$ 800.00,Pago com sucesso em dinheiro. Atendimento N° 10054,E,38
54,02-Jun-14,"R$ 1,250.00",Pagamento de entrada. Atendimento N° 10055,E,40
55,13-Oct-14,"R$ 1,500.00",Pago com sucesso da parcela n° 1 do atendimento 10055,E,88
56,10-Jan-17,R$ 400.00,Pago com sucesso em dinheiro. Atendimento N° 10056,E,1
57,17-Jan-17,R$ 150.00,Pagamento de entrada. Atendimento N° 10057,E,1
58,18-Jan-17,R$ 660.00,Pago com sucesso no catão de crédito em 6 parcelas. Atendimento N° 10058,E,1
59,23-Jan-17,R$ 300.00,Pagamento de entrada. Atendimento N° 10061,E,1
60,25-Jan-17,R$ 120.00,Pagamento de entrada. Atendimento N° 10062,E,1
61,01-Feb-17,R$ 160.00,Pago com sucesso da parcela n° 1 do atendimento 10063,E,3
62,02-Feb-17,R$ 130.00,Pago com sucesso da parcela n° 1 do atendimento 10064,E,3
63,02-Feb-17,R$ 200.00,Pagamento de entrada. Atendimento N° 10065,E,3
64,02-Feb-17,R$ 160.00,Pago com atraso da parcela n° 1 do atendimento 10057,E,3
65,30-Jan-17,R$ 150.00,Pagamento de entrada. Atendimento N° 10067,E,1
66,04-Feb-17,R$ 960.00,Pago com sucesso no catão de crédito em 6 parcelas. Atendimento N° 10068,E,3
67,08-Feb-17,R$ 500.00,Pago com sucesso no catão de crédito em 4 parcelas. Atendimento N° 10069,E,3
68,08-Feb-17,R$ 560.00,Pago com sucesso no cartão de débito. Atendimento N° 10070,E,3
69,08-Feb-17,R$ 250.00,Pago com sucesso em dinheiro. Atendimento N° 10071,E,3
70,08-Feb-17,R$ 400.00,Pago com sucesso no catão de crédito em 4 parcelas. Atendimento N° 10072,E,3
71,03-Feb-17,R$ 200.00,Pagamento de entrada. Atendimento N° 10073,E,3
72,03-Oct-16,R$ 256.00,Pagamento de entrada. Atendimento N° 10074,E,6
73,21-Nov-16,R$ 256.00,Pago com atraso da parcela n° 1 do atendimento 10074,E,5
74,19-Dec-16,R$ 256.00,Pago com sucesso da parcela n° 2 do atendimento 10074,E,2
75,18-Jan-17,R$ 256.00,Pago com sucesso da parcela n° 3 do atendimento 10074,E,1
76,15-Feb-17,R$ 300.00,Pago com sucesso da parcela n° 1 do atendimento 10061,E,3
77,11-Feb-17,R$ 200.00,Pagamento de entrada. Atendimento N° 10075,E,3
78,15-Feb-17,R$ 140.00,Pagamento de entrada. Atendimento N° 10076,E,3
79,09-Feb-17,R$ 900.00,Pago com sucesso no catão de crédito em 1 parcelas. Atendimento N° 10077,E,3
80,09-Feb-17,"R$ 1,630.00",Pago com sucesso no catão de crédito em 1 parcelas. Atendimento N° 10078,E,3
81,10-Feb-17,R$ 200.00,Pago com sucesso no catão de crédito em 1 parcelas. Atendimento N° 10079,E,3
82,10-Feb-17,R$ 700.00,Pago com sucesso em dinheiro. Atendimento N° 10080,E,3
83,13-Feb-17,R$ 500.00,Pago com sucesso em dinheiro. Atendimento N° 10081,E,3
84,14-Feb-17,"R$ 1,300.00",Pago com sucesso no catão de crédito em 1 parcelas. Atendimento N° 10082,E,3
85,14-Feb-17,R$ 500.00,Pago com sucesso no catão de crédito em 1 parcelas. Atendimento N° 10083,E,3
86,16-Feb-17,R$ 250.00,Pago com sucesso em dinheiro. Atendimento N° 10084,E,3
87,07-Feb-17,R$ 800.00,Pago com sucesso em dinheiro. Atendimento N° 10086,E,3
88,04-Mar-17,R$ 500.00,Pago com sucesso no cartão de débito. Atendimento N° 10087,E,14
89,04-Mar-17,R$ 840.00,Pago com sucesso no catão de crédito em 6 parcelas. Atendimento N° 10088,E,14
90,01-Mar-17,R$ 100.00,Pago com sucesso da parcela n° 1 do atendimento 10085,E,14
91,04-Mar-17,R$ 220.00,Pago com atraso da parcela n° 1 do atendimento 10073,E,14
92,13-Feb-17,R$ 256.00,Pago com sucesso da parcela n° 4 do atendimento 10074,E,3
93,02-Feb-17,R$ 130.00,Pago com sucesso da parcela n° 2 do atendimento 10064,E,3
94,23-Feb-17,R$ 250.00,Pago com atraso da parcela n° 1 do atendimento 10041,E,3
95,22-Feb-17,R$ 250.00,Pago com atraso da parcela n° 2 do atendimento 10041,E,3
96,23-Feb-17,R$ 250.00,Pago com atraso da parcela n° 3 do atendimento 10041,E,3
97,03-Mar-17,R$ 130.00,Pago com atraso da parcela n° 3 do atendimento 10028,E,14
98,03-Feb-17,R$ 130.00,Pago com atraso da parcela n° 4 do atendimento 10028,E,3
99,06-Jan-17,R$ 150.00,Pago com atraso da parcela n° 1 do atendimento 10090,E,1
100,08-Feb-17,R$ 150.00,Pago com atraso da parcela n° 2 do atendimento 10090,E,3
101,08-Mar-17,R$ 150.00,Pago com atraso da parcela n° 3 do atendimento 10090,E,14
102,05-Jan-17,"R$ 1,400.00",ALUGUEL,S,1
103,10-Jan-17,R$ 490.00,CONTADOR,S,1
104,03-Jan-17,R$ 142.50,CONTA DE LUZ,S,1
105,15-Jan-17,R$ 103.80,CDL,S,1
106,16-Nov-16,R$ 300.00,Pagamento de entrada. Atendimento N° 10092,E,5
107,09-Dec-16,R$ 100.00,Pago com sucesso da parcela n° 1 do atendimento 10092,E,2
108,10-Jan-17,R$ 100.00,Pago com sucesso da parcela n° 2 do atendimento 10092,E,1
109,16-Feb-17,R$ 100.00,Pago com atraso da parcela n° 3 do atendimento 10092,E,3
110,14-Feb-17,R$ 450.00,Pago com sucesso em dinheiro. Atendimento N° 10093,E,3
111,09-Mar-17,R$ 100.00,Pago com sucesso da parcela n° 4 do atendimento 10092,E,14
112,26-May-14,"R$ 1,855.00",Pagamento de entrada. Atendimento N° 10094,E,44
113,27-Aug-15,R$ 660.00,Pagamento de entrada. Atendimento N° 10095,E,91
114,12-Jan-17,R$ 350.00,Pago com atraso da parcela n° 1 do atendimento 10095,E,1
115,02-Sep-14,R$ 600.00,Pagamento de entrada. Atendimento N° 10097,E,0
116,25-Apr-13,R$ 650.00,Pagamento de entrada. Atendimento N° 10098,E,0
117,05-Dec-16,R$ 350.00,Pagamento de entrada. Atendimento N° 10099,E,2
118,08-Mar-17,R$ 140.00,Pago com atraso da parcela n° 1 do atendimento 10099,E,14
119,21-Dec-16,R$ 100.00,Pago com sucesso da parcela n° 1 do atendimento 10102,E,2
120,26-Jan-17,R$ 100.00,Pago com atraso da parcela n° 2 do atendimento 10102,E,1
121,11-Feb-17,R$ 100.00,Pago com sucesso da parcela n° 3 do atendimento 10102,E,3
122,04-Oct-16,R$ 165.00,Pago com sucesso da parcela n° 1 do atendimento 10103,E,6
123,01-Nov-16,R$ 165.00,Pago com sucesso da parcela n° 2 do atendimento 10103,E,5
124,01-Dec-16,R$ 165.00,Pago com sucesso da parcela n° 3 do atendimento 10103,E,2
125,27-Dec-16,R$ 165.00,Pago com sucesso da parcela n° 4 do atendimento 10103,E,2
126,03-Feb-17,R$ 165.00,Pago com sucesso da parcela n° 5 do atendimento 10103,E,3
127,06-Mar-17,R$ 200.00,Pago com atraso da parcela n° 1 do atendimento 10104,E,14
128,08-Jan-14,R$ 200.00,Pagamento de entrada. Atendimento N° 10105,E,43
129,27-Feb-14,R$ 120.00,Pago com atraso da parcela n° 1 do atendimento 10105,E,0
130,26-Mar-14,R$ 120.00,Pago com sucesso da parcela n° 2 do atendimento 10105,E,0
131,02-May-14,R$ 120.00,Pago com atraso da parcela n° 3 do atendimento 10105,E,44
132,08-Oct-14,R$ 120.00,Pago com atraso da parcela n° 4 do atendimento 10105,E,88
133,12-Apr-16,R$ 100.00,Pagamento de entrada. Atendimento N° 10106,E,39
134,20-May-16,R$ 145.00,Pago com sucesso da parcela n° 1 do atendimento 10106,E,39
135,20-Jun-16,R$ 145.00,Pago com sucesso da parcela n° 2 do atendimento 10106,E,39
136,25-Jul-16,R$ 145.00,Pago com atraso da parcela n° 3 do atendimento 10106,E,39
137,30-Sep-16,R$ 145.00,Pago com atraso da parcela n° 4 do atendimento 10106,E,39
138,14-Jan-15,R$ 280.00,Pago com atraso da parcela n° 1 do atendimento 10107,E,33
139,24-Feb-15,R$ 280.00,Pago com atraso da parcela n° 2 do atendimento 10107,E,32
140,09-Apr-15,R$ 280.00,Pago com atraso da parcela n° 3 do atendimento 10107,E,0
141,20-May-15,R$ 280.00,Pago com atraso da parcela n° 4 do atendimento 10107,E,44
142,03-Nov-12,"R$ 1,910.00",Pagamento de entrada. Atendimento N° 10108,E,0
143,04-Aug-16,R$ 850.00,Pagamento de entrada. Atendimento N° 10109,E,39
144,03-Jan-17,R$ 200.00,Pago com atraso da parcela n° 1 do atendimento 10110,E,1
145,02-Feb-17,R$ 200.00,Pago com atraso da parcela n° 2 do atendimento 10110,E,3
146,03-Mar-17,R$ 200.00,Pago com atraso da parcela n° 3 do atendimento 10110,E,14
147,22-Apr-14,R$ 845.00,Pagamento de entrada. Atendimento N° 10112,E,0
148,10-Jan-17,R$ 120.00,Pago com atraso da parcela n° 1 do atendimento 10113,E,1
149,30-Jan-17,R$ 120.00,Pago com sucesso da parcela n° 2 do atendimento 10113,E,1
150,07-Mar-17,R$ 120.00,Pago com sucesso da parcela n° 3 do atendimento 10113,E,14
151,18-May-16,R$ 200.00,Pagamento de entrada. Atendimento N° 10114,E,39
152,06-Dec-16,R$ 150.00,Pago com atraso da parcela n° 1 do atendimento 10114,E,2
153,09-Sep-15,R$ 100.00,Pago com sucesso da parcela n° 1 do atendimento 10115,E,0
154,08-Oct-15,R$ 100.00,Pago com sucesso da parcela n° 2 do atendimento 10115,E,0
155,09-Nov-15,R$ 100.00,Pago com sucesso da parcela n° 3 do atendimento 10115,E,0
156,07-Dec-15,R$ 100.00,Pago com sucesso da parcela n° 4 do atendimento 10115,E,35
157,14-Jan-16,R$ 100.00,Pago com atraso da parcela n° 5 do atendimento 10115,E,36
158,20-Feb-16,R$ 100.00,Pago com atraso da parcela n° 6 do atendimento 10115,E,37
160,02-Mar-17,R$ 400.00,Pago com sucesso em dinheiro. Atendimento N° 10120,E,14
161,08-Mar-17,R$ 500.00,Pago com sucesso em dinheiro. Atendimento N° 10121,E,14
162,14-Mar-17,R$ 600.00,Pago com sucesso no catão de crédito em 1 parcelas. Atendimento N° 10124,E,14
163,15-Mar-17,R$ 500.00,Pagamento de entrada. Atendimento N° 10125,E,14
164,15-Mar-17,R$ 200.00,Pagamento de entrada. Atendimento N° 10126,E,14
165,19-Jul-16,R$ 400.00,Pagamento de entrada. Atendimento N° 10127,E,39
166,30-Apr-16,R$ 115.00,Pagamento de entrada. Atendimento N° 10129,E,39
167,24-Nov-16,R$ 130.00,Pago com sucesso da parcela n° 1 do atendimento 10128,E,5
168,22-Dec-16,R$ 130.00,Pago com sucesso da parcela n° 2 do atendimento 10128,E,2
169,27-Jan-17,R$ 130.00,Pago com atraso da parcela n° 3 do atendimento 10128,E,1
170,23-Feb-17,R$ 130.00,Pago com sucesso da parcela n° 4 do atendimento 10128,E,3
171,07-Jun-16,R$ 115.00,Pago com atraso da parcela n° 1 do atendimento 10129,E,39
172,06-Jul-16,R$ 115.00,Pago com atraso da parcela n° 2 do atendimento 10129,E,39
173,12-Aug-16,R$ 115.00,Pago com atraso da parcela n° 3 do atendimento 10129,E,39
174,13-Sep-16,R$ 115.00,Pago com atraso da parcela n° 4 do atendimento 10129,E,39
175,05-Oct-16,R$ 250.00,Pago com atraso da parcela n° 1 do atendimento 10127,E,6
176,04-Oct-16,R$ 385.00,Pago com atraso da parcela n° 1 do atendimento 10130,E,6
177,01-Nov-16,R$ 385.00,Pago com atraso da parcela n° 2 do atendimento 10130,E,5
178,09-Dec-16,R$ 385.00,Pago com atraso da parcela n° 3 do atendimento 10130,E,2
179,02-Mar-17,R$ 385.00,Pago com atraso da parcela n° 4 do atendimento 10130,E,14
180,14-Feb-17,R$ 140.00,Pagamento de entrada. Atendimento N° 10131,E,3
181,05-Mar-17,R$ 160.00,Pago com atraso da parcela n° 5 do atendimento 10031,E,14
182,11-Mar-17,R$ 200.00,Pagamento de entrada. Atendimento N° 10134,E,14
183,18-Mar-17,R$ 240.00,Pago com sucesso no catão de crédito em 2 parcelas. Atendimento N° 10135,E,14
184,16-Apr-15,R$ 220.00,Pago com sucesso da parcela n° 1 do atendimento 10136,E,0
185,13-May-15,R$ 220.00,Pago com sucesso da parcela n° 2 do atendimento 10136,E,44
186,17-Jun-15,R$ 220.00,Pago com atraso da parcela n° 3 do atendimento 10136,E,0
187,15-Jul-15,R$ 220.00,Pago com sucesso da parcela n° 4 do atendimento 10136,E,0
188,27-Sep-16,R$ 350.00,Pagamento de entrada. Atendimento N° 10137,E,39
189,09-Dec-15,R$ 150.00,Pagamento de entrada. Atendimento N° 10138,E,35
190,09-Jan-16,R$ 150.00,Pago com sucesso da parcela n° 1 do atendimento 10138,E,36
191,03-Dec-16,R$ 145.00,Pago com sucesso da parcela n° 1 do atendimento 10139,E,2
192,30-Dec-16,R$ 145.00,Pago com sucesso da parcela n° 2 do atendimento 10139,E,2
193,01-Feb-17,R$ 145.00,Pago com sucesso da parcela n° 3 do atendimento 10139,E,3
194,22-Feb-17,R$ 145.00,Pago com sucesso da parcela n° 4 do atendimento 10139,E,3
195,06-Jul-11,R$ 475.00,Pagamento de entrada. Atendimento N° 10140,E,0
196,08-Nov-16,R$ 490.00,Pagamento de entrada. Atendimento N° 10141,E,5
197,14-Dec-16,R$ 140.00,Pago com sucesso da parcela n° 1 do atendimento 10141,E,2
198,17-Jan-17,R$ 140.00,Pago com atraso da parcela n° 2 do atendimento 10141,E,1
199,27-Dec-16,R$ 150.00,Pago com atraso da parcela n° 1 do atendimento 10142,E,2
200,03-Feb-17,R$ 150.00,Pago com atraso da parcela n° 2 do atendimento 10142,E,3
201,09-Mar-17,R$ 150.00,Pago com atraso da parcela n° 3 do atendimento 10142,E,14
202,03-Feb-16,R$ 150.00,Pagamento de entrada. Atendimento N° 10143,E,37
203,27-Aug-16,R$ 100.00,Pago com sucesso da parcela n° 1 do atendimento 10144,E,39
204,03-Nov-16,R$ 100.00,Pago com atraso da parcela n° 2 do atendimento 10144,E,5
205,29-Dec-16,R$ 100.00,Pago com atraso da parcela n° 3 do atendimento 10144,E,2
206,08-Jun-12,R$ 100.00,Pago com atraso da parcela n° 1 do atendimento 10145,E,0
207,03-Aug-12,R$ 100.00,Pago com atraso da parcela n° 2 do atendimento 10145,E,0
208,05-Sep-13,R$ 100.00,Pago com atraso da parcela n° 3 do atendimento 10145,E,86
209,13-Jan-17,R$ 150.00,Pago com atraso da parcela n° 1 do atendimento 10146,E,1
210,09-Mar-17,R$ 150.00,Pago com atraso da parcela n° 2 do atendimento 10146,E,14
211,12-Sep-16,R$ 100.00,Pagamento de entrada. Atendimento N° 10147,E,39
212,13-Oct-13,R$ 150.00,Pago com sucesso da parcela n° 1 do atendimento 10147,E,85
213,13-Oct-16,R$ 150.00,Pago com sucesso da parcela n° 2 do atendimento 10147,E,6
214,13-Oct-16,R$ 150.00,Pago com sucesso da parcela n° 3 do atendimento 10147,E,6
215,06-Apr-10,R$ 50.00,Pagamento de entrada. Atendimento N° 10148,E,0
216,21-Aug-12,R$ 135.00,Pagamento de entrada. Atendimento N° 10149,E,0
217,14-Sep-12,R$ 110.00,Pago com atraso da parcela n° 1 do atendimento 10149,E,0
218,10-Oct-12,R$ 110.00,Pago com atraso da parcela n° 2 do atendimento 10149,E,0
219,11-Sep-13,R$ 250.00,Pago com atraso da parcela n° 1 do atendimento 10151,E,86
220,10-Dec-13,R$ 250.00,Pago com atraso da parcela n° 2 do atendimento 10151,E,42
221,17-Mar-17,R$ 400.00,Pagamento de entrada. Atendimento N° 10152,E,14
222,15-Mar-17,R$ 70.00,Pagamento de entrada. Atendimento N° 10153,E,14
223,20-Mar-17,R$ 700.00,Pago com sucesso no cartão de débito. Atendimento N° 10154,E,14
224,15-Mar-17,R$ 140.00,Pago com sucesso da parcela n° 1 do atendimento 10076,E,14
225,03-Feb-17,R$ 115.00,Pago com sucesso da parcela n° 2 do atendimento 10046,E,3
226,25-Feb-17,R$ 115.00,Pago com sucesso da parcela n° 3 do atendimento 10046,E,3
227,07-Feb-17,R$ 96.00,Pago com atraso da parcela n° 1 do atendimento 10066,E,3
228,07-Mar-17,R$ 96.00,Pago com atraso da parcela n° 2 do atendimento 10066,E,14
229,11-Mar-17,R$ 160.00,Pago com atraso da parcela n° 2 do atendimento 10063,E,14
230,24-Mar-17,R$ 200.00,Pago com atraso da parcela n° 1 do atendimento 10050,E,14
231,27-Mar-17,R$ 170.00,Pago com atraso da parcela n° 1 do atendimento 10052,E,14
232,27-Mar-17,R$ 170.00,Pago com atraso da parcela n° 2 do atendimento 10052,E,14
233,16-Mar-17,R$ 300.00,Pago com atraso da parcela n° 2 do atendimento 10061,E,14
234,27-Mar-17,R$ 165.00,Pago com atraso da parcela n° 6 do atendimento 10103,E,14
235,13-Mar-17,R$ 200.00,Pago com atraso da parcela n° 4 do atendimento 10032,E,14
236,13-Mar-17,R$ 200.00,Pago com atraso da parcela n° 5 do atendimento 10032,E,14
237,13-Mar-17,R$ 200.00,Pago com atraso da parcela n° 6 do atendimento 10032,E,14
238,23-Mar-17,R$ 960.00,Pago com sucesso no catão de crédito em 6 parcelas. Atendimento N° 10159,E,14
239,24-Mar-17,"R$ 1,000.00",Pagamento de entrada. Atendimento N° 10160,E,14
240,24-Mar-17,R$ 200.00,Pagamento de entrada. Atendimento N° 10161,E,14
241,01-Mar-17,R$ 200.00,Pago com atraso da parcela n° 1 do atendimento 10048,E,14
242,01-Mar-17,R$ 200.00,Pago com sucesso da parcela n° 2 do atendimento 10048,E,14
243,24-Jan-17,R$ 110.00,Pago com atraso da parcela n° 5 do atendimento 10024,E,1
244,28-Mar-17,R$ 130.00,Pago com atraso da parcela n° 5 do atendimento 10128,E,14
245,28-Mar-17,R$ 385.00,Pago com atraso da parcela n° 5 do atendimento 10130,E,14
246,01-Apr-17,R$ 135.00,Pago com atraso da parcela n° 1 do atendimento 10119,E,16
247,30-Mar-17,R$ 100.00,Pagamento de entrada. Atendimento N° 10164,E,14
248,04-Apr-17,R$ 130.00,Pago com atraso da parcela n° 3 do atendimento 10064,E,16
249,03-Apr-17,R$ 100.00,Pago com atraso da parcela n° 4 do atendimento 10049,E,16
250,04-Apr-17,R$ 100.00,Pago com atraso da parcela n° 2 do atendimento 10085,E,16
251,04-Apr-17,R$ 145.00,Pago com sucesso da parcela n° 5 do atendimento 10139,E,16
252,04-Apr-17,R$ 115.00,Pago com sucesso da parcela n° 4 do atendimento 10046,E,16
253,04-Apr-17,R$ 110.00,Pago com sucesso da parcela n° 1 do atendimento 10152,E,16
254,03-Apr-17,R$ 130.00,Pagamento de entrada. Atendimento N° 10166,E,16
255,03-Apr-17,R$ 130.00,Pagamento de entrada. Atendimento N° 10166,E,16
256,10-Apr-17,R$ 140.00,Pago com atraso da parcela n° 2 do atendimento 10099,E,16
257,05-Apr-17,R$ 96.00,Pago com sucesso da parcela n° 3 do atendimento 10066,E,16
258,30-Mar-17,R$ 120.00,Pago com sucesso da parcela n° 4 do atendimento 10113,E,14
259,07-Apr-17,R$ 150.00,Pago com atraso da parcela n° 3 do atendimento 10146,E,16
260,22-Mar-17,"R$ 1,000.00",Pagamento de entrada. Atendimento N° 10157,E,14
261,01-Mar-17,R$ 200.00,Pago com sucesso da parcela n° 3 do atendimento 10048,E,14
262,04-Apr-17,R$ 195.00,Pago com sucesso da parcela n° 1 do atendimento 10126,E,16
263,06-Apr-17,R$ 220.00,Pago com atraso da parcela n° 2 do atendimento 10073,E,16
264,02-Jun-14,"R$ 1,250.00",Pagamento de entrada. Atendimento N° 10167,E,40
265,10-Sep-15,R$ 135.00,Pagamento de entrada. Atendimento N° 10168,E,0
266,20-Oct-15,R$ 135.00,Pago com sucesso da parcela n° 1 do atendimento 10168,E,0
267,19-Nov-15,R$ 135.00,Pago com sucesso da parcela n° 2 do atendimento 10168,E,0
268,08-Jan-16,R$ 135.00,Pago com atraso da parcela n° 3 do atendimento 10168,E,36
269,01-Feb-16,R$ 135.00,Pago com atraso da parcela n° 4 do atendimento 10168,E,37
270,06-Apr-17,R$ 130.00,Pago com sucesso da parcela n° 1 do atendimento 10153,E,16
271,04-Apr-17,R$ 840.00,Pago com sucesso no catão de crédito em 6 parcelas. Atendimento N° 10169,E,16
272,05-Apr-17,R$ 410.00,Pago com sucesso em dinheiro. Atendimento N° 10171,E,16
273,07-Apr-17,R$ 600.00,Pago com sucesso no catão de crédito em 5 parcelas. Atendimento N° 10172,E,16
274,07-Apr-17,R$ 290.00,Pago com sucesso no cartão de débito. Atendimento N° 10173,E,16
275,06-Apr-17,R$ 100.00,Pagamento de entrada. Atendimento N° 10174,E,16
276,21-Nov-16,"R$ 1,392.00",Pagamento de entrada. Atendimento N° 10175,E,5
277,11-Apr-17,R$ 185.00,Pago com atraso da parcela n° 1 do atendimento 10096,E,16
278,17-Apr-17,R$ 170.00,Pago com atraso da parcela n° 1 do atendimento 10132,E,16
279,17-Apr-17,R$ 300.00,Pago com atraso da parcela n° 3 do atendimento 10061,E,16
280,03-Apr-17,R$ 21.76,BOLETO HOYA,S,16
281,05-Apr-17,"R$ 1,400.00",ALUGUEL,S,16
282,10-Apr-17,R$ 373.50,BOLETO HOYA,S,16
283,10-Apr-17,R$ 117.30,BOLETO LABO OPTICA,S,16
284,10-Apr-17,R$ 144.83,NET,S,16
285,15-Apr-17,R$ 96.90,CDL,S,16
286,17-Apr-17,"R$ 1,023.00",BOLETO HOYA,S,16
287,02-Mar-17,R$ 221.66,BOLETO LABO OPTICA,S,14
288,02-Mar-17,R$ 98.17,CEMAR,S,14
289,05-Mar-17,"R$ 1,400.00",ALUGUEL,S,14
290,06-Mar-17,R$ 23.70,BOLETO LUXOTICA,S,14
291,10-Mar-17,R$ 145.30,NET,S,14
292,13-Mar-17,R$ 545.26,BOLETO HOYA,S,14
293,15-Mar-17,R$ 96.90,CDL,S,14
294,16-Mar-17,R$ 21.76,BOLETO HOYA,S,14
295,20-Mar-17,R$ 6.62,IMPOSTO ESTADO,S,14
296,20-Mar-17,R$ 262.80,IMPOSTO SIMPLES,S,14
297,27-Mar-17,R$ 136.50,BOLETO HOYA,S,14
298,31-Mar-17,R$ 81.39,CEMAR,S,14
299,31-Jan-17,R$ 100.76,CEMAR,S,1
300,06-Feb-17,"R$ 1,400.00",ALUGUEL,S,3
301,07-Feb-17,R$ 24.21,BOLETO LUXOTICA,S,3
302,10-Feb-17,R$ 144.79,NET,S,3
303,15-Feb-17,R$ 96.90,CDL,S,3
304,20-Feb-17,R$ 2.92,IMPOSTO ESTADO,S,3
305,20-Feb-17,R$ 156.80,IMPOSTO SIMPLES,S,3
306,20-Feb-17,R$ 400.00,CONTADOR,S,3
307,02-Jan-17,R$ 221.68,LABO OPTICA,S,1
308,01-Jan-17,R$ 24.68,LUXOTICA,S,1
309,02-Jan-17,R$ 280.50,HOYA,S,1
310,03-Jan-17,R$ 142.50,CEMAR,S,1
311,05-Jan-17,R$ 23.71,LUXOTICA,S,1
312,10-Jan-17,R$ 11.50,ELO INTERNET,S,1
313,16-Jan-17,R$ 330.76,HOYA,S,1
314,,R$ 221.66,BOLETO LABO OPTICA,,0
315,17-Jan-17,R$ 220.00,CONTADOR,S,1
316,20-Jan-17,R$ 6.51,IMPOSTO ESTADO,S,1
317,20-Jan-17,R$ 142.40,IMPOSTO SIMPLES,S,1
318,23-Jan-17,R$ 154.50,HOYA,S,1
319,31-Jan-17,R$ 221.66,BOLETO LABO OPTICA,S,1
320,17-Apr-17,R$ 15.00,BOLETO LOBO OPTICA,S,16
321,04-Apr-17,R$ 200.00,Pagamento de entrada. Atendimento N° 10170,E,16
322,19-Apr-17,R$ 215.00,Pago com atraso da parcela n° 1 do atendimento 10165,E,16
323,20-Apr-17,R$ 237.00,Pago com sucesso da parcela n° 1 do atendimento 10125,E,16
324,18-Apr-17,R$ 140.00,Pago com sucesso da parcela n° 1 do atendimento 10155,E,16
325,20-Apr-17,R$ 229.20,IMPOSTO SIMPES,S,16
326,20-Apr-17,R$ 22.55,IMPOSTO ESTADO,S,16
327,20-Apr-17,R$ 200.00,Pago com sucesso em dinheiro. Atendimento N° 10176,E,16
328,20-Apr-17,R$ 900.00,Pago com sucesso no catão de crédito em 6 parcelas. Atendimento N° 10177,E,16
329,24-Apr-17,R$ 176.26,BOLETO HOYA,S,16
330,25-Apr-17,R$ 445.97,BOLETO ARMAÇÃO LAVORATO,S,16
331,25-Apr-17,R$ 579.50,BOLETO BANCO DO NORDESTE,S,16
332,07-Apr-17,R$ 890.00,Pago com sucesso no catão de crédito em 4 parcelas. Atendimento N° 10178,E,16
333,19-Apr-17,R$ 300.00,Pago com sucesso em dinheiro. Atendimento N° 10179,E,16
334,24-Apr-17,R$ 70.00,Pago com sucesso em dinheiro. Atendimento N° 10181,E,16
335,20-Apr-17,R$ 400.00,Pago com sucesso da parcela n° 1 do atendimento 10160,E,16
336,24-Apr-17,R$ 80.00,Pagamento de entrada. Atendimento N° 10182,E,16
337,24-Apr-17,"R$ 1,000.00",Pago com sucesso no catão de crédito em 5 parcelas. Atendimento N° 10183,E,16
338,25-Apr-17,R$ 200.00,Pago com sucesso no cartão de débito. Atendimento N° 10185,E,16
339,25-Apr-17,R$ 450.00,Pago com sucesso no catão de crédito em 3 parcelas. Atendimento N° 10186,E,16
341,30-Apr-17,R$ 581.41,BOLETO PEREGO,S,17
342,03-May-17,R$ 81.25,CEMAR,S,17
343,05-May-17,R$ 445.00,BOLETO KEYPER,S,17
344,04-May-17,R$ 130.00,Pago com sucesso da parcela n° 1 do atendimento 10166,E,17
345,04-May-17,R$ 115.00,Pago com sucesso da parcela n° 5 do atendimento 10046,E,17
346,04-May-17,R$ 135.00,Pago com atraso da parcela n° 2 do atendimento 10119,E,17
347,24-Apr-17,R$ 110.00,Pago com atraso da parcela n° 1 do atendimento 10162,E,16
348,03-May-17,R$ 195.00,Pago com sucesso da parcela n° 2 do atendimento 10126,E,17
349,03-May-17,R$ 150.00,Pago com sucesso da parcela n° 1 do atendimento 10174,E,17
350,03-May-17,R$ 145.00,Pago com sucesso da parcela n° 6 do atendimento 10139,E,17
351,04-May-17,R$ 96.00,Pago com sucesso da parcela n° 4 do atendimento 10066,E,17
352,05-May-17,R$ 100.00,Pago com atraso da parcela n° 1 do atendimento 10101,E,17
353,05-May-17,R$ 120.00,Pago com sucesso da parcela n° 5 do atendimento 10113,E,17
354,04-May-17,R$ 200.00,Pago com atraso da parcela n° 1 do atendimento 10164,E,17
355,03-May-17,R$ 140.00,Pago com atraso da parcela n° 1 do atendimento 10170,E,17
356,06-May-17,R$ 220.00,Pago com atraso da parcela n° 3 do atendimento 10073,E,17
358,08-May-17,R$ 37.00,BOLETO UNILAB,S,17
359,02-May-17,R$ 100.00,Pago com atraso da parcela n° 3 do atendimento 10085,E,17
360,08-May-17,R$ 150.00,Pago com atraso da parcela n° 4 do atendimento 10146,E,17
361,08-May-17,R$ 140.00,Pago com atraso da parcela n° 3 do atendimento 10099,E,17
362,05-May-17,"R$ 1,400.00",ALUGUEL,S,17
363,09-May-17,R$ 116.00,Pago com atraso da parcela n° 1 do atendimento 10047,E,17
364,09-May-17,R$ 152.00,Pago com sucesso da parcela n° 1 do atendimento 10161,E,17
365,09-May-17,R$ 150.00,Pago com atraso da parcela n° 1 do atendimento 10158,E,17
366,08-May-17,R$ 115.00,Pago com sucesso da parcela n° 1 do atendimento 10184,E,17
367,08-May-17,R$ 110.00,Pago com atraso da parcela n° 2 do atendimento 10152,E,17
368,10-May-17,R$ 149.62,BOLETO NET,S,17
369,04-May-17,R$ 450.00,Pago com sucesso em dinheiro. Atendimento N° 10191,E,17
370,06-May-17,"R$ 1,050.00",Pago com sucesso no catão de crédito em 6 parcelas. Atendimento N° 10192,E,17
371,08-May-17,R$ 380.00,Pago com sucesso em dinheiro. Atendimento N° 10193,E,17
372,09-May-17,"R$ 1,300.00",Pago com sucesso no catão de crédito em 6 parcelas. Atendimento N° 10194,E,17
373,09-May-17,R$ 380.00,Pago com sucesso em dinheiro. Atendimento N° 10195,E,17
374,13-May-17,R$ 362.66,BOLETO ARMAÇÃO RENOMA,S,17
375,15-May-17,R$ 150.00,Pago com atraso da parcela n° 4 do atendimento 10090,E,17
376,15-May-17,R$ 150.00,Pago com atraso da parcela n° 5 do atendimento 10090,E,17
377,12-May-17,R$ 300.00,Pago com atraso da parcela n° 1 do atendimento 10180,E,17
378,13-May-17,"R$ 1,200.00",Pago com sucesso no catão de crédito em 6 parcelas. Atendimento N° 10196,E,17
379,15-May-17,R$ 96.90,BOLETO CDL,S,17
380,15-May-17,R$ 140.00,Pago com sucesso da parcela n° 2 do atendimento 10155,E,17
381,16-May-17,R$ 160.00,Pago com atraso da parcela n° 1 do atendimento 10187,E,17
382,15-May-17,R$ 400.00,Pago com sucesso no catão de crédito em 4 parcelas. Atendimento N° 10197,E,17
383,16-May-17,R$ 169.50,BOLETO HOYA,S,17
384,12-Apr-17,R$ 100.00,Pago com sucesso da parcela n° 1 do atendimento 10134,E,16
385,18-May-17,R$ 100.00,Pago com sucesso da parcela n° 2 do atendimento 10134,E,17
386,17-May-17,R$ 215.00,Pago com sucesso da parcela n° 2 do atendimento 10165,E,17
387,13-Mar-17,R$ 220.00,Pago com atraso da parcela n° 6 do atendimento 10136,E,14
388,13-Mar-17,R$ 220.00,Pago com atraso da parcela n° 5 do atendimento 10136,E,14
389,17-May-17,R$ 200.00,Pago com sucesso em dinheiro. Atendimento N° 10198,E,17
390,17-May-17,R$ 100.00,Pagamento de entrada. Atendimento N° 10199,E,17
391,17-May-17,R$ 160.00,Pagamento de entrada. Atendimento N° 10201,E,17
392,08-May-17,R$ 300.00,Pagamento de entrada. Atendimento N° 10202,E,17
393,26-Nov-16,"R$ 1,320.00",Pago com sucesso no catão de crédito em 1 parcelas. Atendimento N° 10203,E,5
394,22-May-17,R$ 176.00,IMPOSTO SIMPLES,S,17
395,22-May-17,R$ 19.50,IMPOSTO ESTADUAL,S,17
396,22-May-17,R$ 110.00,Pago com sucesso da parcela n° 2 do atendimento 10162,E,17
397,22-May-17,R$ 190.00,Pago com sucesso da parcela n° 1 do atendimento 10190,E,17
398,23-May-17,R$ 140.00,Pago com atraso da parcela n° 5 do atendimento 10028,E,17
399,24-May-17,R$ 237.00,Pago com atraso da parcela n° 2 do atendimento 10125,E,17
400,23-May-17,R$ 100.00,Pago com sucesso em dinheiro. Atendimento N° 10204,E,17
401,25-May-17,R$ 445.97,BOLETO SIGNUS LAVORATO,S,17
402,25-May-17,R$ 140.00,Pago com atraso da parcela n° 2 do atendimento 10076,E,17
403,26-May-17,R$ 200.00,Pagamento de entrada. Atendimento N° 10205,E,17
404,26-May-17,R$ 100.00,Pago com sucesso da parcela n° 1 do atendimento 10199,E,17
405,30-May-17,R$ 518.00,BOLETO PEREGO,S,17
406,31-May-17,R$ 150.00,Pago com atraso da parcela n° 6 do atendimento 10028,E,17
407,31-May-17,R$ 280.00,Pago com atraso da parcela n° 1 do atendimento 10100,E,17
408,31-May-17,R$ 280.00,Pago com atraso da parcela n° 2 do atendimento 10100,E,17
409,30-May-17,R$ 380.00,Pago com sucesso no catão de crédito em 2 parcelas. Atendimento N° 10206,E,17
410,17-May-17,R$ 160.00,Pago com atraso da parcela n° 1 do atendimento 10189,E,17
411,31-May-17,R$ 300.00,Pago com sucesso no catão de crédito em 3 parcelas. Atendimento N° 10207,E,17
412,02-Jun-17,R$ 600.00,Pago com sucesso no catão de crédito em 3 parcelas. Atendimento N° 10209,E,18
413,01-Jun-17,R$ 94.27,CONTA DE LUZ,S,18
414,01-Jun-17,R$ 145.00,Pago com sucesso da parcela n° 7 do atendimento 10139,E,18
415,02-Jun-17,R$ 195.00,Pago com sucesso da parcela n° 3 do atendimento 10126,E,18
416,02-Jun-17,R$ 135.00,Pago com atraso da parcela n° 3 do atendimento 10119,E,18
417,05-Jun-17,R$ 299.00,BOLETO UNILAB,S,18
418,05-Jun-17,R$ 445.00,BOLETO ARMAÇOES KEYPER,S,18
419,06-Jun-17,R$ 250.00,Pagamento de entrada. Atendimento N° 10211,E,18
420,03-Jun-17,R$ 850.00,Pago com sucesso no catão de crédito em 6 parcelas. Atendimento N° 10212,E,18
421,31-May-17,R$ 130.00,Pago com sucesso da parcela n° 2 do atendimento 10166,E,17
422,06-Jun-17,R$ 130.00,Pago com sucesso da parcela n° 3 do atendimento 10166,E,18
423,06-Jun-17,R$ 96.00,Pago com sucesso da parcela n° 5 do atendimento 10066,E,18
424,03-Jun-17,R$ 115.00,Pago com sucesso da parcela n° 6 do atendimento 10046,E,18
425,05-Jun-17,R$ 100.00,Pago com atraso da parcela n° 4 do atendimento 10085,E,18
426,20-May-17,R$ 400.00,Pago com sucesso da parcela n° 3 do atendimento 10160,E,17
427,20-Apr-17,R$ 400.00,Pago com sucesso da parcela n° 2 do atendimento 10160,E,16
428,07-Jun-17,"R$ 1,400.00",PAGAMENTO ALUGUEL,S,18
429,07-Jun-17,R$ 150.00,Pago com atraso da parcela n° 5 do atendimento 10146,E,18
430,07-Jun-17,R$ 220.00,Pago com atraso da parcela n° 4 do atendimento 10073,E,18
431,12-May-17,R$ 300.00,Pago com sucesso em dinheiro. Atendimento N° 10215,E,17
432,09-May-17,R$ 130.00,Pago com atraso da parcela n° 2 do atendimento 10153,E,17
433,07-Jun-17,R$ 130.00,Pago com atraso da parcela n° 3 do atendimento 10153,E,18
434,20-May-17,R$ 60.00,Pago com sucesso em dinheiro. Atendimento N° 10216,E,17
435,07-Jun-17,R$ 120.00,Pago com sucesso da parcela n° 6 do atendimento 10113,E,18
436,08-Jun-17,R$ 130.00,Pago com atraso da parcela n° 4 do atendimento 10064,E,18
437,08-Jun-17,R$ 130.00,Pago com atraso da parcela n° 5 do atendimento 10064,E,18
438,08-Jun-17,R$ 130.00,Pago com sucesso da parcela n° 4 do atendimento 10166,E,18
439,08-Jun-17,R$ 446.53,BOLETO LUXOTTICA,S,18
440,08-Jun-17,R$ 100.00,Pago com sucesso em dinheiro. Atendimento N° 10218,E,18
441,08-Jun-17,R$ 280.00,Pago com sucesso em dinheiro. Atendimento N° 10219,E,18
442,09-Jun-17,R$ 200.00,Pago com atraso da parcela n° 2 do atendimento 10164,E,18
443,01-Jun-17,R$ 140.00,Pago com sucesso da parcela n° 2 do atendimento 10170,E,18
444,09-Jun-17,R$ 152.00,Pago com sucesso da parcela n° 2 do atendimento 10161,E,18
445,09-Jun-17,R$ 110.00,Pago com atraso da parcela n° 3 do atendimento 10152,E,18
446,10-Jun-17,"R$ 1,200.00",Pago com sucesso no catão de crédito em 6 parcelas. Atendimento N° 10220,E,18
447,12-Jun-17,R$ 232.00,Pago com atraso da parcela n° 1 do atendimento 10175,E,18
448,24-Apr-17,R$ 300.00,Pagamento de entrada. Atendimento N° 10221,E,16
449,12-Jun-17,R$ 290.00,Pago com atraso da parcela n° 1 do atendimento 10202,E,18
450,10-Jun-17,R$ 149.62,BOLETO NET,S,18
451,05-Jun-17,R$ 139.10,BOLETO LABO OPTICA,S,18
452,13-Jun-17,R$ 160.00,Pago com atraso da parcela n° 2 do atendimento 10187,E,18
453,12-Jun-17,R$ 300.00,Pago com atraso da parcela n° 2 do atendimento 10180,E,18
454,14-Jun-17,R$ 170.00,Pago com atraso da parcela n° 2 do atendimento 10132,E,18
455,13-Jun-17,R$ 362.66,BOLETO ARMAÇOES RENOMA,S,18
456,14-Jun-17,R$ 160.00,Pago com atraso da parcela n° 2 do atendimento 10189,E,18
457,14-Jun-17,R$ 150.00,Pago com atraso da parcela n° 1 do atendimento 10060,E,18
458,14-Jun-17,R$ 150.00,Pago com atraso da parcela n° 2 do atendimento 10060,E,18
459,16-Jun-17,R$ 700.00,Pago com sucesso no cartão de débito. Atendimento N° 10225,E,18
460,16-Jun-17,R$ 500.00,Pago com sucesso no catão de crédito em 3 parcelas. Atendimento N° 10226,E,18
462,17-Jun-17,R$ 220.00,Pago com atraso da parcela n° 2 do atendimento 10127,E,18
463,15-Jun-17,R$ 96.90,BOLETO CDL,S,18
464,16-Jun-17,R$ 55.50,BOLETO HOYA,S,18
465,19-Jun-17,R$ 114.60,BOLETO UNILAB,S,18
466,17-Jun-17,R$ 580.00,Pago com sucesso no catão de crédito em 6 parcelas. Atendimento N° 10227,E,18
467,20-Jun-17,R$ 10.21,IMPOSTO ESTADUAL(DARE),S,18
468,20-Jun-17,R$ 200.40,IMPOSTO SIMPLES,S,18
469,02-Jun-17,R$ 150.00,Pagamento de entrada. Atendimento N° 10213,E,18
470,21-Jun-17,R$ 110.00,Pago com sucesso da parcela n° 3 do atendimento 10162,E,18
471,21-Jun-17,R$ 190.00,Pago com sucesso da parcela n° 2 do atendimento 10190,E,18
472,22-Jun-17,R$ 100.00,Pago com sucesso da parcela n° 2 do atendimento 10199,E,18
473,22-Jun-17,R$ 150.00,Pago com atraso da parcela n° 6 do atendimento 10090,E,18
474,08-Jun-17,"R$ 1,000.00",Pago com sucesso no cartão de débito. Atendimento N° 10217,E,18
475,20-Jun-17,R$ 400.00,Pago com sucesso em dinheiro. Atendimento N° 10228,E,18
476,28-Jun-17,R$ 140.00,Pago com atraso da parcela n° 3 do atendimento 10155,E,18
477,28-Jun-17,R$ 155.00,Pago com atraso da parcela n° 1 do atendimento 10222,E,18
478,28-Jun-17,R$ 110.00,Pago com sucesso da parcela n° 1 do atendimento 10213,E,18
479,14-Jun-17,R$ 200.00,Pagamento de entrada. Atendimento N° 10230,E,18
480,29-Jun-17,R$ 518.00,BOLETO PEREGO,S,18
481,28-Jul-17,R$ 700.00,Pago com sucesso em dinheiro. Atendimento N° 10232,E,19
482,21-Jun-17,R$ 450.00,Pago com sucesso em dinheiro. Atendimento N° 10229,E,18
483,28-Jul-17,R$ 200.00,Pago com atraso da parcela n° 1 do atendimento 10051,E,19
485,26-Jan-17,R$ 500.00,Pagamento de entrada. Atendimento N° 10233,E,1
486,24-Feb-17,R$ 100.00,Pago com sucesso da parcela n° 1 do atendimento 10233,E,3
487,24-Feb-17,R$ 100.00,Pago com sucesso da parcela n° 2 do atendimento 10233,E,3
488,26-Apr-17,R$ 100.00,Pago com atraso da parcela n° 3 do atendimento 10233,E,16
489,27-Jun-17,R$ 100.00,Pago com atraso da parcela n° 4 do atendimento 10233,E,18
490,01-Jul-17,R$ 150.00,Pago com atraso da parcela n° 1 do atendimento 10200,E,19
491,03-Jul-17,R$ 140.00,Pago com atraso da parcela n° 3 do atendimento 10170,E,19
492,04-Jul-17,R$ 100.00,Pago com atraso da parcela n° 1 do atendimento 10208,E,19
493,30-Jun-17,R$ 135.00,Pago com sucesso da parcela n° 4 do atendimento 10119,E,18
494,03-Jul-17,R$ 250.00,Pago com sucesso da parcela n° 1 do atendimento 10211,E,19
495,03-Jul-17,R$ 110.00,Pago com sucesso da parcela n° 4 do atendimento 10152,E,19
496,03-Jul-17,R$ 588.00,BOLETO HOYA,S,19
497,03-Jul-17,R$ 94.28,CONTA CEMAR,S,19
498,04-Jul-17,R$ 139.10,BOLETO LABO OPTICA,S,19
499,04-Jul-17,R$ 130.00,Pago com sucesso da parcela n° 5 do atendimento 10166,E,19
500,05-Jul-17,R$ 130.00,Pago com atraso da parcela n° 6 do atendimento 10064,E,19
501,27-Jun-17,R$ 110.00,Pago com atraso da parcela n° 1 do atendimento 10205,E,18
502,05-Jul-17,R$ 445.00,BOLETO KEYPER,S,19
503,05-Jul-17,R$ 150.00,Pago com sucesso da parcela n° 1 do atendimento 10231,E,19
504,06-Jul-17,R$ 195.00,Pago com sucesso da parcela n° 4 do atendimento 10126,E,19
505,06-Jul-17,R$ 155.00,Pago com sucesso da parcela n° 1 do atendimento 10223,E,19
506,06-Jul-17,R$ 150.00,Pago com atraso da parcela n° 2 do atendimento 10158,E,19
507,06-Jul-17,R$ 150.00,Pago com atraso da parcela n° 3 do atendimento 10158,E,19
508,06-Jul-17,R$ 160.00,Pago com sucesso da parcela n° 3 do atendimento 10187,E,19
509,06-Jul-17,R$ 500.00,Pagamento de entrada. Atendimento N° 10234,E,19
510,07-Jul-17,R$ 150.00,Pago com atraso da parcela n° 6 do atendimento 10146,E,19
511,07-Jul-17,R$ 250.00,Pago com atraso da parcela n° 1 do atendimento 10075,E,19
512,06-Jul-17,R$ 399.50,BOLETO OPTPAR KEEPER,S,19
513,05-Jul-17,"R$ 1,400.00",ALUGUEL,S,19
514,08-Jul-17,R$ 446.53,LUXOTTICA/PLATINI/JEAN MONIER,S,19
515,10-Jul-17,R$ 124.50,HOYA,S,19
516,10-Jul-17,R$ 150.00,Pago com atraso da parcela n° 5 do atendimento 10142,E,19
517,10-Jul-17,R$ 150.00,Pago com atraso da parcela n° 4 do atendimento 10142,E,19
518,10-Jul-17,R$ 240.00,Pago com atraso da parcela n° 3 do atendimento 10125,E,19
519,10-Jul-17,R$ 120.00,Pago com atraso da parcela n° 1 do atendimento 10221,E,19
520,11-Jul-17,R$ 220.00,Pago com atraso da parcela n° 5 do atendimento 10073,E,19
521,08-Jul-17,R$ 140.00,Pago com atraso da parcela n° 4 do atendimento 10099,E,19
522,12-Jul-17,R$ 115.00,Pago com atraso da parcela n° 1 do atendimento 10122,E,19
523,12-Jul-17,R$ 35.51,BOLETO ELO INTERNET,S,19
524,10-Jul-17,R$ 125.00,Pagamento de entrada. Atendimento N° 10240,E,19
525,10-Jul-17,R$ 160.00,Pagamento de entrada. Atendimento N° 10241,E,19
526,13-Jul-17,R$ 115.00,Pago com atraso da parcela n° 2 do atendimento 10184,E,19
527,12-Jul-17,R$ 300.00,Pago com atraso da parcela n° 3 do atendimento 10180,E,19
528,10-Jul-17,R$ 200.00,Pagamento de entrada. Atendimento N° 10242,E,19
529,06-Jul-17,R$ 290.00,Pagamento de entrada. Atendimento N° 10236,E,19
530,11-Jul-17,R$ 840.00,Pago com sucesso no catão de crédito em 5 parcelas. Atendimento N° 10246,E,19
531,13-Jul-17,"R$ 1,350.00",Pago com sucesso no catão de crédito em 6 parcelas. Atendimento N° 10247,E,19
532,13-Jul-17,R$ 150.00,Pagamento de entrada. Atendimento N° 10248,E,19
533,13-Jul-17,R$ 362.68,BOLETO ARMAÇAO RENOMA,S,19
534,15-Jul-17,R$ 96.90,BOLETO CDL,S,19
535,17-Jul-17,R$ 212.00,BOLETO UNILAB,S,19
536,05-Jul-17,R$ 100.00,Pagamento de entrada. Atendimento N° 10235,E,19
537,08-Jul-17,R$ 520.00,Pago com sucesso em dinheiro. Atendimento N° 10238,E,19
538,08-Jul-17,R$ 500.00,Pago com sucesso no catão de crédito em 5 parcelas. Atendimento N° 10239,E,19
539,10-Jul-17,R$ 200.00,Pagamento de entrada. Atendimento N° 10243,E,19
540,11-Jul-17,R$ 280.00,Pagamento de entrada. Atendimento N° 10244,E,19
541,14-Jul-17,R$ 130.00,Pago com atraso da parcela n° 1 do atendimento 10250,E,19
542,12-Jul-17,R$ 160.00,Pago com atraso da parcela n° 3 do atendimento 10189,E,19
543,10-Jul-17,R$ 120.00,Pago com atraso da parcela n° 1 do atendimento 10062,E,19
544,27-Jun-17,R$ 280.00,Pago com atraso da parcela n° 3 do atendimento 10100,E,18
545,20-Jul-17,R$ 800.00,Pago com sucesso em dinheiro. Atendimento N° 10253,E,19
546,20-Jul-17,R$ 228.40,IMPOSTO SIMPLES,S,19
547,20-Jul-17,R$ 6.45,IMPOSTO DARE,S,19
548,21-Jul-17,R$ 23.88,BOLETO LUXOTTICA,S,19
549,22-Jul-17,R$ 77.60,BOLETO LUXOTTICA,S,19
550,05-May-17,R$ 140.00,Pago com atraso da parcela n° 2 do atendimento 10114,E,17
551,06-Jul-17,R$ 140.00,Pago com atraso da parcela n° 3 do atendimento 10114,E,19
552,08-Jul-17,R$ 50.00,Pago com atraso da parcela n° 1 do atendimento 10210,E,19
553,07-Jun-17,R$ 130.00,Pago com atraso da parcela n° 1 do atendimento 10182,E,18
554,22-Jul-17,R$ 130.00,Pago com atraso da parcela n° 2 do atendimento 10182,E,19
555,22-Jul-17,R$ 130.00,Pago com atraso da parcela n° 3 do atendimento 10182,E,19
556,26-Jul-17,R$ 110.00,Pago com sucesso da parcela n° 2 do atendimento 10205,E,19
557,21-Jul-17,R$ 110.00,Pago com sucesso da parcela n° 4 do atendimento 10162,E,19
558,21-Jul-17,R$ 190.00,Pago com sucesso da parcela n° 3 do atendimento 10190,E,19
559,14-Jul-17,R$ 40.00,DOMINIO DO SITE,S,19
560,25-Jul-17,R$ 599.47,PARCELA FINANC. BNB,S,19
561,10-Jul-17,R$ 153.96,BOLETO NET,S,19
562,27-Jul-17,R$ 350.00,Pago com sucesso no catão de crédito em 4 parcelas. Atendimento N° 10255,E,19
563,18-Jul-17,R$ 250.00,Pago com sucesso em dinheiro. Atendimento N° 10251,E,19
564,27-Jul-17,R$ 134.00,Pago com atraso da parcela n° 1 do atendimento 10230,E,19
565,31-Jul-17,R$ 100.00,Pago com atraso da parcela n° 2 do atendimento 10101,E,19
566,31-Jul-17,R$ 215.00,Pago com atraso da parcela n° 3 do atendimento 10165,E,19
567,28-Jul-17,R$ 160.00,Pago com atraso da parcela n° 1 do atendimento 10201,E,19
568,31-Jul-17,R$ 660.06,BOLETO HOYA,S,19
569,10-Jul-17,R$ 265.00,Pago com atraso da parcela n° 1 do atendimento 10094,E,19
570,01-Aug-17,R$ 122.64,BOLETO CEMAR,S,20
571,01-Aug-17,R$ 160.00,Pago com sucesso da parcela n° 2 do atendimento 10201,E,20
572,01-Aug-17,R$ 155.00,Pago com atraso da parcela n° 2 do atendimento 10222,E,20
573,01-Aug-17,R$ 120.00,Pago com sucesso da parcela n° 1 do atendimento 10235,E,20
574,01-Aug-17,R$ 250.00,Pago com sucesso da parcela n° 2 do atendimento 10211,E,20
575,02-Aug-17,R$ 100.00,Pago com atraso da parcela n° 2 do atendimento 10208,E,20
576,02-Aug-17,R$ 140.00,Pago com sucesso da parcela n° 4 do atendimento 10170,E,20
577,03-Aug-17,R$ 139.10,BOLETO LABO OPTICA,S,20
578,03-Aug-17,R$ 300.00,Pago com sucesso no catão de crédito em 3 parcelas. Atendimento N° 10256,E,20
579,04-Aug-17,R$ 290.00,Pago com sucesso da parcela n° 1 do atendimento 10236,E,20
580,04-Aug-17,R$ 132.50,Pago com atraso da parcela n° 1 do atendimento 10248,E,20
581,04-Aug-17,R$ 155.00,Pago com sucesso da parcela n° 2 do atendimento 10223,E,20
582,04-Aug-17,R$ 100.00,Pago com atraso da parcela n° 1 do atendimento 10237,E,20
583,04-Aug-17,R$ 135.00,Pago com atraso da parcela n° 5 do atendimento 10119,E,20
584,07-Aug-17,R$ 100.00,Pagamento de entrada. Atendimento N° 10257,E,20
585,11-Aug-17,R$ 100.00,Pagamento de entrada. Atendimento N° 10257,E,20
586,05-Aug-17,R$ 50.00,VIGILANCIA NOTURNA,S,20
587,07-Aug-17,R$ 446.57,BOLETO LUXOTTICA,S,20
588,05-Aug-17,R$ 399.50,BOLETO OPITPAR KEEPER,S,20
589,10-Aug-17,R$ 149.86,BOLETO NET,S,20
590,05-Aug-17,"R$ 1,400.00",ALUGUEL LOJA,S,20
591,14-Aug-17,R$ 287.50,Pago com atraso da parcela n° 1 do atendimento 10234,E,20
592,14-Aug-17,R$ 287.50,Pago com sucesso da parcela n° 2 do atendimento 10234,E,20
593,14-Aug-17,R$ 287.50,Pago com sucesso da parcela n° 3 do atendimento 10234,E,20
594,14-Aug-17,R$ 287.50,Pago com sucesso da parcela n° 4 do atendimento 10234,E,20
595,04-Aug-17,R$ 110.00,Pago com sucesso da parcela n° 2 do atendimento 10213,E,20
596,12-Aug-17,R$ 280.00,Pago com atraso da parcela n° 1 do atendimento 10244,E,20
597,08-Aug-17,R$ 160.00,Pago com atraso da parcela n° 4 do atendimento 10187,E,20
598,08-Aug-17,R$ 150.00,Pago com sucesso da parcela n° 2 do atendimento 10231,E,20
599,07-Aug-17,R$ 140.00,Pago com atraso da parcela n° 4 do atendimento 10155,E,20
600,07-Aug-17,R$ 152.00,Pago com atraso da parcela n° 3 do atendimento 10161,E,20
601,05-Jun-17,R$ 185.00,Pagamento de entrada. Atendimento N° 10214,E,18
602,15-Aug-17,R$ 96.90,BOLETO CDL,S,20
603,31-Jul-17,R$ 935.00,Pago com sucesso no catão de crédito em 6 parcelas. Atendimento N° 10257,E,19
604,31-Jul-17,R$ 600.00,Pago com sucesso no catão de crédito em 6 parcelas. Atendimento N° 10258,E,19
605,02-Aug-17,R$ 200.00,Pagamento de entrada. Atendimento N° 10259,E,20
606,07-Aug-17,R$ 270.00,Pago com sucesso no catão de crédito em 3 parcelas. Atendimento N° 10260,E,20
607,09-Aug-17,R$ 550.00,Pago com sucesso no catão de crédito em 5 parcelas. Atendimento N° 10262,E,20
608,09-Aug-17,R$ 300.00,Pagamento de entrada. Atendimento N° 10263,E,20
609,10-Aug-17,R$ 700.00,Pago com sucesso no catão de crédito em 5 parcelas. Atendimento N° 10266,E,20
610,10-Aug-17,R$ 700.00,Pago com sucesso no catão de crédito em 5 parcelas. Atendimento N° 10267,E,20
611,10-Aug-17,R$ 450.00,Pago com sucesso no cartão de débito. Atendimento N° 10268,E,20
612,20-Aug-17,R$ 23.88,BOLETO LUXOTTICA,S,20
613,21-Aug-17,R$ 77.62,BOLETO LUXOTTICA,S,20
614,21-Aug-17,R$ 78.76,BOLETO HOYA,S,20
615,21-Aug-17,R$ 243.40,IMPOSTO SIMPLES,S,20
616,21-Aug-17,R$ 5.06,IMPOSTO ESTADO (DARE),S,20
617,16-Aug-17,R$ 160.00,Pago com atraso da parcela n° 4 do atendimento 10189,E,20
618,21-Aug-17,R$ 185.00,Pago com atraso da parcela n° 2 do atendimento 10214,E,20
619,14-Aug-17,R$ 185.00,Pago com atraso da parcela n° 1 do atendimento 10214,E,20
620,18-Aug-17,R$ 134.00,Pago com sucesso da parcela n° 2 do atendimento 10230,E,20
621,09-Aug-17,R$ 135.00,Pago com atraso da parcela n° 1 do atendimento 10242,E,20
622,01-Aug-17,R$ 125.00,Pago com sucesso da parcela n° 1 do atendimento 10240,E,20
623,11-Aug-17,R$ 160.00,Pago com atraso da parcela n° 1 do atendimento 10241,E,20
624,16-Aug-17,R$ 300.00,Pago com atraso da parcela n° 4 do atendimento 10180,E,20
625,16-Aug-17,R$ 130.00,Pago com atraso da parcela n° 2 do atendimento 10250,E,20
626,21-Aug-17,R$ 125.00,Pago com atraso da parcela n° 1 do atendimento 10091,E,20
627,21-Aug-17,R$ 125.00,Pago com atraso da parcela n° 2 do atendimento 10091,E,20
628,14-Aug-17,R$ 130.00,Pago com atraso da parcela n° 4 do atendimento 10153,E,20
629,10-Aug-17,R$ 110.00,Pago com atraso da parcela n° 1 do atendimento 10245,E,20
630,11-Aug-17,R$ 660.00,Pago com sucesso no catão de crédito em 6 parcelas. Atendimento N° 10269,E,20
631,11-Aug-17,R$ 150.00,Pagamento de entrada. Atendimento N° 10270,E,20
632,15-Aug-17,R$ 845.00,Pago com sucesso no catão de crédito em 6 parcelas. Atendimento N° 10271,E,20
633,15-Aug-17,R$ 500.00,Pago com sucesso no cartão de débito. Atendimento N° 10272,E,20
634,16-Aug-17,R$ 185.00,Pagamento de entrada. Atendimento N° 10273,E,20
635,17-Aug-17,R$ 185.00,Pago com sucesso da parcela n° 1 do atendimento 10273,E,20
636,22-Aug-17,R$ 110.00,Pago com sucesso da parcela n° 5 do atendimento 10162,E,20
637,22-Aug-17,R$ 190.00,Pago com sucesso da parcela n° 4 do atendimento 10190,E,20
638,18-Aug-17,R$ 270.00,Pago com sucesso no catão de crédito em 4 parcelas. Atendimento N° 10277,E,20
639,19-Aug-17,R$ 250.00,Pago com sucesso no cartão de débito. Atendimento N° 10278,E,20
640,22-Aug-17,"R$ 1,300.00",Pago com sucesso no catão de crédito em 6 parcelas. Atendimento N° 10279,E,20
641,23-Aug-17,R$ 430.00,Pago com atraso da parcela n° 1 do atendimento 10249,E,20
642,17-Aug-17,R$ 180.00,Pagamento de entrada. Atendimento N° 10276,E,20
643,07-Aug-17,R$ 200.00,Pagamento de entrada. Atendimento N° 10261,E,20
644,28-Aug-17,R$ 155.00,Pago com atraso da parcela n° 3 do atendimento 10222,E,20
645,28-Aug-17,R$ 140.00,Pago com atraso da parcela n° 5 do atendimento 10155,E,20
646,28-Aug-17,R$ 160.00,Pago com sucesso da parcela n° 3 do atendimento 10201,E,20
647,28-Aug-17,R$ 150.00,Pago com atraso da parcela n° 1 do atendimento 10243,E,20
648,28-Aug-17,R$ 349.52,BOLETO HOYA,S,20
649,28-Aug-17,R$ 352.00,BOLETO UNILAB,S,20
650,20-Aug-17,R$ 400.00,CONTADOR,S,20
651,29-Aug-17,R$ 110.00,Pago com atraso da parcela n° 3 do atendimento 10205,E,20
652,29-Aug-17,R$ 238.00,Pago com sucesso da parcela n° 1 do atendimento 10270,E,20
653,29-Aug-17,R$ 110.00,Pago com sucesso da parcela n° 3 do atendimento 10213,E,20
654,16-Aug-17,"R$ 2,295.00",Pago com sucesso no catão de crédito em 6 parcelas. Atendimento N° 10275,E,20
655,25-Aug-17,R$ 200.00,Pagamento de entrada. Atendimento N° 10280,E,20
656,30-Aug-17,R$ 500.00,Pago com sucesso no catão de crédito em 5 parcelas. Atendimento N° 10283,E,20
657,31-Aug-17,R$ 900.00,Pagamento de entrada. Atendimento N° 10285,E,20
658,31-Aug-17,"R$ 2,640.00",Pago com sucesso no catão de crédito em 4 parcelas. Atendimento N° 10286,E,20
659,30-Aug-17,R$ 250.00,Pago com sucesso da parcela n° 3 do atendimento 10211,E,20
660,01-Sep-17,R$ 140.00,Pago com sucesso da parcela n° 5 do atendimento 10170,E,21
661,04-Sep-17,R$ 100.00,Pago com atraso da parcela n° 3 do atendimento 10134,E,21
662,04-Sep-17,R$ 100.00,Pago com atraso da parcela n° 1 do atendimento 10281,E,21
663,06-Sep-17,R$ 135.00,Pago com atraso da parcela n° 6 do atendimento 10119,E,21
664,05-Sep-17,R$ 132.00,Pago com sucesso da parcela n° 1 do atendimento 10265,E,21
665,05-Sep-17,R$ 100.00,Pago com atraso da parcela n° 3 do atendimento 10208,E,21
666,05-Sep-17,R$ 290.00,Pago com sucesso da parcela n° 2 do atendimento 10236,E,21
667,06-Sep-17,R$ 155.00,Pago com sucesso da parcela n° 3 do atendimento 10223,E,21
668,06-Sep-17,R$ 120.00,Pago com atraso da parcela n° 2 do atendimento 10235,E,21
669,06-Sep-17,R$ 135.00,Pago com sucesso da parcela n° 2 do atendimento 10242,E,21
670,11-Sep-17,R$ 150.00,Pago com sucesso da parcela n° 3 do atendimento 10231,E,21
671,09-Sep-17,R$ 132.50,Pago com atraso da parcela n° 2 do atendimento 10248,E,21
672,11-Sep-17,R$ 280.00,Pago com sucesso da parcela n° 2 do atendimento 10244,E,21
673,10-Sep-17,R$ 333.75,BOLETO KEYPER,S,21
674,10-Sep-17,R$ 151.84,BOLETO NET,S,21
675,11-Sep-17,R$ 124.50,BOLETO HOYA,S,21
676,11-Sep-17,R$ 212.00,BOLETO UNILAB,S,21
677,04-Sep-17,R$ 458.00,BOLETO UNILAB,S,21
678,04-Sep-17,R$ 336.78,BOLETO HOYA,S,21
679,05-Sep-17,R$ 50.00,SERVIÇO DE VIGILANCIA,S,21
680,05-Sep-17,"R$ 1,400.00",ALUGUEL,S,21
681,06-Sep-17,R$ 140.54,CONTA DE ENERGIA,S,21
682,11-Sep-17,R$ 170.00,Pago com atraso da parcela n° 1 do atendimento 10252,E,21
683,11-Sep-17,R$ 170.00,Pago com sucesso da parcela n° 2 do atendimento 10252,E,21
684,11-Sep-17,R$ 170.00,Pago com sucesso da parcela n° 3 do atendimento 10252,E,21
685,01-Sep-17,R$ 160.00,Pago com sucesso da parcela n° 2 do atendimento 10241,E,21
686,01-Sep-17,R$ 125.00,Pago com sucesso da parcela n° 2 do atendimento 10240,E,21
687,04-Sep-17,R$ 100.00,Pago com sucesso em dinheiro. Atendimento N° 10287,E,21
688,05-Sep-17,R$ 100.00,Pago com atraso da parcela n° 5 do atendimento 10233,E,21
689,05-Sep-17,R$ 100.00,Pago com atraso da parcela n° 6 do atendimento 10233,E,21
690,12-Sep-17,R$ 100.00,Pago com atraso da parcela n° 1 do atendimento 10254,E,21
691,14-Sep-17,R$ 140.00,Pago com atraso da parcela n° 3 do atendimento 10076,E,21
692,15-Sep-17,R$ 165.00,Pago com sucesso da parcela n° 1 do atendimento 10264,E,21
693,14-Sep-17,R$ 300.00,Pago com atraso da parcela n° 5 do atendimento 10180,E,21
694,15-Sep-17,R$ 120.00,Pago com atraso da parcela n° 1 do atendimento 10259,E,21
695,15-Sep-17,R$ 130.00,Pago com atraso da parcela n° 3 do atendimento 10250,E,21
696,15-Sep-17,R$ 185.00,Pago com sucesso da parcela n° 3 do atendimento 10214,E,21
697,15-Sep-17,R$ 150.00,Pago com atraso da parcela n° 1 do atendimento 10263,E,21
698,18-Sep-17,R$ 150.00,Pago com atraso da parcela n° 2 do atendimento 10200,E,21
699,15-Sep-17,R$ 96.90,BOLETO CDL,S,0
700,15-Sep-17,R$ 96.90,BOLETO CDL,,0
701,01-Sep-17,R$ 130.00,Pago com atraso da parcela n° 4 do atendimento 10182,E,21
702,11-Sep-17,R$ 120.00,Pago com sucesso em dinheiro. Atendimento N° 10289,E,21
703,21-Sep-17,R$ 115.00,Pago com atraso da parcela n° 2 do atendimento 10122,E,21
704,14-Sep-17,R$ 660.00,Pago com sucesso no catão de crédito em 6 parcelas. Atendimento N° 10293,E,21
705,18-Sep-17,R$ 400.00,Pago com sucesso no catão de crédito em 4 parcelas. Atendimento N° 10295,E,21
706,16-Sep-17,R$ 780.00,Pago com sucesso no catão de crédito em 6 parcelas. Atendimento N° 10296,E,21
707,18-Sep-17,R$ 800.00,Pago com sucesso no cartão de débito. Atendimento N° 10297,E,21
708,18-Sep-17,R$ 200.00,Pagamento de entrada. Atendimento N° 10298,E,21
709,19-Sep-17,R$ 200.00,Pago com sucesso em dinheiro. Atendimento N° 10300,E,21
710,20-Sep-17,R$ 500.00,Pago com sucesso no catão de crédito em 4 parcelas. Atendimento N° 10301,E,21
711,21-Sep-17,R$ 0.01,Pago com sucesso em dinheiro. Atendimento N° 10302,E,21
712,18-Sep-17,R$ 120.00,BOLETO HOYA,S,21
713,12-Sep-17,R$ 110.00,Pago com atraso da parcela n° 2 do atendimento 10245,E,21
714,21-Sep-17,R$ 100.00,Pago com sucesso da parcela n° 2 do atendimento 10254,E,21
715,21-Sep-17,R$ 200.00,Pago com atraso da parcela n° 1 do atendimento 10274,E,21
716,21-Sep-17,R$ 190.00,Pago com sucesso da parcela n° 5 do atendimento 10190,E,21
717,15-Sep-17,R$ 194.00,Pago com sucesso da parcela n° 1 do atendimento 10280,E,21
718,22-Sep-17,R$ 450.00,Pago com sucesso no cartão de débito. Atendimento N° 10303,E,21
719,22-Sep-17,R$ 880.00,Pago com sucesso no catão de crédito em 5 parcelas. Atendimento N° 10304,E,21
720,15-Sep-17,R$ 96.90,BOLETO CDL,S,21
721,26-Sep-17,R$ 100.00,Pago com sucesso em dinheiro. Atendimento N° 10307,E,21
722,09-Sep-17,R$ 850.00,Pago com sucesso em dinheiro. Atendimento N° 10290,E,21
723,27-Sep-17,R$ 155.00,Pago com sucesso da parcela n° 4 do atendimento 10222,E,21
724,26-Sep-17,R$ 134.00,Pago com atraso da parcela n° 3 do atendimento 10230,E,21
725,26-Sep-17,R$ 135.00,Pago com sucesso da parcela n° 1 do atendimento 10294,E,21
726,22-Sep-17,R$ 135.00,Pago com atraso da parcela n° 1 do atendimento 10284,E,21
727,20-Sep-17,R$ 115.00,Pago com atraso da parcela n° 3 do atendimento 10184,E,21
728,20-Sep-17,R$ 170.00,Pago com atraso da parcela n° 3 do atendimento 10132,E,21
729,18-Sep-17,R$ 300.00,Pago com atraso da parcela n° 1 do atendimento 10025,E,21
730,18-Sep-17,R$ 300.00,Pago com atraso da parcela n° 2 do atendimento 10025,E,21
731,18-Sep-17,R$ 300.00,Pago com atraso da parcela n° 3 do atendimento 10025,E,21
732,14-Sep-17,R$ 100.00,Pago com atraso da parcela n° 4 do atendimento 10144,E,21
733,01-Sep-17,R$ 180.00,Pago com sucesso da parcela n° 1 do atendimento 10276,E,21
734,27-Sep-17,R$ 238.00,Pago com sucesso da parcela n° 2 do atendimento 10270,E,21
735,19-Sep-17,R$ 23.88,BOLETO LUXOTTICA (JEAN MONIER),S,21
736,20-Sep-17,R$ 418.60,BOLETO SIMPLES,S,21
737,20-Sep-17,R$ 25.54,BOLETO DARE,S,21
738,20-Sep-17,R$ 385.04,BOLETO SOLAR TOP LINE,S,21
739,25-Sep-17,R$ 299.00,BOLETO UNILAB,S,21
740,25-Sep-17,R$ 962.28,BOLETO HOYA,S,21
741,20-Sep-17,R$ 400.00,CONTADOR,S,21
742,28-Sep-17,R$ 60.00,Pago com sucesso em dinheiro. Atendimento N° 10308,E,21
743,28-Sep-17,R$ 170.00,Pago com sucesso no catão de crédito em 1 parcelas. Atendimento N° 10309,E,21
744,25-Sep-17,R$ 180.00,Pagamento de entrada. Atendimento N° 10305,E,21
745,20-Oct-17,R$ 160.00,Pago com atraso da parcela n° 5 do atendimento 10189,E,22
746,28-Sep-17,R$ 500.00,Pago com sucesso em dinheiro. Atendimento N° 10310,E,21
747,05-Oct-17,R$ 100.00,Pago com atraso da parcela n° 4 do atendimento 10208,E,22
748,05-Oct-17,R$ 290.00,Pago com sucesso da parcela n° 3 do atendimento 10236,E,22
749,03-Oct-17,R$ 150.00,Pago com sucesso da parcela n° 4 do atendimento 10231,E,22
750,02-Oct-17,R$ 160.00,Pago com atraso da parcela n° 5 do atendimento 10187,E,22
751,02-Oct-17,R$ 135.00,Pago com sucesso da parcela n° 1 do atendimento 10288,E,22
752,02-Oct-17,R$ 110.00,Pago com atraso da parcela n° 4 do atendimento 10205,E,22
753,05-Oct-17,R$ 155.00,Pago com sucesso da parcela n° 4 do atendimento 10223,E,22
754,02-Oct-17,R$ 131.44,CONTA CEMAR,S,22
755,06-Oct-17,R$ 180.00,Pago com sucesso da parcela n° 2 do atendimento 10276,E,22
756,05-Oct-17,R$ 110.00,Pago com sucesso da parcela n° 1 do atendimento 10291,E,22
757,05-Oct-17,R$ 152.00,Pago com atraso da parcela n° 4 do atendimento 10161,E,22
758,07-Oct-17,R$ 160.00,Pago com atraso da parcela n° 4 do atendimento 10201,E,22
759,05-Oct-17,R$ 50.00,SERVIÇO DE VIGILANCIA,S,22
760,06-Oct-17,R$ 500.25,BOLETO JEAN PIERRE,S,22
761,05-Oct-17,"R$ 1,400.00",ALUGUEL,S,22
762,09-Oct-17,R$ 359.76,BOLETO HOYA,S,22
763,09-Oct-17,R$ 299.00,BOLETO UNILAB,S,22
764,09-Oct-17,R$ 280.00,Pago com sucesso da parcela n° 3 do atendimento 10244,E,22
765,09-Oct-17,R$ 140.00,Pago com sucesso da parcela n° 1 do atendimento 10306,E,22
766,07-Oct-17,R$ 160.00,Pago com sucesso da parcela n° 1 do atendimento 10298,E,22
767,06-Oct-17,R$ 132.00,Pago com atraso da parcela n° 2 do atendimento 10265,E,22
768,03-Oct-17,R$ 150.00,Pagamento de entrada. Atendimento N° 10312,E,22
769,09-Oct-17,R$ 600.00,Pago com sucesso no catão de crédito em 2 parcelas. Atendimento N° 10314,E,22
770,06-Oct-17,R$ 95.00,Pagamento de entrada. Atendimento N° 10315,E,22
771,05-Oct-17,R$ 150.00,Pagamento de entrada. Atendimento N° 10313,E,22
772,10-Oct-17,R$ 151.25,BOLETO NET,S,22
773,10-Oct-17,R$ 333.75,BOLETO KEYPER,S,22
774,11-Oct-17,R$ 100.00,Pago com atraso da parcela n° 1 do atendimento 10285,E,22
775,12-Oct-17,R$ 300.00,Pago com atraso da parcela n° 6 do atendimento 10180,E,22
776,10-Oct-17,R$ 132.50,Pago com atraso da parcela n° 3 do atendimento 10248,E,22
777,15-Oct-17,R$ 67.00,BOLETO CDL,S,22
778,16-Oct-17,R$ 8.00,BOLETO HOYA,S,0
779,16-Oct-17,R$ 8.00,BOLETO HOYA,S,22
780,16-Oct-17,R$ 204.02,BOLETO HOYA,S,22
781,16-Oct-17,R$ 130.00,Pago com atraso da parcela n° 4 do atendimento 10250,E,22
782,16-Oct-17,R$ 194.00,Pago com atraso da parcela n° 2 do atendimento 10280,E,22
783,17-Oct-17,R$ 135.00,Pagamento de entrada. Atendimento N° 10317,E,22
784,11-Oct-17,R$ 110.00,Pago com atraso da parcela n° 3 do atendimento 10245,E,22
785,17-Oct-17,R$ 100.00,Pagamento de entrada. Atendimento N° 10318,E,22
786,16-Oct-17,R$ 150.00,Pago com atraso da parcela n° 2 do atendimento 10243,E,22
787,19-Oct-17,R$ 100.00,Pago com atraso da parcela n° 2 do atendimento 10123,E,22
788,19-Oct-17,R$ 100.00,Pago com atraso da parcela n° 1 do atendimento 10123,E,22
789,19-Oct-17,R$ 100.00,Pago com atraso da parcela n° 3 do atendimento 10123,E,22
790,17-Oct-17,R$ 250.00,Pago com sucesso no catão de crédito em 2 parcelas. Atendimento N° 10320,E,22
791,25-Oct-17,R$ 200.00,Pago com sucesso da parcela n° 1 do atendimento 10305,E,22
792,25-Oct-17,R$ 100.00,Pago com sucesso da parcela n° 3 do atendimento 10254,E,22
793,24-Oct-17,R$ 190.00,Pago com atraso da parcela n° 6 do atendimento 10190,E,22
794,24-Oct-17,R$ 200.00,Pago com atraso da parcela n° 2 do atendimento 10274,E,22
795,21-Oct-17,R$ 145.00,Pago com atraso da parcela n° 4 do atendimento 10076,E,22
796,20-Oct-17,R$ 135.00,Pago com sucesso da parcela n° 2 do atendimento 10284,E,22
797,19-Oct-17,R$ 150.00,Pago com atraso da parcela n° 3 do atendimento 10200,E,22
798,19-Oct-17,R$ 165.00,Pago com atraso da parcela n° 2 do atendimento 10264,E,22
799,24-Oct-17,R$ 160.00,Pago com atraso da parcela n° 3 do atendimento 10241,E,22
800,24-Oct-17,R$ 125.00,Pago com atraso da parcela n° 3 do atendimento 10240,E,22
801,25-Oct-17,R$ 134.00,Pago com atraso da parcela n° 4 do atendimento 10230,E,22
802,20-Oct-17,R$ 175.00,Pagamento de entrada. Atendimento N° 10323,E,22
803,26-Oct-17,R$ 100.00,Pago com atraso da parcela n° 2 do atendimento 10281,E,22
804,27-Oct-17,R$ 160.00,Pago com atraso da parcela n° 6 do atendimento 10187,E,22
805,27-Oct-17,R$ 130.00,Pago com atraso da parcela n° 1 do atendimento 10299,E,22
806,27-Oct-17,R$ 130.00,Pago com sucesso da parcela n° 2 do atendimento 10299,E,22
807,20-Oct-17,R$ 16.53,BOLETO IMPOSTO ESTADO,S,22
808,20-Oct-17,R$ 189.60,BOLETO IMPOSTO SIMPLES,S,22
809,20-Oct-17,R$ 382.00,BOLETO SOLAR TOP LINE,S,22
810,23-Oct-17,R$ 24.76,BOLETO HOYA,S,22
811,24-Oct-17,R$ 409.00,BOLETO UNILAB,,0
812,24-Oct-17,R$ 409.00,BOLETO UNILAB,S,22
813,24-Oct-17,R$ 400.00,PAGAMENTO CONTADOR,S,22
814,25-Oct-17,R$ 606.13,BOLETO BNB,S,22
815,29-Oct-17,R$ 686.27,BOLETO PEREGO,S,22
816,30-Oct-17,R$ 8.00,BOLETO HOYA,S,22
817,30-Oct-17,R$ 120.00,BOLETO HOYA,S,22
818,20-Oct-17,R$ 700.00,Pago com sucesso no catão de crédito em 6 parcelas. Atendimento N° 10322,E,22
819,24-Oct-17,R$ 500.00,Pago com sucesso em dinheiro. Atendimento N° 10324,E,22
820,24-Oct-17,R$ 240.00,Pagamento de entrada. Atendimento N° 10325,E,22
821,28-Oct-17,"R$ 1,100.00",Pago com sucesso no catão de crédito em 6 parcelas. Atendimento N° 10329,E,22
822,31-Oct-17,R$ 18.00,BOLETO HOYA,S,22
823,31-Oct-17,R$ 155.00,Pago com atraso da parcela n° 5 do atendimento 10222,E,22
824,27-Oct-17,R$ 120.00,Pago com atraso da parcela n° 2 do atendimento 10259,E,22
825,27-Oct-17,R$ 120.00,Pago com sucesso da parcela n° 3 do atendimento 10259,E,22
826,27-Oct-17,R$ 238.00,Pago com sucesso da parcela n° 3 do atendimento 10270,E,22
827,09-Nov-17,R$ 110.00,Pago com atraso da parcela n° 4 do atendimento 10245,E,23
828,03-Nov-17,R$ 140.00,Pago com atraso da parcela n° 1 do atendimento 10292,E,23
829,03-Nov-17,R$ 130.00,Pago com atraso da parcela n° 2 do atendimento 10221,E,23
830,04-Nov-17,R$ 135.00,Pago com atraso da parcela n° 2 do atendimento 10294,E,23
831,04-Nov-17,R$ 132.00,Pago com sucesso da parcela n° 3 do atendimento 10265,E,23
832,06-Nov-17,R$ 290.00,Pago com sucesso da parcela n° 4 do atendimento 10236,E,23
833,06-Nov-17,R$ 180.00,Pago com sucesso da parcela n° 3 do atendimento 10276,E,23
834,06-Nov-17,R$ 135.00,Pago com atraso da parcela n° 2 do atendimento 10288,E,23
835,07-Nov-17,R$ 160.00,Pago com atraso da parcela n° 5 do atendimento 10201,E,23
836,07-Nov-17,R$ 280.00,Pago com sucesso da parcela n° 4 do atendimento 10244,E,23
837,07-Nov-17,R$ 155.00,Pago com sucesso da parcela n° 5 do atendimento 10223,E,23
838,07-Nov-17,R$ 100.00,Pago com atraso da parcela n° 2 do atendimento 10285,E,23
839,07-Nov-17,R$ 95.00,Pago com atraso da parcela n° 1 do atendimento 10315,E,23
840,07-Nov-17,R$ 165.00,Pago com atraso da parcela n° 1 do atendimento 10311,E,23
841,09-Nov-17,R$ 100.00,Pago com atraso da parcela n° 5 do atendimento 10208,E,23
842,09-Nov-17,R$ 180.00,Pago com sucesso da parcela n° 1 do atendimento 10328,E,23
843,09-Nov-17,R$ 97.50,Pago com sucesso da parcela n° 1 do atendimento 10327,E,23
844,09-Nov-17,R$ 132.50,Pago com atraso da parcela n° 4 do atendimento 10248,E,23
845,09-Nov-17,R$ 115.00,Pago com atraso da parcela n° 4 do atendimento 10184,E,23
846,09-Nov-17,R$ 115.00,Pago com atraso da parcela n° 5 do atendimento 10184,E,23
847,09-Nov-17,R$ 115.00,Pago com atraso da parcela n° 6 do atendimento 10184,E,23
848,03-Nov-17,R$ 135.25,CEMAR,S,23
849,06-Nov-17,R$ 500.24,BOLETO JEAN PIERRE,S,23
850,06-Nov-17,R$ 212.00,BOLETO UNILAB,S,23
851,06-Nov-17,R$ 82.26,BOLETO HOYA,S,23
852,05-Nov-17,"R$ 1,400.00",ALUGUEL LOJA,S,23
853,10-Nov-17,R$ 151.25,BOLETO NET,S,23
854,10-Nov-17,R$ 333.75,BOLETO KEYPER,S,23
855,09-Nov-17,R$ 150.00,Pago com atraso da parcela n° 1 do atendimento 10261,E,23
856,10-Nov-17,R$ 150.00,Pago com sucesso da parcela n° 1 do atendimento 10313,E,23
857,10-Nov-17,R$ 120.00,Pago com sucesso da parcela n° 4 do atendimento 10259,E,23
858,10-Nov-17,R$ 240.00,Pago com sucesso da parcela n° 1 do atendimento 10325,E,23
859,06-Nov-17,R$ 50.00,SERVIÇO DE VIGILANCIA,S,23
860,01-Nov-17,R$ 110.00,Pagamento de entrada. Atendimento N° 10331,E,23
861,03-Nov-17,R$ 922.00,Pago com sucesso em dinheiro. Atendimento N° 10332,E,23
862,07-Nov-17,R$ 150.00,Pagamento de entrada. Atendimento N° 10333,E,23
863,08-Nov-17,R$ 230.00,Pago com sucesso no catão de crédito em 1 parcelas. Atendimento N° 10335,E,23
864,10-Nov-17,R$ 200.00,Pagamento de entrada. Atendimento N° 10337,E,23
865,10-Nov-17,R$ 340.00,Pago com sucesso no catão de crédito em 2 parcelas. Atendimento N° 10338,E,23
866,07-Nov-17,R$ 155.00,Pagamento de entrada. Atendimento N° 10334,E,23
867,31-Oct-17,R$ 680.00,Pago com sucesso no cartão de débito. Atendimento N° 10330,E,22
868,08-Nov-17,R$ 450.00,Pago com sucesso em dinheiro. Atendimento N° 10336,E,23
869,15-Nov-17,R$ 67.00,BOLETO CDL,S,23
870,16-Nov-17,R$ 129.50,BOLETO HOYA,S,23
871,16-Nov-17,R$ 194.00,Pago com atraso da parcela n° 3 do atendimento 10280,E,23
872,10-Nov-17,R$ 100.00,Pago com sucesso da parcela n° 1 do atendimento 10316,E,23
873,14-Nov-17,R$ 150.00,Pago com atraso da parcela n° 1 do atendimento 10312,E,23
874,13-Nov-17,R$ 150.00,Pago com sucesso da parcela n° 5 do atendimento 10231,E,23
875,13-Nov-17,R$ 140.00,Pago com atraso da parcela n° 2 do atendimento 10306,E,23
876,10-Nov-17,R$ 120.00,Pago com atraso da parcela n° 3 do atendimento 10235,E,23
877,10-Nov-17,R$ 120.00,Pago com atraso da parcela n° 4 do atendimento 10235,E,23
878,14-Nov-17,R$ 100.00,Pagamento de entrada. Atendimento N° 10340,E,23
879,14-Nov-17,R$ 50.00,Pagamento de entrada. Atendimento N° 10343,E,23
880,20-Nov-17,R$ 382.00,BOLETO TOP LINE SOLAR,S,23
881,20-Nov-17,R$ 10.00,BOLETO HOYA,S,23
882,20-Nov-17,R$ 154.80,IMPOSTO SIMPLES,S,23
883,20-Nov-17,R$ 1.90,IMPOSTO ESTADUAL (DARE),S,23
884,14-Nov-17,R$ 300.00,Pago com sucesso em dinheiro. Atendimento N° 10341,E,23
885,17-Nov-17,R$ 170.00,Pagamento de entrada. Atendimento N° 10344,E,23
886,22-Nov-17,R$ 200.00,Pagamento de entrada. Atendimento N° 10347,E,23
887,22-Nov-17,R$ 100.00,Pagamento de entrada. Atendimento N° 10346,E,23
888,22-Nov-17,R$ 22.30,BOLETO HOYA,S,23
889,24-Nov-17,R$ 400.00,CONTADOR,S,23
890,14-Nov-17,R$ 230.00,Pago com sucesso no cartão de débito. Atendimento N° 10342,E,23
891,29-Nov-17,R$ 134.00,Pago com atraso da parcela n° 5 do atendimento 10230,E,23
892,29-Nov-17,R$ 430.00,Pago com atraso da parcela n° 2 do atendimento 10249,E,23
893,28-Nov-17,R$ 155.00,Pago com atraso da parcela n° 6 do atendimento 10222,E,23
894,28-Nov-17,R$ 135.00,Pago com atraso da parcela n° 3 do atendimento 10294,E,23
895,28-Nov-17,R$ 238.00,Pago com sucesso da parcela n° 4 do atendimento 10270,E,23
896,27-Nov-17,R$ 100.00,Pago com atraso da parcela n° 1 do atendimento 10326,E,23
897,21-Nov-17,R$ 200.00,Pago com atraso da parcela n° 3 do atendimento 10274,E,23
898,22-Nov-17,R$ 135.00,Pago com atraso da parcela n° 3 do atendimento 10284,E,23
899,17-Nov-17,R$ 135.00,Pago com atraso da parcela n° 1 do atendimento 10317,E,23
900,17-Nov-17,R$ 100.00,Pago com sucesso da parcela n° 4 do atendimento 10254,E,23
901,20-Nov-17,R$ 125.00,Pago com atraso da parcela n° 4 do atendimento 10240,E,23
902,20-Nov-17,R$ 160.00,Pago com atraso da parcela n° 4 do atendimento 10241,E,23
903,28-Nov-17,R$ 700.00,Pago com sucesso no catão de crédito em 2 parcelas. Atendimento N° 10348,E,23
904,23-Nov-17,R$ 155.00,Pago com sucesso em dinheiro. Atendimento N° 10349,E,23
905,30-Nov-17,R$ 650.00,Pago com sucesso no catão de crédito em 6 parcelas. Atendimento N° 10350,E,23
906,27-Dec-17,R$ 571.76,BOLETO HOYA,S,23
907,28-Nov-17,R$ 620.50,BOLETO PEREGO,S,23
908,01-Dec-17,R$ 10.00,BOLETO HOYA,S,24
909,04-Dec-17,R$ 129.50,BOLETO HOYA,S,24
910,04-Dec-17,R$ 133.01,CONTA CEMAR,S,24
911,05-Dec-17,R$ 50.00,VIGILANCIA,S,24
912,11-Dec-17,R$ 200.00,BOLETO ARMAÇOES PE (LULA),S,24
913,11-Dec-17,R$ 10.00,BOLETO HOYA,S,24
914,11-Dec-17,R$ 37.00,BOLETO UNILAB,S,24
915,05-Dec-17,"R$ 1,400.00",BOLETO ALUGUEL,S,24
916,10-Dec-17,R$ 333.75,BOLETO ARMÇOES KEYPER,S,24
917,10-Dec-17,R$ 151.25,BOLETO NET,S,24
918,30-Dec-17,R$ 160.00,Pago com atraso da parcela n° 6 do atendimento 10201,E,24
919,04-Dec-17,R$ 140.00,Pago com atraso da parcela n° 2 do atendimento 10292,E,24
920,04-Dec-17,R$ 135.00,Pago com atraso da parcela n° 1 do atendimento 10319,E,24
921,05-Dec-17,R$ 290.00,Pago com sucesso da parcela n° 5 do atendimento 10236,E,24
922,05-Dec-17,R$ 180.00,Pago com sucesso da parcela n° 4 do atendimento 10276,E,24
923,06-Dec-17,R$ 155.00,Pago com sucesso da parcela n° 6 do atendimento 10223,E,24
924,06-Dec-17,R$ 95.00,Pago com sucesso da parcela n° 2 do atendimento 10315,E,24
925,06-Dec-17,R$ 110.00,Pago com atraso da parcela n° 2 do atendimento 10291,E,24
926,07-Dec-17,R$ 180.00,Pago com sucesso da parcela n° 2 do atendimento 10328,E,24
927,07-Dec-17,R$ 132.00,Pago com atraso da parcela n° 4 do atendimento 10265,E,24
928,07-Dec-17,R$ 280.00,Pago com sucesso da parcela n° 5 do atendimento 10244,E,24
929,07-Dec-17,R$ 65.00,Pago com atraso da parcela n° 1 do atendimento 10339,E,24
930,07-Dec-17,R$ 135.00,Pago com atraso da parcela n° 3 do atendimento 10288,E,24
931,11-Dec-17,R$ 150.00,Pago com sucesso da parcela n° 6 do atendimento 10231,E,24
932,06-Dec-17,R$ 100.00,Pago com atraso da parcela n° 3 do atendimento 10285,E,24
933,11-Dec-17,R$ 97.50,Pago com atraso da parcela n° 2 do atendimento 10327,E,24
934,13-Dec-17,R$ 150.00,Pago com atraso da parcela n° 2 do atendimento 10312,E,24
935,13-Dec-17,R$ 150.00,Pago com atraso da parcela n° 2 do atendimento 10313,E,24
936,13-Dec-17,R$ 200.00,Pago com atraso da parcela n° 1 do atendimento 10340,E,24
937,14-Dec-17,R$ 200.00,Pago com atraso da parcela n° 2 do atendimento 10305,E,24
938,11-Dec-17,R$ 225.00,Pagamento de entrada. Atendimento N° 10358,E,24
939,15-Dec-17,R$ 67.00,BOLETO CDL,S,24
940,18-Dec-17,R$ 37.00,BOLETO UNILAB,S,24
941,25-Sep-17,R$ 120.70,BOLETO LABO OPTICA,S,24
942,20-Dec-17,R$ 382.00,BOLETO TOP LINE,S,24
943,20-Dec-17,R$ 11.93,IMPOSTO RECEITA ESTADUAL - DARE,S,24
944,20-Dec-17,R$ 173.20,IMPOSTO SIMPLES NACIONAL,S,24
945,22-Dec-17,R$ 400.00,PAGAMENTO CONTADOR,S,24
946,15-Dec-17,R$ 100.00,Pago com atraso da parcela n° 6 do atendimento 10208,E,24
947,15-Dec-17,R$ 165.00,Pago com atraso da parcela n° 3 do atendimento 10264,E,24
948,12-Dec-17,R$ 110.00,Pago com atraso da parcela n° 1 do atendimento 10331,E,24
949,15-Dec-17,R$ 135.00,Pago com sucesso da parcela n° 2 do atendimento 10317,E,24
950,18-Dec-17,R$ 140.00,Pago com atraso da parcela n° 3 do atendimento 10306,E,24
951,18-Dec-17,R$ 170.00,Pago com atraso da parcela n° 4 do atendimento 10252,E,24
952,15-Dec-17,R$ 194.00,Pago com sucesso da parcela n° 4 do atendimento 10280,E,24
953,18-Dec-17,R$ 140.00,Pago com sucesso da parcela n° 1 do atendimento 10351,E,24
954,25-Dec-17,R$ 200.00,Pago com atraso da parcela n° 4 do atendimento 10274,E,24
955,19-Dec-17,R$ 100.00,Pago com sucesso da parcela n° 5 do atendimento 10254,E,24
956,19-Dec-17,R$ 150.00,Pago com atraso da parcela n° 4 do atendimento 10200,E,24
957,19-Dec-17,R$ 155.00,Pago com sucesso da parcela n° 1 do atendimento 10334,E,24
958,20-Dec-17,R$ 150.00,Pago com atraso da parcela n° 2 do atendimento 10261,E,24
959,06-Dec-17,R$ 200.00,Pago com atraso da parcela n° 1 do atendimento 10347,E,24
960,19-Dec-17,R$ 300.00,Pago com sucesso no catão de crédito em 3 parcelas. Atendimento N° 10364,E,24
961,25-Dec-17,R$ 299.00,BOLETO UNILAB,S,24
962,30-Nov-17,R$ 250.00,Pago com sucesso da parcela n° 1 do atendimento 10337,E,23
963,29-Dec-17,R$ 250.00,Pago com sucesso da parcela n° 2 do atendimento 10337,E,24
964,23-Dec-17,R$ 135.00,Pago com sucesso da parcela n° 4 do atendimento 10294,E,24
965,27-Dec-17,R$ 238.00,Pago com sucesso da parcela n° 5 do atendimento 10270,E,24
966,27-Dec-17,R$ 100.00,Pago com atraso da parcela n° 3 do atendimento 10101,E,24
967,28-Dec-17,R$ 180.00,Pago com sucesso da parcela n° 3 do atendimento 10328,E,24
968,29-Dec-17,R$ 132.00,Pago com sucesso da parcela n° 5 do atendimento 10265,E,24
969,04-Dec-17,"R$ 1,440.00",Pago com sucesso no catão de crédito em 6 parcelas. Atendimento N° 10352,E,24
970,05-Dec-17,R$ 200.00,Pago com sucesso em dinheiro. Atendimento N° 10354,E,24
971,11-Dec-17,"R$ 1,200.00",Pago com sucesso no catão de crédito em 6 parcelas. Atendimento N° 10356,E,24
972,11-Dec-17,R$ 240.00,Pago com sucesso em dinheiro. Atendimento N° 10357,E,24
973,12-Dec-17,R$ 750.00,Pago com sucesso no catão de crédito em 1 parcelas. Atendimento N° 10359,E,24
974,29-Dec-17,R$ 100.00,Pago com atraso da parcela n° 2 do atendimento 10316,E,24
975,14-Dec-17,R$ 340.00,Pago com sucesso no catão de crédito em 3 parcelas. Atendimento N° 10361,E,24
976,15-Dec-17,R$ 100.00,Pagamento de entrada. Atendimento N° 10362,E,24
977,23-Dec-17,R$ 100.00,Pago com sucesso da parcela n° 1 do atendimento 10362,E,24
978,21-Dec-17,R$ 150.00,Pago com atraso da parcela n° 4 do atendimento 10158,E,24
979,19-Dec-17,R$ 500.00,Pago com sucesso no catão de crédito em 5 parcelas. Atendimento N° 10363,E,24
980,31-Dec-17,R$ 551.28,BOLETO LUXOTTICA - JEAN MONIER,S,25
981,02-Jan-18,R$ 129.50,BOLETO HOYA,S,25
982,04-Jan-18,R$ 118.45,CEMAR,S,25
983,30-Dec-17,R$ 120.00,Pago com sucesso da parcela n° 5 do atendimento 10259,E,24
984,30-Dec-17,R$ 180.00,Pago com atraso da parcela n° 1 do atendimento 10345,E,24
985,02-Jan-18,R$ 65.00,Pago com sucesso da parcela n° 2 do atendimento 10339,E,25
986,02-Jan-18,R$ 135.00,Pago com sucesso da parcela n° 4 do atendimento 10288,E,25
987,03-Jan-18,R$ 135.00,Pago com atraso da parcela n° 4 do atendimento 10284,E,25
988,03-Jan-18,R$ 240.00,Pago com atraso da parcela n° 4 do atendimento 10125,E,25
989,04-Jan-18,R$ 140.00,Pago com atraso da parcela n° 3 do atendimento 10292,E,25
990,05-Jan-18,R$ 100.00,Pago com sucesso da parcela n° 1 do atendimento 10373,E,25
991,22-Dec-17,"R$ 1,152.00",Pago com sucesso no catão de crédito em 1 parcelas. Atendimento N° 10367,E,24
992,04-Dec-17,R$ 100.00,Pago com atraso da parcela n° 5 do atendimento 10049,E,24
993,06-Jan-18,R$ 160.00,Pago com atraso da parcela n° 4 do atendimento 10027,E,25
994,05-Jan-18,R$ 50.00,SERVIÇOS DE VIGILANCIA,S,25
995,08-Jan-18,R$ 361.50,BOLETO HOYA,S,25
996,05-Jan-18,"R$ 1,400.00",ALUGUEL LOJA,S,25
997,10-Jan-18,R$ 151.25,BOLETO NET,S,25
998,05-Jan-18,R$ 135.00,Pago com sucesso da parcela n° 1 do atendimento 10360,E,25
999,08-Jan-18,R$ 100.00,Pago com atraso da parcela n° 2 do atendimento 10326,E,25
1000,08-Jan-18,R$ 150.00,Pago com atraso da parcela n° 1 do atendimento 10371,E,25
1001,21-Dec-17,R$ 125.00,Pago com atraso da parcela n° 5 do atendimento 10240,E,24
1002,21-Dec-17,R$ 160.00,Pago com atraso da parcela n° 5 do atendimento 10241,E,24
1003,08-Jan-18,R$ 100.00,Pago com atraso da parcela n° 4 do atendimento 10285,E,25
1004,09-Jan-18,R$ 100.00,Pago com atraso da parcela n° 1 do atendimento 10346,E,25
1005,09-Jan-18,R$ 100.00,Pago com sucesso da parcela n° 2 do atendimento 10346,E,25
1006,10-Jan-18,R$ 97.50,Pago com sucesso da parcela n° 3 do atendimento 10327,E,25
1007,11-Jan-18,R$ 128.00,Pago com atraso da parcela n° 1 do atendimento 10368,E,25
1008,12-Jan-18,R$ 170.00,Pago com atraso da parcela n° 1 do atendimento 10344,E,25
1009,15-Jan-18,R$ 67.00,BOLETO CDL,S,25
1010,15-Jan-18,R$ 37.00,BOLETO UNILAB,S,25
1011,15-Jan-18,R$ 195.76,BOLETO HOYA,S,25
1012,15-Jan-18,R$ 170.12,BOLETO LABO OPTICA,S,25
1013,13-Jan-18,R$ 140.00,Pago com sucesso da parcela n° 2 do atendimento 10351,E,25
1014,16-Jan-18,R$ 150.00,Pago com atraso da parcela n° 3 do atendimento 10312,E,25
1015,16-Jan-18,R$ 140.00,Pago com atraso da parcela n° 4 do atendimento 10306,E,25
1016,15-Jan-18,R$ 194.00,Pago com sucesso da parcela n° 5 do atendimento 10280,E,25
1017,15-Jan-18,R$ 110.00,Pago com atraso da parcela n° 2 do atendimento 10331,E,25
1018,21-Dec-17,R$ 100.00,Pagamento de entrada. Atendimento N° 10374,E,24
1019,28-Dec-17,R$ 70.00,Pagamento de entrada. Atendimento N° 10375,E,24
1020,02-Jan-18,R$ 550.00,Pago com sucesso em dinheiro. Atendimento N° 10378,E,25
1021,18-Jan-18,R$ 350.00,Pago com sucesso no catão de crédito em 2 parcelas. Atendimento N° 10379,E,25
1022,06-Jan-18,"R$ 1,000.00",Pago com sucesso no catão de crédito em 5 parcelas. Atendimento N° 10380,E,25
1023,08-Jan-18,R$ 500.00,Pagamento de entrada. Atendimento N° 10381,E,25
1024,08-Jan-18,R$ 700.00,Pagamento de entrada. Atendimento N° 10383,E,25
1025,09-Jan-18,R$ 100.00,Pagamento de entrada. Atendimento N° 10384,E,25
1026,09-Jan-18,R$ 150.00,Pagamento de entrada. Atendimento N° 10385,E,25
1027,12-Jan-18,"R$ 1,332.00",Pago com sucesso no catão de crédito em 6 parcelas. Atendimento N° 10386,E,25
1028,15-Jan-18,R$ 85.00,Pago com sucesso em dinheiro. Atendimento N° 10388,E,25
1029,18-Jan-18,R$ 180.00,Pago com sucesso no cartão de débito. Atendimento N° 10390,E,25
1030,17-Jan-18,R$ 100.00,Pagamento de entrada. Atendimento N° 10376,E,25
1031,20-Jan-18,R$ 182.80,IMPOSTO SIMPLES,S,25
1032,20-Jan-18,R$ 9.00,IMPOSTO SEFAZ,S,25
1033,15-Jan-18,R$ 300.00,Pago com atraso da parcela n° 4 do atendimento 10025,E,25
1034,15-Jan-18,R$ 110.00,Pago com atraso da parcela n° 5 do atendimento 10245,E,25
1035,12-Jan-18,R$ 100.00,Pago com sucesso da parcela n° 2 do atendimento 10362,E,25
1036,11-Jan-18,R$ 135.00,Pago com atraso da parcela n° 2 do atendimento 10319,E,25
1037,08-Jan-18,R$ 95.00,Pago com atraso da parcela n° 3 do atendimento 10315,E,25
1038,08-Jan-18,R$ 170.00,Pago com atraso da parcela n° 4 do atendimento 10132,E,25
1039,17-Jan-18,R$ 100.00,Pago com atraso da parcela n° 1 do atendimento 10370,E,25
1040,22-Jan-18,R$ 240.00,Pago com atraso da parcela n° 5 do atendimento 10125,E,25
1041,22-Jan-18,R$ 161.26,BOLETO HOYA,S,25
1042,17-Jan-18,R$ 135.00,Pago com atraso da parcela n° 3 do atendimento 10317,E,25
1043,18-Jan-18,R$ 155.00,Pago com sucesso da parcela n° 2 do atendimento 10334,E,25
1044,10-Jan-18,R$ 150.00,Pago com sucesso da parcela n° 3 do atendimento 10313,E,25
1045,19-Jan-18,R$ 100.00,Pago com atraso da parcela n° 3 do atendimento 10316,E,25
1046,23-Jan-18,R$ 120.00,Pago com atraso da parcela n° 3 do atendimento 10221,E,25
1047,20-Jan-18,R$ 400.00,CONTADOR,S,25
1048,23-Jan-18,R$ 200.00,Pago com atraso da parcela n° 5 do atendimento 10274,E,25
1049,24-Jan-18,R$ 200.00,Pago com atraso da parcela n° 2 do atendimento 10340,E,25
1050,24-Jan-18,R$ 100.00,Pago com sucesso da parcela n° 6 do atendimento 10254,E,25
1051,22-Jan-18,R$ 500.00,Pago com sucesso no catão de crédito em 5 parcelas. Atendimento N° 10391,E,25
1052,23-Jan-18,R$ 450.00,Pago com sucesso no catão de crédito em 4 parcelas. Atendimento N° 10394,E,25
1053,14-Dec-17,R$ 110.00,Pago com sucesso da parcela n° 6 do atendimento 10245,E,24
1054,25-Jan-18,R$ 606.13,BOLETO BNB,S,25
1055,26-Jan-18,R$ 200.00,Pagamento de entrada. Atendimento N° 10395,E,25
1056,29-Jan-18,R$ 336.02,BOLETO HOYA,S,25
1057,30-Jan-18,R$ 551.28,BOLETO LUXOTTICA JEAN MONIER,S,25
1058,30-Jan-18,R$ 16.00,BOLETO HOYA,S,25
1059,25-Jan-18,R$ 165.00,Pago com atraso da parcela n° 4 do atendimento 10264,E,25
1060,25-Jan-18,R$ 170.00,Pago com atraso da parcela n° 5 do atendimento 10252,E,25
1061,25-Jan-18,R$ 135.00,Pago com sucesso da parcela n° 5 do atendimento 10294,E,25
1062,30-Jan-18,R$ 100.00,Pago com atraso da parcela n° 1 do atendimento 10392,E,25
1063,30-Jan-18,R$ 150.00,Pago com atraso da parcela n° 1 do atendimento 10369,E,25
1064,30-Jan-18,R$ 165.00,Pago com sucesso da parcela n° 1 do atendimento 10377,E,25
1065,09-Oct-17,R$ 135.00,Pago com atraso da parcela n° 3 do atendimento 10242,E,22
1066,06-Nov-17,R$ 135.00,Pago com sucesso da parcela n° 4 do atendimento 10242,E,23
1067,27-Jan-18,R$ 100.00,Pago com atraso da parcela n° 3 do atendimento 10281,E,25
1068,27-Jan-18,R$ 530.00,Pago com sucesso no catão de crédito em 5 parcelas. Atendimento N° 10396,E,25
1069,30-Jan-18,R$ 150.00,Pago com sucesso no cartão de débito. Atendimento N° 10397,E,25
1070,01-Feb-18,R$ 123.29,CONTA CEMAR,S,27
1071,01-Feb-18,R$ 150.00,Pago com sucesso da parcela n° 1 do atendimento 10385,E,27
1072,02-Feb-18,R$ 100.00,Pago com sucesso da parcela n° 1 do atendimento 10376,E,27
1073,02-Feb-18,R$ 100.00,Pago com sucesso da parcela n° 1 do atendimento 10374,E,27
1074,05-Feb-18,R$ 212.00,BOLETO UNILAB,S,27
1075,05-Feb-18,R$ 50.00,BOLETO VIGILANCIA,S,27
1076,03-Feb-18,R$ 132.00,Pago com sucesso da parcela n° 6 do atendimento 10265,E,27
1077,05-Feb-18,R$ 140.00,Pago com sucesso da parcela n° 5 do atendimento 10306,E,27
1078,07-Feb-18,R$ 120.00,Pago com atraso da parcela n° 2 do atendimento 10062,E,27
1079,07-Feb-18,R$ 120.00,Pago com atraso da parcela n° 3 do atendimento 10062,E,27
1080,06-Feb-18,R$ 180.00,Pago com sucesso da parcela n° 4 do atendimento 10328,E,27
1081,06-Feb-18,R$ 155.00,Pago com atraso da parcela n° 5 do atendimento 10161,E,27
1082,06-Feb-18,R$ 150.00,Pago com atraso da parcela n° 5 do atendimento 10200,E,27
1083,04-Dec-17,R$ 150.00,Pago com sucesso da parcela n° 1 do atendimento 10333,E,24
1084,30-Jan-18,R$ 600.00,Pago com sucesso em dinheiro. Atendimento N° 10398,E,25
1085,22-Jan-18,R$ 200.00,Pago com sucesso em dinheiro. Atendimento N° 10399,E,25
1086,22-Jan-18,R$ 200.00,Pago com sucesso em dinheiro. Atendimento N° 10400,E,25
1087,07-Feb-18,R$ 150.00,Pago com atraso da parcela n° 3 do atendimento 10261,E,27
1088,08-Feb-18,R$ 95.00,Pago com atraso da parcela n° 4 do atendimento 10315,E,27
1089,08-Feb-18,R$ 810.00,Pago com sucesso no catão de crédito em 6 parcelas. Atendimento N° 10403,E,27
1090,08-Feb-18,R$ 900.00,Pago com sucesso em dinheiro. Atendimento N° 10405,E,27
1091,05-Feb-18,"R$ 1,400.00",ALUGUEL LOJA,S,27
1092,08-Feb-18,R$ 150.00,Pago com atraso da parcela n° 2 do atendimento 10371,E,27
1093,09-Feb-18,R$ 180.00,Pago com atraso da parcela n° 2 do atendimento 10345,E,27
1094,09-Feb-18,R$ 135.00,Pago com atraso da parcela n° 5 do atendimento 10284,E,27
1095,09-Feb-18,R$ 128.00,Pago com atraso da parcela n° 2 do atendimento 10368,E,27
1096,03-Feb-18,R$ 75.00,Pago com atraso da parcela n° 1 do atendimento 10372,E,27
1097,10-Feb-18,R$ 400.00,Pago com sucesso no catão de crédito em 4 parcelas. Atendimento N° 10407,E,27
1098,16-Feb-18,R$ 200.00,Pago com atraso da parcela n° 1 do atendimento 10383,E,27
1099,16-Feb-18,R$ 230.00,Pago com atraso da parcela n° 1 do atendimento 10382,E,27
1100,16-Feb-18,R$ 150.00,Pago com atraso da parcela n° 4 do atendimento 10313,E,27
1101,15-Feb-18,R$ 124.00,Pago com sucesso da parcela n° 1 do atendimento 10381,E,27
1102,15-Feb-18,R$ 155.00,Pago com sucesso da parcela n° 3 do atendimento 10334,E,27
1103,15-Feb-18,R$ 97.50,Pago com atraso da parcela n° 4 do atendimento 10327,E,27
1104,14-Feb-18,R$ 110.00,Pago com atraso da parcela n° 3 do atendimento 10331,E,27
1105,16-Feb-18,R$ 140.00,Pago com sucesso da parcela n° 3 do atendimento 10351,E,27
1106,16-Feb-18,R$ 165.00,Pago com atraso da parcela n° 5 do atendimento 10264,E,27
1107,10-Feb-18,R$ 151.25,BOLETO NET,S,27
1108,12-Feb-18,R$ 8.00,BOLETO HOYA,S,27
1109,12-Feb-18,R$ 195.76,BOLETO HOYA,S,27
1110,12-Feb-18,R$ 212.00,BOLETO UNILAB,S,27
1111,13-Feb-18,R$ 170.12,BOLETO LABOOPTICA,S,27
1112,15-Feb-18,R$ 67.00,BOLETO CDL,S,27
1113,17-Feb-18,R$ 200.00,Pago com atraso da parcela n° 3 do atendimento 10340,E,27
1114,15-Feb-18,R$ 100.00,Pagamento de entrada. Atendimento N° 10408,E,27
1115,07-Feb-18,R$ 300.00,Pagamento de entrada. Atendimento N° 10404,E,27
1116,14-Feb-18,R$ 200.00,Pago com sucesso em dinheiro. Atendimento N° 10409,E,27
1117,19-Feb-18,R$ 424.00,BOLETO UNILAB,S,27
1118,19-Feb-18,R$ 24.00,BOLETO HOYA,S,27
1119,20-Feb-18,R$ 12.23,BOLETO SEFAZ (ICMS),S,27
1120,20-Feb-18,R$ 253.28,BOLETO IMPOSTA SIMPLES,S,27
1121,21-Feb-18,R$ 100.00,Pago com atraso da parcela n° 6 do atendimento 10049,E,27
1122,20-Feb-18,R$ 100.00,Pago com atraso da parcela n° 1 do atendimento 10387,E,27
1123,20-Feb-18,R$ 135.00,Pago com atraso da parcela n° 4 do atendimento 10317,E,27
1124,20-Feb-18,R$ 100.00,Pago com atraso da parcela n° 4 do atendimento 10316,E,27
1125,21-Feb-18,R$ 200.00,Pago com atraso da parcela n° 6 do atendimento 10274,E,27
1126,22-Feb-18,R$ 278.14,BOLETO HOYA,S,27
1127,15-Feb-18,R$ 150.00,Pagamento de entrada. Atendimento N° 10411,E,27
1128,19-Feb-18,R$ 750.00,Pago com sucesso no catão de crédito em 6 parcelas. Atendimento N° 10416,E,27
1129,23-Feb-18,R$ 65.00,Pago com atraso da parcela n° 3 do atendimento 10339,E,27
1130,23-Feb-18,R$ 135.00,Pago com atraso da parcela n° 5 do atendimento 10288,E,27
1131,27-Feb-18,R$ 100.00,Pago com sucesso da parcela n° 2 do atendimento 10376,E,27
1132,27-Feb-18,R$ 100.00,Pago com sucesso da parcela n° 2 do atendimento 10374,E,27
1133,27-Feb-18,R$ 100.00,Pago com atraso da parcela n° 1 do atendimento 10401,E,27
1134,27-Feb-18,R$ 100.00,Pago com sucesso da parcela n° 2 do atendimento 10401,E,27
1135,27-Feb-18,R$ 430.00,Pago com atraso da parcela n° 3 do atendimento 10249,E,27
1136,27-Feb-18,R$ 135.00,Pago com sucesso da parcela n° 3 do atendimento 10360,E,27
1137,27-Feb-18,R$ 100.00,Pago com atraso da parcela n° 2 do atendimento 10237,E,27
1138,23-Feb-18,R$ 400.00,CONTADOR,S,27
1139,24-Feb-18,R$ 214.41,BOLETO LUXOTTICA,S,27
1140,25-Feb-18,R$ 869.93,BOLETO FINANCIAMENTO BNB,S,27
1141,28-Feb-18,R$ 352.00,BOLETO UNILAB,S,27
1142,28-Feb-18,R$ 100.00,Pago com sucesso da parcela n° 2 do atendimento 10392,E,27
1143,28-Feb-18,"R$ 1,650.00",Pago com sucesso no catão de crédito em 6 parcelas. Atendimento N° 10417,E,27
1144,26-Feb-18,R$ 0.01,Pago com sucesso em dinheiro. Atendimento N° 10418,E,27
1145,24-Feb-18,R$ 350.00,Pagamento de entrada. Atendimento N° 10420,E,27
1146,26-Feb-18,R$ 450.00,Pago com sucesso em dinheiro. Atendimento N° 10421,E,27
1147,05-Dec-17,R$ 165.00,Pago com sucesso da parcela n° 2 do atendimento 10311,E,24
1148,01-Mar-18,R$ 165.00,Pago com atraso da parcela n° 3 do atendimento 10311,E,28
1149,01-Mar-18,R$ 165.00,Pago com atraso da parcela n° 4 do atendimento 10311,E,28
1150,01-Mar-18,R$ 170.00,Pago com sucesso da parcela n° 5 do atendimento 10311,E,28
1151,01-Mar-18,R$ 551.30,BOLETO LUXOTICA (JEAN MONIER),S,28
1152,01-Mar-18,R$ 180.00,Pago com sucesso da parcela n° 5 do atendimento 10328,E,28
1153,01-Mar-18,R$ 150.00,Pago com sucesso da parcela n° 2 do atendimento 10385,E,28
1154,28-Feb-18,R$ 451.23,"BOLETOS DIVERSOS (CENTRAL, LABO OPTICA, TEC LAB, FABRICA)",S,27
1155,,R$ 0.00,DESPESAS DIV,,0
1156,31-Jan-18,R$ 371.23,"BOLETOS DIVERSOS (CENTRA, LABO OPTICA, SANTOS TEC LAB, FABRICA)",S,25
1157,30-Mar-18,R$ 0.00,"BOLETOS DIVERSOS (CENTRAL, LABO OPTICA, SANTOS, TEC LAB, FABRICA)",S,0
1158,02-Mar-18,R$ 93.40,BOLETO CEMAR,S,28
1159,02-Mar-18,R$ 93.40,BOLETO CEMAR,S,28
1160,05-Mar-18,R$ 50.00,BOLETO VIGILANCIA RONDA,S,28
1161,05-Mar-18,R$ 149.26,BOLETO HOYA,S,28
1162,05-Mar-18,R$ 18.00,BOLETO HOYA,S,28
1163,01-Jan-18,R$ 75.00,Pago com atraso da parcela n° 1 do atendimento 10343,E,25
1164,02-Jan-18,R$ 75.00,Pago com sucesso da parcela n° 2 do atendimento 10343,E,25
1165,06-Mar-18,R$ 170.00,Pago com atraso da parcela n° 6 do atendimento 10252,E,28
1166,06-Mar-18,R$ 100.00,Pago com atraso da parcela n° 1 do atendimento 10393,E,28
1167,02-Mar-18,R$ 140.00,Pago com atraso da parcela n° 1 do atendimento 10406,E,28
1168,01-Mar-18,R$ 150.00,Pago com atraso da parcela n° 5 do atendimento 10158,E,28
1169,03-Mar-18,R$ 140.00,Pago com atraso da parcela n° 4 do atendimento 10292,E,28
1170,02-Mar-18,R$ 165.00,Pago com atraso da parcela n° 2 do atendimento 10377,E,28
1171,03-Mar-18,R$ 132.00,Pago com sucesso da parcela n° 7 do atendimento 10265,E,28
1172,03-Mar-18,R$ 110.00,Pago com sucesso da parcela n° 1 do atendimento 10414,E,28
1173,05-Mar-18,R$ 140.00,Pago com sucesso da parcela n° 1 do atendimento 10410,E,28
1174,05-Mar-18,R$ 100.00,Pago com atraso da parcela n° 2 do atendimento 10370,E,28
1175,05-Mar-18,R$ 150.00,Pago com atraso da parcela n° 4 do atendimento 10261,E,28
1176,02-Mar-18,R$ 200.00,Pago com sucesso da parcela n° 2 do atendimento 10383,E,28
1177,02-Mar-18,R$ 200.00,Pago com sucesso da parcela n° 3 do atendimento 10383,E,28
1178,02-Mar-18,R$ 200.00,Pago com sucesso da parcela n° 4 do atendimento 10383,E,28
1179,05-Mar-18,R$ 200.00,Pago com sucesso da parcela n° 1 do atendimento 10395,E,28
1180,06-Mar-18,R$ 140.00,Pago com atraso da parcela n° 1 do atendimento 10026,E,28
1181,06-Mar-18,R$ 140.00,Pago com atraso da parcela n° 2 do atendimento 10026,E,28
1182,07-Mar-18,R$ 150.00,Pago com atraso da parcela n° 4 do atendimento 10312,E,28
1183,07-Mar-18,R$ 130.00,Pago com atraso da parcela n° 1 do atendimento 10353,E,28
1184,07-Mar-18,"R$ 1,400.00",BOLETO ALUGUEL LOJA,S,28
1185,08-Mar-18,R$ 150.00,Pago com atraso da parcela n° 6 do atendimento 10200,E,28
1186,23-Feb-18,R$ 700.00,Pago com sucesso no catão de crédito em 6 parcelas. Atendimento N° 10419,E,27
1187,17-Feb-18,R$ 100.00,Pago com sucesso em dinheiro. Atendimento N° 10413,E,27
1188,02-Mar-18,R$ 680.00,Pago com sucesso no catão de crédito em 6 parcelas. Atendimento N° 10424,E,28
1189,03-Mar-18,R$ 780.00,Pago com sucesso no catão de crédito em 4 parcelas. Atendimento N° 10425,E,28
1190,06-Mar-18,R$ 0.01,Pago com sucesso em dinheiro. Atendimento N° 10426,E,28
1191,07-Mar-18,R$ 600.00,Pago com sucesso no catão de crédito em 6 parcelas. Atendimento N° 10427,E,28
1192,08-Mar-18,R$ 600.00,Pago com sucesso no catão de crédito em 6 parcelas. Atendimento N° 10428,E,28
1193,12-Mar-18,R$ 151.84,BOLETO NET,S,28
1194,12-Mar-18,R$ 377.02,BOLETO HOYA,S,28
1195,12-Mar-18,R$ 10.00,BOLETO HOYA,S,28
1196,14-Mar-18,R$ 35.64,BOLETO LUXOTTICA,S,28
1197,15-Mar-18,R$ 67.00,BOLETO CDL,S,28
1198,15-Mar-18,R$ 170.12,BOLETO LABO OPTICA,S,28
1199,16-Mar-18,R$ 223.52,BOLETO HOYA,S,28
1200,14-Mar-18,R$ 230.00,Pago com atraso da parcela n° 2 do atendimento 10382,E,28
1201,14-Mar-18,R$ 124.00,Pago com sucesso da parcela n° 2 do atendimento 10381,E,28
1202,13-Mar-18,R$ 75.00,Pago com atraso da parcela n° 2 do atendimento 10372,E,28
1203,13-Mar-18,R$ 150.00,Pago com atraso da parcela n° 2 do atendimento 10369,E,28
1204,13-Mar-18,R$ 135.00,Pago com atraso da parcela n° 2 do atendimento 10360,E,28
1205,13-Mar-18,R$ 200.00,Pago com atraso da parcela n° 4 do atendimento 10340,E,28
1206,12-Mar-18,R$ 135.00,Pago com atraso da parcela n° 6 do atendimento 10284,E,28
1207,09-Mar-18,R$ 140.00,Pago com sucesso da parcela n° 4 do atendimento 10351,E,28
1208,09-Mar-18,R$ 150.00,Pago com atraso da parcela n° 3 do atendimento 10371,E,28
1209,08-Mar-18,R$ 170.00,Pago com atraso da parcela n° 2 do atendimento 10344,E,28
1210,17-Mar-18,R$ 150.00,Pago com atraso da parcela n° 1 do atendimento 10415,E,28
1211,12-Mar-18,R$ 200.00,Pagamento de entrada. Atendimento N° 10431,E,28
1212,09-Mar-18,R$ 175.00,Pagamento de entrada. Atendimento N° 10430,E,28
1213,20-Mar-18,R$ 128.00,Pago com atraso da parcela n° 3 do atendimento 10368,E,28
1214,21-Mar-18,R$ 240.00,Pago com atraso da parcela n° 1 do atendimento 10422,E,28
1215,21-Mar-18,R$ 135.00,Pago com atraso da parcela n° 5 do atendimento 10317,E,28
1216,21-Mar-18,R$ 225.00,Pago com atraso da parcela n° 1 do atendimento 10358,E,28
1217,12-Mar-18,R$ 110.00,Pago com atraso da parcela n° 4 do atendimento 10331,E,28
1218,22-Mar-18,R$ 110.00,Pago com sucesso da parcela n° 5 do atendimento 10331,E,28
1219,24-Mar-18,R$ 135.00,Pago com atraso da parcela n° 6 do atendimento 10288,E,28
1220,24-Mar-18,R$ 65.00,Pago com atraso da parcela n° 4 do atendimento 10339,E,28
1221,27-Mar-18,R$ 100.00,Pago com sucesso da parcela n° 3 do atendimento 10401,E,28
1222,27-Mar-18,R$ 100.00,Pago com sucesso da parcela n° 4 do atendimento 10401,E,28
1223,19-Mar-18,R$ 219.00,BOLETO UNILAB,S,28
1224,20-Mar-18,R$ 250.40,BOLETO SIMPLES,S,28
1225,20-Mar-18,R$ 7.18,BOLETO RECEITA ESTADUAL (DARE),S,28
1226,20-Mar-18,R$ 35.29,BOLETO DOMINIO SITE,S,28
1227,26-Mar-18,R$ 696.78,BOLETO HOYA,S,28
1228,23-Mar-18,R$ 400.00,BOLETO CONTADOR,S,28
1229,25-Mar-18,R$ 846.43,BOLETO FINANC. BNB,S,28
1230,19-Mar-18,R$ 600.00,Pago com sucesso no catão de crédito em 5 parcelas. Atendimento N° 10433,E,28
1231,20-Mar-18,"R$ 1,300.00",Pago com sucesso no catão de crédito em 6 parcelas. Atendimento N° 10435,E,28
1232,24-Mar-18,"R$ 1,120.20",Pago com sucesso no catão de crédito em 6 parcelas. Atendimento N° 10437,E,28
1233,24-Mar-18,"R$ 1,800.00",Pago com sucesso no catão de crédito em 6 parcelas. Atendimento N° 10438,E,28
1234,01-Mar-18,R$ 280.00,Pago com atraso da parcela n° 4 do atendimento 10100,E,28
1235,02-Apr-18,R$ 280.00,Pago com atraso da parcela n° 5 do atendimento 10100,E,29
1236,02-Apr-18,R$ 200.00,Pago com sucesso da parcela n° 2 do atendimento 10395,E,29
1237,06-Jan-18,R$ 150.00,Pago com sucesso da parcela n° 2 do atendimento 10333,E,25
1238,07-Feb-18,R$ 150.00,Pago com sucesso da parcela n° 3 do atendimento 10333,E,27
1239,03-Mar-18,R$ 150.00,Pago com sucesso da parcela n° 5 do atendimento 10333,E,28
1240,02-Apr-18,R$ 150.00,Pago com atraso da parcela n° 4 do atendimento 10333,E,29
1241,28-Feb-18,R$ 275.00,Pago com sucesso da parcela n° 1 do atendimento 10404,E,27
1242,02-Apr-18,R$ 275.00,Pago com sucesso da parcela n° 2 do atendimento 10404,E,29
1243,12-Mar-18,R$ 100.00,Pago com atraso da parcela n° 1 do atendimento 10389,E,28
1244,13-Mar-18,R$ 100.00,Pago com atraso da parcela n° 1 do atendimento 10402,E,28
1245,16-Mar-18,R$ 500.00,Pagamento de entrada. Atendimento N° 10432,E,28
1246,03-Apr-18,R$ 150.00,Pago com atraso da parcela n° 1 do atendimento 10411,E,29
1247,03-Apr-18,R$ 150.00,Pago com sucesso da parcela n° 2 do atendimento 10411,E,29
1248,04-Apr-18,R$ 140.00,Pago com atraso da parcela n° 5 do atendimento 10292,E,29
1249,04-Apr-18,R$ 135.00,Pago com sucesso da parcela n° 4 do atendimento 10360,E,29
1250,03-Apr-18,R$ 100.00,Pago com atraso da parcela n° 2 do atendimento 10393,E,29
1251,03-Apr-18,R$ 150.00,Pago com sucesso da parcela n° 3 do atendimento 10385,E,29
1252,04-Apr-18,R$ 150.00,Pago com sucesso da parcela n° 1 do atendimento 10432,E,29
1253,04-Apr-18,R$ 150.00,Pago com sucesso da parcela n° 2 do atendimento 10432,E,29
1254,04-Apr-18,R$ 130.00,Pago com atraso da parcela n° 4 do atendimento 10036,E,29
1255,04-Apr-18,R$ 130.00,Pago com atraso da parcela n° 5 do atendimento 10036,E,29
1256,04-Apr-18,R$ 130.00,Pago com atraso da parcela n° 6 do atendimento 10036,E,29
1257,03-Apr-18,R$ 120.00,Pagamento de entrada. Atendimento N° 10442,E,29
1258,11-Apr-18,R$ 100.00,Pago com atraso da parcela n° 2 do atendimento 10389,E,29
1259,02-Apr-18,R$ 30.00,BOLETO HOYA,S,29
1260,02-Apr-18,R$ 114.63,BOLETO CEMAR,S,29
1261,05-Apr-18,R$ 50.00,BOLETO VIGILANCIA,S,29
1262,09-Apr-18,R$ 39.00,BOLETO HOYA,S,29
1263,09-Apr-18,R$ 161.26,BOLETO HOYA,S,29
1264,10-Apr-18,"R$ 1,400.00",BOLETO ALUGUEL,S,29
1265,10-Apr-18,R$ 151.84,BOLETO NET,S,29
1266,30-Mar-18,R$ 658.00,"BOLETO DIVERSOS (CENTRA, TEC LAB, SANTOS)",S,28
1267,30-Mar-18,R$ 80.00,DESPESAS FABRICA (SURFAÇAGEM / MONTAGEM),S,28
1268,05-Apr-18,R$ 140.00,Pago com sucesso da parcela n° 2 do atendimento 10410,E,29
1269,05-Apr-18,R$ 110.00,Pago com sucesso da parcela n° 2 do atendimento 10414,E,29
1270,05-Apr-18,R$ 150.00,Pago com sucesso da parcela n° 2 do atendimento 10415,E,29
1271,04-Apr-18,R$ 150.00,Pago com atraso da parcela n° 5 do atendimento 10261,E,29
1272,06-Apr-18,R$ 140.00,Pago com atraso da parcela n° 2 do atendimento 10406,E,29
1273,09-Apr-18,R$ 150.00,Pago com atraso da parcela n° 4 do atendimento 10371,E,29
1274,09-Apr-18,R$ 140.00,Pago com sucesso da parcela n° 5 do atendimento 10351,E,29
1275,10-Apr-18,R$ 200.00,Pago com sucesso da parcela n° 5 do atendimento 10340,E,29
1276,04-Apr-18,R$ 250.00,Pagamento de entrada. Atendimento N° 10441,E,29
1277,05-Apr-18,R$ 100.00,Pagamento de entrada. Atendimento N° 10443,E,29
1278,06-Apr-18,R$ 250.00,Pagamento de entrada. Atendimento N° 10444,E,29
1279,16-Apr-18,R$ 67.00,BOLETO CDL,S,29
1280,16-Apr-18,R$ 10.00,BOLETO HOYA,S,29
1281,16-Apr-18,R$ 447.76,BOLETO HOYA,S,29
1282,09-Apr-18,R$ 100.00,Pago com atraso da parcela n° 4 do atendimento 10123,E,29
1283,09-Apr-18,R$ 100.00,Pago com atraso da parcela n° 5 do atendimento 10123,E,29
1284,17-Apr-18,R$ 117.00,Pago com atraso da parcela n° 1 do atendimento 10420,E,29
1285,07-Apr-18,R$ 800.00,Pago com sucesso no catão de crédito em 3 parcelas. Atendimento N° 10447,E,29
1286,09-Apr-18,R$ 800.00,Pago com sucesso no catão de crédito em 2 parcelas. Atendimento N° 10448,E,29
1287,20-Apr-18,R$ 348.01,BOLETO IMPOSTO SIMPLES,S,29
1288,20-Apr-18,R$ 7.55,BOLETO IMPOSTO ESTADUAL (DARE),S,29
1289,11-Apr-18,R$ 300.00,Pago com sucesso em dinheiro. Atendimento N° 10451,E,29
1290,23-Apr-18,R$ 400.00,PAGAMENTO CONTABILIDADE,S,29
1291,12-Apr-18,R$ 100.00,Pago com atraso da parcela n° 2 do atendimento 10402,E,29
1292,12-Apr-18,R$ 165.00,Pago com atraso da parcela n° 6 do atendimento 10264,E,29
1293,13-Apr-18,R$ 230.00,Pago com atraso da parcela n° 3 do atendimento 10382,E,29
1294,14-Apr-18,R$ 200.00,Pago com atraso da parcela n° 1 do atendimento 10431,E,29
1295,18-Apr-18,R$ 115.00,Pago com atraso da parcela n° 3 do atendimento 10122,E,29
1296,18-Apr-18,R$ 150.00,Pago com atraso da parcela n° 3 do atendimento 10369,E,29
1297,18-Apr-18,R$ 124.00,Pago com atraso da parcela n° 3 do atendimento 10381,E,29
1298,23-Apr-18,R$ 240.00,Pago com atraso da parcela n° 2 do atendimento 10422,E,29
1299,23-Apr-18,R$ 150.00,Pago com sucesso da parcela n° 1 do atendimento 10446,E,29
1300,25-Apr-18,R$ 861.48,BOLETO FINANC. BNB,S,29
1301,26-Apr-18,R$ 48.72,BOLETO LUXOTTICA,S,29
1302,13-Apr-18,"R$ 1,110.00",Pago com sucesso no catão de crédito em 6 parcelas. Atendimento N° 10457,E,29
1303,13-Apr-18,R$ 725.00,Pago com sucesso no catão de crédito em 6 parcelas. Atendimento N° 10458,E,29
1304,14-Apr-18,R$ 690.00,Pago com sucesso no catão de crédito em 3 parcelas. Atendimento N° 10460,E,29
1305,18-Apr-18,R$ 500.00,Pagamento de entrada. Atendimento N° 10461,E,29
1306,20-Apr-18,R$ 250.00,Pagamento de entrada. Atendimento N° 10462,E,29
1307,24-Apr-18,R$ 200.00,Pagamento de entrada. Atendimento N° 10464,E,29
1308,24-Apr-18,R$ 800.00,Pago com sucesso em dinheiro. Atendimento N° 10465,E,29
1309,27-Apr-18,R$ 50.00,Pago com sucesso em dinheiro. Atendimento N° 10467,E,29
1310,17-Apr-18,R$ 170.00,Pago com atraso da parcela n° 1 do atendimento 10137,E,29
1311,12-Apr-18,R$ 75.00,Pago com atraso da parcela n° 3 do atendimento 10372,E,29
1312,13-Apr-18,R$ 430.00,Pago com atraso da parcela n° 4 do atendimento 10249,E,29
1313,20-Apr-18,R$ 130.00,Pago com atraso da parcela n° 2 do atendimento 10353,E,29
1314,20-Apr-18,R$ 180.00,Pago com atraso da parcela n° 3 do atendimento 10345,E,29
1315,27-Apr-18,R$ 100.00,Pago com sucesso da parcela n° 5 do atendimento 10401,E,29
1316,25-Apr-18,R$ 128.00,Pago com atraso da parcela n° 4 do atendimento 10368,E,29
1317,26-Apr-18,R$ 165.00,Pago com atraso da parcela n° 3 do atendimento 10377,E,29
1318,30-Apr-18,R$ 258.00,Pago com sucesso da parcela n° 1 do atendimento 10449,E,29
1319,30-Apr-18,R$ 135.00,Pago com atraso da parcela n° 7 do atendimento 10288,E,29
1320,30-Apr-18,R$ 65.00,Pago com atraso da parcela n° 5 do atendimento 10339,E,29
1321,30-Apr-18,R$ 90.00,Pago com sucesso da parcela n° 1 do atendimento 10443,E,29
1322,02-May-18,R$ 100.00,Pago com atraso da parcela n° 3 do atendimento 10393,E,30
1323,02-May-18,R$ 100.00,Pago com sucesso da parcela n° 4 do atendimento 10393,E,30
1324,30-Apr-18,R$ 170.00,Pago com atraso da parcela n° 6 do atendimento 10311,E,29
1325,30-May-18,R$ 149.26,BOLETO HOYA,S,30
1326,30-Apr-18,R$ 149.26,BOLETO HOYA,S,29
1327,30-Apr-18,"R$ 1,712.15","DESPESAS DIVERSAS (LABO OPTICA, TEC LAB, FABRICA E CENTRAL)",S,29
1328,02-May-18,R$ 8.00,BOLETO HOYA,S,30
1329,02-May-18,R$ 105.60,BOLETO CEMAR,S,30
1330,03-May-18,R$ 150.00,Pago com sucesso da parcela n° 4 do atendimento 10385,E,30
1331,03-May-18,R$ 175.00,Pago com atraso da parcela n° 1 do atendimento 10430,E,30
1332,05-May-18,R$ 50.00,BOLETO VIGILÂNCIA,S,30
1333,07-May-18,R$ 10.00,BOLETO HOYA,S,30
1334,07-May-18,R$ 658.76,BOLETO HOYA,S,30
1335,08-May-18,"R$ 1,400.00",BOLETO ALUGUEL,S,30
1336,04-May-18,R$ 140.00,Pago com sucesso da parcela n° 3 do atendimento 10410,E,30
1337,04-May-18,R$ 200.00,Pago com sucesso da parcela n° 6 do atendimento 10340,E,30
1338,05-May-18,R$ 110.00,Pago com sucesso da parcela n° 3 do atendimento 10414,E,30
1339,07-May-18,R$ 100.00,Pago com atraso da parcela n° 1 do atendimento 10444,E,30
1340,08-May-18,R$ 140.00,Pago com atraso da parcela n° 3 do atendimento 10406,E,30
1341,08-May-18,R$ 140.00,Pago com sucesso da parcela n° 1 do atendimento 10464,E,30
1342,08-May-18,R$ 200.00,Pago com atraso da parcela n° 1 do atendimento 10453,E,30
1343,08-May-18,R$ 150.00,Pago com atraso da parcela n° 5 do atendimento 10371,E,30
1344,28-Mar-18,"R$ 1,000.00",Pago com sucesso no catão de crédito em 6 parcelas. Atendimento N° 10440,E,28
1345,20-Apr-18,R$ 100.00,Pagamento de entrada. Atendimento N° 10469,E,29
1346,05-May-18,R$ 800.00,Pago com sucesso no catão de crédito em 4 parcelas. Atendimento N° 10471,E,30
1347,07-May-18,R$ 400.00,Pago com sucesso em dinheiro. Atendimento N° 10472,E,30
1348,07-May-18,R$ 850.00,Pago com sucesso no catão de crédito em 6 parcelas. Atendimento N° 10473,E,30
1349,17-May-18,R$ 300.00,Pago com sucesso em dinheiro. Atendimento N° 10475,E,30
1350,09-May-18,R$ 100.00,Pagamento de entrada. Atendimento N° 10476,E,30
1351,06-Apr-18,R$ 150.00,Pago com atraso da parcela n° 5 do atendimento 10313,E,29
1352,10-May-18,"R$ 1,200.00",Pago com sucesso no catão de crédito em 6 parcelas. Atendimento N° 10477,E,30
1353,12-May-18,R$ 440.00,Pago com sucesso no catão de crédito em 1 parcelas. Atendimento N° 10479,E,30
1354,15-May-18,R$ 330.00,Pago com sucesso no catão de crédito em 3 parcelas. Atendimento N° 10480,E,30
1355,21-May-18,R$ 200.00,Pagamento de entrada. Atendimento N° 10481,E,30
1356,22-May-18,R$ 880.00,Pago com sucesso no catão de crédito em 6 parcelas. Atendimento N° 10484,E,30
1357,23-May-18,R$ 840.00,Pago com sucesso no catão de crédito em 7 parcelas. Atendimento N° 10485,E,30
1358,04-May-18,R$ 960.00,Pago com sucesso no catão de crédito em 6 parcelas. Atendimento N° 10470,E,30
1359,24-May-18,R$ 128.00,Pago com atraso da parcela n° 5 do atendimento 10368,E,30
1360,23-May-18,R$ 185.00,Pago com atraso da parcela n° 1 do atendimento 10466,E,30
1361,22-May-18,R$ 150.00,Pago com atraso da parcela n° 4 do atendimento 10369,E,30
1362,21-May-18,R$ 130.00,Pago com atraso da parcela n° 1 do atendimento 10463,E,30
1363,21-May-18,R$ 96.00,Pago com atraso da parcela n° 1 do atendimento 10474,E,30
1364,02-May-18,R$ 100.00,Pago com atraso da parcela n° 1 do atendimento 10384,E,30
1365,18-May-18,R$ 240.00,Pago com sucesso da parcela n° 3 do atendimento 10422,E,30
1366,15-May-18,R$ 100.00,Pago com atraso da parcela n° 1 do atendimento 10408,E,30
1367,15-May-18,R$ 120.00,Pago com sucesso da parcela n° 1 do atendimento 10442,E,30
1368,15-May-18,R$ 200.00,Pago com sucesso da parcela n° 1 do atendimento 10456,E,30
1369,15-May-18,R$ 200.00,Pago com atraso da parcela n° 2 do atendimento 10431,E,30
1370,15-May-18,R$ 100.00,Pago com atraso da parcela n° 3 do atendimento 10402,E,30
1371,15-May-18,R$ 100.00,Pago com sucesso da parcela n° 1 do atendimento 10459,E,30
1372,10-May-18,R$ 130.00,Pago com sucesso da parcela n° 1 do atendimento 10454,E,30
1373,09-May-18,R$ 150.00,Pago com atraso da parcela n° 6 do atendimento 10261,E,30
1374,10-May-18,R$ 100.00,Pago com sucesso da parcela n° 1 do atendimento 10461,E,30
1375,10-May-18,R$ 135.00,Pago com sucesso da parcela n° 5 do atendimento 10360,E,30
1376,23-May-18,R$ 117.00,Pago com atraso da parcela n° 2 do atendimento 10420,E,30
1377,27-Apr-18,R$ 750.00,Pago com sucesso em dinheiro. Atendimento N° 10468,E,29
1378,28-May-18,R$ 165.00,Pago com atraso da parcela n° 4 do atendimento 10377,E,30
1379,30-May-18,R$ 90.00,Pago com sucesso da parcela n° 2 do atendimento 10443,E,30
1380,29-May-18,R$ 150.00,Pago com sucesso da parcela n° 5 do atendimento 10385,E,30
1381,10-May-18,R$ 152.27,BOLETO NET,S,30
1382,13-May-18,R$ 35.64,BOLETO LUXOTTICA,S,30
1383,14-May-18,R$ 298.00,BOLETO UNILAB,S,30
1384,14-May-18,R$ 0.76,BOLETO HOYA,S,30
1385,14-May-18,R$ 8.50,BOLETO HOYA,S,30
1386,15-May-18,R$ 76.46,BOLETO CDL,S,30
1387,16-May-18,R$ 149.26,BOLETO HOYA,S,30
1388,21-May-18,R$ 14.14,BOLETO DARE (ICMS),S,30
1389,21-May-18,R$ 227.02,BOLETO SIMPLES,S,30
1390,24-May-18,R$ 400.00,BOLETO CONTADOR,S,30
1391,26-May-18,R$ 48.72,BOLETO LUXOTTICA,S,30
1392,27-May-18,R$ 409.25,BOLETO ARMAÇÕES GIRO,S,30
1393,28-May-18,R$ 424.00,BOLETO UNILAB,S,30
1394,28-May-18,R$ 210.60,BOLETO LABO OPTICA,S,30
1395,28-May-18,R$ 16.50,BOLETO HOYA,S,30
1396,28-May-18,R$ 519.02,BOLETO HOYA,S,30
1397,29-May-18,R$ 48.73,BOLETO LUXOTTICA,S,30
1398,25-May-18,R$ 400.00,Pago com sucesso no catão de crédito em 4 parcelas. Atendimento N° 10488,E,30
1399,29-May-18,"R$ 1,200.00",Pago com sucesso no catão de crédito em 6 parcelas. Atendimento N° 10489,E,30
1400,30-May-18,R$ 100.00,Pago com atraso da parcela n° 3 do atendimento 10376,E,30
1401,30-May-18,R$ 100.00,Pago com atraso da parcela n° 4 do atendimento 10376,E,30
1402,30-May-18,R$ 100.00,Pago com atraso da parcela n° 3 do atendimento 10374,E,30
1403,30-May-18,R$ 100.00,Pago com atraso da parcela n° 4 do atendimento 10374,E,30
1404,30-Apr-18,R$ 150.00,Pago com sucesso da parcela n° 3 do atendimento 10411,E,29
1405,01-Jun-18,R$ 150.00,Pago com sucesso da parcela n° 4 do atendimento 10411,E,31
1406,02-Jun-18,R$ 280.00,Pago com atraso da parcela n° 1 do atendimento 10445,E,31
1407,02-Jun-18,R$ 150.00,Pago com atraso da parcela n° 2 do atendimento 10446,E,31
1408,01-Jun-18,R$ 100.00,Pago com sucesso da parcela n° 1 do atendimento 10487,E,31
1409,30-May-18,R$ 230.00,Pago com atraso da parcela n° 4 do atendimento 10382,E,30
1410,28-May-18,R$ 170.00,Pago com atraso da parcela n° 2 do atendimento 10137,E,30
1411,26-Feb-18,R$ 135.00,Pago com atraso da parcela n° 3 do atendimento 10319,E,27
1412,26-Mar-18,R$ 135.00,Pago com atraso da parcela n° 4 do atendimento 10319,E,28
1413,15-May-18,R$ 135.00,Pago com atraso da parcela n° 5 do atendimento 10319,E,30
1414,04-Jun-18,R$ 150.00,Pago com atraso da parcela n° 5 do atendimento 10106,E,31
1415,19-May-18,R$ 75.00,Pago com atraso da parcela n° 4 do atendimento 10372,E,30
1416,22-May-18,R$ 100.00,Pago com atraso da parcela n° 2 do atendimento 10387,E,30
1417,22-Jun-18,R$ 245.00,Pago com atraso da parcela n° 1 do atendimento 10441,E,31
1418,01-Jun-18,R$ 140.00,Pago com atraso da parcela n° 6 do atendimento 10292,E,31
1419,01-Jun-18,R$ 100.00,Pago com sucesso da parcela n° 6 do atendimento 10401,E,31
1420,05-Jun-18,R$ 130.00,Pago com atraso da parcela n° 3 do atendimento 10353,E,31
1421,04-Jun-18,R$ 175.00,Pago com atraso da parcela n° 2 do atendimento 10430,E,31
1422,04-Jun-18,R$ 70.00,Pago com sucesso da parcela n° 1 do atendimento 10481,E,31
1423,04-Jun-18,R$ 100.00,Pago com atraso da parcela n° 3 do atendimento 10389,E,31
1424,05-Jun-18,R$ 140.00,Pago com sucesso da parcela n° 4 do atendimento 10410,E,31
1425,06-Jun-18,R$ 258.00,Pago com sucesso da parcela n° 2 do atendimento 10449,E,31
1426,06-Jun-18,R$ 100.00,Pago com sucesso da parcela n° 2 do atendimento 10444,E,31
1427,04-Jun-18,R$ 108.78,BOLETO CEMAR,S,31
1428,04-Jun-18,R$ 544.04,BOLETO HOYA,S,31
1429,05-Jun-18,R$ 50.00,BOLETO VIGILANCIA,S,31
1430,07-Jun-18,R$ 200.00,Pago com atraso da parcela n° 1 do atendimento 10462,E,31
1431,07-Jun-18,R$ 280.00,Pago com atraso da parcela n° 6 do atendimento 10100,E,31
1432,07-Jun-18,R$ 165.00,Pago com atraso da parcela n° 7 do atendimento 10264,E,31
1433,07-Jun-18,R$ 633.26,BOLETO ORGALENT,S,31
1434,08-Jun-18,"R$ 1,400.00",ALUGUEL LOJA,S,31
1435,09-Jun-18,R$ 170.00,Pago com atraso da parcela n° 3 do atendimento 10137,E,31
1436,07-Jun-18,R$ 200.00,Pago com atraso da parcela n° 2 do atendimento 10453,E,31
1437,02-Jun-18,R$ 590.00,Pago com sucesso no catão de crédito em 2 parcelas. Atendimento N° 10490,E,31
1438,08-Jun-18,R$ 100.00,Pago com sucesso da parcela n° 5 do atendimento 10393,E,31
1439,08-Jun-18,R$ 100.00,Pago com sucesso da parcela n° 6 do atendimento 10393,E,31
1440,09-Jun-18,R$ 130.00,Pago com sucesso da parcela n° 2 do atendimento 10454,E,31
1441,04-May-18,R$ 78.00,Pago com atraso da parcela n° 1 do atendimento 10436,E,30
1442,06-Jun-18,R$ 78.00,Pago com atraso da parcela n° 2 do atendimento 10436,E,31
1443,08-Jun-18,R$ 100.00,Pago com atraso da parcela n° 2 do atendimento 10408,E,31
1444,08-Jun-18,R$ 150.00,Pago com atraso da parcela n° 6 do atendimento 10371,E,31
1445,08-Jun-18,R$ 140.00,Pago com atraso da parcela n° 4 do atendimento 10406,E,31
1446,08-Jun-18,R$ 200.00,Pago com sucesso da parcela n° 2 do atendimento 10456,E,31
1447,08-Jun-18,R$ 170.00,Pago com atraso da parcela n° 5 do atendimento 10132,E,31
1448,08-Jun-18,R$ 140.00,Pago com sucesso da parcela n° 2 do atendimento 10464,E,31
1449,09-Jun-18,R$ 110.00,Pago com atraso da parcela n° 4 do atendimento 10414,E,31
1450,08-Jun-18,R$ 125.00,Pago com atraso da parcela n° 2 do atendimento 10384,E,31
1451,11-Jun-18,R$ 152.67,BOLETO NET,S,31
1452,11-Jun-18,R$ 28.00,BOLETO HOYA,S,31
1453,11-Jun-18,R$ 100.00,Pago com atraso da parcela n° 2 do atendimento 10461,E,31
1454,12-Jun-18,R$ 215.00,Pago com atraso da parcela n° 1 do atendimento 10450,E,31
1455,15-Jun-18,R$ 67.00,BOLETO CDL,S,31
1456,13-Jun-18,R$ 200.00,Pago com atraso da parcela n° 3 do atendimento 10431,E,31
1457,13-Jun-18,R$ 100.00,Pago com sucesso da parcela n° 2 do atendimento 10459,E,31
1458,15-Jun-18,R$ 120.00,Pago com sucesso da parcela n° 2 do atendimento 10442,E,31
1459,22-May-18,R$ 800.00,Pagamento de entrada. Atendimento N° 10483,E,30
1460,18-Jun-18,R$ 100.00,Pago com atraso da parcela n° 4 do atendimento 10402,E,31
1461,18-Jun-18,R$ 8.50,BOLETO HOYA,S,31
1462,15-Jun-18,R$ 100.00,Pagamento de entrada. Atendimento N° 10491,E,31
1463,11-Nov-17,R$ 170.00,Pago com sucesso da parcela n° 1 do atendimento 10321,E,0
1464,12-Dec-17,R$ 170.00,Pago com sucesso da parcela n° 2 do atendimento 10321,E,0
1465,17-Jan-18,R$ 170.00,Pago com sucesso da parcela n° 3 do atendimento 10321,E,25
1466,17-Feb-18,R$ 170.00,Pago com sucesso da parcela n° 4 do atendimento 10321,E,0
1467,17-Mar-18,R$ 170.00,Pago com sucesso da parcela n° 5 do atendimento 10321,E,28
1468,10-Mar-18,R$ 100.00,Pago com sucesso da parcela n° 3 do atendimento 10370,E,28
1469,11-Jun-18,R$ 100.00,Pago com atraso da parcela n° 4 do atendimento 10370,E,31
1470,10-May-18,R$ 100.00,Pago com sucesso da parcela n° 5 do atendimento 10370,E,30
1471,20-Jun-18,R$ 362.40,IMPOSTO SIMPLES,S,31
1472,20-Jun-18,R$ 22.47,IMPOSTO ESTADUAL(DARE),S,31
1473,22-Jun-18,R$ 242.56,BOLETO HOYA,S,31
1474,25-Jun-18,R$ 853.03,BOLETO FINANC. BNB,S,31
1475,25-Jun-18,R$ 56.61,BOLETO UNILAB,S,31
1476,25-Jun-18,R$ 48.73,BOLETO LUXOTTICA,S,31
1477,25-Jun-18,R$ 17.00,BOLETO HOYA,S,31
1478,20-Jun-18,R$ 96.00,Pago com atraso da parcela n° 2 do atendimento 10474,E,31
1479,21-Jun-18,R$ 240.00,Pago com atraso da parcela n° 4 do atendimento 10422,E,31
1480,21-Jun-18,R$ 150.00,Pago com atraso da parcela n° 5 do atendimento 10369,E,31
1481,23-Jun-18,R$ 130.00,Pago com sucesso da parcela n° 1 do atendimento 10486,E,31
1482,23-Jun-18,R$ 180.00,Pago com atraso da parcela n° 4 do atendimento 10345,E,31
1483,21-Jun-18,R$ 150.00,Pago com atraso da parcela n° 1 do atendimento 10157,E,31
1484,02-Jun-18,R$ 150.00,Pagamento de entrada. Atendimento N° 10492,E,31
1485,25-Jun-18,R$ 400.00,BOLETO CONTADOR,S,31
1486,12-Jun-18,R$ 185.00,Pago com sucesso no cartão de débito. Atendimento N° 10494,E,31
1487,12-Jun-18,R$ 80.00,Pago com sucesso em dinheiro. Atendimento N° 10495,E,31
1488,26-Jun-18,R$ 200.00,Pago com atraso da parcela n° 1 do atendimento 10452,E,31
1489,26-Jun-18,R$ 210.58,BOLETO LABO OPTICA,S,31
1490,27-Jun-18,R$ 135.44,BOLETO LABO OPTICA,S,53
1491,27-Jun-18,R$ 409.25,BOLETO ARMAÇAO GIRO,S,31
1492,28-Jun-18,R$ 115.00,BOLETO  UNILAB,S,31
1493,29-Jun-18,R$ 392.25,BOLETO SOLAR MARIZIA,S,31
1494,02-Jul-18,R$ 87.26,BOLETO HOYA,S,53
1495,29-Jun-18,R$ 150.00,Pago com sucesso da parcela n° 1 do atendimento 10493,E,31
1496,30-Jun-18,R$ 100.00,Pago com atraso da parcela n° 4 do atendimento 10281,E,31
1497,28-Jun-18,R$ 300.00,Pago com atraso da parcela n° 5 do atendimento 10025,E,31
1498,28-Jun-18,R$ 300.00,Pago com atraso da parcela n° 6 do atendimento 10025,E,31
1499,03-Jul-18,R$ 100.00,Pago com atraso da parcela n° 5 do atendimento 10374,E,53
1500,03-Jul-18,R$ 100.00,Pago com sucesso da parcela n° 6 do atendimento 10374,E,53
1501,03-Jul-18,R$ 100.00,Pago com sucesso da parcela n° 7 do atendimento 10374,E,53
1502,03-Jul-18,R$ 100.00,Pago com atraso da parcela n° 5 do atendimento 10376,E,53
1503,03-Jul-18,R$ 100.00,Pago com sucesso da parcela n° 6 do atendimento 10376,E,53
1504,02-Jul-18,R$ 130.00,Pago com atraso da parcela n° 2 do atendimento 10463,E,53
1505,02-Jul-18,R$ 90.00,Pago com atraso da parcela n° 3 do atendimento 10443,E,53
1506,21-Jun-18,R$ 300.00,Pagamento de entrada. Atendimento N° 10497,E,31
1507,26-Jun-18,R$ 150.00,Pago com sucesso no catão de crédito em 1 parcelas. Atendimento N° 10499,E,31
1508,28-Jun-18,R$ 850.00,Pago com sucesso no catão de crédito em 2 parcelas. Atendimento N° 10500,E,31
1509,03-Jul-18,R$ 140.00,Pago com atraso da parcela n° 5 do atendimento 10406,E,53
1510,09-Jul-18,R$ 250.00,Pago com atraso da parcela n° 1 do atendimento 10167,E,53
1511,11-Jul-18,R$ 165.00,Pago com atraso da parcela n° 5 do atendimento 10377,E,53
1512,11-Jul-18,R$ 150.00,Pago com atraso da parcela n° 3 do atendimento 10446,E,53
1513,11-Jul-18,R$ 200.00,Pago com atraso da parcela n° 2 do atendimento 10462,E,53
1514,10-Jul-18,R$ 200.00,Pago com sucesso da parcela n° 3 do atendimento 10456,E,53
1515,10-Jul-18,R$ 280.00,Pago com atraso da parcela n° 2 do atendimento 10445,E,53
1516,10-Jul-18,R$ 140.00,Pago com sucesso da parcela n° 3 do atendimento 10464,E,53
1517,10-Jul-18,R$ 110.00,Pago com atraso da parcela n° 5 do atendimento 10414,E,53
1518,10-Jul-18,R$ 100.00,Pago com sucesso da parcela n° 3 do atendimento 10461,E,53
1519,10-Jul-18,R$ 258.00,Pago com sucesso da parcela n° 3 do atendimento 10449,E,53
1520,09-Jul-18,R$ 215.00,Pago com atraso da parcela n° 2 do atendimento 10450,E,53
1521,09-Jul-18,R$ 135.00,Pago com sucesso da parcela n° 1 do atendimento 10496,E,53
1522,06-Jul-18,R$ 100.00,Pago com sucesso da parcela n° 3 do atendimento 10444,E,53
1523,05-Jul-18,R$ 100.00,Pago com sucesso da parcela n° 2 do atendimento 10487,E,53
1524,05-Jul-18,R$ 150.00,Pago com atraso da parcela n° 6 do atendimento 10369,E,53
1525,05-Jul-18,R$ 140.00,Pago com sucesso da parcela n° 5 do atendimento 10410,E,53
1526,04-Jul-18,R$ 170.00,Pago com atraso da parcela n° 3 do atendimento 10344,E,53
1527,02-Jul-18,R$ 78.00,Pago com atraso da parcela n° 3 do atendimento 10436,E,53
1528,03-Jul-18,R$ 230.00,Pago com atraso da parcela n° 5 do atendimento 10382,E,53
1529,04-Jul-18,"R$ 1,440.00",Pago com sucesso no catão de crédito em 8 parcelas. Atendimento N° 10502,E,53
1530,04-Jul-18,R$ 800.00,Pago com sucesso no catão de crédito em 6 parcelas. Atendimento N° 10503,E,53
1531,05-Jul-18,R$ 150.00,Pagamento de entrada. Atendimento N° 10504,E,53
1532,09-Jul-18,R$ 700.00,Pago com sucesso no cartão de débito. Atendimento N° 10505,E,53
1533,10-Jul-18,R$ 180.00,Pago com sucesso no cartão de débito. Atendimento N° 10506,E,53
1534,10-Jul-18,R$ 750.00,Pago com sucesso no catão de crédito em 4 parcelas. Atendimento N° 10507,E,53
1535,11-Jul-18,R$ 150.00,Pagamento de entrada. Atendimento N° 10511,E,53
1536,03-Jul-18,R$ 35.42,BOLETO DOMINIO SITE,S,53
1537,04-Jul-18,R$ 127.25,BOLETO CEMAR,S,53
1538,09-Jul-18,R$ 424.00,BOLETO UNILAB,S,53
1539,09-Jul-18,"R$ 1,400.00",ALUGUEL LOJA,S,53
1540,10-Jul-18,R$ 151.25,BOLETO NET,S,53
1541,16-Jul-18,R$ 67.00,BOLETO CDL,S,53
1542,16-Jul-18,R$ 100.00,Pago com atraso da parcela n° 3 do atendimento 10459,E,53
1543,19-Jul-18,R$ 185.00,Pago com atraso da parcela n° 2 do atendimento 10466,E,53
1544,18-Jul-18,R$ 120.00,Pago com sucesso da parcela n° 3 do atendimento 10442,E,53
1545,16-Jul-18,R$ 100.00,Pago com atraso da parcela n° 1 do atendimento 10491,E,53
1546,13-Jul-18,R$ 150.00,Pago com sucesso da parcela n° 1 do atendimento 10501,E,53
1547,13-Jul-18,R$ 200.00,Pago com atraso da parcela n° 4 do atendimento 10431,E,53
1548,18-Jul-18,R$ 140.00,Pago com atraso da parcela n° 1 do atendimento 10478,E,53
1549,19-Jul-18,R$ 96.00,Pago com sucesso da parcela n° 3 do atendimento 10474,E,53
1550,05-Jul-18,R$ 110.00,Pago com atraso da parcela n° 3 do atendimento 10291,E,53
1551,05-Jul-18,R$ 110.00,Pago com atraso da parcela n° 4 do atendimento 10291,E,53
1552,17-Jul-18,R$ 120.00,Pago com atraso da parcela n° 3 do atendimento 10420,E,53
1553,20-Jul-18,R$ 102.20,BOLETO IMPOSTO SIMPLES,S,53
1554,20-Jul-18,R$ 6.28,BOLETO IMPOSTO ESTADO (DARE),S,53
1555,20-Jul-18,R$ 430.00,Pago com atraso da parcela n° 5 do atendimento 10249,E,53
1556,20-Jul-18,R$ 100.00,Pago com atraso da parcela n° 1 do atendimento 10434,E,53
1557,20-Jul-18,R$ 100.00,Pago com atraso da parcela n° 2 do atendimento 10434,E,53
1558,20-Jul-18,R$ 100.00,Pago com atraso da parcela n° 3 do atendimento 10434,E,53
1559,10-Jul-18,R$ 720.00,Pago com sucesso no catão de crédito em 6 parcelas. Atendimento N° 10508,E,53
1560,10-Jul-18,R$ 640.00,Pago com sucesso no catão de crédito em 4 parcelas. Atendimento N° 10509,E,53
1561,11-Jul-18,R$ 500.00,Pago com sucesso no catão de crédito em 5 parcelas. Atendimento N° 10510,E,53
1562,04-Jul-18,R$ 75.00,Pago com atraso da parcela n° 5 do atendimento 10372,E,53
1563,13-Jul-18,"R$ 2,892.00",Pago com sucesso no catão de crédito em 6 parcelas. Atendimento N° 10513,E,53
1564,16-Jul-18,R$ 900.00,Pago com sucesso no cartão de débito. Atendimento N° 10514,E,53
1565,23-Jul-18,R$ 130.00,Pago com atraso da parcela n° 3 do atendimento 10454,E,53
1566,05-Jul-18,R$ 50.00,BOLETO VIGILANCIA,S,53
1567,23-Jul-18,R$ 400.00,BOLETO CONTADOR,S,53
1568,23-Jul-18,R$ 16.00,BOLETO HOYA,S,53
1569,23-Jul-18,R$ 130.76,BOLETO HOYA,S,53
1570,24-Jul-18,R$ 184.25,BOLETO HOYA,S,53
1571,29-Jun-18,R$ 150.00,DIVERSOS LABORATORIOS,S,31
1572,16-Oct-17,R$ 185.00,Pago com sucesso da parcela n° 2 do atendimento 10273,E,0
1573,13-Jul-18,R$ 185.00,Pago com atraso da parcela n° 3 do atendimento 10273,E,53
1574,13-Jul-18,R$ 185.00,Pago com atraso da parcela n° 4 do atendimento 10273,E,53
1575,13-Jul-18,R$ 185.00,Pago com atraso da parcela n° 5 do atendimento 10273,E,53
1576,26-Jul-18,R$ 210.58,BOLETO LABO OPTICA,S,53
1577,27-Jul-18,R$ 409.25,BOLETO ARMAÇAO GIRO,S,53
1578,27-Jul-18,R$ 135.44,BOLETO LABO OPTICA,S,53
1579,27-Jul-18,R$ 150.00,Pago com atraso da parcela n° 3 do atendimento 10060,E,53
1580,27-Jul-18,R$ 150.00,Pago com atraso da parcela n° 4 do atendimento 10060,E,53
1581,27-Jul-18,R$ 150.00,Pago com atraso da parcela n° 5 do atendimento 10060,E,53
1582,27-Jul-18,R$ 150.00,Pago com atraso da parcela n° 6 do atendimento 10060,E,53
1583,30-Jul-18,R$ 392.25,BOLETO MAREZIA,S,53
1584,30-Jul-18,R$ 44.26,BOLETO HOYA,S,53
1585,23-Jul-18,R$ 230.00,Pago com atraso da parcela n° 1 do atendimento 10482,E,53
1586,24-Jul-18,R$ 240.00,Pago com atraso da parcela n° 5 do atendimento 10422,E,53
1587,24-Jul-18,R$ 130.00,Pago com sucesso da parcela n° 2 do atendimento 10486,E,53
1588,24-Jul-18,R$ 140.00,Pago com atraso da parcela n° 1 do atendimento 10423,E,53
1589,30-Jul-18,R$ 150.00,Pago com sucesso da parcela n° 2 do atendimento 10493,E,53
1590,30-Jul-18,R$ 230.00,Pago com atraso da parcela n° 6 do atendimento 10382,E,53
1591,17-Jul-18,R$ 180.00,Pago com sucesso em dinheiro. Atendimento N° 10517,E,53
1592,18-Jul-18,R$ 500.00,Pago com sucesso no catão de crédito em 5 parcelas. Atendimento N° 10521,E,53
1593,02-Aug-18,R$ 126.45,BOLETO CEMAR,S,54
1594,02-Aug-18,R$ 130.00,Pago com atraso da parcela n° 3 do atendimento 10299,E,54
1595,19-Jul-18,R$ 300.00,Pagamento de entrada. Atendimento N° 10523,E,53
1596,10-Jul-18,R$ 200.00,Pagamento de entrada. Atendimento N° 10524,E,53
1597,20-Jul-18,R$ 400.00,Pagamento de entrada. Atendimento N° 10525,E,53
1598,20-Jul-18,R$ 840.00,Pago com sucesso no catão de crédito em 5 parcelas. Atendimento N° 10526,E,53
1599,21-Jul-18,R$ 270.00,Pago com sucesso em dinheiro. Atendimento N° 10527,E,53
1600,25-Jul-18,R$ 0.01,Pago com sucesso em dinheiro. Atendimento N° 10528,E,53
1601,25-Jul-18,R$ 680.00,Pago com sucesso no catão de crédito em 5 parcelas. Atendimento N° 10529,E,53
1602,27-Jul-18,R$ 650.00,Pago com sucesso no catão de crédito em 4 parcelas. Atendimento N° 10532,E,53
1603,30-Jul-18,R$ 120.00,Pago com sucesso em dinheiro. Atendimento N° 10533,E,53
1604,01-Aug-18,R$ 280.00,Pago com sucesso em dinheiro. Atendimento N° 10536,E,54
1605,01-Aug-18,R$ 800.00,Pago com sucesso no catão de crédito em 3 parcelas. Atendimento N° 10538,E,54
1606,01-Aug-18,R$ 900.00,Pago com sucesso no catão de crédito em 6 parcelas. Atendimento N° 10539,E,54
1607,01-Aug-18,R$ 400.00,Pago com sucesso em dinheiro. Atendimento N° 10540,E,54
1608,02-Aug-18,R$ 250.00,Pago com sucesso no cartão de débito. Atendimento N° 10541,E,54
1609,09-Aug-18,R$ 100.00,Pago com atraso da parcela n° 4 do atendimento 10389,E,54
1610,06-Aug-18,R$ 50.00,BOLETO VIGILANCIA,S,54
1611,06-Aug-18,R$ 424.00,BOLETO UNILAB,S,54
1612,06-Aug-18,R$ 239.00,BOLETO UNILAB,S,54
1613,06-Aug-18,R$ 336.78,BOLETO HOYA,S,54
1614,09-Aug-18,"R$ 1,400.00",ALUGUEL LOJA,S,54
1615,25-Jul-18,R$ 842.93,BOLETO FINANC. BNB,S,53
1616,25-Aug-18,R$ 844.50,BOLETO FINANC. BNB,S,54
1617,10-Aug-18,R$ 152.43,BOLETO NET,S,54
1618,01-Aug-18,R$ 110.00,Pago com sucesso da parcela n° 1 do atendimento 10515,E,54
1619,01-Aug-18,R$ 225.00,Pago com atraso da parcela n° 2 do atendimento 10358,E,54
1620,01-Aug-18,R$ 100.00,Pago com atraso da parcela n° 3 do atendimento 10408,E,54
1621,03-Aug-18,R$ 90.00,Pago com atraso da parcela n° 4 do atendimento 10443,E,54
1622,03-Aug-18,R$ 100.00,Pago com sucesso da parcela n° 3 do atendimento 10487,E,54
1623,02-Aug-18,R$ 200.00,Pago com sucesso da parcela n° 1 do atendimento 10497,E,54
1624,02-Aug-18,R$ 280.00,Pago com atraso da parcela n° 3 do atendimento 10445,E,54
1625,04-Aug-18,R$ 100.00,Pago com atraso da parcela n° 4 do atendimento 10434,E,54
1626,07-Aug-18,R$ 200.00,Pago com atraso da parcela n° 3 do atendimento 10462,E,54
1627,09-Aug-18,R$ 258.00,Pago com sucesso da parcela n° 4 do atendimento 10449,E,54
1628,09-Aug-18,R$ 150.00,Pago com atraso da parcela n° 1 do atendimento 10531,E,54
1629,09-Aug-18,R$ 200.00,Pago com sucesso da parcela n° 1 do atendimento 10525,E,54
1630,09-Aug-18,R$ 200.00,Pago com sucesso da parcela n° 2 do atendimento 10525,E,54
1631,08-Aug-18,R$ 140.00,Pago com sucesso da parcela n° 4 do atendimento 10464,E,54
1632,06-Aug-18,R$ 600.00,Pago com sucesso no catão de crédito em 4 parcelas. Atendimento N° 10543,E,54
1633,06-Aug-18,R$ 900.00,Pago com sucesso no catão de crédito em 6 parcelas. Atendimento N° 10544,E,54
1634,06-Aug-18,"R$ 1,000.00",Pago com sucesso no catão de crédito em 6 parcelas. Atendimento N° 10545,E,54
1635,30-Aug-18,R$ 572.00,LABORATORIOS DIVERSOS,S,54
1636,13-Aug-18,"R$ 1,026.80",BOLETO HOYA,S,54
1637,13-Aug-18,R$ 309.00,BOLETO UNILAB,S,54
1640,17-Aug-18,R$ 66.97,PARCELA DO IPTU,S,54
1641,15-Aug-18,R$ 67.00,BOLETO CDL,S,54
1642,06-Aug-18,R$ 200.00,Pagamento de entrada. Atendimento N° 10546,E,54
1643,03-Aug-18,R$ 200.00,Pagamento de entrada. Atendimento N° 10542,E,54
1644,20-Aug-18,R$ 17.00,BOLETO HOYA,S,54
1645,20-Aug-18,R$ 159.00,BOLETO UNILAB,S,54
1646,20-Aug-18,R$ 479.28,BOLETO SIMPLES,S,54
1647,20-Aug-18,R$ 10.84,BOLETO DARE (ICMS),S,54
1648,22-Aug-18,R$ 400.00,PAGAMENTO CONTADOR,S,54
1649,09-Aug-18,R$ 500.00,Pago com sucesso em dinheiro. Atendimento N° 10553,E,54
1650,09-Aug-18,R$ 680.00,Pago com sucesso no catão de crédito em 5 parcelas. Atendimento N° 10554,E,54
1651,08-Aug-18,R$ 800.00,Pago com sucesso no catão de crédito em 3 parcelas. Atendimento N° 10548,E,54
1652,08-Aug-18,R$ 500.00,Pago com sucesso em dinheiro. Atendimento N° 10552,E,54
1653,11-Aug-18,"R$ 1,200.00",Pago com sucesso no catão de crédito em 6 parcelas. Atendimento N° 10556,E,54
1654,27-Aug-18,R$ 737.26,BOLETO HOYA,S,54
1655,27-Aug-18,R$ 17.00,BOLETO HOYA,S,54
1656,27-Aug-18,R$ 409.25,BOLETO ARMAÇÕES GIRO,S,54
1657,16-Aug-18,R$ 235.00,Pago com atraso da parcela n° 1 do atendimento 10504,E,54
1658,17-Aug-18,R$ 235.00,Pago com sucesso da parcela n° 2 do atendimento 10504,E,54
1659,24-Aug-18,R$ 130.00,Pago com sucesso da parcela n° 3 do atendimento 10486,E,54
1660,23-Aug-18,R$ 150.00,Pago com atraso da parcela n° 4 do atendimento 10446,E,54
1661,21-Aug-18,R$ 120.00,Pago com atraso da parcela n° 4 do atendimento 10221,E,54
1662,21-Aug-18,R$ 150.00,Pago com atraso da parcela n° 1 do atendimento 10511,E,54
1663,20-Aug-18,R$ 150.00,Pago com sucesso da parcela n° 2 do atendimento 10501,E,54
1664,16-Aug-18,R$ 100.00,Pago com atraso da parcela n° 5 do atendimento 10434,E,54
1665,14-Aug-18,R$ 200.00,Pago com atraso da parcela n° 5 do atendimento 10431,E,54
1666,16-Aug-18,R$ 165.00,Pago com atraso da parcela n° 6 do atendimento 10377,E,54
1667,15-Aug-18,R$ 180.00,Pago com atraso da parcela n° 5 do atendimento 10345,E,54
1668,14-Aug-18,R$ 78.00,Pago com atraso da parcela n° 4 do atendimento 10436,E,54
1669,15-Aug-18,R$ 135.00,Pago com atraso da parcela n° 2 do atendimento 10496,E,54
1670,14-Aug-18,R$ 130.00,Pago com sucesso da parcela n° 4 do atendimento 10454,E,54
1671,11-Aug-18,R$ 200.00,Pago com atraso da parcela n° 2 do atendimento 10452,E,54
1672,30-Jul-18,R$ 200.00,Pago com atraso da parcela n° 3 do atendimento 10453,E,53
1673,10-Aug-18,R$ 100.00,Pago com sucesso da parcela n° 4 do atendimento 10461,E,54
1674,28-Aug-18,R$ 344.00,BOLETO UNILAB,S,54
1675,28-Aug-18,R$ 392.25,BOLETO MAREZIA SOLAR,S,54
1676,29-Aug-18,R$ 300.00,Pago com sucesso em dinheiro. Atendimento N° 10557,E,54
1677,14-Aug-18,R$ 290.00,Pago com sucesso em dinheiro. Atendimento N° 10558,E,54
1678,15-Aug-18,R$ 500.00,Pago com sucesso no catão de crédito em 3 parcelas. Atendimento N° 10560,E,54
1679,17-Aug-18,R$ 85.00,Pago com sucesso em dinheiro. Atendimento N° 10561,E,54
1680,18-Aug-18,R$ 0.01,Pago com sucesso em dinheiro. Atendimento N° 10562,E,54
1681,22-Aug-18,R$ 800.00,Pago com sucesso no catão de crédito em 5 parcelas. Atendimento N° 10563,E,54
1682,28-Aug-18,"R$ 1,650.00",Pago com sucesso no catão de crédito em 6 parcelas. Atendimento N° 10565,E,54
1683,07-Aug-18,R$ 400.00,Pagamento de entrada. Atendimento N° 10549,E,54
1684,31-Aug-18,R$ 28.00,BOLETO HOYA,S,54
1685,28-Sep-18,R$ 38.00,BOLETO DISTRIBUIDORA CENTRAL,S,54
1686,31-Aug-18,R$ 8.00,BOLETO CLINICA MONTAGEM,S,54
1687,03-Sep-18,R$ 165.71,BOLETO CEMAR,S,55
1688,03-Sep-18,R$ 443.00,BOLETO ORGALENT,S,55
1689,03-Sep-18,R$ 752.28,BOLETO HOYA,S,55
1690,07-Aug-18,R$ 600.00,Pagamento de entrada. Atendimento N° 10567,E,54
1691,05-Sep-18,R$ 50.00,BOLETO VIGILANCIA,S,55
1692,30-Aug-18,R$ 90.00,Pago com sucesso da parcela n° 5 do atendimento 10443,E,54
1693,30-Aug-18,R$ 120.00,Pago com sucesso da parcela n° 1 do atendimento 10564,E,54
1694,31-Aug-18,R$ 200.00,Pago com sucesso da parcela n° 3 do atendimento 10525,E,54
1695,31-Aug-18,R$ 200.00,Pago com sucesso da parcela n° 4 do atendimento 10525,E,54
1696,31-Aug-18,R$ 215.00,Pago com atraso da parcela n° 3 do atendimento 10450,E,54
1697,31-Aug-18,R$ 150.00,Pago com atraso da parcela n° 3 do atendimento 10493,E,54
1698,31-Aug-18,R$ 240.00,Pago com atraso da parcela n° 6 do atendimento 10422,E,54
1699,05-Sep-18,R$ 200.00,Pago com atraso da parcela n° 2 do atendimento 10497,E,55
1700,05-Sep-18,R$ 280.00,Pago com atraso da parcela n° 4 do atendimento 10445,E,55
1701,03-Sep-18,R$ 130.00,Pago com atraso da parcela n° 3 do atendimento 10463,E,55
1702,03-Sep-18,R$ 100.00,Pago com sucesso da parcela n° 4 do atendimento 10487,E,55
1703,06-Sep-18,"R$ 1,400.00",BOLETO ALUGUEL DA LOJA,S,55
1704,10-Sep-18,R$ 383.50,BOLETO UNILAB,S,55
1705,10-Sep-18,R$ 149.31,BOLETO NET,S,55
1706,10-Sep-18,R$ 19.50,BOLETO HOYA,S,55
1707,06-Sep-18,R$ 78.00,Pago com atraso da parcela n° 5 do atendimento 10436,E,55
1708,06-Sep-18,R$ 130.00,Pago com atraso da parcela n° 4 do atendimento 10353,E,55
1709,10-Sep-18,R$ 100.00,Pago com atraso da parcela n° 1 do atendimento 10546,E,55
1710,10-Sep-18,R$ 200.00,Pago com atraso da parcela n° 4 do atendimento 10456,E,55
1711,10-Sep-18,R$ 258.00,Pago com sucesso da parcela n° 5 do atendimento 10449,E,55
1712,11-Sep-18,R$ 65.88,BOLETO IPTU,S,55
1713,11-Sep-18,R$ 200.00,Pago com atraso da parcela n° 4 do atendimento 10462,E,55
1714,11-Sep-18,R$ 100.00,Pago com sucesso da parcela n° 5 do atendimento 10459,E,55
1715,13-Aug-18,R$ 100.00,Pago com sucesso da parcela n° 4 do atendimento 10459,E,54
1716,13-Sep-18,R$ 200.00,Pago com atraso da parcela n° 1 do atendimento 10542,E,55
1717,22-Aug-18,R$ 230.00,Pago com atraso da parcela n° 2 do atendimento 10482,E,54
1718,03-Sep-18,R$ 110.00,Pago com sucesso da parcela n° 2 do atendimento 10515,E,55
1719,10-Jul-18,R$ 100.00,Pago com sucesso da parcela n° 1 do atendimento 10524,E,53
1720,03-Sep-18,R$ 100.00,Pago com sucesso da parcela n° 2 do atendimento 10524,E,55
1721,06-Aug-18,R$ 150.00,Pago com sucesso em dinheiro. Atendimento N° 10547,E,54
1722,06-Feb-18,R$ 115.00,Pago com atraso da parcela n° 5 do atendimento 10129,E,0
1723,13-Sep-18,R$ 96.00,Pago com atraso da parcela n° 4 do atendimento 10474,E,55
1724,13-Sep-18,R$ 96.00,Pago com sucesso da parcela n° 5 do atendimento 10474,E,55
1725,03-Sep-18,R$ 200.00,Pagamento de entrada. Atendimento N° 10568,E,55
1726,04-Sep-18,R$ 900.00,Pago com sucesso em dinheiro. Atendimento N° 10569,E,55
1727,08-Aug-18,R$ 160.00,Pago com sucesso da parcela n° 1 do atendimento 10530,E,54
1728,19-Sep-18,R$ 160.00,Pago com atraso da parcela n° 2 do atendimento 10530,E,55
1729,17-Sep-18,R$ 71.00,BOLETO CDL,S,55
1730,17-Sep-18,R$ 36.50,BOLETO HOYA,S,55
1731,17-Sep-18,R$ 478.00,BOLETO UNILAB,S,55
1732,20-Sep-18,R$ 447.02,BOLETO SIMPLES NACIONAL,S,55
1733,20-Sep-18,R$ 37.97,BOLETO DARE,S,55
1734,30-Jul-18,R$ 50.00,Pagamento de entrada. Atendimento N° 10535,E,53
1735,20-Sep-18,R$ 100.00,Pago com sucesso da parcela n° 1 do atendimento 10535,E,55
1736,21-Sep-18,R$ 418.20,BOLETO ARMAÇÕES GIRO,S,55
1737,21-Sep-18,R$ 400.00,BOLETO CONTADOR,S,55
1738,01-Aug-18,R$ 200.00,Pagamento de entrada. Atendimento N° 10537,E,54
1739,01-Sep-18,R$ 200.00,Pago com sucesso da parcela n° 1 do atendimento 10537,E,55
1740,01-Sep-18,R$ 200.00,Pago com sucesso da parcela n° 2 do atendimento 10537,E,55
1741,18-Sep-18,R$ 150.00,Pago com atraso da parcela n° 2 do atendimento 10531,E,55
1742,21-Sep-18,R$ 230.00,Pago com atraso da parcela n° 3 do atendimento 10482,E,55
1743,12-Jul-18,R$ 200.00,Pago com atraso da parcela n° 1 do atendimento 10476,E,53
1744,12-Jul-18,R$ 200.00,Pago com atraso da parcela n° 2 do atendimento 10476,E,53
1745,31-Jul-18,R$ 200.00,Pago com atraso da parcela n° 2 do atendimento 10051,E,53
1746,24-Sep-18,R$ 382.52,BOLETO HOYA,S,55
1747,24-Sep-18,R$ 8.50,BOLETO HOYA,S,55
1748,24-Sep-18,R$ 185.00,BOLETO UNILAB,S,55
1749,21-Sep-18,R$ 130.00,Pago com atraso da parcela n° 5 do atendimento 10454,E,55
1750,20-Sep-18,R$ 100.00,Pago com atraso da parcela n° 1 do atendimento 10567,E,55
1751,20-Sep-18,R$ 100.00,Pago com sucesso da parcela n° 2 do atendimento 10567,E,55
1752,20-Sep-18,R$ 100.00,Pago com sucesso da parcela n° 3 do atendimento 10567,E,55
1753,20-Sep-18,R$ 150.00,Pago com sucesso da parcela n° 3 do atendimento 10501,E,55
1754,20-Sep-18,R$ 150.00,Pago com atraso da parcela n° 2 do atendimento 10511,E,55
1755,18-Sep-18,R$ 200.00,Pago com sucesso da parcela n° 1 do atendimento 10568,E,55
1756,17-Sep-18,R$ 150.00,Pago com atraso da parcela n° 1 do atendimento 10559,E,55
1757,10-Sep-18,R$ 140.00,Pago com sucesso da parcela n° 5 do atendimento 10464,E,55
1758,20-Jul-18,R$ 100.00,Pago com atraso da parcela n° 1 do atendimento 10483,E,53
1759,27-Sep-18,R$ 392.25,BOLETO SOLAR MAREZIA,S,55
1760,13-Sep-18,R$ 820.00,Pago com sucesso no catão de crédito em 4 parcelas. Atendimento N° 10573,E,55
1761,14-Sep-18,R$ 250.00,Pago com sucesso em dinheiro. Atendimento N° 10574,E,55
1762,25-Sep-18,R$ 840.37,BOLETO FINANC. BNB,S,55
1763,28-Sep-18,R$ 185.00,BOLETO UNILAB,S,55
1764,17-Sep-18,"R$ 1,480.00",Pago com sucesso no catão de crédito em 5 parcelas. Atendimento N° 10575,E,55
1765,18-Sep-18,R$ 200.00,Pago com sucesso em dinheiro. Atendimento N° 10576,E,55
1766,19-Sep-18,R$ 225.00,Pagamento de entrada. Atendimento N° 10577,E,55
1767,19-Sep-18,"R$ 1,350.00",Pago com sucesso em dinheiro. Atendimento N° 10578,E,55
1768,24-Sep-18,R$ 550.00,Pago com sucesso no catão de crédito em 5 parcelas. Atendimento N° 10580,E,55
1769,24-Sep-18,R$ 100.00,Pagamento de entrada. Atendimento N° 10581,E,55
1770,25-Sep-18,R$ 700.00,Pago com sucesso no catão de crédito em 6 parcelas. Atendimento N° 10582,E,55
1771,01-Oct-18,R$ 22.00,BOLETO HOYA,S,56
1772,01-Oct-18,R$ 117.76,BOLETO HOYA,S,56
1773,02-Oct-18,R$ 412.28,BOLETO ARMAÇAO DETROIT,S,56
1774,03-Oct-18,R$ 173.67,BOLETO CEMAR,S,56
1775,26-Sep-18,"R$ 1,560.00",Pago com sucesso no catão de crédito em 1 parcelas. Atendimento N° 10584,E,55
1776,29-Sep-18,R$ 998.00,"BOLETO DIVERSOS (TEC LAB, SANTOS, CENTRAL E LABO OPTICA)",S,55
1777,04-Oct-18,R$ 200.00,ADESAO DA NOTA FISCAL ELETRONICA,S,56
1778,05-Oct-18,R$ 50.00,BOLETO VIGILÂNCIA,S,56
1779,28-Sep-18,"R$ 1,300.00",Pago com sucesso no catão de crédito em 8 parcelas. Atendimento N° 10585,E,55
1780,28-Sep-18,"R$ 1,000.00",Pago com sucesso no catão de crédito em 5 parcelas. Atendimento N° 10586,E,55
1781,09-Oct-18,R$ 66.53,BOLETO PARCELA IPTU,S,56
1782,08-Oct-18,R$ 891.78,BOLETO HOYA,S,56
1783,08-Oct-18,R$ 19.50,BOLETO HOYA,S,56
1784,08-Oct-18,R$ 277.98,BOLETO LUXOTTICA,S,56
1785,09-Oct-18,"R$ 1,400.00",BOLETO ALUGUEL LOJA,S,56
1786,25-Sep-18,R$ 130.00,Pago com sucesso da parcela n° 4 do atendimento 10486,E,55
1787,25-Sep-18,R$ 120.00,Pago com sucesso da parcela n° 1 do atendimento 10566,E,55
1788,25-Sep-18,R$ 180.00,Pago com atraso da parcela n° 1 do atendimento 10523,E,55
1789,27-Sep-18,R$ 100.00,Pago com atraso da parcela n° 4 do atendimento 10408,E,55
1790,29-Sep-18,R$ 150.00,Pago com sucesso da parcela n° 4 do atendimento 10493,E,55
1791,29-Sep-18,R$ 100.00,Pago com atraso da parcela n° 6 do atendimento 10434,E,55
1792,07-Oct-18,R$ 100.00,Pago com sucesso da parcela n° 1 do atendimento 10522,E,56
1793,05-Oct-18,R$ 100.00,Pago com sucesso da parcela n° 1 do atendimento 10587,E,56
1794,10-Oct-18,R$ 200.00,Pago com atraso da parcela n° 3 do atendimento 10497,E,56
1795,10-Oct-18,R$ 280.00,Pago com atraso da parcela n° 5 do atendimento 10445,E,56
1796,10-Oct-18,R$ 383.50,BOLETO UNILAB,S,56
1797,10-Oct-18,R$ 153.08,BOLETO NET,S,56
1798,15-Oct-18,R$ 71.00,BOLETO CDL,S,56
1799,15-Oct-18,R$ 368.00,BOLETO UNILAB,S,56
1800,15-Oct-18,R$ 545.26,BOLETO HOYA,S,56
1801,16-Oct-18,R$ 467.26,BOLETO HOYA,S,56
1802,16-Oct-18,R$ 100.00,Pago com atraso da parcela n° 5 do atendimento 10144,E,56
1803,01-Oct-18,R$ 340.00,Pago com sucesso em dinheiro. Atendimento N° 10589,E,56
1804,02-Oct-18,R$ 200.00,Pago com sucesso em dinheiro. Atendimento N° 10590,E,56
1805,09-Oct-18,R$ 200.00,Pago com sucesso no cartão de débito. Atendimento N° 10593,E,56
1806,26-Sep-18,R$ 100.00,Pagamento de entrada. Atendimento N° 10583,E,55
1807,01-Oct-18,R$ 160.00,Pagamento de entrada. Atendimento N° 10588,E,56
1808,08-Oct-18,R$ 140.00,Pagamento de entrada. Atendimento N° 10592,E,56
1809,15-Oct-18,R$ 155.00,Pagamento de entrada. Atendimento N° 10595,E,56
1810,16-Oct-18,R$ 300.00,Pago com sucesso em dinheiro. Atendimento N° 10596,E,56
1811,17-Oct-18,R$ 0.01,Pago com sucesso em dinheiro. Atendimento N° 10597,E,56
1812,16-Oct-18,R$ 600.00,Pago com sucesso no catão de crédito em 6 parcelas. Atendimento N° 10598,E,56
1813,01-Oct-18,R$ 200.00,Pago com atraso da parcela n° 1 do atendimento 10516,E,56
1814,01-Oct-18,R$ 200.00,Pago com atraso da parcela n° 2 do atendimento 10516,E,56
1815,01-Oct-18,R$ 140.00,Pago com atraso da parcela n° 2 do atendimento 10478,E,56
1816,01-Oct-18,R$ 175.00,Pago com atraso da parcela n° 3 do atendimento 10430,E,56
1817,02-Oct-18,R$ 135.00,Pago com atraso da parcela n° 3 do atendimento 10496,E,56
1818,02-Oct-18,R$ 170.00,Pago com atraso da parcela n° 1 do atendimento 10570,E,56
1819,02-Oct-18,R$ 200.00,Pago com sucesso da parcela n° 5 do atendimento 10525,E,56
1820,01-Oct-18,R$ 110.00,Pago com sucesso da parcela n° 3 do atendimento 10515,E,56
1821,04-Oct-18,R$ 150.00,Pago com sucesso da parcela n° 2 do atendimento 10559,E,56
1822,05-Oct-18,R$ 100.00,Pago com sucesso da parcela n° 2 do atendimento 10546,E,56
1823,05-Oct-18,R$ 100.00,Pago com sucesso da parcela n° 3 do atendimento 10524,E,56
1824,04-Oct-18,R$ 130.00,Pago com atraso da parcela n° 5 do atendimento 10353,E,56
1825,06-Oct-18,R$ 200.00,Pago com atraso da parcela n° 5 do atendimento 10456,E,56
1826,09-Oct-18,R$ 175.00,Pago com atraso da parcela n° 4 do atendimento 10430,E,56
1827,11-Oct-18,R$ 258.00,Pago com atraso da parcela n° 6 do atendimento 10449,E,56
1828,11-Oct-18,R$ 200.00,Pago com atraso da parcela n° 3 do atendimento 10452,E,56
1829,15-Oct-18,R$ 235.00,Pago com atraso da parcela n° 3 do atendimento 10504,E,56
1830,15-Oct-18,R$ 100.00,Pago com atraso da parcela n° 5 do atendimento 10281,E,56
1831,18-Oct-18,R$ 200.00,Pago com atraso da parcela n° 2 do atendimento 10542,E,56
1832,19-Oct-18,R$ 150.00,Pago com atraso da parcela n° 1 do atendimento 10572,E,56
1833,22-Oct-18,R$ 418.20,BOLETO ZHC BRASIL (ARMAÇÕES GIRO),S,56
1834,22-Oct-18,R$ 8.50,BOLETO HOYA,S,56
1835,22-Oct-18,R$ 525.28,BOLETO HOYA,S,56
1836,22-Oct-18,R$ 462.40,BOLETO IMPOSTO SIMPLES NACIONAL,S,56
1837,22-Oct-18,R$ 16.89,BOLETO IMPOSTO ICMS (DARE),S,56
1838,23-Oct-18,R$ 400.00,BOLETO CONTADOR,S,56
1839,25-Oct-18,R$ 120.00,Pago com sucesso da parcela n° 2 do atendimento 10566,E,56
1840,24-Oct-18,R$ 130.00,Pago com sucesso da parcela n° 5 do atendimento 10486,E,56
1841,24-Oct-18,R$ 120.00,Pago com atraso da parcela n° 2 do atendimento 10564,E,56
1842,23-Oct-18,R$ 150.00,Pago com atraso da parcela n° 3 do atendimento 10531,E,56
1843,23-Oct-18,R$ 200.00,Pago com sucesso da parcela n° 2 do atendimento 10568,E,56
1844,23-Oct-18,R$ 140.00,Pago com atraso da parcela n° 2 do atendimento 10423,E,56
1845,25-Oct-18,R$ 830.67,BOLETO FINANCIAMENTO BNB,S,56
1846,18-Oct-18,R$ 420.00,Pago com sucesso no catão de crédito em 4 parcelas. Atendimento N° 10601,E,56
1847,29-Oct-18,R$ 142.00,BOLETO UNILAB,S,56
1848,29-Oct-18,R$ 34.00,BOLETO HOYA,S,56
1849,29-Oct-18,R$ 35.68,BOLETO ELO INTERNET,S,56
1850,17-Oct-18,R$ 270.00,Pagamento de entrada. Atendimento N° 10600,E,56
1851,30-Oct-18,R$ 100.00,Pago com atraso da parcela n° 5 do atendimento 10408,E,56
1852,18-Oct-18,R$ 150.00,Pago com atraso da parcela n° 3 do atendimento 10511,E,56
1853,23-Oct-18,R$ 230.00,Pago com atraso da parcela n° 4 do atendimento 10482,E,56
1854,23-Oct-18,R$ 200.00,Pago com atraso da parcela n° 5 do atendimento 10462,E,56
1855,29-Oct-18,R$ 140.00,Pago com atraso da parcela n° 3 do atendimento 10026,E,56
1856,29-Oct-18,R$ 140.00,Pago com atraso da parcela n° 4 do atendimento 10026,E,56
1857,29-Oct-18,R$ 140.00,Pago com atraso da parcela n° 5 do atendimento 10026,E,56
1858,03-Nov-18,R$ 170.00,Pago com atraso da parcela n° 2 do atendimento 10570,E,57
1859,01-Nov-18,R$ 130.00,Pago com atraso da parcela n° 4 do atendimento 10463,E,57
1860,01-Nov-18,R$ 175.00,Pago com atraso da parcela n° 1 do atendimento 10577,E,57
1861,15-Aug-18,R$ 100.00,Pago com sucesso da parcela n° 2 do atendimento 10491,E,54
1862,17-Sep-18,R$ 100.00,Pago com atraso da parcela n° 3 do atendimento 10491,E,55
1863,15-Oct-18,R$ 100.00,Pago com sucesso da parcela n° 4 do atendimento 10491,E,56
1864,01-Nov-18,R$ 100.00,Pago com sucesso da parcela n° 5 do atendimento 10491,E,57
1865,01-Nov-18,R$ 240.00,Pago com atraso da parcela n° 1 do atendimento 10549,E,57
1866,01-Nov-18,R$ 215.00,Pago com atraso da parcela n° 4 do atendimento 10450,E,57
1867,01-Nov-18,R$ 412.28,BOLETO  DETROIT RECEITUA E SOLAR,S,57
1868,31-Oct-18,R$ 402.75,"LABORATORIOS DIVERSOS (LABO OPTICA, SANTOS, CENTRAL E MONTAGEM)",S,56
1869,05-Nov-18,R$ 50.00,BOLETO SICOOB (NF ELETRONICA),S,57
1870,05-Nov-18,R$ 50.00,BOLETO RONDA NOTURNA,S,57
1871,05-Nov-18,R$ 153.02,BOLETO HOYA,S,57
1872,05-Nov-18,R$ 182.42,BOLETO CEMAR,S,57
1873,05-Nov-18,R$ 28.00,BOLETO HOYA,S,57
1874,06-Nov-18,R$ 130.00,Pago com atraso da parcela n° 6 do atendimento 10353,E,57
1875,07-Nov-18,R$ 150.00,Pago com sucesso da parcela n° 2 do atendimento 10572,E,57
1876,07-Nov-18,R$ 150.00,Pago com atraso da parcela n° 5 do atendimento 10493,E,57
1877,05-Nov-18,R$ 100.00,Pago com atraso da parcela n° 7 do atendimento 10376,E,57
1878,05-Nov-18,R$ 70.00,Pago com atraso da parcela n° 1 do atendimento 10375,E,57
1879,05-Nov-18,R$ 100.00,Pago com sucesso da parcela n° 3 do atendimento 10546,E,57
1880,05-Nov-18,R$ 150.00,Pago com sucesso da parcela n° 3 do atendimento 10559,E,57
1881,25-Oct-18,R$ 650.00,Pago com sucesso no catão de crédito em 3 parcelas. Atendimento N° 10602,E,56
1882,07-Nov-18,R$ 101.00,BOLETO LABOOPTICA,S,57
1883,07-Nov-18,"R$ 1,400.00",BOLETO ALUGUEL,S,57
1884,30-Jul-18,R$ 440.00,Pago com sucesso no catão de crédito em 3 parcelas. Atendimento N° 10534,E,53
1885,12-Nov-18,R$ 153.49,BOLETO NET,S,57
1886,12-Nov-18,R$ 372.00,BOLETO HOYA,S,57
1887,12-Nov-18,R$ 16.00,BOLETO HOYA,S,57
1888,15-Nov-18,R$ 341.31,BOLETO NEW MAX (MAXLINE),S,57
1889,15-Nov-18,R$ 71.00,BOLETO CDL,S,57
1890,09-Nov-18,R$ 225.00,Pago com atraso da parcela n° 3 do atendimento 10358,E,57
1891,07-Nov-18,R$ 164.00,Pago com sucesso da parcela n° 1 do atendimento 10594,E,57
1892,08-Nov-18,R$ 135.00,Pago com atraso da parcela n° 1 do atendimento 10163,E,57
1893,09-Nov-18,R$ 110.00,Pago com atraso da parcela n° 4 do atendimento 10515,E,57
1894,10-Nov-18,R$ 200.00,Pago com atraso da parcela n° 1 do atendimento 10581,E,57
1895,12-Nov-18,R$ 100.00,Pago com atraso da parcela n° 1 do atendimento 10591,E,57
1896,12-Nov-18,R$ 200.00,Pago com atraso da parcela n° 6 do atendimento 10462,E,57
1897,17-Nov-18,R$ 200.00,Pago com atraso da parcela n° 4 do atendimento 10497,E,57
1898,14-Nov-18,R$ 160.00,Pago com atraso da parcela n° 1 do atendimento 10588,E,57
1899,20-Nov-18,R$ 235.00,Pago com atraso da parcela n° 4 do atendimento 10504,E,57
1900,21-Nov-18,R$ 150.00,Pago com atraso da parcela n° 5 do atendimento 10446,E,57
1901,21-Nov-18,R$ 150.00,Pago com atraso da parcela n° 4 do atendimento 10531,E,57
1902,21-Nov-18,R$ 200.00,Pago com sucesso da parcela n° 3 do atendimento 10568,E,57
1903,22-Nov-18,R$ 192.00,Pago com atraso da parcela n° 1 do atendimento 10599,E,57
1904,22-Nov-18,R$ 230.00,Pago com atraso da parcela n° 5 do atendimento 10482,E,57
1905,22-Aug-18,R$ 245.00,Pago com atraso da parcela n° 2 do atendimento 10441,E,54
1906,25-Oct-18,R$ 245.00,Pago com atraso da parcela n° 3 do atendimento 10441,E,56
1907,22-Nov-18,R$ 245.00,Pago com atraso da parcela n° 4 do atendimento 10441,E,57
1908,21-Nov-18,R$ 430.00,Pago com atraso da parcela n° 6 do atendimento 10249,E,57
1909,21-Nov-18,R$ 190.00,Pago com atraso da parcela n° 1 do atendimento 10439,E,57
1910,23-Nov-18,R$ 200.00,Pago com atraso da parcela n° 3 do atendimento 10542,E,57
1911,26-Nov-18,R$ 120.00,Pago com sucesso da parcela n° 3 do atendimento 10566,E,57
1912,26-Nov-18,R$ 100.00,Pago com atraso da parcela n° 2 do atendimento 10522,E,57
1913,20-Nov-18,R$ 120.57,BOLETO SIMPLES NACIONAL,S,57
1914,13-Nov-18,R$ 19.77,BOLETO DARE (ICMS),S,57
1915,21-Nov-18,R$ 400.00,BOLETO PAGAMENTO CONTADOR,S,57
1916,21-Nov-18,R$ 418.20,BOLETO ARMAÇÕES GIRO,S,57
1917,23-Nov-18,R$ 250.00,BOLETO PARCELA CALENDARIO,S,57
1918,23-Dec-18,R$ 250.00,BOLETO 2ª PARCELA CALENDARIO (CHEQUE),S,26
1919,26-Nov-18,R$ 831.92,BOLETO FINANCIAMENTO BNB,S,57
1920,26-Nov-18,R$ 26.00,BOLETO HOYA,S,57
1921,27-Nov-18,R$ 406.86,BOLETO HOYA,S,57
1922,08-Aug-18,R$ 180.00,Pagamento de entrada. Atendimento N° 10603,E,54
1923,27-Nov-18,R$ 160.00,Pago com atraso da parcela n° 1 do atendimento 10603,E,57
1924,28-Nov-18,R$ 257.00,BOLETO UNILAB,S,57
1925,19-Nov-18,R$ 230.00,Pago com sucesso da parcela n° 1 do atendimento 10604,E,57
1926,05-Nov-18,R$ 750.00,Pago com sucesso no catão de crédito em 5 parcelas. Atendimento N° 10605,E,57
1927,14-Nov-18,R$ 300.00,Pago com sucesso no catão de crédito em 2 parcelas. Atendimento N° 10607,E,57
1928,16-Nov-18,R$ 280.00,Pago com sucesso no cartão de débito. Atendimento N° 10609,E,57
1929,16-Nov-18,R$ 250.00,Pago com sucesso em dinheiro. Atendimento N° 10610,E,57
1930,03-Dec-18,R$ 412.28,BOLETO HOYA,S,26
1931,03-Dec-18,R$ 12.00,BOLETO HOYA,S,26
1932,04-Dec-18,R$ 50.00,BOLETO SICOOB (NF ELETRONICA),S,26
1933,11-Dec-18,"R$ 1,400.00",BOLETO ALUGUEL,S,26
1934,03-Dec-18,R$ 140.00,Pago com atraso da parcela n° 3 do atendimento 10423,E,26
1935,19-Nov-18,R$ 100.00,Pago com atraso da parcela n° 2 do atendimento 10587,E,57
1936,24-Oct-18,R$ 100.00,Pago com atraso da parcela n° 2 do atendimento 10535,E,56
1937,03-Dec-18,R$ 100.00,Pago com atraso da parcela n° 3 do atendimento 10387,E,26
1938,03-Dec-18,R$ 100.00,Pago com atraso da parcela n° 4 do atendimento 10387,E,26
1939,21-Nov-18,R$ 50.00,Pago com sucesso da parcela n° 1 do atendimento 10583,E,57
1940,04-Dec-18,R$ 156.66,BOLETO CEMAR,S,26
1941,04-Dec-18,R$ 100.00,Pago com sucesso da parcela n° 6 do atendimento 10491,E,26
1942,04-Dec-18,R$ 150.00,Pago com atraso da parcela n° 4 do atendimento 10511,E,26
1943,30-Nov-18,R$ 473.50,"LABORATORIOS DIVERSOS (LABO OPTICA, CENTAL, SANTOS E MONTAGENS)",S,57
1944,06-Dec-18,R$ 150.00,Pago com atraso da parcela n° 4 do atendimento 10559,E,26
1945,06-Dec-18,R$ 330.00,Pago com atraso da parcela n° 1 do atendimento 10571,E,26
1946,05-Dec-18,R$ 185.00,Pago com atraso da parcela n° 3 do atendimento 10466,E,26
1947,06-Dec-18,R$ 50.00,BOLETO RONDA NOTURNA,S,26
1948,06-Dec-18,R$ 164.00,Pago com sucesso da parcela n° 2 do atendimento 10594,E,26
1949,06-Dec-18,R$ 200.00,Pago com atraso da parcela n° 7 do atendimento 10462,E,26
1950,26-Nov-18,R$ 600.00,Pago com sucesso em dinheiro. Atendimento N° 10615,E,57
1951,28-Nov-18,"R$ 1,100.00",Pago com sucesso no catão de crédito em 3 parcelas. Atendimento N° 10618,E,57
1952,07-Dec-18,R$ 150.00,Pago com atraso da parcela n° 4 do atendimento 10501,E,26
1953,07-Dec-18,R$ 101.00,BOLETO LABO OPTICA,S,26
1954,10-Dec-18,R$ 491.26,BOLETO HOYA,S,26
1955,10-Dec-18,R$ 166.42,BOLETO NET,S,26
1956,10-Dec-18,R$ 230.00,Pago com sucesso da parcela n° 1 do atendimento 10616,E,26
1957,10-Dec-18,R$ 100.00,Pago com sucesso da parcela n° 2 do atendimento 10591,E,26
1958,12-Nov-18,R$ 200.00,Pago com atraso da parcela n° 6 do atendimento 10456,E,57
1959,10-Dec-18,R$ 200.00,Pago com atraso da parcela n° 2 do atendimento 10581,E,26
1960,11-Dec-18,R$ 160.00,Pago com atraso da parcela n° 2 do atendimento 10588,E,26
1961,12-Dec-18,R$ 160.00,Pago com atraso da parcela n° 2 do atendimento 10603,E,26
1962,14-Nov-18,R$ 600.00,Pago com sucesso em dinheiro. Atendimento N° 10608,E,57
1963,11-Dec-18,R$ 140.00,Pago com atraso da parcela n° 3 do atendimento 10478,E,26
1964,11-Dec-18,R$ 140.00,Pago com atraso da parcela n° 4 do atendimento 10478,E,26
1965,10-Dec-18,R$ 155.00,Pago com sucesso da parcela n° 1 do atendimento 10595,E,26
1966,11-Dec-18,R$ 240.00,Pago com atraso da parcela n° 1 do atendimento 10579,E,26
1967,01-Dec-18,R$ 220.00,Pago com sucesso em dinheiro. Atendimento N° 10619,E,26
1968,05-Dec-18,R$ 150.00,Pago com sucesso em dinheiro. Atendimento N° 10622,E,26
1969,05-Dec-18,"R$ 2,140.00",Pago com sucesso no catão de crédito em 8 parcelas. Atendimento N° 10623,E,26
1970,12-Dec-18,R$ 100.00,Pagamento de entrada. Atendimento N° 10625,E,26
1971,17-Dec-18,R$ 71.00,BOLETO CDL,S,26
1972,17-Dec-18,R$ 341.00,BOLETO NEWMAX (ARMAÇÕES MAXLINE),S,26
1973,17-Dec-18,R$ 36.00,BOLETO HOYA,S,26
1974,14-Dec-18,R$ 215.00,Pago com atraso da parcela n° 4 do atendimento 10165,E,26
1975,14-Dec-18,R$ 150.00,Pago com atraso da parcela n° 3 do atendimento 10572,E,26
1976,14-Dec-18,R$ 150.00,Pago com atraso da parcela n° 6 do atendimento 10493,E,26
1977,14-Dec-18,R$ 70.00,Pago com atraso da parcela n° 2 do atendimento 10375,E,26
1978,14-Dec-18,R$ 70.00,Pago com atraso da parcela n° 3 do atendimento 10375,E,26
1979,14-Dec-18,R$ 70.00,Pago com atraso da parcela n° 4 do atendimento 10375,E,26
1980,13-Dec-18,R$ 400.00,Pagamento de entrada. Atendimento N° 10626,E,26
1981,20-Dec-18,R$ 140.00,Pago com atraso da parcela n° 1 do atendimento 10118,E,26
1982,20-Dec-18,R$ 140.00,Pago com atraso da parcela n° 2 do atendimento 10118,E,26
1983,20-Dec-18,R$ 8.43,BOLETO DARE (ICMS),S,26
1984,20-Dec-18,R$ 146.79,BOLETO SIMPLES,S,26
1985,26-Dec-18,R$ 822.49,BOLETO FINANC. BNB,S,26
1986,14-Dec-18,R$ 550.00,Pago com sucesso no catão de crédito em 5 parcelas. Atendimento N° 10627,E,26
1987,15-Dec-18,R$ 220.00,Pago com sucesso no cartão de débito. Atendimento N° 10628,E,26
1988,18-Dec-18,R$ 140.00,Pagamento de entrada. Atendimento N° 10629,E,26
1989,21-Dec-18,R$ 192.00,Pago com atraso da parcela n° 2 do atendimento 10599,E,26
1990,20-Dec-18,R$ 200.00,Pago com sucesso da parcela n° 1 do atendimento 10624,E,26
1991,19-Dec-18,R$ 200.00,Pago com atraso da parcela n° 4 do atendimento 10542,E,26
1992,21-Dec-18,R$ 400.00,BOLETO CONTADOR,S,26
1993,21-Dec-18,R$ 418.20,BOLETO ARMAÇOES GIRO,S,26
1994,21-Dec-18,R$ 380.00,Pago com atraso da parcela n° 1 do atendimento 10555,E,26
1995,22-Dec-18,R$ 270.00,Pago com atraso da parcela n° 1 do atendimento 10600,E,26
1996,28-Dec-18,R$ 124.00,BOLETO UNILAB,S,26
1997,19-Dec-18,R$ 235.00,Pago com atraso da parcela n° 5 do atendimento 10504,E,26
1998,21-Dec-18,R$ 160.00,Pago com atraso da parcela n° 3 do atendimento 10530,E,26
1999,21-Dec-18,R$ 200.00,Pago com sucesso da parcela n° 4 do atendimento 10568,E,26
2000,21-Dec-18,R$ 150.00,Pago com atraso da parcela n° 5 do atendimento 10531,E,26
2001,24-Dec-18,R$ 120.00,Pago com sucesso da parcela n° 4 do atendimento 10566,E,26
2002,27-Dec-18,R$ 200.00,Pago com atraso da parcela n° 5 do atendimento 10497,E,26
2003,28-Dec-18,R$ 140.00,Pago com atraso da parcela n° 4 do atendimento 10423,E,26
2004,27-Dec-18,R$ 500.00,Pago com sucesso em dinheiro. Atendimento N° 10631,E,26
2005,29-Dec-18,R$ 800.00,Pago com sucesso no catão de crédito em 3 parcelas. Atendimento N° 10633,E,26
2006,03-Dec-18,R$ 300.00,Pago com sucesso em dinheiro. Atendimento N° 10621,E,26
2007,28-Dec-18,R$ 280.00,Pago com sucesso em dinheiro. Atendimento N° 10632,E,26
2008,29-Dec-18,R$ 100.00,Pago com atraso da parcela n° 1 do atendimento 10606,E,26
2009,02-Jan-19,R$ 170.00,Pago com atraso da parcela n° 3 do atendimento 10570,E,58
2010,31-Dec-18,R$ 412.28,BOLETO DETROIT (ARMAÇOES),S,26
2011,31-Dec-18,R$ 552.76,BOLETO HOYA,S,26
2012,31-Dec-18,R$ 30.00,BOLETO HOYA,S,26
2013,31-Dec-18,R$ 138.00,"DESPESAS LABORATORIO DIVERSAS (SANTOS, LABO OPTICA, CENTRA, ...)",S,26
2014,04-Jan-19,R$ 50.00,BOLETO SICOOB (NOTA FISCAL ELETRONICA),S,58
2015,05-Jan-19,R$ 50.00,BOLETO RONDA NOTURNA,S,58
2016,07-Jan-19,R$ 116.20,BOLETO CEMAR,S,58
2017,07-Jan-19,R$ 201.76,BOLETO HOYA,S,58
2018,07-Jan-19,R$ 101.00,BOLETO LABO OPTICA,S,58
2019,07-Jan-19,R$ 257.00,BOLETO UNILAB,S,58
2020,04-Jan-19,R$ 100.00,Pagamento de entrada. Atendimento N° 10634,E,58
2021,10-Jan-19,R$ 163.14,BOLETO NET,S,58
2022,10-Jan-19,"R$ 1,400.00",BOLETO ALUGUEL LOJA,S,58
2023,12-Jan-19,R$ 309.42,BOLETO ARMAÇAO (SPELL BOUND),S,58
2024,14-Jan-19,R$ 341.00,BOLETO ARMAÇOES (MAXILINE),S,58
2025,14-Jan-19,R$ 140.00,Pago com atraso da parcela n° 1 do atendimento 10629,E,58
2026,14-Jan-19,R$ 230.00,Pago com sucesso da parcela n° 2 do atendimento 10616,E,58
2027,10-Jan-19,R$ 185.00,Pago com atraso da parcela n° 4 do atendimento 10214,E,58
2028,09-Jan-19,R$ 135.00,Pago com atraso da parcela n° 1 do atendimento 10625,E,58
2029,09-Jan-19,R$ 150.00,Pago com atraso da parcela n° 5 do atendimento 10511,E,58
2030,07-Jan-19,R$ 130.00,Pago com atraso da parcela n° 1 do atendimento 10412,E,58
2031,07-Jan-19,R$ 150.00,Pago com atraso da parcela n° 5 do atendimento 10559,E,58
2032,05-Jan-19,R$ 200.00,Pago com atraso da parcela n° 4 do atendimento 10452,E,58
2033,04-Jan-19,R$ 130.00,Pago com atraso da parcela n° 5 do atendimento 10463,E,58
2034,16-Jan-19,R$ 100.00,Pago com atraso da parcela n° 3 do atendimento 10591,E,58
2035,15-Jan-19,R$ 71.00,BOLETO CDL,S,58
2036,16-Jan-19,R$ 12.00,BOLETO HOYA,S,58
2037,05-Jan-19,R$ 650.00,Pago com sucesso no cartão de débito. Atendimento N° 10636,E,58
2038,21-Jan-19,R$ 418.20,BOLETO ZHC BRASIL (ARMAÇÕES GIRO),S,58
2039,21-Jan-19,R$ 12.00,BOLETO HOYA,S,58
2040,21-Jan-19,R$ 192.40,BOLETO IMPOSTO SIMPLES,S,58
2041,21-Jan-19,R$ 6.12,BOLETO ICMS (DARE),S,58
2042,22-Jan-19,R$ 192.00,Pago com atraso da parcela n° 3 do atendimento 10599,E,58
2043,22-Jan-19,R$ 150.00,Pago com atraso da parcela n° 4 do atendimento 10572,E,58
2044,14-Jan-19,R$ 200.00,Pago com atraso da parcela n° 3 do atendimento 10581,E,58
2045,14-Jan-19,R$ 200.00,Pago com atraso da parcela n° 3 do atendimento 10516,E,58
2046,04-Jan-19,R$ 175.00,Pago com atraso da parcela n° 2 do atendimento 10577,E,58
2047,04-Jan-19,R$ 175.00,Pago com atraso da parcela n° 3 do atendimento 10577,E,58
2048,04-Jan-19,R$ 100.00,Pago com sucesso da parcela n° 1 do atendimento 10626,E,58
2049,21-Jan-19,R$ 230.00,Pago com atraso da parcela n° 2 do atendimento 10604,E,58
2050,21-Jan-19,R$ 100.00,Pago com atraso da parcela n° 3 do atendimento 10535,E,58
2051,08-Jan-19,R$ 155.00,Pago com sucesso da parcela n° 2 do atendimento 10595,E,58
2052,22-Jan-19,R$ 200.00,Pago com sucesso da parcela n° 2 do atendimento 10624,E,58
2053,06-Dec-18,R$ 140.00,Pago com atraso da parcela n° 1 do atendimento 10592,E,0
2054,03-Jan-19,R$ 140.00,Pago com atraso da parcela n° 2 do atendimento 10592,E,58
2055,15-Jan-19,R$ 235.00,Pago com atraso da parcela n° 6 do atendimento 10504,E,58
2056,23-Jan-19,R$ 351.30,BOLETO OPTIPAR (ARMAÇÕES KEEPER),S,58
2057,23-Jan-19,R$ 202.84,BOLETO HOYA,S,58
2058,23-Jan-19,R$ 400.00,BOLETO CONTADOR,S,58
2059,07-Jan-19,R$ 900.00,Pago com sucesso no catão de crédito em 6 parcelas. Atendimento N° 10637,E,58
2060,08-Jan-19,R$ 380.00,Pago com sucesso em dinheiro. Atendimento N° 10638,E,58
2061,08-Jan-19,R$ 350.00,Pago com sucesso no catão de crédito em 5 parcelas. Atendimento N° 10639,E,58
2062,09-Jan-19,R$ 200.00,Pagamento de entrada. Atendimento N° 10641,E,58
2063,09-Jan-19,R$ 600.00,Pago com sucesso em dinheiro. Atendimento N° 10642,E,58
2064,11-Jan-19,R$ 420.00,Pago com sucesso no catão de crédito em 1 parcelas. Atendimento N° 10643,E,58
2065,15-Jan-19,R$ 650.00,Pago com sucesso no catão de crédito em 6 parcelas. Atendimento N° 10644,E,58
2066,28-Jan-19,R$ 125.34,BOLETO LABO OPTICA,S,58
2067,17-Jan-19,R$ 850.00,Pago com sucesso no cartão de débito. Atendimento N° 10647,E,58
2068,17-Jan-19,R$ 300.00,Pago com sucesso em dinheiro. Atendimento N° 10648,E,58
2069,31-Jan-19,R$ 415.01,ALVARÁ 2018,S,58
2070,18-Jan-19,R$ 350.00,Pago com sucesso em dinheiro. Atendimento N° 10650,E,58
2071,04-Feb-19,R$ 50.00,BOLETO SICOOB (NOTA FISCAL ELETRONICA),S,59
2072,04-Feb-19,R$ 126.76,BOLETO HOYA,S,59
2073,04-Feb-19,R$ 24.00,BOLETO HOYA,S,59
2074,04-Feb-19,R$ 135.10,BOLETO CEMAR,S,59
2075,05-Feb-19,R$ 50.00,BOLETO HONDA NOTURNA,S,59
2076,28-Jan-19,R$ 130.00,Pagamento de entrada. Atendimento N° 10655,E,58
2077,11-Feb-19,"R$ 1,400.00",BOLETO ALUGUEL LOJA,S,59
2078,11-Feb-19,R$ 12.00,BOLETO HOYA,S,59
2079,11-Feb-19,R$ 309.39,BOLETO JAGUAR PROD. OTICOS (SPELL BOUND),S,59
2080,11-Feb-19,R$ 137.92,BOLETO NET,S,59
2081,12-Feb-19,R$ 766.32,BOLETO HOYA,S,59
2082,31-Jan-19,"R$ 1,013.50","DIVERSOS (SANTOS, CENTRAL, LABO OPTICA, CLINICA DOS OCULOS, PINTURA LOJA)",S,58
2083,04-Feb-19,R$ 200.00,Pago com atraso da parcela n° 1 do atendimento 10614,E,59
2084,04-Feb-19,R$ 200.00,Pago com sucesso da parcela n° 2 do atendimento 10614,E,59
2085,07-Feb-19,R$ 215.00,Pago com atraso da parcela n° 5 do atendimento 10450,E,59
2086,07-Feb-19,R$ 215.00,Pago com atraso da parcela n° 6 do atendimento 10450,E,59
2087,19-Jan-19,R$ 250.00,Pago com sucesso no cartão de débito. Atendimento N° 10652,E,58
2088,21-Jan-19,R$ 250.00,Pago com sucesso no catão de crédito em 3 parcelas. Atendimento N° 10653,E,58
2090,30-Jan-19,R$ 200.00,Pago com sucesso em dinheiro. Atendimento N° 10657,E,58
2091,31-Jan-19,"R$ 1,000.00",Pago com sucesso no cartão de débito. Atendimento N° 10658,E,58
2092,04-Jan-19,R$ 110.00,Pagamento de entrada. Atendimento N° 10635,E,58
2093,07-Feb-19,R$ 110.00,Pagamento de entrada. Atendimento N° 10667,E,59
2094,13-Feb-19,R$ 126.00,BOLETO MAXLINE,S,59
2095,15-Feb-19,R$ 71.00,BOLETO CDL (SICOOB),S,59
2096,04-Feb-19,R$ 100.00,Pagamento de entrada. Atendimento N° 10659,E,59
2097,04-Feb-19,R$ 150.00,Pagamento de entrada. Atendimento N° 10660,E,59
2098,18-Feb-19,R$ 90.94,BOLETO HOYA,S,59
2099,20-Feb-19,R$ 6.95,BOLETO ICMS (DARE),S,59
2100,20-Feb-19,R$ 217.20,BOLETO IMPOSTO SIMPLES,S,59
2101,25-Jan-19,R$ 100.00,Pago com atraso da parcela n° 2 do atendimento 10606,E,58
2102,25-Jan-19,R$ 120.00,Pago com sucesso da parcela n° 5 do atendimento 10566,E,58
2103,29-Jan-19,R$ 120.00,Pago com sucesso da parcela n° 1 do atendimento 10634,E,58
2104,26-Jan-19,R$ 200.00,Pago com sucesso da parcela n° 5 do atendimento 10568,E,58
2105,26-Jan-19,R$ 150.00,Pago com atraso da parcela n° 6 do atendimento 10531,E,58
2106,24-Jan-19,R$ 168.00,Pago com atraso da parcela n° 1 do atendimento 10612,E,58
2107,18-Feb-19,R$ 235.00,Pago com atraso da parcela n° 7 do atendimento 10504,E,59
2108,05-Feb-19,R$ 265.00,Pago com sucesso da parcela n° 1 do atendimento 10646,E,59
2109,05-Feb-19,R$ 160.00,Pago com atraso da parcela n° 3 do atendimento 10588,E,59
2110,05-Feb-19,R$ 160.00,Pago com sucesso da parcela n° 4 do atendimento 10588,E,59
2111,11-Feb-19,R$ 100.00,Pago com atraso da parcela n° 2 do atendimento 10626,E,59
2112,11-Feb-19,R$ 230.00,Pago com sucesso da parcela n° 3 do atendimento 10616,E,59
2113,11-Feb-19,R$ 110.00,Pago com atraso da parcela n° 1 do atendimento 10649,E,59
2114,11-Feb-19,R$ 155.00,Pago com atraso da parcela n° 3 do atendimento 10595,E,59
2115,12-Feb-19,R$ 100.00,Pago com atraso da parcela n° 3 do atendimento 10606,E,59
2116,15-Feb-19,R$ 140.00,Pago com atraso da parcela n° 2 do atendimento 10629,E,59
2117,29-Jan-19,"R$ 1,300.00",Pago com sucesso no catão de crédito em 6 parcelas. Atendimento N° 10673,E,58
2118,21-Feb-19,R$ 400.00,BOLETO CONTADOR,S,59
2119,21-Feb-19,R$ 471.50,BOLETO SACOLAS (SR. NEVES),S,59
2120,04-Feb-19,R$ 600.00,Pago com sucesso no catão de crédito em 4 parcelas. Atendimento N° 10661,E,59
2121,05-Feb-19,R$ 840.00,Pago com sucesso no catão de crédito em 4 parcelas. Atendimento N° 10663,E,59
2122,06-Feb-19,R$ 400.00,Pago com sucesso no catão de crédito em 3 parcelas. Atendimento N° 10664,E,59
2123,06-Feb-19,R$ 800.00,Pago com sucesso no catão de crédito em 6 parcelas. Atendimento N° 10665,E,59
2124,07-Feb-19,R$ 200.00,Pago com sucesso no catão de crédito em 2 parcelas. Atendimento N° 10666,E,59
2125,08-Feb-19,R$ 100.00,Pagamento de entrada. Atendimento N° 10668,E,59
2126,09-Feb-19,R$ 200.00,Pago com sucesso em dinheiro. Atendimento N° 10669,E,59
2127,07-Feb-19,R$ 170.00,Pago com sucesso em dinheiro. Atendimento N° 10674,E,59
2128,16-Feb-19,R$ 570.00,Pago com sucesso em dinheiro. Atendimento N° 10677,E,59
2129,19-Feb-19,R$ 600.00,Pago com sucesso no catão de crédito em 6 parcelas. Atendimento N° 10680,E,59
2130,22-Feb-19,"R$ 1,000.00",Pago com sucesso no catão de crédito em 6 parcelas. Atendimento N° 10682,E,59
2131,23-Feb-19,R$ 351.30,BOLETO ARMAÇOES KEEPER,S,59
2132,25-Feb-19,R$ 12.00,BOLETO HOYA,S,59
2133,25-Feb-19,R$ 420.76,BOLETO HOYA,S,59
2134,25-Feb-19,R$ 420.76,BOLETO HOYA,S,59
2135,25-Feb-19,R$ 125.33,BOLETO LABO OPTICA,S,59
2136,25-Feb-19,R$ 819.24,BOLETO FINANC. BNB,S,59
2137,04-Mar-19,R$ 525.78,BOLETO HOYA,S,60
2138,04-Mar-19,R$ 36.00,BOLETO HOYA,S,60
2139,04-Mar-19,R$ 50.00,BOLETO SICOOB (NF ELETRONICA),S,60
2140,05-Mar-19,R$ 50.00,BOLETO RONDA NOTURNA,S,60
2141,11-Mar-19,R$ 71.00,BOLETO CDL,S,60
2142,11-Mar-19,R$ 136.74,BOLETO NET,S,60
2143,11-Mar-19,R$ 26.00,BOLETO HOYA,S,60
2144,21-Feb-19,R$ 192.00,Pago com atraso da parcela n° 4 do atendimento 10599,E,59
2145,12-Mar-19,"R$ 1,400.00",BOLETO ALUGUEL DA LOJA,S,60
2146,12-Mar-19,R$ 142.01,BOLETO CEMAR,S,60
2147,13-Mar-19,R$ 490.12,BOLETO HOYA,S,60
2148,13-Mar-19,R$ 309.39,BOLETO JAGUAR (ARMAÇÕES SPELL BOUND),S,60
2149,18-Mar-19,R$ 48.00,BOLETO HOYA,S,60
2150,18-Mar-19,R$ 124.00,BOLETO UNILAB,S,60
2151,18-Mar-19,"R$ 1,095.04",BOLETO HOYA,S,60
2152,20-Mar-19,R$ 27.34,BOLETO ICMS (DARE),S,60
2153,20-Mar-19,R$ 357.60,BOLETO IMPOSTO SIMPLES,S,60
2154,07-Mar-19,R$ 140.00,Pago com atraso da parcela n° 5 do atendimento 10423,E,60
2155,15-Mar-19,R$ 230.00,Pago com sucesso da parcela n° 4 do atendimento 10616,E,60
2156,15-Mar-19,R$ 230.00,Pago com sucesso da parcela n° 5 do atendimento 10616,E,60
2157,19-Mar-19,R$ 140.00,Pago com atraso da parcela n° 3 do atendimento 10629,E,60
2158,18-Mar-19,R$ 120.00,Pago com atraso da parcela n° 1 do atendimento 10645,E,60
2159,14-Mar-19,R$ 185.00,Pago com atraso da parcela n° 1 do atendimento 10662,E,60
2160,14-Mar-19,R$ 185.00,Pago com sucesso da parcela n° 2 do atendimento 10662,E,60
2161,14-Mar-19,R$ 20.00,Pago com atraso da parcela n° 1 do atendimento 10469,E,60
2162,13-Mar-19,R$ 135.00,Pago com atraso da parcela n° 3 do atendimento 10625,E,60
2163,14-Feb-19,R$ 135.00,Pago com atraso da parcela n° 2 do atendimento 10625,E,59
2164,12-Feb-19,R$ 170.00,Pago com atraso da parcela n° 4 do atendimento 10570,E,59
2165,13-Mar-19,R$ 170.00,Pago com atraso da parcela n° 5 do atendimento 10570,E,60
2166,13-Mar-19,R$ 100.00,Pago com atraso da parcela n° 3 do atendimento 10626,E,60
2167,08-Mar-19,R$ 120.00,Pago com atraso da parcela n° 2 do atendimento 10634,E,60
2168,07-Mar-19,R$ 110.00,Pago com atraso da parcela n° 1 do atendimento 10667,E,60
2169,05-Mar-19,R$ 200.00,Pago com sucesso da parcela n° 3 do atendimento 10614,E,60
2170,07-Mar-19,R$ 150.00,Pago com atraso da parcela n° 5 do atendimento 10572,E,60
2171,07-Mar-19,R$ 150.00,Pago com sucesso da parcela n° 6 do atendimento 10572,E,60
2172,02-Mar-19,R$ 130.00,Pago com sucesso da parcela n° 1 do atendimento 10672,E,60
2173,27-Feb-19,R$ 265.00,Pago com sucesso da parcela n° 2 do atendimento 10646,E,59
2174,08-Mar-19,R$ 110.00,Pago com sucesso da parcela n° 2 do atendimento 10649,E,60
2175,05-Jul-16,R$ 65.00,Pago com sucesso da parcela n° 1 do atendimento 10040,E,0
2176,05-Aug-16,R$ 65.00,Pago com sucesso da parcela n° 2 do atendimento 10040,E,0
2177,01-Mar-19,R$ 330.00,Pago com atraso da parcela n° 2 do atendimento 10571,E,60
2178,28-Feb-19,R$ 245.00,Pago com atraso da parcela n° 5 do atendimento 10441,E,59
2179,01-Mar-19,R$ 240.00,Pago com atraso da parcela n° 2 do atendimento 10579,E,60
2180,07-Mar-19,R$ 150.00,Pago com atraso da parcela n° 1 do atendimento 10660,E,60
2181,07-Mar-19,R$ 100.00,Pago com atraso da parcela n° 1 do atendimento 10659,E,60
2182,06-Mar-19,R$ 155.00,Pago com sucesso da parcela n° 4 do atendimento 10595,E,60
2183,28-Feb-19,R$ 200.00,Pago com sucesso da parcela n° 3 do atendimento 10624,E,59
2184,06-Mar-19,R$ 146.00,Pago com atraso da parcela n° 1 do atendimento 10641,E,60
2185,08-Mar-19,R$ 100.00,Pago com atraso da parcela n° 1 do atendimento 10519,E,60
2186,08-Mar-19,R$ 100.00,Pago com atraso da parcela n° 2 do atendimento 10519,E,60
2187,08-Mar-19,R$ 100.00,Pago com atraso da parcela n° 3 do atendimento 10519,E,60
2188,08-Mar-19,R$ 100.00,Pago com atraso da parcela n° 4 do atendimento 10519,E,60
2189,08-Mar-19,R$ 100.00,Pago com sucesso da parcela n° 4 do atendimento 10606,E,60
2190,12-Feb-19,R$ 72.50,Pago com atraso da parcela n° 1 do atendimento 10640,E,59
2191,12-Mar-19,R$ 200.00,Pago com atraso da parcela n° 5 do atendimento 10581,E,60
2192,12-Feb-19,R$ 200.00,Pago com atraso da parcela n° 4 do atendimento 10581,E,59
2193,16-Mar-19,R$ 150.00,Pago com atraso da parcela n° 1 do atendimento 10042,E,60
2194,16-Mar-19,R$ 150.00,Pago com atraso da parcela n° 2 do atendimento 10042,E,60
2195,15-Mar-19,R$ 230.00,Pago com atraso da parcela n° 3 do atendimento 10604,E,60
2196,20-Mar-19,R$ 164.00,Pago com atraso da parcela n° 3 do atendimento 10594,E,60
2197,20-Mar-19,R$ 164.00,Pago com atraso da parcela n° 4 do atendimento 10594,E,60
2198,16-Feb-19,R$ 550.00,Pago com sucesso no cartão de débito. Atendimento N° 10678,E,59
2199,14-Feb-19,"R$ 1,200.00",Pago com sucesso em dinheiro. Atendimento N° 10676,E,59
2200,21-Feb-19,R$ 0.01,Pago com sucesso em dinheiro. Atendimento N° 10681,E,59
2201,18-Feb-19,R$ 300.00,Pagamento de entrada. Atendimento N° 10679,E,59
2202,01-Mar-19,R$ 100.00,Pago com atraso da parcela n° 3 do atendimento 10587,E,60
2203,22-Mar-19,R$ 245.00,Pago com atraso da parcela n° 6 do atendimento 10441,E,60
2204,22-Mar-19,R$ 190.00,Pago com atraso da parcela n° 2 do atendimento 10439,E,60
2205,22-Mar-19,R$ 190.00,Pago com atraso da parcela n° 3 do atendimento 10439,E,60
2206,21-Mar-19,R$ 192.00,Pago com atraso da parcela n° 5 do atendimento 10599,E,60
2207,22-Mar-19,R$ 351.30,BOLETO OPTIPAR (ARMAÇÕES KEEPER),S,60
2208,21-Mar-19,R$ 411.33,BOLETO ZHC DO BRASIL (ARMAÇÕES GIRO),S,60
2209,22-Feb-19,R$ 800.00,Pago com sucesso no catão de crédito em 5 parcelas. Atendimento N° 10683,E,59
2210,28-Feb-19,R$ 500.00,Pago com sucesso no catão de crédito em 5 parcelas. Atendimento N° 10685,E,59
2211,27-Mar-19,R$ 112.36,BOLETO HOYA,S,60
2212,27-Mar-19,R$ 125.33,BOLETO LABO OPTICA,S,60
2213,27-Mar-19,R$ 277.10,BOLETO MAQUININHA REDE,S,60
2214,25-Mar-19,R$ 800.66,BOLETO FINANCIAMENTO BNB,S,60
2215,28-Mar-19,R$ 562.00,BOLETO UNILAB,S,60
2216,01-Mar-19,R$ 115.00,Pago com atraso da parcela n° 1 do atendimento 10635,E,60
2217,22-Mar-19,R$ 115.00,Pago com atraso da parcela n° 2 do atendimento 10635,E,60
2218,01-Mar-19,R$ 600.00,Pago com sucesso no catão de crédito em 6 parcelas. Atendimento N° 10686,E,60
2219,27-Mar-19,R$ 100.00,Pago com atraso da parcela n° 1 do atendimento 10679,E,60
2220,27-Mar-19,R$ 100.00,Pago com sucesso da parcela n° 2 do atendimento 10679,E,60
2221,27-Mar-19,R$ 100.00,Pago com sucesso da parcela n° 3 do atendimento 10679,E,60
2222,27-Mar-19,R$ 100.00,Pago com sucesso da parcela n° 4 do atendimento 10679,E,60
2223,27-Mar-19,R$ 100.00,Pago com sucesso da parcela n° 5 do atendimento 10679,E,60
2224,01-Mar-19,R$ 558.00,Pago com sucesso no cartão de débito. Atendimento N° 10687,E,60
2225,01-Mar-19,R$ 130.00,Pagamento de entrada. Atendimento N° 10688,E,60
2226,09-Mar-19,R$ 500.00,Pago com sucesso em dinheiro. Atendimento N° 10689,E,60
2227,12-Mar-19,R$ 600.00,Pago com sucesso no catão de crédito em 5 parcelas. Atendimento N° 10690,E,60
2228,14-Mar-19,R$ 510.00,Pago com sucesso no cartão de débito. Atendimento N° 10692,E,60
2229,30-Mar-19,R$ 453.00,BOLETO ARMAÇÕES KEYPER,S,60
2230,01-Apr-19,R$ 120.00,Pago com atraso da parcela n° 3 do atendimento 10634,E,61
2231,25-Feb-19,R$ 168.00,Pago com atraso da parcela n° 2 do atendimento 10612,E,59
2232,02-Apr-19,R$ 168.00,Pago com atraso da parcela n° 3 do atendimento 10612,E,61
2233,02-Apr-19,R$ 200.00,Pago com sucesso da parcela n° 4 do atendimento 10614,E,61
2234,03-Apr-19,R$ 40.05,BOLETO CEMAR,S,61
2235,03-Apr-19,R$ 48.26,BOLETO HOYA,S,61
2236,16-Mar-19,R$ 900.00,Pago com sucesso no catão de crédito em 6 parcelas. Atendimento N° 10693,E,60
2237,19-Mar-19,R$ 450.00,Pago com sucesso em dinheiro. Atendimento N° 10695,E,60
2238,04-Apr-19,R$ 240.00,Pago com sucesso no catão de crédito em 2 parcelas. Atendimento N° 10696,E,61
2239,04-Apr-19,R$ 50.00,BOLETO SICOOB (NOTA FISCAL ELETRÔNICA),S,61
2240,27-Mar-19,R$ 250.00,Pago com sucesso em dinheiro. Atendimento N° 10700,E,60
2241,10-Apr-19,"R$ 1,400.00",ALUGUEL DA LOJA,S,61
2242,10-Apr-19,R$ 136.74,BOLETO NET,S,61
2243,10-Apr-19,R$ 71.00,BOLETO CDL,S,61
2244,10-Apr-19,R$ 50.00,BOLETO RONDA NOTURNA,S,61
2245,27-Feb-19,R$ 440.00,Pago com sucesso no catão de crédito em 2 parcelas. Atendimento N° 10684,E,59
2246,29-Mar-19,R$ 720.00,Pago com sucesso no cartão de débito. Atendimento N° 10701,E,60
2247,30-Mar-19,R$ 300.00,Pagamento de entrada. Atendimento N° 10702,E,60
2248,01-Apr-19,R$ 580.00,Pago com sucesso no catão de crédito em 5 parcelas. Atendimento N° 10703,E,61
2249,02-Apr-19,R$ 770.00,Pago com sucesso no catão de crédito em 6 parcelas. Atendimento N° 10704,E,61
2250,02-Apr-19,R$ 120.00,Pagamento de entrada. Atendimento N° 10705,E,61
2251,03-Apr-19,R$ 200.00,Pagamento de entrada. Atendimento N° 10707,E,61
2252,11-Apr-19,R$ 150.00,Pago com atraso da parcela n° 6 do atendimento 10446,E,61
2253,08-Apr-19,R$ 230.00,Pago com sucesso no catão de crédito em 1 parcelas. Atendimento N° 10710,E,61
2254,15-Apr-19,R$ 373.50,BOLETO HOYA,S,61
2255,15-Apr-19,R$ 12.00,BOLETO HOYA,S,61
2256,29-Mar-19,"R$ 1,244.10","LABORATORIOS DIVERSOS (LABO OPTICA, CENTRAL)",S,60
2257,05-Apr-19,R$ 155.00,Pago com sucesso da parcela n° 5 do atendimento 10595,E,61
2258,05-Apr-19,R$ 265.00,Pago com sucesso da parcela n° 3 do atendimento 10646,E,61
2259,05-Apr-19,R$ 146.00,Pago com atraso da parcela n° 2 do atendimento 10641,E,61
2260,04-Apr-19,R$ 150.00,Pago com sucesso da parcela n° 2 do atendimento 10660,E,61
2261,26-Feb-19,R$ 130.00,Pago com sucesso da parcela n° 1 do atendimento 10655,E,59
2262,01-Apr-19,R$ 130.00,Pago com sucesso da parcela n° 2 do atendimento 10655,E,61
2263,08-Apr-19,R$ 200.00,Pago com sucesso da parcela n° 4 do atendimento 10624,E,61
2264,02-Apr-19,R$ 135.00,Pago com atraso da parcela n° 2 do atendimento 10163,E,61
2265,08-Apr-19,R$ 100.00,Pago com sucesso da parcela n° 5 do atendimento 10606,E,61
2266,11-Apr-19,R$ 140.00,Pago com atraso da parcela n° 4 do atendimento 10629,E,61
2267,04-Apr-19,R$ 100.00,Pago com sucesso da parcela n° 2 do atendimento 10659,E,61
2268,04-Apr-19,R$ 100.00,Pago com sucesso da parcela n° 3 do atendimento 10659,E,61
2269,12-Apr-19,R$ 100.00,Pago com atraso da parcela n° 4 do atendimento 10626,E,61
2270,11-Mar-19,R$ 72.50,Pago com atraso da parcela n° 2 do atendimento 10640,E,60
2271,10-Apr-19,R$ 72.50,Pago com sucesso da parcela n° 3 do atendimento 10640,E,61
2272,16-Apr-19,R$ 295.16,BOLETO SIGNUS OPTICAL (VICTOR LORENZO),S,61
2273,15-Apr-19,R$ 110.00,Pago com atraso da parcela n° 3 do atendimento 10649,E,61
2274,15-Apr-19,R$ 120.00,Pago com sucesso da parcela n° 1 do atendimento 10691,E,61
2275,22-Apr-19,R$ 704.30,BOLETO HOYA,S,61
2276,22-Apr-19,R$ 411.33,BOLETO ARMAÇÕES GIRO,S,61
2277,22-Apr-19,R$ 21.85,BOLETO LUXOTICA,S,61
2278,22-Apr-19,R$ 3.00,BOLETO DARE (ICMS),S,61
2279,22-Apr-19,R$ 215.52,BOLETO SIMPLES,S,61
2280,20-Apr-19,R$ 195.00,Pago com atraso da parcela n° 1 do atendimento 10670,E,61
2281,18-Apr-19,R$ 120.00,Pago com atraso da parcela n° 2 do atendimento 10645,E,61
2282,09-Apr-19,R$ 120.00,Pago com sucesso em dinheiro. Atendimento N° 10713,E,61
2283,13-Apr-19,R$ 300.00,Pago com sucesso em dinheiro. Atendimento N° 10714,E,61
2284,25-Apr-19,R$ 810.80,BOLETO FINANC. BNB,S,61
2285,25-Apr-19,R$ 400.00,BOLETO CONTADOR,S,61
2286,26-Apr-19,R$ 150.00,Pago com sucesso da parcela n° 3 do atendimento 10660,E,61
2287,29-Apr-19,R$ 117.00,BOLETO HOYA,S,61
2288,30-Apr-19,R$ 453.00,BOLETO KEYPER,S,61
2289,30-Apr-19,R$ 120.00,Pago com atraso da parcela n° 4 do atendimento 10634,E,61
2290,24-Apr-19,R$ 150.00,Pago com sucesso da parcela n° 1 do atendimento 10706,E,61
2291,24-Apr-19,R$ 220.00,Pago com atraso da parcela n° 1 do atendimento 10698,E,61
2292,24-Apr-19,R$ 215.00,Pago com atraso da parcela n° 1 do atendimento 10613,E,61
2293,16-Apr-19,R$ 294.00,Pago com sucesso da parcela n° 1 do atendimento 10697,E,61
2294,30-Apr-19,R$ 308.28,"DESPESAS DIVERSAS (LABO OPTICA, CENTRAL E CLINICA DOS OCULOS)",S,61
2295,05-Apr-19,R$ 130.00,Pago com atraso da parcela n° 2 do atendimento 10412,E,61
2296,30-Apr-19,R$ 100.00,Pago com sucesso da parcela n° 4 do atendimento 10659,E,61
2297,27-Apr-19,R$ 580.00,Pago com sucesso no catão de crédito em 4 parcelas. Atendimento N° 10718,E,61
2298,30-Apr-19,R$ 350.00,Pago com sucesso no catão de crédito em 3 parcelas. Atendimento N° 10719,E,61
2300,30-Apr-19,R$ 140.00,Pagamento de entrada. Atendimento N° 10721,E,61
2301,30-Apr-19,R$ 600.00,Pago com sucesso no catão de crédito em 6 parcelas. Atendimento N° 10722,E,61
2302,06-May-19,R$ 50.00,BOLETO SICOOB (NOTA FISCAL ELETRÔNICA),S,62
2303,06-May-19,R$ 121.52,BOLETO CEMAR,S,62
2304,06-May-19,R$ 24.00,BOLETO HOYA,S,62
2305,23-Apr-19,R$ 192.00,Pago com atraso da parcela n° 6 do atendimento 10599,E,61
2306,24-Apr-19,R$ 0.01,Pago com sucesso em dinheiro. Atendimento N° 10716,E,61
2307,07-May-19,R$ 380.00,Pago com atraso da parcela n° 1 do atendimento 10709,E,62
2308,03-Apr-19,R$ 600.00,Pagamento de entrada. Atendimento N° 10708,E,61
2309,03-May-19,R$ 100.00,Pago com sucesso da parcela n° 1 do atendimento 10711,E,62
2310,08-Apr-19,R$ 140.00,Pagamento de entrada. Atendimento N° 10712,E,61
2311,01-May-19,R$ 150.00,Pago com atraso da parcela n° 1 do atendimento 10654,E,62
2312,06-May-19,R$ 100.00,Pago com atraso da parcela n° 1 do atendimento 10715,E,62
2313,09-May-19,"R$ 1,400.00",ALUGUEL DA LOJA,S,62
2314,10-May-19,R$ 71.00,BOLETO CDL,S,62
2315,10-May-19,R$ 137.33,BOLETO NET,S,62
2316,10-May-19,R$ 50.00,BOLETO VIGILANCIA NOTURNA,S,62
2317,13-May-19,R$ 100.00,Pago com atraso da parcela n° 5 do atendimento 10626,E,62
2318,06-May-19,R$ 155.00,Pagamento de entrada. Atendimento N° 10723,E,62
2319,06-May-19,R$ 500.00,Pago com sucesso em dinheiro. Atendimento N° 10724,E,62
2320,07-May-19,R$ 700.00,Pago com sucesso no catão de crédito em 5 parcelas. Atendimento N° 10725,E,62
2321,07-May-19,R$ 690.00,Pago com sucesso no catão de crédito em 6 parcelas. Atendimento N° 10726,E,62
2322,16-May-19,R$ 500.00,Pagamento de entrada. Atendimento N° 10727,E,62
2323,16-May-19,R$ 249.30,BOLETO SIGNUS (ARMAÇÕES VICTOR LORENZO),S,62
2324,15-May-19,R$ 120.00,Pago com sucesso da parcela n° 2 do atendimento 10691,E,62
2325,15-May-19,R$ 130.00,Pago com atraso da parcela n° 6 do atendimento 10463,E,62
2326,14-May-19,R$ 185.00,Pago com atraso da parcela n° 3 do atendimento 10662,E,62
2327,13-May-19,R$ 200.00,Pago com atraso da parcela n° 5 do atendimento 10624,E,62
2328,11-May-19,R$ 140.00,Pago com atraso da parcela n° 5 do atendimento 10629,E,62
2329,11-May-19,R$ 125.00,Pago com atraso da parcela n° 1 do atendimento 10712,E,62
2330,08-May-19,R$ 265.00,Pago com atraso da parcela n° 4 do atendimento 10646,E,62
2331,09-May-19,R$ 230.00,Pago com atraso da parcela n° 4 do atendimento 10604,E,62
2332,06-May-19,R$ 105.00,Pago com atraso da parcela n° 1 do atendimento 10617,E,62
2333,06-May-19,R$ 105.00,Pago com atraso da parcela n° 2 do atendimento 10617,E,62
2334,06-May-19,R$ 100.00,Pago com atraso da parcela n° 3 do atendimento 10617,E,62
2335,06-May-19,R$ 130.00,Pago com atraso da parcela n° 3 do atendimento 10412,E,62
2336,06-May-19,R$ 130.00,Pago com atraso da parcela n° 4 do atendimento 10412,E,62
2337,03-May-19,R$ 146.00,Pago com atraso da parcela n° 3 do atendimento 10641,E,62
2338,02-May-19,R$ 130.00,Pago com sucesso da parcela n° 3 do atendimento 10655,E,62
2339,03-May-19,R$ 330.00,Pago com atraso da parcela n° 3 do atendimento 10571,E,62
2340,03-May-19,R$ 240.00,Pago com atraso da parcela n° 3 do atendimento 10579,E,62
2341,02-May-19,R$ 100.00,Pago com sucesso da parcela n° 1 do atendimento 10675,E,62
2342,02-Apr-19,R$ 168.00,Pago com sucesso da parcela n° 4 do atendimento 10612,E,61
2343,03-May-19,R$ 168.00,Pago com atraso da parcela n° 5 do atendimento 10612,E,62
2344,06-May-19,R$ 120.00,Pago com atraso da parcela n° 1 do atendimento 10707,E,62
2345,04-May-19,R$ 110.00,Pago com atraso da parcela n° 2 do atendimento 10667,E,62
2346,17-May-19,R$ 319.20,BOLETO SICOOB (ARMAÇÕES MAXILINE),S,62
2347,17-May-19,R$ 72.65,BOLETO ELO INTERNET,S,62
2348,20-May-19,R$ 149.60,BOLETO IMPOSTO SIMPLES,S,62
2349,20-May-19,R$ 25.31,BOLETO IMPOSTO ICMS,S,62
2350,20-May-19,R$ 339.00,BOLETO UNILAB,S,62
2351,21-May-19,R$ 411.34,BOLETO GIRO,S,62
2352,26-Apr-19,R$ 140.00,Pago com atraso da parcela n° 3 do atendimento 10592,E,61
2353,26-Apr-19,R$ 140.00,Pago com atraso da parcela n° 4 do atendimento 10592,E,61
2354,23-May-19,R$ 507.30,BOLETO LUXOTTICA (ARMAÇÕES JEAN MONIER E PLATINI),S,62
2355,10-May-19,R$ 450.00,Pago com sucesso no catão de crédito em 4 parcelas. Atendimento N° 10728,E,62
2356,13-May-19,R$ 150.00,Pago com sucesso no catão de crédito em 2 parcelas. Atendimento N° 10729,E,62
2357,15-May-19,R$ 500.00,Pago com sucesso em dinheiro. Atendimento N° 10730,E,62
2358,17-May-19,R$ 550.00,Pago com sucesso em dinheiro. Atendimento N° 10731,E,62
2359,18-May-19,R$ 800.00,Pago com sucesso no catão de crédito em 6 parcelas. Atendimento N° 10733,E,62
2360,27-May-19,R$ 400.00,BOLETO PAGAMENTO CONTADOR,S,62
2361,20-May-19,R$ 75.00,Pagamento de entrada. Atendimento N° 10734,E,62
2362,30-May-19,R$ 453.00,BOLETO KEYPER,S,62
2363,31-May-19,R$ 200.00,Pago com sucesso da parcela n° 1 do atendimento 10735,E,62
2364,30-May-19,R$ 150.00,Pago com sucesso da parcela n° 4 do atendimento 10660,E,62
2365,29-May-19,R$ 90.00,Pago com sucesso da parcela n° 1 do atendimento 10734,E,62
2366,28-May-19,R$ 100.00,Pago com atraso da parcela n° 1 do atendimento 10668,E,62
2367,28-May-19,R$ 100.00,Pago com atraso da parcela n° 2 do atendimento 10668,E,62
2368,24-May-19,R$ 100.00,Pago com sucesso da parcela n° 1 do atendimento 10705,E,62
2369,24-May-19,R$ 100.00,Pago com sucesso da parcela n° 2 do atendimento 10705,E,62
2370,23-May-19,R$ 150.00,Pago com sucesso da parcela n° 2 do atendimento 10706,E,62
2371,14-May-19,R$ 110.00,Pago com atraso da parcela n° 4 do atendimento 10649,E,62
2372,18-May-19,R$ 120.00,Pago com atraso da parcela n° 3 do atendimento 10645,E,62
2373,18-May-19,R$ 195.00,Pago com atraso da parcela n° 2 do atendimento 10670,E,62
2374,16-May-19,R$ 294.00,Pago com sucesso da parcela n° 2 do atendimento 10697,E,62
2375,02-May-19,R$ 140.00,Pago com atraso da parcela n° 1 do atendimento 10671,E,62
2376,02-May-19,R$ 140.00,Pago com atraso da parcela n° 2 do atendimento 10671,E,62
2377,02-May-19,R$ 140.00,Pago com sucesso da parcela n° 3 do atendimento 10671,E,62
2378,02-May-19,R$ 200.00,Pago com sucesso da parcela n° 5 do atendimento 10614,E,62
2379,28-May-19,R$ 215.00,Pago com atraso da parcela n° 2 do atendimento 10613,E,62
2380,03-Jun-19,R$ 130.00,Pago com atraso da parcela n° 4 do atendimento 10655,E,63
2381,03-Jun-19,R$ 100.00,Pago com sucesso da parcela n° 2 do atendimento 10675,E,63
2382,03-Jun-19,R$ 230.00,Pago com atraso da parcela n° 6 do atendimento 10616,E,63
2383,03-Jun-19,R$ 200.00,Pago com sucesso da parcela n° 6 do atendimento 10614,E,63
2384,01-Jun-19,R$ 150.00,Pago com atraso da parcela n° 2 do atendimento 10654,E,63
2385,03-Jun-19,R$ 136.50,BOLETO CEMAR,S,63
2386,03-Jun-19,R$ 143.26,BOLETO HOYA,S,63
2387,04-Jun-19,R$ 50.00,BOLETO SICOOB (NOTA FISCAL ELETRÔNICA),S,63
2388,24-May-19,"R$ 1,245.00",Pago com sucesso no catão de crédito em 6 parcelas. Atendimento N° 10736,E,62
2389,28-May-19,R$ 300.00,Pagamento de entrada. Atendimento N° 10738,E,62
2390,29-May-19,R$ 200.00,Pagamento de entrada. Atendimento N° 10739,E,62
2391,06-Jun-19,R$ 100.00,Pago com sucesso da parcela n° 5 do atendimento 10659,E,63
2392,06-Jun-19,R$ 130.00,Pago com atraso da parcela n° 5 do atendimento 10412,E,63
2393,06-Jun-19,R$ 130.00,Pago com atraso da parcela n° 6 do atendimento 10412,E,63
2394,06-Jun-19,R$ 140.00,Pago com atraso da parcela n° 1 do atendimento 10498,E,63
2395,07-Jun-19,R$ 68.00,BOLETO PARCELA IPTU,S,63
2396,10-Jun-19,"R$ 1,400.00",BOLETO ALUGUEL,S,63
2397,10-Jun-19,R$ 130.76,BOLETO LUXOTICA (JEAN MONIER),S,63
2398,10-Jun-19,R$ 12.00,BOLETO HOYA,S,63
2399,10-Jun-19,R$ 652.52,BOLETO HOYA,S,63
2400,10-Jun-19,R$ 71.00,BOLETO CDL (SPC),S,63
2401,10-Jun-19,R$ 137.33,BOLETO NET,S,63
2402,08-Jun-19,R$ 750.00,Pago com sucesso no catão de crédito em 1 parcelas. Atendimento N° 10744,E,63
2403,08-Jun-19,R$ 150.00,Pagamento de entrada. Atendimento N° 10745,E,63
2404,12-Jun-19,R$ 345.66,BOLETO TONY GLASS OPTICAL (RENOMA/YNOT),S,63
2405,04-Jun-19,R$ 110.00,Pago com atraso da parcela n° 3 do atendimento 10667,E,63
2406,04-Jun-19,R$ 120.00,Pago com sucesso da parcela n° 2 do atendimento 10707,E,63
2407,05-Jun-19,R$ 100.00,Pago com sucesso da parcela n° 2 do atendimento 10715,E,63
2408,05-Jun-19,R$ 100.00,Pago com sucesso da parcela n° 2 do atendimento 10711,E,63
2409,05-Jun-19,R$ 265.00,Pago com sucesso da parcela n° 5 do atendimento 10646,E,63
2410,05-Jun-19,R$ 140.00,Pago com atraso da parcela n° 5 do atendimento 10478,E,63
2411,01-Jun-19,R$ 200.00,Pago com atraso da parcela n° 4 do atendimento 10516,E,63
2412,01-Jun-19,R$ 200.00,Pago com atraso da parcela n° 5 do atendimento 10516,E,63
2413,01-Jun-19,R$ 200.00,Pago com atraso da parcela n° 6 do atendimento 10516,E,63
2414,08-Jun-19,R$ 195.00,Pago com sucesso da parcela n° 3 do atendimento 10670,E,63
2415,07-Jun-19,R$ 120.00,Pago com atraso da parcela n° 5 do atendimento 10634,E,63
2416,10-Jun-19,R$ 100.00,Pago com sucesso da parcela n° 3 do atendimento 10705,E,63
2417,11-Jun-19,R$ 50.00,BOLETO RONDA NOTURNA,S,63
2418,25-May-19,R$ 300.00,Pagamento de entrada. Atendimento N° 10737,E,62
2419,13-Jun-19,R$ 125.00,Pago com atraso da parcela n° 2 do atendimento 10712,E,63
2420,14-Jun-19,R$ 380.00,Pago com atraso da parcela n° 2 do atendimento 10709,E,63
2421,14-Jun-19,R$ 195.00,Pago com sucesso da parcela n° 1 do atendimento 10732,E,63
2422,14-Jun-19,R$ 294.00,Pago com sucesso da parcela n° 3 do atendimento 10697,E,63
2423,17-Jun-19,R$ 318.00,BOLETO SICOOB (ARMAÇÕES RENOMA E MAXLINE),S,63
2424,17-Jun-19,R$ 714.02,BOLETO HOYA,S,63
2425,17-Jun-19,R$ 26.00,BOLETO HOYA,S,63
2426,21-Jun-19,R$ 255.41,BOLETO IMPOSTO (SIMPLES),S,63
2427,21-Jun-19,R$ 11.42,BOLETO IMPOSTO (DARE),S,63
2428,24-Jun-19,R$ 507.30,BOLETO LUXOTICA (ARMAÇÕES JEAN MONIER E PLATINI),S,63
2429,24-Jun-19,R$ 399.02,BOLETO HOYA,S,63
2430,24-Jun-19,R$ 400.00,BOLETO CONTADOR,S,63
2431,25-Jun-19,R$ 802.35,BOLETO FINANC. BNB,S,63
2432,25-Jun-19,R$ 160.00,Pago com sucesso da parcela n° 1 do atendimento 10740,E,63
2433,26-Jun-19,R$ 180.00,Pago com atraso da parcela n° 2 do atendimento 10523,E,63
2434,26-Jun-19,R$ 180.00,Pago com atraso da parcela n° 3 do atendimento 10523,E,63
2435,18-Jun-19,R$ 110.00,Pago com atraso da parcela n° 5 do atendimento 10649,E,63
2436,25-Jun-19,R$ 150.00,Pago com sucesso da parcela n° 3 do atendimento 10706,E,63
2437,19-Jun-19,R$ 240.00,Pago com atraso da parcela n° 4 do atendimento 10579,E,63
2438,19-Jun-19,R$ 330.00,Pago com atraso da parcela n° 4 do atendimento 10571,E,63
2439,18-Jun-19,R$ 120.00,Pago com atraso da parcela n° 4 do atendimento 10645,E,63
2440,15-Jun-19,R$ 120.00,Pago com sucesso da parcela n° 3 do atendimento 10691,E,63
2441,01-Jun-19,R$ 146.00,Pago com atraso da parcela n° 4 do atendimento 10641,E,63
2442,08-Jun-19,R$ 250.00,Pago com sucesso no catão de crédito em 3 parcelas. Atendimento N° 10746,E,63
2443,11-Jun-19,R$ 300.00,Pago com sucesso em dinheiro. Atendimento N° 10747,E,63
2444,12-Jun-19,R$ 930.00,Pago com sucesso no catão de crédito em 6 parcelas. Atendimento N° 10748,E,63
2445,13-Jun-19,R$ 200.00,Pago com sucesso em dinheiro. Atendimento N° 10749,E,63
2446,13-Jun-19,R$ 350.00,Pago com sucesso no catão de crédito em 3 parcelas. Atendimento N° 10750,E,63
2447,14-Jun-19,R$ 700.00,Pago com sucesso no catão de crédito em 5 parcelas. Atendimento N° 10751,E,63
2448,19-Jun-19,R$ 600.00,Pago com sucesso no catão de crédito em 6 parcelas. Atendimento N° 10752,E,63
2449,21-Jun-19,"R$ 3,420.00",Pago com sucesso no catão de crédito em 10 parcelas. Atendimento N° 10754,E,63
2450,22-Jun-19,R$ 550.00,Pago com sucesso no catão de crédito em 5 parcelas. Atendimento N° 10755,E,63
2451,27-Jun-19,R$ 450.00,Pago com sucesso no catão de crédito em 2 parcelas. Atendimento N° 10758,E,63
2452,28-Jun-19,"R$ 1,827.00",Pago com sucesso no cartão de débito. Atendimento N° 10759,E,63
2453,28-Jun-19,R$ 130.00,Pago com sucesso no cartão de débito. Atendimento N° 10760,E,63
2454,22-May-19,R$ 220.00,Pago com sucesso da parcela n° 2 do atendimento 10698,E,62
2455,27-Jun-19,R$ 220.00,Pago com atraso da parcela n° 3 do atendimento 10698,E,63
2456,28-Jun-19,R$ 115.00,Pago com atraso da parcela n° 1 do atendimento 10688,E,63
2457,01-Jul-19,R$ 100.00,Pago com sucesso da parcela n° 3 do atendimento 10675,E,64
2458,01-Jul-19,R$ 90.00,Pago com sucesso da parcela n° 1 do atendimento 10743,E,64
2459,01-Jul-19,R$ 283.33,Pago com sucesso da parcela n° 1 do atendimento 10741,E,64
2460,27-Jun-19,R$ 90.00,Pago com sucesso da parcela n° 2 do atendimento 10734,E,63
2461,01-Jul-19,R$ 66.00,BOLETO HOYA,S,64
2462,28-Jun-19,R$ 582.00,"DIVERSOS (LABO OPTICA, CENTRAL, OPTI PRIME ETC)",S,63
2463,02-Jul-19,R$ 345.94,BOLETO HOYA,S,64
2464,24-Jun-19,R$ 750.00,Pago com sucesso no catão de crédito em 5 parcelas. Atendimento N° 10756,E,63
2465,07-Jun-19,R$ 186.00,Pago com atraso da parcela n° 1 do atendimento 10717,E,63
2466,03-Jul-19,R$ 186.00,Pago com atraso da parcela n° 2 do atendimento 10717,E,64
2467,02-Jul-19,R$ 200.00,Pago com sucesso da parcela n° 2 do atendimento 10735,E,64
2468,01-Jul-19,R$ 215.00,Pago com atraso da parcela n° 3 do atendimento 10613,E,64
2469,01-Jul-19,R$ 100.00,Pago com sucesso da parcela n° 3 do atendimento 10711,E,64
2470,03-Jul-19,R$ 129.68,BOLETO CEMAR,S,64
2471,03-Jul-19,R$ 160.98,BOLETO LABO OPTICA,S,64
2472,04-Jul-19,R$ 50.00,BOLETO SICOOB (NF ELETRÔNICA),S,64
2473,05-Jul-19,R$ 67.98,2ª PARCELA DO IPTU,S,64
2474,22-May-19,R$ 0.01,Pago com sucesso em dinheiro. Atendimento N° 10761,E,62
2475,08-Jul-19,R$ 24.00,BOLETO HOYA,S,64
2476,08-Jul-19,R$ 519.40,BOLETO HOYA,S,64
2477,09-Jul-19,"R$ 1,400.00",BOLETO ALUGUEL DA LOJA,S,64
2478,09-Jul-19,R$ 130.76,"BOLETO LUXOTTICA (JEAN MONIER, PLATINI)",S,64
2479,10-Jul-19,R$ 71.00,BOLETO CDL,S,64
2480,10-Jul-19,R$ 141.36,BOLETO NET,S,64
2481,12-Jul-19,R$ 345.66,BOLETO TONY GLASS OPTICAL (RENOMA/YNOT),S,64
2482,02-Jul-19,R$ 400.00,Pago com sucesso em dinheiro. Atendimento N° 10762,E,64
2483,15-Jul-19,R$ 26.00,BOLETO HOYA,S,64
2484,16-Jul-19,"R$ 1,166.26",BOLETO HOYA,S,64
2485,16-Jul-19,R$ 424.80,BOLETO MAX COLLETION (ARMAÇÕES MAXILINE),S,64
2486,04-Jul-19,"R$ 2,000.00",Pago com sucesso no catão de crédito em 4 parcelas. Atendimento N° 10763,E,64
2487,09-Jul-19,R$ 0.01,Pago com sucesso em dinheiro. Atendimento N° 10766,E,64
2488,08-Jul-19,R$ 280.00,Pago com sucesso no catão de crédito em 3 parcelas. Atendimento N° 10767,E,64
2489,08-May-19,R$ 215.00,Pago com atraso da parcela n° 6 do atendimento 10165,E,62
2490,08-May-19,R$ 215.00,Pago com atraso da parcela n° 5 do atendimento 10165,E,62
2491,09-May-19,R$ 80.00,Pago com atraso da parcela n° 1 do atendimento 10708,E,62
2492,10-May-19,R$ 72.50,Pago com sucesso da parcela n° 4 do atendimento 10640,E,62
2493,10-May-19,R$ 150.00,Pago com atraso da parcela n° 1 do atendimento 10143,E,62
2494,10-May-19,R$ 150.00,Pago com atraso da parcela n° 2 do atendimento 10143,E,62
2495,10-May-19,R$ 150.00,Pago com atraso da parcela n° 3 do atendimento 10143,E,62
2496,11-Feb-19,R$ 100.00,Pago com atraso da parcela n° 4 do atendimento 10591,E,59
2497,11-Feb-19,R$ 100.00,Pago com sucesso da parcela n° 5 do atendimento 10591,E,59
2498,05-Jul-19,R$ 100.00,Pago com sucesso da parcela n° 3 do atendimento 10715,E,64
2499,22-Jul-19,R$ 220.00,Pago com sucesso da parcela n° 4 do atendimento 10698,E,64
2500,23-Jul-19,R$ 100.00,Pago com sucesso da parcela n° 4 do atendimento 10711,E,64
2501,19-Jul-19,R$ 120.00,Pago com atraso da parcela n° 5 do atendimento 10645,E,64
2502,18-Jul-19,R$ 160.00,Pago com atraso da parcela n° 1 do atendimento 10753,E,64
2503,18-Jul-19,R$ 170.00,Pago com atraso da parcela n° 1 do atendimento 10727,E,64
2504,18-Jul-19,R$ 170.00,Pago com atraso da parcela n° 2 do atendimento 10727,E,64
2505,17-Jul-19,R$ 380.00,Pago com atraso da parcela n° 3 do atendimento 10709,E,64
2506,16-Jul-19,R$ 120.00,Pago com atraso da parcela n° 4 do atendimento 10691,E,64
2507,15-Jul-19,R$ 145.00,Pago com sucesso da parcela n° 1 do atendimento 10757,E,64
2508,13-Jul-19,R$ 195.00,Pago com sucesso da parcela n° 4 do atendimento 10670,E,64
2509,10-Jul-19,R$ 130.00,Pago com sucesso da parcela n° 1 do atendimento 10742,E,64
2510,10-Jul-19,R$ 212.50,Pago com atraso da parcela n° 1 do atendimento 10737,E,64
2511,10-Jul-19,R$ 212.50,Pago com sucesso da parcela n° 2 do atendimento 10737,E,64
2512,09-Jul-19,R$ 110.00,Pago com sucesso da parcela n° 6 do atendimento 10649,E,64
2513,03-Jul-19,R$ 190.00,Pago com atraso da parcela n° 4 do atendimento 10439,E,64
2514,09-Jul-19,R$ 125.00,Pago com sucesso da parcela n° 1 do atendimento 10739,E,64
2515,09-Jul-19,R$ 175.00,Pago com sucesso da parcela n° 1 do atendimento 10745,E,64
2516,09-Jul-19,R$ 150.00,Pago com atraso da parcela n° 1 do atendimento 10738,E,64
2517,04-Jul-19,R$ 265.00,Pago com sucesso da parcela n° 6 do atendimento 10646,E,64
2518,05-Jul-19,R$ 150.00,Pago com atraso da parcela n° 5 do atendimento 10660,E,64
2519,08-Jul-19,R$ 120.00,Pago com atraso da parcela n° 3 do atendimento 10707,E,64
2520,03-Jul-19,R$ 140.00,Pago com atraso da parcela n° 2 do atendimento 10498,E,64
2521,22-Jul-19,R$ 507.30,"BOLETO LUXOTTICA (ARMAÇÕES PLATINI, JEAN MONIER)",S,64
2522,22-Jul-19,R$ 36.00,BOLETO HOYA,S,64
2523,22-Jul-19,R$ 518.26,BOLETO HOYA,S,64
2524,22-Jul-19,R$ 12.15,BOLETO IMPOSTO DARE (ICMS),S,64
2525,22-Jul-19,R$ 497.88,BOLETO SIMPLES NACIONAL,S,64
2526,24-Jul-19,R$ 400.00,BOLETO CONTADOR,S,64
2527,25-Jul-19,R$ 100.00,BOLETO MANUTENÇÃO AR CONDICIONADO,S,64
2528,25-Jul-19,R$ 35.64,BOLETO DOMÍNIO SITE,S,64
2530,29-Jul-19,R$ 190.00,Pago com atraso da parcela n° 5 do atendimento 10439,E,64
2531,08-Jul-19,R$ 180.00,Pago com sucesso em dinheiro. Atendimento N° 10768,E,64
2532,05-Jul-19,R$ 800.00,Pago com sucesso no catão de crédito em 4 parcelas. Atendimento N° 10764,E,64
2533,30-Jul-19,R$ 200.00,Pagamento de entrada. Atendimento N° 10780,E,64
2534,31-Jul-19,R$ 283.33,Pago com sucesso da parcela n° 2 do atendimento 10741,E,64
2535,25-Jul-19,R$ 294.00,Pago com atraso da parcela n° 4 do atendimento 10697,E,64
2536,25-Jul-19,R$ 195.00,Pago com atraso da parcela n° 2 do atendimento 10732,E,64
2537,09-Aug-19,R$ 130.00,Pago com sucesso da parcela n° 2 do atendimento 10742,E,65
2538,09-Aug-19,R$ 186.00,Pago com atraso da parcela n° 3 do atendimento 10717,E,65
2539,11-Jul-19,R$ 150.00,Pagamento de entrada. Atendimento N° 10771,E,64
2540,05-Aug-19,R$ 150.00,Pago com sucesso da parcela n° 1 do atendimento 10771,E,65
2541,07-Aug-19,R$ 175.00,Pago com sucesso da parcela n° 2 do atendimento 10745,E,65
2542,07-Aug-19,R$ 100.00,Pago com atraso da parcela n° 4 do atendimento 10715,E,65
2543,25-Jul-19,R$ 150.00,Pago com sucesso da parcela n° 4 do atendimento 10706,E,64
2544,27-Jun-19,R$ 155.00,Pago com atraso da parcela n° 1 do atendimento 10723,E,63
2545,29-Jul-19,R$ 155.00,Pago com atraso da parcela n° 2 do atendimento 10723,E,64
2546,06-Aug-19,R$ 200.00,Pago com atraso da parcela n° 1 do atendimento 10694,E,65
2547,01-Aug-19,R$ 100.00,Pago com sucesso da parcela n° 1 do atendimento 10765,E,65
2548,01-Aug-19,R$ 140.00,Pago com sucesso da parcela n° 1 do atendimento 10769,E,65
2549,01-Aug-19,R$ 90.00,Pago com sucesso da parcela n° 2 do atendimento 10743,E,65
2550,23-Jul-19,"R$ 3,500.00",Pago com sucesso no catão de crédito em 8 parcelas. Atendimento N° 10776,E,64
2551,13-Aug-19,R$ 145.00,Pago com sucesso da parcela n° 2 do atendimento 10757,E,65
2552,12-Aug-19,R$ 330.00,Pago com atraso da parcela n° 5 do atendimento 10571,E,65
2553,09-Aug-19,R$ 240.00,Pago com atraso da parcela n° 5 do atendimento 10579,E,65
2554,12-Aug-19,R$ 100.00,Pago com atraso da parcela n° 4 do atendimento 10675,E,65
2555,12-Aug-19,R$ 200.00,Pago com atraso da parcela n° 3 do atendimento 10735,E,65
2556,11-Jul-19,R$ 100.00,Pagamento de entrada. Atendimento N° 10770,E,64
2557,31-Jul-19,R$ 50.00,BOLETO HOYA,S,64
2558,02-Aug-19,R$ 160.98,BOLETO LABO OPTICA,S,65
2559,05-Aug-19,R$ 50.00,BOLETO SICOOB (NOTA FISCAL ELETROÔNICA),S,65
2560,05-Aug-19,R$ 255.76,BOLETO HOYA,S,65
2561,09-Aug-19,"R$ 1,400.00",BOLETO ALUGUEL DA LOJA,S,65
2562,08-Aug-19,R$ 130.76,BOLETO LUXOTICA (ARMAÇÕES JEAN MONIER/PLATINI),S,65
2563,12-Aug-19,R$ 345.68,BOLETO TONY GLASS (ARMAÇÕES RENOMA/YNOT),S,65
2564,12-Aug-19,R$ 283.00,BOLETO UNILAB,S,65
2565,12-Aug-19,R$ 137.92,BOLETO NET (TELEFONE/INTERNET),S,65
2566,12-Aug-19,R$ 71.00,BOLETO SPC,S,65
2567,14-Aug-19,R$ 251.00,BOLETO LABO OPTICA,S,65
2568,16-Aug-19,R$ 903.00,BOLETO HOYA,S,65
2569,11-Jul-19,R$ 900.00,Pago com sucesso no catão de crédito em 6 parcelas. Atendimento N° 10772,E,64
2570,15-Jul-19,R$ 250.00,Pago com sucesso em dinheiro. Atendimento N° 10773,E,64
2571,20-Jul-19,R$ 300.00,Pago com sucesso no catão de crédito em 1 parcelas. Atendimento N° 10775,E,64
2572,26-Jul-19,R$ 600.00,Pago com sucesso no catão de crédito em 6 parcelas. Atendimento N° 10777,E,64
2573,29-Jul-19,R$ 200.00,Pago com sucesso em dinheiro. Atendimento N° 10779,E,64
2574,31-Jul-19,R$ 500.00,Pago com sucesso em dinheiro. Atendimento N° 10781,E,64
2575,19-Aug-19,R$ 14.00,BOLETO HOYA,S,65
2576,31-Jul-19,R$ 751.50,DIVERSOS LABORATORIOS,S,64
2577,19-Aug-19,R$ 150.00,Pago com atraso da parcela n° 2 do atendimento 10738,E,65
2578,19-Aug-19,R$ 150.00,Pago com sucesso da parcela n° 3 do atendimento 10738,E,65
2579,17-Aug-19,R$ 195.00,Pago com atraso da parcela n° 5 do atendimento 10670,E,65
2580,20-Aug-19,R$ 25.16,BOLETO IMPOSTO (DARE),S,65
2581,20-Aug-19,R$ 347.20,BOLETO IMPOSTO SIMPLES,S,65
2582,20-Aug-19,R$ 25.23,BOLETO ALVARÁ 2019,S,65
2583,20-Aug-19,R$ 354.00,BOLETO ARMAÇÕES KEYPER,S,65
2584,21-Aug-19,R$ 507.23,BOLETO ARMAÇÕES JEAN MONIER / PLATINI,S,65
2585,05-Aug-19,R$ 100.00,Pagamento de entrada. Atendimento N° 10786,E,65
2586,26-Aug-19,R$ 400.00,BOLETO CONTADOR,S,65
2587,26-Aug-19,R$ 14.00,BOLETO HOYA,S,65
2589,26-Aug-19,R$ 793.90,BOLETO FINANCIAMENTO BNB,S,65
2590,06-Aug-19,R$ 218.00,Pago com sucesso em dinheiro. Atendimento N° 10778,E,65
2591,05-Aug-19,R$ 253.00,Pago com sucesso em dinheiro. Atendimento N° 10785,E,65
2592,16-Jul-19,R$ 600.00,Pago com sucesso em dinheiro. Atendimento N° 10787,E,64
2593,01-Aug-19,R$ 350.00,Pago com sucesso no catão de crédito em 3 parcelas. Atendimento N° 10782,E,65
2594,06-Aug-19,R$ 720.00,Pago com sucesso no catão de crédito em 4 parcelas. Atendimento N° 10788,E,65
2595,05-Apr-19,R$ 130.00,Pago com sucesso da parcela n° 2 do atendimento 10672,E,61
2596,03-May-19,R$ 130.00,Pago com sucesso da parcela n° 3 do atendimento 10672,E,62
2597,08-Jul-19,R$ 130.00,Pago com atraso da parcela n° 4 do atendimento 10672,E,64
2598,08-Jul-19,R$ 130.00,Pago com atraso da parcela n° 5 do atendimento 10672,E,64
2599,05-Jul-19,R$ 50.00,Pago com atraso da parcela n° 1 do atendimento 10702,E,64
2600,27-Aug-19,R$ 215.00,Pago com atraso da parcela n° 4 do atendimento 10613,E,65
2601,07-Aug-19,R$ 350.00,Pago com sucesso no catão de crédito em 3 parcelas. Atendimento N° 10789,E,65
2602,07-Aug-19,R$ 550.00,Pago com sucesso em dinheiro. Atendimento N° 10790,E,65
2603,02-Aug-19,R$ 55.00,Pago com atraso da parcela n° 1 do atendimento 10044,E,65
2604,02-Aug-19,R$ 55.00,Pago com atraso da parcela n° 2 do atendimento 10044,E,65
2605,08-Aug-19,R$ 320.00,Pago com sucesso em dinheiro. Atendimento N° 10791,E,65
2606,30-Aug-19,R$ 392.50,BOLETO SIGNUS LAVORATO/JEAN PIERRE,S,65
2607,30-Aug-19,R$ 175.00,Pago com sucesso da parcela n° 3 do atendimento 10745,E,65
2608,26-Aug-19,R$ 150.00,Pago com atraso da parcela n° 5 do atendimento 10706,E,65
2609,22-Aug-19,R$ 85.00,Pago com sucesso da parcela n° 1 do atendimento 10783,E,65
2610,21-Aug-19,R$ 140.00,Pago com atraso da parcela n° 3 do atendimento 10118,E,65
2611,19-Aug-19,R$ 120.00,Pago com atraso da parcela n° 5 do atendimento 10691,E,65
2612,20-Aug-19,R$ 115.00,Pago com sucesso da parcela n° 1 do atendimento 10770,E,65
2613,09-Sep-19,R$ 283.33,Pago com atraso da parcela n° 3 do atendimento 10741,E,66
2614,09-Sep-19,R$ 200.00,Pago com atraso da parcela n° 4 do atendimento 10735,E,66
2615,05-Sep-19,R$ 200.00,Pago com sucesso da parcela n° 2 do atendimento 10694,E,66
2616,04-Sep-19,R$ 220.00,Pago com atraso da parcela n° 5 do atendimento 10698,E,66
2617,02-Sep-19,R$ 100.00,Pago com sucesso da parcela n° 5 do atendimento 10711,E,66
2618,04-Sep-19,R$ 120.00,Pago com atraso da parcela n° 1 do atendimento 10780,E,66
2619,05-Sep-19,R$ 100.00,Pago com sucesso da parcela n° 2 do atendimento 10765,E,66
2620,04-Sep-19,R$ 130.00,Pago com atraso da parcela n° 1 do atendimento 10611,E,66
2621,04-Sep-19,R$ 140.00,Pago com atraso da parcela n° 3 do atendimento 10498,E,66
2622,04-Sep-19,R$ 140.00,Pago com atraso da parcela n° 4 do atendimento 10498,E,66
2623,04-Sep-19,R$ 175.00,Pago com atraso da parcela n° 1 do atendimento 10323,E,66
2624,02-Sep-19,R$ 186.00,Pago com atraso da parcela n° 4 do atendimento 10717,E,66
2625,03-Sep-19,R$ 150.00,Pago com sucesso da parcela n° 2 do atendimento 10771,E,66
2626,02-Sep-19,R$ 160.98,BOLETO LABO OPTICA,S,66
2627,04-Sep-19,R$ 50.00,BOLETO SICOOB (NF ELETRONICA),S,66
2628,09-Sep-19,R$ 130.78,BOLETO LUXOTICA (JEAN MONIER/PLATINI),S,66
2629,09-Sep-19,R$ 24.00,BOLETO HOYA,S,66
2630,10-Sep-19,"R$ 1,400.00",BOLETO ALUGUEL LOJA,S,66
2631,10-Sep-19,R$ 205.06,BOLETO HOYA,S,66
2632,10-Sep-19,R$ 74.00,BOLETO CDL,S,66
2633,10-Sep-19,R$ 136.74,BOLETO NET,S,66
2634,11-Sep-19,R$ 323.64,BOLETO CEMAR,S,66
2635,11-Sep-19,R$ 35.20,BOLETO DOMINIO SITE,S,66
2636,09-Aug-19,R$ 100.00,Pago com sucesso em dinheiro. Atendimento N° 10794,E,65
2637,12-Aug-19,R$ 840.00,Pago com sucesso no catão de crédito em 5 parcelas. Atendimento N° 10795,E,65
2638,08-Aug-19,R$ 200.00,Pagamento de entrada. Atendimento N° 10792,E,65
2639,13-Aug-19,R$ 200.00,Pagamento de entrada. Atendimento N° 10796,E,65
2640,13-Aug-19,R$ 500.00,Pago com sucesso no catão de crédito em 4 parcelas. Atendimento N° 10797,E,65
2641,14-Aug-19,R$ 550.00,Pago com sucesso no catão de crédito em 5 parcelas. Atendimento N° 10798,E,65
2642,13-Sep-19,R$ 251.00,BOLETO LABO OPTICA,S,66
2643,13-Sep-19,R$ 150.00,Pago com sucesso da parcela n° 1 do atendimento 10796,E,66
2644,13-Sep-19,R$ 145.00,Pago com sucesso da parcela n° 3 do atendimento 10757,E,66
2645,09-Sep-19,R$ 140.00,Pago com sucesso da parcela n° 1 do atendimento 10793,E,66
2646,19-Aug-19,R$ 250.00,Pago com sucesso em dinheiro. Atendimento N° 10799,E,65
2647,21-Aug-19,R$ 450.00,Pago com sucesso no catão de crédito em 2 parcelas. Atendimento N° 10800,E,65
2648,22-Aug-19,R$ 200.00,Pago com sucesso no catão de crédito em 1 parcelas. Atendimento N° 10801,E,65
2649,22-Aug-19,"R$ 1,400.00",Pago com sucesso no catão de crédito em 6 parcelas. Atendimento N° 10802,E,65
2650,22-Aug-19,R$ 690.00,Pago com sucesso no catão de crédito em 6 parcelas. Atendimento N° 10803,E,65
2651,24-Aug-19,R$ 150.00,Pagamento de entrada. Atendimento N° 10804,E,65
2652,26-Aug-19,R$ 130.00,Pagamento de entrada. Atendimento N° 10806,E,65
2653,27-Aug-19,R$ 439.00,Pago com sucesso no cartão de débito. Atendimento N° 10807,E,65
2654,27-Aug-19,"R$ 1,100.00",Pago com sucesso no catão de crédito em 3 parcelas. Atendimento N° 10808,E,65
2655,18-Sep-19,R$ 852.58,BOLETO HOYA,S,66
2656,17-Sep-19,R$ 125.00,Pago com atraso da parcela n° 2 do atendimento 10739,E,66
2657,18-Sep-19,R$ 110.00,Pago com atraso da parcela n° 1 do atendimento 10784,E,66
2658,18-Sep-19,R$ 230.00,Pago com atraso da parcela n° 5 do atendimento 10604,E,66
2659,18-Sep-19,R$ 230.00,Pago com atraso da parcela n° 6 do atendimento 10604,E,66
2660,18-Sep-19,R$ 230.00,Pago com atraso da parcela n° 7 do atendimento 10604,E,66
2661,31-Aug-19,R$ 550.00,Pago com sucesso no catão de crédito em 10 parcelas. Atendimento N° 10809,E,65
2662,24-Aug-19,R$ 100.00,Pagamento de entrada. Atendimento N° 10805,E,65
2663,14-Sep-19,R$ 195.00,Pago com sucesso da parcela n° 6 do atendimento 10670,E,66
2664,14-Sep-19,R$ 140.00,Pago com atraso da parcela n° 4 do atendimento 10671,E,66
2665,10-Sep-19,R$ 175.00,Pago com sucesso da parcela n° 4 do atendimento 10745,E,66
2666,31-Aug-19,R$ 852.65,DESPESAS DIVERSAS,S,65
2667,19-Sep-19,R$ 212.50,Pago com atraso da parcela n° 3 do atendimento 10737,E,66
2668,20-Sep-19,R$ 354.00,BOLETO KEYPER,S,66
2669,20-Sep-19,R$ 342.77,BOLETO IMPOSTO SIMPLES,S,66
2670,20-Sep-19,R$ 5.75,BOLETO DARE (ICMS),S,66
2671,20-Sep-19,R$ 140.00,Pago com atraso da parcela n° 1 do atendimento 10792,E,66
2672,20-Sep-19,R$ 140.00,Pago com sucesso da parcela n° 2 do atendimento 10792,E,66
2673,06-Sep-19,R$ 280.00,Pago com sucesso no catão de crédito em 3 parcelas. Atendimento N° 10814,E,66
2674,28-Jun-19,R$ 200.00,Pago com atraso da parcela n° 6 do atendimento 10624,E,63
2675,23-Sep-19,R$ 12.00,BOLETO HOYA,S,66
2676,24-Sep-19,R$ 400.00,BOLETO CONTADOR,S,66
2677,25-Sep-19,R$ 789.67,BOLETO FINANCIAMENTO BNB,S,66
2678,26-Sep-19,R$ 150.00,Pago com atraso da parcela n° 6 do atendimento 10706,E,66
2679,26-Sep-19,R$ 150.00,Pago com sucesso da parcela n° 7 do atendimento 10706,E,66
2680,26-Sep-19,R$ 150.00,Pago com sucesso da parcela n° 8 do atendimento 10706,E,66
2681,30-Jul-19,R$ 160.00,Pago com sucesso da parcela n° 2 do atendimento 10740,E,0
2682,23-Aug-19,R$ 160.00,Pago com sucesso da parcela n° 3 do atendimento 10740,E,65
2683,26-Sep-19,R$ 160.00,Pago com sucesso da parcela n° 4 do atendimento 10740,E,66
2684,26-Sep-19,R$ 100.00,Pago com atraso da parcela n° 3 do atendimento 10668,E,66
2685,26-Sep-19,R$ 100.00,Pago com atraso da parcela n° 4 do atendimento 10668,E,66
2686,25-Sep-19,R$ 85.00,Pago com sucesso da parcela n° 2 do atendimento 10783,E,66
2687,23-Sep-19,R$ 380.00,Pago com atraso da parcela n° 4 do atendimento 10709,E,66
2688,23-Sep-19,R$ 115.00,Pago com atraso da parcela n° 2 do atendimento 10770,E,66
2689,02-Sep-19,R$ 100.00,Pagamento de entrada. Atendimento N° 10810,E,66
2690,05-Sep-19,R$ 135.00,Pagamento de entrada. Atendimento N° 10812,E,66
2691,09-Sep-19,R$ 810.00,Pago com sucesso no catão de crédito em 6 parcelas. Atendimento N° 10817,E,66
2692,25-Sep-19,R$ 100.00,Pago com sucesso da parcela n° 1 do atendimento 10815,E,66
2693,14-Sep-19,R$ 400.00,Pago com sucesso no catão de crédito em 2 parcelas. Atendimento N° 10819,E,66
2694,17-Sep-19,R$ 150.00,Pagamento de entrada. Atendimento N° 10820,E,66
2695,19-Sep-19,R$ 220.00,Pago com sucesso em dinheiro. Atendimento N° 10821,E,66
2696,19-Sep-19,R$ 0.01,Pago com sucesso em dinheiro. Atendimento N° 10822,E,66
2697,23-Sep-19,"R$ 1,256.00",Pago com sucesso no catão de crédito em 6 parcelas. Atendimento N° 10823,E,66
2698,23-Sep-19,R$ 280.00,Pago com sucesso no catão de crédito em 2 parcelas. Atendimento N° 10824,E,66
2699,24-Sep-19,R$ 500.00,Pago com sucesso em dinheiro. Atendimento N° 10825,E,66
2700,26-Sep-19,R$ 150.00,Pago com sucesso no catão de crédito em 1 parcelas. Atendimento N° 10827,E,66
2701,27-Sep-19,R$ 155.00,Pago com atraso da parcela n° 4 do atendimento 10723,E,66
2702,27-Sep-19,R$ 150.00,Pago com atraso da parcela n° 1 do atendimento 10786,E,66
2703,28-Sep-19,R$ 290.00,BOLETO UNILAB,S,66
2704,30-Sep-19,R$ 126.66,BOLETO HOYA,S,66
2705,30-Sep-19,R$ 392.50,BOLETO SIGNUS (ARMAÇÕES LAVORATO / JEAN PIERRE),S,66
2706,01-Oct-19,R$ 12.00,BOLETO HOYA,S,67
2707,03-Oct-19,R$ 184.00,Pago com sucesso da parcela n° 1 do atendimento 10813,E,67
2708,03-Oct-19,R$ 184.00,Pago com sucesso da parcela n° 2 do atendimento 10813,E,67
2709,03-Oct-19,R$ 184.00,Pago com sucesso da parcela n° 3 do atendimento 10813,E,67
2710,30-Sep-19,R$ 753.50,DIVERSOS LABORATÓRIOS,S,66
2711,09-Sep-19,R$ 130.00,Pago com sucesso da parcela n° 3 do atendimento 10742,E,66
2712,03-Oct-19,R$ 215.00,Pago com atraso da parcela n° 5 do atendimento 10613,E,67
2713,04-Oct-19,R$ 150.00,Pago com sucesso da parcela n° 2 do atendimento 10796,E,67
2714,04-Oct-19,R$ 50.00,BOLETO SICOOB (NOTA FISCAL ELETRÔNICA),S,67
2715,10-Sep-19,R$ 200.00,Pagamento de entrada. Atendimento N° 10818,E,66
2716,08-Oct-19,R$ 474.47,BOLETO UNILAB,S,67
2717,08-Oct-19,R$ 38.04,BOLETO HOYA,S,67
2718,09-Oct-19,R$ 167.79,BOLETO CEMAR,S,67
2719,10-Oct-19,R$ 74.00,BOLETO CDL,S,67
2720,10-Oct-19,"R$ 1,400.00",PAGAMENTO DE ALUGUEL,S,67
2721,10-Oct-19,R$ 136.74,BOLETO NET,S,67
2722,07-Oct-19,R$ 120.00,Pago com atraso da parcela n° 2 do atendimento 10780,E,67
2723,07-Oct-19,R$ 100.00,Pago com atraso da parcela n° 3 do atendimento 10765,E,67
2724,07-Oct-19,R$ 200.00,Pago com atraso da parcela n° 3 do atendimento 10694,E,67
2725,07-Oct-19,R$ 100.00,Pago com atraso da parcela n° 5 do atendimento 10715,E,67
2726,03-Oct-19,R$ 130.00,Pago com atraso da parcela n° 2 do atendimento 10611,E,67
2727,03-Oct-19,R$ 130.00,Pago com atraso da parcela n° 3 do atendimento 10611,E,67
2728,04-Oct-19,R$ 150.00,Pago com sucesso da parcela n° 3 do atendimento 10771,E,67
2729,07-Oct-19,R$ 110.00,Pago com atraso da parcela n° 2 do atendimento 10784,E,67
2730,09-Oct-19,R$ 150.00,Pago com atraso da parcela n° 1 do atendimento 10816,E,67
2731,10-Oct-19,R$ 150.00,Pago com sucesso da parcela n° 1 do atendimento 10820,E,67
2732,14-Oct-19,R$ 251.00,BOLETO LABO OPTICA,S,67
2733,16-Oct-19,R$ 272.00,BOLETO HOYA,S,67
2734,21-Oct-19,R$ 12.00,BOLETO HOYA,S,67
2735,21-Oct-19,R$ 143.66,BOLETO HOYA,S,67
2736,21-Oct-19,R$ 354.00,BOLETO KEYPER,S,67
2737,21-Oct-19,R$ 2.00,BOLETO IMPOSTO DARE (ICMS),S,67
2738,21-Oct-19,R$ 180.65,BOLETO IMPOSTO SIMPLES,S,67
2739,27-Feb-19,R$ 185.00,Pago com atraso da parcela n° 4 do atendimento 10466,E,0
2740,27-Feb-19,R$ 185.00,Pago com atraso da parcela n° 5 do atendimento 10466,E,0
2741,24-Oct-19,R$ 400.00,BOLETO CONTADOR,S,67
2742,10-Oct-19,R$ 180.00,Pagamento de entrada. Atendimento N° 10836,E,67
2743,01-Oct-19,R$ 100.00,Pago com sucesso em dinheiro. Atendimento N° 10828,E,67
2744,02-Oct-19,R$ 750.00,Pago com sucesso no catão de crédito em 6 parcelas. Atendimento N° 10830,E,67
2745,01-Oct-19,R$ 0.01,Pago com sucesso em dinheiro. Atendimento N° 10831,E,67
2746,07-Oct-19,R$ 100.00,Pagamento de entrada. Atendimento N° 10832,E,67
2747,09-Oct-19,R$ 200.00,Pago com sucesso no cartão de débito. Atendimento N° 10834,E,67
2748,09-Oct-19,R$ 600.00,Pago com sucesso no catão de crédito em 3 parcelas. Atendimento N° 10835,E,67
2749,25-Oct-19,R$ 781.62,BOLETO FINANCIAMENTO BNB,S,67
2750,28-Oct-19,R$ 143.66,BOLETO HOYA,S,67
2751,29-Oct-19,R$ 392.50,BOLETO SIGNUS (LAVORATO / JEAN PIERRE),S,67
2752,16-Oct-19,R$ 200.00,Pago com sucesso em dinheiro. Atendimento N° 10838,E,67
2753,18-Oct-19,R$ 300.00,Pago com sucesso no catão de crédito em 1 parcelas. Atendimento N° 10840,E,67
2754,18-Oct-19,R$ 500.00,Pago com sucesso em dinheiro. Atendimento N° 10841,E,67
2755,24-Oct-19,R$ 950.00,Pago com sucesso no catão de crédito em 6 parcelas. Atendimento N° 10843,E,67
2756,24-Oct-19,R$ 150.00,Pago com sucesso em dinheiro. Atendimento N° 10844,E,67
2757,04-Nov-19,R$ 12.00,BOLETO HOYA,S,68
2758,04-Nov-19,R$ 347.66,BOLETO HOYA,S,68
2759,29-Oct-19,R$ 160.00,Pago com sucesso da parcela n° 5 do atendimento 10740,E,67
2760,26-Nov-18,R$ 230.00,Pago com atraso da parcela n° 6 do atendimento 10482,E,0
2761,25-Oct-19,R$ 140.00,Pago com atraso da parcela n° 2 do atendimento 10769,E,67
2762,24-Oct-19,R$ 115.00,Pago com atraso da parcela n° 3 do atendimento 10770,E,67
2763,23-Oct-19,R$ 155.00,Pago com sucesso da parcela n° 5 do atendimento 10723,E,67
2764,23-Oct-19,R$ 150.00,Pago com sucesso da parcela n° 2 do atendimento 10786,E,67
2765,27-Aug-19,R$ 155.00,Pago com atraso da parcela n° 3 do atendimento 10723,E,65
2766,22-Oct-19,R$ 100.00,Pago com sucesso da parcela n° 2 do atendimento 10815,E,67
2767,22-Oct-19,R$ 150.00,Pago com atraso da parcela n° 4 do atendimento 10738,E,67
2768,22-Oct-19,R$ 120.00,Pago com atraso da parcela n° 1 do atendimento 10806,E,67
2769,22-Oct-19,R$ 100.00,Pago com atraso da parcela n° 1 do atendimento 10826,E,67
2770,17-Oct-19,R$ 140.00,Pago com sucesso da parcela n° 3 do atendimento 10792,E,67
2771,28-Jun-19,R$ 115.00,Pago com atraso da parcela n° 2 do atendimento 10688,E,0
2772,17-Oct-19,R$ 115.00,Pago com atraso da parcela n° 3 do atendimento 10688,E,67
2773,17-Oct-19,R$ 115.00,Pago com atraso da parcela n° 4 do atendimento 10688,E,67
2774,16-Oct-19,R$ 135.00,Pago com atraso da parcela n° 1 do atendimento 10811,E,67
2775,16-Oct-19,R$ 130.00,Pago com atraso da parcela n° 4 do atendimento 10742,E,67
2776,14-Oct-19,R$ 140.00,Pago com atraso da parcela n° 2 do atendimento 10793,E,67
2777,14-Oct-19,R$ 200.00,Pago com atraso da parcela n° 5 do atendimento 10735,E,67
2778,11-Oct-19,R$ 200.00,Pago com atraso da parcela n° 1 do atendimento 10804,E,67
2779,11-Oct-19,R$ 145.00,Pago com sucesso da parcela n° 4 do atendimento 10757,E,67
2780,10-Sep-19,R$ 140.00,Pago com sucesso da parcela n° 3 do atendimento 10769,E,66
2781,06-Nov-19,R$ 140.00,Pago com atraso da parcela n° 4 do atendimento 10769,E,68
2782,07-Nov-19,R$ 139.14,BOLETO CEMAR,S,68
2783,08-Nov-19,"R$ 1,400.00",ALUGUEL DA LOJA,S,68
2784,11-Nov-19,R$ 137.13,BOLETO NET,S,68
2785,11-Nov-19,R$ 12.00,BOLETO HOYA,S,68
2786,24-Oct-19,R$ 260.00,Pagamento de entrada. Atendimento N° 10845,E,67
2787,24-Oct-19,"R$ 1,800.00",Pago com sucesso no cartão de débito. Atendimento N° 10846,E,67
2788,28-Oct-19,R$ 500.00,Pago com sucesso no catão de crédito em 5 parcelas. Atendimento N° 10847,E,67
2789,28-Oct-19,"R$ 1,200.00",Pago com sucesso no catão de crédito em 1 parcelas. Atendimento N° 10848,E,67
2790,28-Oct-19,R$ 800.00,Pago com sucesso no catão de crédito em 10 parcelas. Atendimento N° 10849,E,67
2791,18-Nov-19,R$ 14.00,BOLETO HOYA,S,68
2792,18-Nov-19,R$ 72.25,BOLETO HOYA,S,68
2793,18-Nov-19,R$ 72.25,BOLETO HOYA,S,68
2794,29-Oct-19,R$ 480.00,Pago com sucesso em dinheiro. Atendimento N° 10850,E,67
2795,31-Oct-19,R$ 100.00,Pagamento de entrada. Atendimento N° 10851,E,67
2796,14-Nov-19,R$ 200.00,Pago com atraso da parcela n° 3 do atendimento 10051,E,68
2797,06-Nov-19,R$ 240.00,Pago com atraso da parcela n° 6 do atendimento 10579,E,68
2798,20-Nov-19,R$ 140.00,Pago com sucesso da parcela n° 4 do atendimento 10792,E,68
2799,16-Nov-19,R$ 125.00,Pago com atraso da parcela n° 1 do atendimento 10842,E,68
2800,06-Nov-19,R$ 90.00,Pago com atraso da parcela n° 1 do atendimento 10837,E,68
2801,14-Nov-19,R$ 145.00,Pago com sucesso da parcela n° 5 do atendimento 10757,E,68
2802,14-Nov-19,R$ 200.00,Pago com atraso da parcela n° 2 do atendimento 10804,E,68
2803,12-Nov-19,R$ 140.00,Pago com atraso da parcela n° 3 do atendimento 10793,E,68
2804,12-Nov-19,R$ 90.00,Pago com atraso da parcela n° 1 do atendimento 10832,E,68
2805,12-Nov-19,R$ 180.00,Pago com atraso da parcela n° 1 do atendimento 10836,E,68
2806,11-Nov-19,R$ 150.00,Pago com atraso da parcela n° 2 do atendimento 10820,E,68
2807,08-Nov-19,R$ 170.00,Pago com sucesso da parcela n° 1 do atendimento 10839,E,68
2808,06-Nov-19,R$ 100.00,Pago com atraso da parcela n° 6 do atendimento 10715,E,68
2809,05-Nov-19,R$ 200.00,Pago com sucesso da parcela n° 4 do atendimento 10694,E,68
2810,05-Nov-19,R$ 130.00,Pago com atraso da parcela n° 4 do atendimento 10611,E,68
2811,06-Nov-19,R$ 150.00,Pago com sucesso da parcela n° 4 do atendimento 10771,E,68
2812,06-Nov-19,R$ 100.00,Pago com atraso da parcela n° 4 do atendimento 10765,E,68
2813,01-Nov-19,R$ 150.00,Pago com sucesso da parcela n° 3 do atendimento 10796,E,68
2814,27-Aug-19,R$ 170.00,Pago com atraso da parcela n° 3 do atendimento 10727,E,65
2815,09-Nov-19,R$ 170.00,Pago com atraso da parcela n° 4 do atendimento 10727,E,68
2816,09-Nov-19,R$ 170.00,Pago com atraso da parcela n° 5 do atendimento 10727,E,68
2817,11-Nov-19,R$ 100.00,Pago com atraso da parcela n° 5 do atendimento 10668,E,68
2818,11-Nov-19,R$ 100.00,Pago com atraso da parcela n° 6 do atendimento 10668,E,68
2819,20-Nov-19,R$ 288.79,BOLETO SIMPLES,S,68
2820,20-Nov-19,R$ 3.90,BOLETO DARE (ICMS),S,68
2821,21-Nov-19,R$ 52.00,BOLETO VIRTUAL X (NOTA FISCAL ELETRONICA),S,68
2822,25-Nov-19,R$ 781.22,FINANCIAMENTO BNB,S,68
2823,25-Nov-19,R$ 12.00,BOLETO HOYA,S,68
2824,26-Nov-19,R$ 400.00,BOLEO CONTADOR,S,68
2825,26-Nov-19,R$ 380.00,Pago com atraso da parcela n° 5 do atendimento 10709,E,68
2826,26-Nov-19,R$ 294.00,Pago com atraso da parcela n° 5 do atendimento 10697,E,68
2827,26-Nov-19,R$ 195.00,Pago com atraso da parcela n° 3 do atendimento 10732,E,68
2828,23-Nov-19,R$ 212.50,Pago com atraso da parcela n° 4 do atendimento 10737,E,68
2829,07-Nov-19,R$ 120.00,Pago com atraso da parcela n° 3 do atendimento 10780,E,68
2830,22-Nov-19,R$ 135.00,Pago com atraso da parcela n° 2 do atendimento 10811,E,68
2831,21-Oct-19,R$ 150.00,Pago com atraso da parcela n° 1 do atendimento 10805,E,67
2832,08-Feb-19,R$ 146.00,Pago com sucesso da parcela n° 5 do atendimento 10641,E,0
2833,01-Nov-18,R$ 160.00,Pago com sucesso da parcela n° 1 do atendimento 10518,E,0
2834,03-Dec-18,R$ 160.00,Pago com atraso da parcela n° 2 do atendimento 10518,E,0
2835,01-Jan-19,R$ 160.00,Pago com sucesso da parcela n° 3 do atendimento 10518,E,0
2836,01-Feb-19,R$ 160.00,Pago com sucesso da parcela n° 4 do atendimento 10518,E,0
2837,01-Mar-19,R$ 160.00,Pago com sucesso da parcela n° 5 do atendimento 10518,E,0
2838,03-Jan-19,R$ 190.00,Pago com sucesso da parcela n° 1 do atendimento 10620,E,0
2839,04-Feb-19,R$ 190.00,Pago com atraso da parcela n° 2 do atendimento 10620,E,0
2840,01-Nov-18,R$ 200.00,Pago com sucesso da parcela n° 3 do atendimento 10537,E,0
2841,04-Mar-19,R$ 190.00,Pago com atraso da parcela n° 3 do atendimento 10620,E,0
2842,03-Dec-18,R$ 200.00,Pago com atraso da parcela n° 4 do atendimento 10537,E,0
2843,27-Nov-19,R$ 200.00,Pago com atraso da parcela n° 6 do atendimento 10735,E,68
2844,28-Nov-19,R$ 392.50,BOLETO SIGNUS (LAVORATO/JEAN PIERRE),S,68
2845,29-Nov-19,R$ 624.46,BOLETO HOYA,S,68
2846,04-Nov-19,"R$ 1,000.00",Pago com sucesso no catão de crédito em 3 parcelas. Atendimento N° 10853,E,68
2847,11-Nov-19,"R$ 2,000.00",Pago com sucesso no catão de crédito em 6 parcelas. Atendimento N° 10855,E,68
2848,12-Dec-19,R$ 400.00,Pago com sucesso no cartão de débito. Atendimento N° 10856,E,69
2849,18-Nov-19,R$ 400.00,Pago com sucesso no catão de crédito em 4 parcelas. Atendimento N° 10859,E,68
2850,20-Nov-19,R$ 900.00,Pago com sucesso no catão de crédito em 6 parcelas. Atendimento N° 10861,E,68
2851,04-Dec-19,R$ 363.66,BOLETO UNILAB,S,69
2852,05-Dec-19,R$ 200.00,Pago com sucesso da parcela n° 5 do atendimento 10694,E,69
2853,05-Dec-19,R$ 120.00,Pago com atraso da parcela n° 4 do atendimento 10780,E,69
2854,05-Dec-19,R$ 135.00,Pago com atraso da parcela n° 1 do atendimento 10812,E,69
2855,05-Dec-19,R$ 135.00,Pago com atraso da parcela n° 2 do atendimento 10812,E,69
2856,05-Dec-19,R$ 150.00,Pago com sucesso da parcela n° 5 do atendimento 10771,E,69
2857,02-Dec-19,R$ 130.00,Pago com atraso da parcela n° 1 do atendimento 10833,E,69
2858,04-Dec-19,R$ 130.00,Pago com atraso da parcela n° 5 do atendimento 10611,E,69
2859,04-Dec-19,R$ 130.00,Pago com atraso da parcela n° 6 do atendimento 10611,E,69
2860,02-Dec-19,R$ 140.00,Pago com sucesso da parcela n° 5 do atendimento 10769,E,69
2861,02-Dec-19,R$ 100.00,Pago com sucesso da parcela n° 3 do atendimento 10815,E,69
2862,25-Nov-19,R$ 100.00,Pago com atraso da parcela n° 2 do atendimento 10826,E,68
2863,28-Nov-19,R$ 200.00,Pago com sucesso no catão de crédito em 1 parcelas. Atendimento N° 10866,E,68
2864,19-Nov-19,R$ 150.00,Pagamento de entrada. Atendimento N° 10860,E,68
2865,14-Nov-19,R$ 245.00,Pagamento de entrada. Atendimento N° 10857,E,68
2866,16-Nov-19,R$ 200.00,Pagamento de entrada. Atendimento N° 10858,E,68
2867,06-Dec-19,R$ 125.00,Pago com atraso da parcela n° 1 do atendimento 10851,E,69
2868,03-Dec-19,R$ 200.00,Pago com sucesso da parcela n° 1 do atendimento 10852,E,69
2869,09-Dec-19,R$ 287.32,BOLETO HOYA,S,69
2870,10-Dec-19,"R$ 1,400.00",BOLETO ALUGUEL DA LOJA,S,69
2871,10-Dec-19,R$ 149.98,BOLETO NET,S,69
2872,10-Dec-19,R$ 162.90,BOLETO CEMAR,S,69
2873,11-Dec-19,R$ 52.00,BOLETO NOTA FISCAL ELETRONICA (VIRTUAL X),S,69
2874,16-Dec-19,R$ 194.00,BOLETO UNILAB,S,69
2875,16-Dec-19,R$ 24.00,BOLETO HOYA,S,69
2876,16-Dec-19,R$ 637.52,BOLETO HOYA,S,69
2877,20-Dec-19,R$ 259.20,BOLETO IMPOSTO SIMPLES,S,69
2878,20-Dec-19,R$ 7.76,BOLETO IMPOSTO ICMS (DARE),S,69
2879,23-Dec-19,R$ 400.00,BOLETO CONTADOR,S,69
2880,30-Nov-19,R$ 411.00,DESPESAS DIVERSAS,S,68
2881,03-Dec-19,"R$ 1,200.00",Pago com sucesso no catão de crédito em 6 parcelas. Atendimento N° 10867,E,69
2882,04-Dec-19,R$ 400.00,Pago com sucesso em dinheiro. Atendimento N° 10868,E,69
2883,04-Dec-19,R$ 675.00,Pago com sucesso no catão de crédito em 3 parcelas. Atendimento N° 10870,E,69
2884,26-Dec-19,R$ 773.45,BOLETO FINANCIAMENTO BNB,S,69
2885,30-Dec-19,R$ 361.50,BOLETO UNILAB,S,69
2886,02-Jan-20,R$ 38.00,BOLETO HOYA,S,70
2887,20-Dec-19,R$ 130.00,Pago com atraso da parcela n° 2 do atendimento 10833,E,69
2888,02-Jan-20,R$ 130.00,Pago com sucesso da parcela n° 3 do atendimento 10833,E,70
2889,02-Jan-20,R$ 130.00,Pago com sucesso da parcela n° 4 do atendimento 10833,E,70
2890,02-Jan-20,R$ 130.00,Pago com sucesso da parcela n° 5 do atendimento 10833,E,70
2891,04-Dec-19,R$ 140.00,Pagamento de entrada. Atendimento N° 10869,E,69
2892,06-Jan-20,R$ 819.42,BOLETO HOYA,S,70
2893,06-Jan-20,R$ 12.00,BOLETO HOYA,S,70
2894,30-Dec-19,R$ 170.00,Pago com atraso da parcela n° 2 do atendimento 10839,E,69
2895,30-Dec-19,R$ 100.00,Pago com sucesso da parcela n° 1 do atendimento 10862,E,69
2896,17-Dec-19,R$ 195.00,Pago com atraso da parcela n° 5 do atendimento 10732,E,69
2897,30-Dec-19,R$ 195.00,Pago com atraso da parcela n° 6 do atendimento 10732,E,69
2898,30-Dec-19,R$ 150.00,Pago com sucesso da parcela n° 5 do atendimento 10796,E,69
2899,26-Dec-19,R$ 150.00,Pago com atraso da parcela n° 2 do atendimento 10805,E,69
2900,17-Dec-19,R$ 135.00,Pago com atraso da parcela n° 3 do atendimento 10811,E,69
2901,16-Dec-19,R$ 140.00,Pago com atraso da parcela n° 4 do atendimento 10793,E,69
2902,11-Dec-19,R$ 222.00,Pago com atraso da parcela n° 1 do atendimento 10858,E,69
2903,13-Dec-19,R$ 150.00,Pago com atraso da parcela n° 2 do atendimento 10816,E,69
2904,13-Dec-19,R$ 90.00,Pago com atraso da parcela n° 2 do atendimento 10837,E,69
2905,13-Dec-19,R$ 100.00,Pago com atraso da parcela n° 5 do atendimento 10765,E,69
2906,12-Dec-19,R$ 195.00,Pago com atraso da parcela n° 4 do atendimento 10732,E,69
2907,12-Dec-19,R$ 294.00,Pago com atraso da parcela n° 6 do atendimento 10697,E,69
2908,10-Dec-19,R$ 150.00,Pago com sucesso da parcela n° 4 do atendimento 10796,E,69
2909,10-Dec-19,R$ 100.00,Pago com atraso da parcela n° 1 do atendimento 10845,E,69
2910,10-Dec-19,R$ 180.00,Pago com sucesso da parcela n° 2 do atendimento 10836,E,69
2911,10-Dec-19,R$ 150.00,Pago com sucesso da parcela n° 3 do atendimento 10820,E,69
2912,09-Dec-19,R$ 90.00,Pago com atraso da parcela n° 2 do atendimento 10832,E,69
2913,10-Dec-19,R$ 145.00,Pago com sucesso da parcela n° 6 do atendimento 10757,E,69
2914,10-Dec-19,R$ 200.00,Pago com atraso da parcela n° 3 do atendimento 10804,E,69
2915,09-Dec-19,R$ 140.00,Pago com sucesso da parcela n° 5 do atendimento 10792,E,69
2916,07-Jan-20,R$ 186.00,Pago com atraso da parcela n° 5 do atendimento 10717,E,70
2917,07-Jan-20,R$ 135.00,Pago com atraso da parcela n° 4 do atendimento 10811,E,70
2918,07-Jan-20,R$ 200.00,Pago com atraso da parcela n° 2 do atendimento 10852,E,70
2919,06-Jan-20,R$ 100.00,Pago com atraso da parcela n° 4 do atendimento 10815,E,70
2920,03-Jan-20,R$ 130.00,Pago com sucesso da parcela n° 1 do atendimento 10860,E,70
2921,03-Jan-20,R$ 100.00,Pago com atraso da parcela n° 2 do atendimento 10845,E,70
2922,03-Jan-20,R$ 140.00,Pago com sucesso da parcela n° 1 do atendimento 10869,E,70
2923,03-Jan-20,R$ 120.00,Pago com atraso da parcela n° 1 do atendimento 10865,E,70
2924,02-Jan-20,R$ 100.00,Pago com atraso da parcela n° 3 do atendimento 10826,E,70
2925,10-Jan-20,"R$ 1,400.00",ALUGUEL DA LOJA,S,70
2926,10-Jan-20,R$ 147.25,BOLETO NET,S,70
2927,13-Jan-20,R$ 52.00,BOLETO VIRTUAL X (NOTA FISCAL ELETRONICA),S,70
2928,14-Jan-20,R$ 361.62,BOLETO HOYA,S,70
2929,16-Jan-20,R$ 205.70,BOLETO HOYA,S,70
2930,14-Jan-20,R$ 180.00,Pago com atraso da parcela n° 3 do atendimento 10836,E,70
2931,13-Jan-20,R$ 90.00,Pago com atraso da parcela n° 3 do atendimento 10832,E,70
2932,13-Jan-20,R$ 140.00,Pago com atraso da parcela n° 5 do atendimento 10793,E,70
2933,06-Nov-19,R$ 110.00,Pago com atraso da parcela n° 3 do atendimento 10784,E,68
2934,06-Dec-19,R$ 110.00,Pago com atraso da parcela n° 4 do atendimento 10784,E,69
2935,13-Jan-20,R$ 110.00,Pago com atraso da parcela n° 5 do atendimento 10784,E,70
2936,10-Jan-20,R$ 200.00,Pago com atraso da parcela n° 4 do atendimento 10804,E,70
2937,10-Jan-20,R$ 150.00,Pago com sucesso da parcela n° 4 do atendimento 10820,E,70
2938,09-Dec-19,"R$ 1,140.00",Pago com sucesso no catão de crédito em 6 parcelas. Atendimento N° 10871,E,69
2939,10-Dec-19,R$ 800.00,Pago com sucesso no catão de crédito em 4 parcelas. Atendimento N° 10872,E,69
2940,17-Dec-19,R$ 660.00,Pago com sucesso no catão de crédito em 4 parcelas. Atendimento N° 10876,E,69
2941,20-Jan-20,R$ 12.00,BOLETO HOYA,S,70
2942,20-Jan-20,R$ 304.00,BOLETO SIMPLES,S,70
2943,20-Jan-20,R$ 5.79,BOLETO IMPOSTO ICMS,S,70
2944,19-Dec-19,R$ 950.00,Pago com sucesso no catão de crédito em 6 parcelas. Atendimento N° 10878,E,69
2945,21-Dec-19,R$ 900.00,Pago com sucesso no catão de crédito em 6 parcelas. Atendimento N° 10879,E,69
2946,27-Dec-19,R$ 800.00,Pago com sucesso no catão de crédito em 6 parcelas. Atendimento N° 10881,E,69
2947,28-Dec-19,R$ 750.00,Pago com sucesso em dinheiro. Atendimento N° 10882,E,69
2948,28-Dec-19,R$ 200.00,Pago com sucesso em dinheiro. Atendimento N° 10883,E,69
2949,19-Dec-19,R$ 200.00,Pagamento de entrada. Atendimento N° 10877,E,69
2950,03-Jan-20,R$ 350.00,Pago com sucesso em dinheiro. Atendimento N° 10885,E,70
2951,24-Jan-20,R$ 400.00,BOLETO CONTADOR,S,70
2952,06-Jan-20,R$ 295.00,Pago com sucesso no catão de crédito em 3 parcelas. Atendimento N° 10887,E,70
2953,06-Jan-20,R$ 106.00,Pago com sucesso no cartão de débito. Atendimento N° 10888,E,70
2954,08-Jan-20,R$ 500.00,Pago com sucesso em dinheiro. Atendimento N° 10889,E,70
2955,08-Jan-20,R$ 600.00,Pago com sucesso no catão de crédito em 4 parcelas. Atendimento N° 10890,E,70
2956,08-Jan-20,R$ 500.00,Pago com sucesso em dinheiro. Atendimento N° 10891,E,70
2957,13-Jan-20,R$ 220.00,Pago com sucesso no catão de crédito em 1 parcelas. Atendimento N° 10893,E,70
2958,14-Jan-20,R$ 260.00,Pago com sucesso em dinheiro. Atendimento N° 10897,E,70
2959,27-Jan-20,R$ 12.00,BOLETO HOYA,S,70
2960,27-Jan-20,R$ 772.78,BOLETO FINANCIAMENTO BNB,S,70
2961,16-Jan-20,R$ 330.00,Pago com sucesso em dinheiro. Atendimento N° 10898,E,70
2962,27-Jan-20,R$ 185.00,Pago com atraso da parcela n° 6 do atendimento 10466,E,70
2963,20-Jan-20,"R$ 1,200.00",Pago com sucesso no catão de crédito em 6 parcelas. Atendimento N° 10902,E,70
2964,20-Jan-20,R$ 700.00,Pago com sucesso no catão de crédito em 6 parcelas. Atendimento N° 10903,E,70
2965,31-Oct-19,R$ 912.50,"DESPESAS DIVERSAS, LENTES E MONTAGENS",S,67
2966,31-Dec-19,R$ 808.50,"DESPESAS DIVERSAS, LABORATORIOS E MONTAGENS",S,69
2967,22-Jan-20,R$ 100.00,Pago com atraso da parcela n° 1 do atendimento 10810,E,70
2968,20-Jan-20,R$ 250.00,Pago com sucesso da parcela n° 1 do atendimento 10880,E,70
2969,22-Jan-20,R$ 130.00,Pago com atraso da parcela n° 5 do atendimento 10742,E,70
2970,22-Jan-20,R$ 130.00,Pago com atraso da parcela n° 6 do atendimento 10742,E,70
2971,22-Jan-20,R$ 130.00,Pago com atraso da parcela n° 7 do atendimento 10742,E,70
2972,20-Jan-20,R$ 125.00,Pago com atraso da parcela n° 2 do atendimento 10842,E,70
2973,28-Jan-20,R$ 290.15,BOLETO HOYA,S,70
2974,23-Jan-20,R$ 180.00,Pago com sucesso em dinheiro. Atendimento N° 10904,E,70
2975,23-Jan-20,R$ 250.00,Pago com sucesso no cartão de débito. Atendimento N° 10906,E,70
2976,31-Jan-20,R$ 165.00,Pago com sucesso da parcela n° 1 do atendimento 10901,E,70
2977,29-Jan-20,R$ 100.00,Pago com sucesso da parcela n° 3 do atendimento 10845,E,70
2978,29-Jan-20,R$ 130.00,Pago com sucesso da parcela n° 2 do atendimento 10860,E,70
2979,31-Jan-20,R$ 12.00,BOLETO HOYA,S,70
2980,31-Jan-20,R$ 93.00,LÂMADAS PARA VITRINE (10),S,70
2981,31-Jan-20,"R$ 1,027.10",DESPESAS DIVERSAS,S,70
2982,10-Dec-19,R$ 204.00,Pagamento de entrada. Atendimento N° 10873,E,69
2983,17-Jan-20,R$ 230.00,Pagamento de entrada. Atendimento N° 10900,E,70
2984,06-Jan-20,R$ 300.00,Pagamento de entrada. Atendimento N° 10886,E,70
2985,14-Jan-20,R$ 200.00,Pagamento de entrada. Atendimento N° 10896,E,70
2986,29-Jan-20,R$ 0.01,Pago com sucesso em dinheiro. Atendimento N° 10908,E,70
2987,03-Feb-20,R$ 140.00,Pago com sucesso da parcela n° 2 do atendimento 10869,E,71
2988,03-Feb-20,R$ 120.00,Pago com atraso da parcela n° 2 do atendimento 10865,E,71
2989,01-Feb-20,R$ 130.00,Pago com atraso da parcela n° 1 do atendimento 10874,E,71
2990,10-Jan-20,R$ 175.71,BOLETO CEMAR,S,70
2991,03-Feb-20,R$ 200.00,Pago com sucesso da parcela n° 3 do atendimento 10852,E,71
2992,04-Feb-20,R$ 453.51,BOLETO HOYA,S,71
2993,04-Feb-20,R$ 9.33,BOLETO STONE,S,71
2994,04-Feb-20,R$ 140.00,Pago com sucesso da parcela n° 1 do atendimento 10895,E,71
2995,03-Feb-20,R$ 100.00,Pago com atraso da parcela n° 4 do atendimento 10826,E,71
2996,07-Feb-20,R$ 110.00,Pago com atraso da parcela n° 6 do atendimento 10784,E,71
2997,06-Feb-20,R$ 245.00,Pago com atraso da parcela n° 1 do atendimento 10857,E,71
2998,07-Feb-20,R$ 97.50,Pago com atraso da parcela n° 1 do atendimento 10854,E,71
2999,07-Feb-20,R$ 170.00,Pago com atraso da parcela n° 3 do atendimento 10839,E,71
3000,07-Feb-20,"R$ 1,400.00",BOLETO ALUGUEL DA LOJA,S,71
3001,10-Feb-20,R$ 42.00,BOLETO HOYA,S,71
3002,10-Feb-20,R$ 663.02,BOLETO HOYA,S,71
3003,10-Feb-20,R$ 548.00,BOLETO UNILAB,S,71
3004,10-Feb-20,R$ 152.41,BOLETO NET,S,71
3005,11-Feb-20,R$ 148.81,BOLETO CEMAR,S,71
3006,17-Feb-20,R$ 26.00,BOLETO HOYA,S,71
3007,17-Feb-20,R$ 610.32,BOLETO HOYA,S,71
3008,14-Jan-20,R$ 320.00,Pago com sucesso no catão de crédito em 2 parcelas. Atendimento N° 10894,E,70
3009,17-Jan-20,"R$ 1,300.00",Pago com sucesso em dinheiro. Atendimento N° 10899,E,70
3010,17-Jan-20,R$ 330.00,Pago com atraso da parcela n° 6 do atendimento 10571,E,70
3011,11-Dec-19,R$ 100.00,Pago com atraso da parcela n° 1 do atendimento 10864,E,69
3012,06-Feb-20,R$ 100.00,Pago com atraso da parcela n° 5 do atendimento 10815,E,71
3013,17-Feb-20,R$ 180.00,Pago com atraso da parcela n° 4 do atendimento 10836,E,71
3014,17-Feb-20,R$ 180.00,Pago com sucesso da parcela n° 5 do atendimento 10836,E,71
3015,14-Feb-20,R$ 200.00,Pago com atraso da parcela n° 5 do atendimento 10804,E,71
3016,10-Feb-20,R$ 250.00,Pago com sucesso da parcela n° 2 do atendimento 10880,E,71
3017,19-Feb-20,R$ 200.00,Pago com atraso da parcela n° 5 do atendimento 10452,E,71
3018,19-Feb-20,R$ 200.00,Pago com atraso da parcela n° 6 do atendimento 10452,E,71
3019,20-Feb-20,R$ 18.96,BOLETO IMPOSTO ESTADO (ICMS),S,71
3020,20-Feb-20,R$ 214.23,BOLETO IMPOSTO SIMPLES,S,71
3021,20-Feb-20,R$ 20.94,BOLETO ALVARÁ 2020,S,71
3022,14-Feb-20,R$ 200.00,Pagamento de entrada. Atendimento N° 10916,E,71
3023,21-Feb-20,R$ 400.00,BOLETO CONTADOR,S,71
3024,21-Feb-20,R$ 28.00,BOLETO HOYA,S,71
3025,19-Feb-20,R$ 160.00,Pago com atraso da parcela n° 2 do atendimento 10753,E,71
3026,19-Feb-20,R$ 160.00,Pago com atraso da parcela n° 3 do atendimento 10753,E,71
3027,20-Feb-20,R$ 100.00,Pago com atraso da parcela n° 6 do atendimento 10765,E,71
3028,20-Feb-20,R$ 90.00,Pago com atraso da parcela n° 3 do atendimento 10837,E,71
3029,12-Feb-20,R$ 190.00,Pago com atraso da parcela n° 1 do atendimento 10873,E,71
3030,12-Feb-20,R$ 90.00,Pago com atraso da parcela n° 4 do atendimento 10832,E,71
3031,10-Feb-20,R$ 165.00,Pago com atraso da parcela n° 1 do atendimento 10907,E,71
3032,10-Feb-20,R$ 140.00,Pago com sucesso da parcela n° 6 do atendimento 10793,E,71
3033,10-Feb-20,R$ 150.00,Pago com sucesso da parcela n° 5 do atendimento 10820,E,71
3034,08-Feb-20,R$ 150.00,Pago com atraso da parcela n° 3 do atendimento 10816,E,71
3035,27-Feb-20,R$ 548.00,BOLETO UNILAB,S,71
3036,02-Mar-20,R$ 42.00,BOLETO HOYA,S,72
3037,02-Mar-20,R$ 342.00, BOLETO HOYA,S,72
3038,02-Mar-20,R$ 120.00,Pago com atraso da parcela n° 3 do atendimento 10865,E,72
3039,02-Mar-20,R$ 100.00,Pago com atraso da parcela n° 1 do atendimento 10875,E,72
3040,02-Mar-20,R$ 140.00,Pago com sucesso da parcela n° 3 do atendimento 10869,E,72
3041,03-Mar-20,R$ 140.00,Pago com sucesso da parcela n° 2 do atendimento 10895,E,72
3042,03-Mar-20,R$ 135.00,Pago com atraso da parcela n° 5 do atendimento 10811,E,72
3043,03-Mar-20,R$ 135.00,Pago com sucesso da parcela n° 6 do atendimento 10811,E,72
3044,02-Mar-20,R$ 150.00,Pago com atraso da parcela n° 3 do atendimento 10805,E,72
3045,29-Feb-20,R$ 130.00,Pago com atraso da parcela n° 1 do atendimento 10886,E,71
3046,07-Feb-20,"R$ 1,930.00",Pago com sucesso no catão de crédito em 10 parcelas. Atendimento N° 10909,E,71
3047,10-Feb-20,R$ 145.00,Pagamento de entrada. Atendimento N° 10911,E,71
3048,10-Feb-20,R$ 260.00,Pago com sucesso no catão de crédito em 1 parcelas. Atendimento N° 10912,E,71
3049,12-Feb-20,R$ 600.00,Pago com sucesso no catão de crédito em 10 parcelas. Atendimento N° 10913,E,71
3050,13-Feb-20,R$ 125.00,Pago com sucesso em dinheiro. Atendimento N° 10914,E,71
3051,14-Feb-20,R$ 600.00,Pago com sucesso no catão de crédito em 6 parcelas. Atendimento N° 10915,E,71
3052,19-Feb-20,"R$ 2,700.00",Pago com sucesso no catão de crédito em 10 parcelas. Atendimento N° 10918,E,71
3053,19-Feb-20,R$ 340.00,Pago com sucesso no catão de crédito em 2 parcelas. Atendimento N° 10919,E,71
3054,28-Feb-20,R$ 80.00,Pago com sucesso no catão de crédito em 2 parcelas. Atendimento N° 10921,E,71
3055,19-Feb-20,R$ 380.00,Pago com sucesso em dinheiro. Atendimento N° 10917,E,71
3056,17-Feb-20,R$ 260.00,CONSERTO DA PORTA DA LOJA,S,71
3057,29-Feb-20,R$ 953.00,DESPESAS DIVERSAS,S,71
3058,10-Feb-20,R$ 400.00,Pagamento de entrada. Atendimento N° 10910,E,71
3059,04-Mar-20,R$ 165.00,Pago com atraso da parcela n° 2 do atendimento 10901,E,72
3060,06-Mar-20,R$ 60.00,BOLEO OCULOS DE LEITURA,S,72
3061,06-Mar-20,"R$ 1,400.00",BOLETO ALUGUEL DA LOJA,S,72
3062,09-Mar-20,R$ 471.65,BOLETO SIGNUS (ARMAÇÃO FIAMMA/URBAN),S,72
3063,07-Mar-20,R$ 130.00,Pago com atraso da parcela n° 3 do atendimento 10860,E,72
3064,07-Mar-20,R$ 100.00,Pago com atraso da parcela n° 4 do atendimento 10845,E,72
3065,06-Mar-20,R$ 250.00,Pago com sucesso da parcela n° 3 do atendimento 10880,E,72
3066,06-Mar-20,R$ 100.00,Pago com atraso da parcela n° 2 do atendimento 10862,E,72
3067,10-Mar-20,R$ 147.25,BOLETO NET,S,72
3068,11-Mar-20,R$ 771.10,BOLETO HOYA,S,72
3069,11-Mar-20,R$ 52.00,BOLETO VIRTUAL X (NOTA FISCAL ELETRÔNICA),S,72
3070,12-Mar-20,R$ 100.00,Pago com atraso da parcela n° 1 do atendimento 10877,E,72
3071,16-Mar-20,R$ 756.50,BOLETO HOYA,S,72
3072,20-Mar-20,R$ 12.52,BOLETO IMPOSTO ESTADUAL (DARE),S,72
3073,20-Mar-20,R$ 330.79,BOLETO IMPOSTO FEDERAL (DAS),S,72
3074,18-Mar-20,R$ 170.00,Pago com atraso da parcela n° 4 do atendimento 10839,E,72
3075,18-Mar-20,R$ 100.00,Pago com atraso da parcela n° 1 do atendimento 10884,E,72
3076,05-Mar-20,R$ 100.00,Pago com sucesso da parcela n° 2 do atendimento 10884,E,72
3077,16-Mar-20,R$ 175.00,Pago com atraso da parcela n° 1 do atendimento 10922,E,72
3078,18-Mar-20,R$ 97.50,Pago com atraso da parcela n° 2 do atendimento 10854,E,72
3079,23-Mar-20,R$ 28.00,BOLETO HOYA,S,72
3080,23-Mar-20,R$ 304.30,BOLETO HOYA,S,72
3081,25-Mar-20,R$ 400.00,BOLETO CONTADOR,S,72
3082,03-Apr-20,R$ 165.00,Pago com atraso da parcela n° 3 do atendimento 10901,E,73
3083,02-Apr-20,R$ 250.00,Pago com sucesso da parcela n° 4 do atendimento 10880,E,73
3084,01-Apr-20,R$ 145.00,Pago com atraso da parcela n° 1 do atendimento 10911,E,73
3085,07-Apr-20,R$ 130.00,Pago com atraso da parcela n° 2 do atendimento 10886,E,73
3086,07-Apr-20,R$ 150.00,Pago com atraso da parcela n° 4 do atendimento 10816,E,73
3087,07-Apr-20,R$ 150.00,Pago com atraso da parcela n° 5 do atendimento 10816,E,73
3088,22-Nov-19,R$ 150.00,Pago com sucesso da parcela n° 3 do atendimento 10786,E,0
3089,03-Mar-20,R$ 150.00,Pago com sucesso em dinheiro. Atendimento N° 10924,E,72
3090,05-Mar-20,R$ 55.00,Pago com sucesso no catão de crédito em 1 parcelas. Atendimento N° 10927,E,72
3091,30-Mar-20,R$ 28.12,BOLETO HOYA,S,72
3092,03-Apr-20,"R$ 1,513.77",BOOLETO HOYA,S,73
3093,07-Apr-20,R$ 471.65,BOLETO SIGNUS (ARMAÇÕES FIAMMA E URBAN),S,73
3094,10-Apr-20,R$ 147.25,BOLETO NET,S,73
3095,13-Apr-20,R$ 14.00,BOLETO HOYA,S,73
3096,30-Mar-20,R$ 222.00,Pago com atraso da parcela n° 2 do atendimento 10858,E,72
3097,30-Mar-20,R$ 222.00,Pago com atraso da parcela n° 3 do atendimento 10858,E,72
3098,30-Mar-20,R$ 222.00,Pago com atraso da parcela n° 4 do atendimento 10858,E,72
3099,20-Apr-20,R$ 222.00,Pago com atraso da parcela n° 5 do atendimento 10858,E,73
3100,24-Apr-20,R$ 230.00,Pago com atraso da parcela n° 1 do atendimento 10900,E,73
3101,24-Apr-20,R$ 230.00,Pago com atraso da parcela n° 2 do atendimento 10900,E,73
3102,07-Apr-20,R$ 130.00,Pago com atraso da parcela n° 4 do atendimento 10860,E,73
3103,08-Apr-20,R$ 163.00,Pago com sucesso da parcela n° 1 do atendimento 10932,E,73
3104,11-Mar-20,R$ 0.01,Pago com sucesso em dinheiro. Atendimento N° 10930,E,72
3105,04-Mar-20,R$ 100.00,Pagamento de entrada. Atendimento N° 10925,E,72
3106,09-Apr-20,R$ 120.00,Pago com sucesso da parcela n° 1 do atendimento 10925,E,73
3107,05-Mar-20,R$ 750.00,Pago com sucesso em dinheiro. Atendimento N° 10926,E,72
3108,15-Apr-20,R$ 160.00,Pago com atraso da parcela n° 1 do atendimento 10928,E,73
3109,11-Mar-20,R$ 200.00,Pago com sucesso no catão de crédito em 1 parcelas. Atendimento N° 10933,E,72
3110,16-Mar-20,"R$ 2,150.00",Pago com sucesso no catão de crédito em 10 parcelas. Atendimento N° 10934,E,72
3111,27-Apr-20,R$ 200.00,Pago com atraso da parcela n° 1 do atendimento 10910,E,73
3112,28-Apr-20,R$ 400.00,BOLETO CONTADOR,S,73
3113,27-Apr-20,R$ 30.00,BOLETO HOYA,S,73
3114,28-Apr-20,R$ 229.65,BOLETO LABO OPTICA,S,73
3115,20-Mar-20,R$ 600.00,Pagamento de entrada. Atendimento N° 10935,E,72
3116,04-Apr-20,R$ 140.00,Pago com sucesso da parcela n° 3 do atendimento 10895,E,73
3117,18-May-20,R$ 140.00,Pago com atraso da parcela n° 4 do atendimento 10895,E,75
3118,04-May-20,R$ 140.00,Pago com atraso da parcela n° 4 do atendimento 10869,E,75
3119,04-May-20,R$ 140.00,Pago com sucesso da parcela n° 5 do atendimento 10869,E,75
3120,17-May-20,R$ 165.00,Pago com atraso da parcela n° 4 do atendimento 10901,E,75
3121,17-Apr-20,R$ 165.00,Pago com sucesso da parcela n° 5 do atendimento 10901,E,73
3122,18-May-20,R$ 145.00,Pago com atraso da parcela n° 2 do atendimento 10911,E,75
3123,18-May-20,R$ 160.00,Pago com atraso da parcela n° 2 do atendimento 10928,E,75
3124,12-May-20,R$ 150.00,Pago com atraso da parcela n° 6 do atendimento 10816,E,75
3125,02-Mar-20,R$ 190.00,Pago com sucesso da parcela n° 2 do atendimento 10873,E,72
3126,13-May-20,R$ 190.00,Pago com atraso da parcela n° 3 do atendimento 10873,E,75
3127,04-May-20,R$ 245.00,Pago com atraso da parcela n° 2 do atendimento 10857,E,75
3128,11-May-20,R$ 100.00,Pago com atraso da parcela n° 2 do atendimento 10877,E,75
3129,11-May-20,R$ 100.00,Pago com atraso da parcela n° 3 do atendimento 10877,E,75
3130,04-May-20,R$ 130.00,Pago com sucesso da parcela n° 5 do atendimento 10860,E,75
3131,11-May-20,R$ 163.00,Pago com atraso da parcela n° 2 do atendimento 10932,E,75
3132,22-May-20,R$ 100.00,Pago com atraso da parcela n° 2 do atendimento 10875,E,75
3133,22-May-20,R$ 100.00,Pago com atraso da parcela n° 3 do atendimento 10875,E,75
3134,04-May-20,R$ 250.00,Pago com sucesso da parcela n° 5 do atendimento 10880,E,75
3135,04-May-20,R$ 90.00,Pago com atraso da parcela n° 1 do atendimento 10923,E,75
3136,04-May-20,R$ 120.00,Pago com atraso da parcela n° 4 do atendimento 10865,E,75
3137,26-May-20,R$ 380.00,Pago com atraso da parcela n° 6 do atendimento 10709,E,75
3138,07-Apr-20,R$ 400.00,Pago com sucesso no catão de crédito em 4 parcelas. Atendimento N° 10937,E,73
3139,11-Apr-20,R$ 300.00,Pago com sucesso em dinheiro. Atendimento N° 10938,E,73
3140,02-May-20,R$ 300.00,Pago com sucesso no cartão de débito. Atendimento N° 10939,E,75
3141,25-Mar-20,R$ 758.04,BOLETO FINANC. BNB,S,72
3142,27-Apr-20,R$ 0.01,FINANC. BNB (DESCONTADO EM ABRIL E ESTRONO EM MAIO),S,73
3143,07-Apr-20,R$ 230.00,Pago com atraso da parcela n° 1 do atendimento 10916,E,73
3144,20-Apr-20,R$ 52.00,BOLETO VIRTUALX (NOTA FISCAL ELETRÔNICA),S,73
3145,20-Apr-20,R$ 9.05,BOLETO IMPOSTO ICMS (DARE),S,73
3146,11-May-20,R$ 52.00,BOLETO VIRTUAL X (NOTA FISCAL ELETRÔNICA),S,75
3147,18-May-20,R$ 471.65,BOLETO SIGNUS (FIAMMA/URBAN),S,75
3148,20-May-20,R$ 178.79,BOLETO SIMPLES NACIONAL,S,75
3149,20-May-20,R$ 1.50,BOLETO IMPOSTO ICMS (DARE),S,75
3150,21-May-20,R$ 120.00,BOLETO CONTA CEMAR,S,75
3151,21-May-20,R$ 306.46,BOLETO HOYA,S,75
3152,25-May-20,R$ 14.00,BOLETO HOYA,S,75
3153,25-May-20,R$ 14.00,BOLETO HOYA,S,75
3154,28-May-20,R$ 244.00,BOLETO UNILAB,S,75
3155,28-May-20,R$ 229.66,BOLETO LABO OPTICA,S,75
3156,29-May-20,R$ 14.25,BOLETO HOYA,S,75
3157,29-May-20,R$ 400.00,BOLETO CONTADOR,S,75
3158,10-Mar-20,R$ 800.00,Pago com sucesso no catão de crédito em 8 parcelas. Atendimento N° 10929,E,72
3159,28-May-20,R$ 397.50,Pago com sucesso da parcela n° 1 do atendimento 10935,E,75
3160,27-May-20,R$ 145.00,Pago com atraso da parcela n° 3 do atendimento 10911,E,75
3161,30-May-20,R$ 120.00,Pago com atraso da parcela n° 2 do atendimento 10925,E,75
3162,30-Sep-19,R$ 190.00,Pago com atraso da parcela n° 6 do atendimento 10439,E,0
3163,15-Jun-20,R$ 190.00,Pago com atraso da parcela n° 7 do atendimento 10439,E,74
3164,16-Jun-20,R$ 160.00,Pago com atraso da parcela n° 3 do atendimento 10928,E,74
3165,05-Jun-20,R$ 163.00,Pago com sucesso da parcela n° 3 do atendimento 10932,E,74
3166,05-Jun-20,R$ 150.00,Pago com atraso da parcela n° 1 do atendimento 10931,E,74
3167,05-Jun-20,R$ 230.00,Pago com atraso da parcela n° 2 do atendimento 10916,E,74
3168,04-Jun-20,R$ 140.00,Pago com sucesso da parcela n° 5 do atendimento 10895,E,74
3169,04-Jun-20,R$ 130.00,Pago com atraso da parcela n° 2 do atendimento 10874,E,74
3170,16-Jan-20,R$ 150.00,Pago com atraso da parcela n° 5 do atendimento 10501,E,70
3171,16-Jan-20,R$ 150.00,Pago com atraso da parcela n° 6 do atendimento 10501,E,70
3172,02-Jun-20,R$ 120.00,Pago com sucesso da parcela n° 3 do atendimento 10925,E,74
3173,04-May-20,R$ 90.00,Pago com sucesso da parcela n° 2 do atendimento 10923,E,75
3174,01-Jun-20,R$ 120.00,Pago com atraso da parcela n° 5 do atendimento 10865,E,74
3175,01-Jun-20,R$ 250.00,Pago com sucesso da parcela n° 6 do atendimento 10880,E,74
3176,01-Jun-20,R$ 186.00,Pago com atraso da parcela n° 6 do atendimento 10717,E,74
3177,28-May-20,R$ 250.00,Pago com sucesso no catão de crédito em 3 parcelas. Atendimento N° 10940,E,75
3178,24-Jun-20,R$ 300.00,Pago com sucesso no catão de crédito em 1 parcelas. Atendimento N° 10942,E,74
3179,30-May-20,"R$ 1,590.00",Pago com sucesso no catão de crédito em 5 parcelas. Atendimento N° 10943,E,75
3180,09-Jun-20,"R$ 1,400.00",BOLETO ALUGUEL DA LOJA,S,74
3181,10-Jun-20,R$ 147.25,BOLETO NET,S,74
3182,11-Jun-20,R$ 52.00,BOLETO VIRTUAL X (NOTA FISCAL ELETRONICA),S,74
3183,12-Jun-20,R$ 171.32,BOLETO LABO OPTICA,S,74
3184,19-Jun-20,R$ 61.20,BOLETO HOYA,S,74
3185,19-Jun-20,R$ 261.80,BOLETO HOYA,S,74
3186,22-Jun-20,R$ 16.00,BOLETO IMPOSTO (SIMPLES NACIONAL),S,74
3187,22-Apr-20,R$ 113.69,BOLETO CONTA CEMAR,S,73
3188,25-Jun-20,R$ 400.00,BOLETO CONTADOR,S,74
3189,01-Jun-20,R$ 100.00,Pago com sucesso em dinheiro. Atendimento N° 10944,E,74
3190,04-Jun-20,R$ 300.00,Pago com sucesso em dinheiro. Atendimento N° 10946,E,74
3191,05-Jun-20,R$ 300.00,Pago com sucesso em dinheiro. Atendimento N° 10947,E,74
3192,05-Jun-20,R$ 100.00,Pago com sucesso em dinheiro. Atendimento N° 10948,E,74
3193,06-Jun-20,R$ 800.00,Pago com sucesso no cartão de débito. Atendimento N° 10949,E,74
3194,08-Jun-20,R$ 950.00,Pago com sucesso no catão de crédito em 4 parcelas. Atendimento N° 10951,E,74
3195,09-Jun-20,R$ 540.00,Pago com sucesso no cartão de débito. Atendimento N° 10952,E,74
3196,08-Jun-20,R$ 145.00,Pago com sucesso em dinheiro. Atendimento N° 10953,E,74
3197,16-Jun-20,R$ 950.00,Pago com sucesso no catão de crédito em 6 parcelas. Atendimento N° 10954,E,74
3198,15-Jun-20,"R$ 1,400.00",Pago com sucesso no cartão de débito. Atendimento N° 10956,E,74
3199,25-Jun-20,R$ 200.00,Pago com sucesso da parcela n° 1 do atendimento 10941,E,74
3200,25-Jun-20,R$ 185.00,Pago com atraso da parcela n° 1 do atendimento 10936,E,74
3201,01-Jul-20,R$ 130.00,Pago com atraso da parcela n° 3 do atendimento 10874,E,76
3202,01-Jul-20,R$ 397.50,Pago com atraso da parcela n° 2 do atendimento 10935,E,76
3203,02-Jul-20,R$ 250.00,Pago com sucesso da parcela n° 7 do atendimento 10880,E,76
3204,04-Jul-20,R$ 165.00,Pago com atraso da parcela n° 6 do atendimento 10901,E,76
3205,04-Jul-20,R$ 150.00,Pago com atraso da parcela n° 2 do atendimento 10931,E,76
3206,06-Jul-20,R$ 120.00,Pago com atraso da parcela n° 6 do atendimento 10865,E,76
3207,26-Jun-20,R$ 674.06,BOLETO HOYA,S,74
3208,30-Jun-20,R$ 941.00,"DESPESAS DIVERSAS (CENTRAL, OPTPRIME, BRASIL OCULAR, SOLOTICA)",S,74
3209,03-Jun-20,R$ 220.00,Pagamento de entrada. Atendimento N° 10945,E,74
3210,09-Jul-20,R$ 100.00,Pago com sucesso da parcela n° 1 do atendimento 10950,E,76
3211,08-Jul-20,R$ 100.00,Pago com atraso da parcela n° 4 do atendimento 10877,E,76
3212,08-Jul-20,R$ 100.00,Pago com atraso da parcela n° 4 do atendimento 10875,E,76
3213,17-Jun-20,R$ 250.00,Pagamento de entrada. Atendimento N° 10960,E,74
3214,02-Jul-20,R$ 220.00,Pago com sucesso da parcela n° 1 do atendimento 10960,E,76
3215,30-Jun-20,"R$ 1,260.00",Pago com sucesso no catão de crédito em 10 parcelas. Atendimento N° 10977,E,74
3216,15-Jun-20,"R$ 1,660.00",Pago com sucesso no catão de crédito em 10 parcelas. Atendimento N° 10963,E,74
3218,18-Jun-20,R$ 500.00,Pago com sucesso no catão de crédito em 2 parcelas. Atendimento N° 10962,E,74
3219,19-Jun-20,R$ 600.00,Pago com sucesso no catão de crédito em 6 parcelas. Atendimento N° 10964,E,74
3220,22-Jun-20,R$ 300.00,Pago com sucesso em dinheiro. Atendimento N° 10966,E,74
3221,22-Jun-20,R$ 700.00,Pago com sucesso no catão de crédito em 3 parcelas. Atendimento N° 10965,E,74
3222,22-Jun-20,"R$ 1,215.00",Pago com sucesso no catão de crédito em 10 parcelas. Atendimento N° 10969,E,74
3223,27-Jun-20,R$ 680.00,Pago com sucesso no catão de crédito em 7 parcelas. Atendimento N° 10974,E,74
3224,26-Jun-20,"R$ 2,000.00",Pago com sucesso no catão de crédito em 5 parcelas. Atendimento N° 10973,E,74
3225,23-Jun-20,R$ 660.00,Pago com sucesso em dinheiro. Atendimento N° 10971,E,74
3226,01-Jul-20,R$ 280.00,Pago com sucesso no catão de crédito em 3 parcelas. Atendimento N° 10978,E,76
3227,02-Jul-20,R$ 120.00,Pago com sucesso no cartão de débito. Atendimento N° 10979,E,76
3228,03-Jul-20,R$ 450.00,Pago com sucesso no catão de crédito em 4 parcelas. Atendimento N° 10980,E,76
3229,13-Jul-20,R$ 175.00,Pago com atraso da parcela n° 1 do atendimento 10975,E,76
3230,11-Jul-20,R$ 140.00,Pago com atraso da parcela n° 6 do atendimento 10895,E,76
3231,03-Jul-20,"R$ 1,400.00",Pago com sucesso no cartão de débito. Atendimento N° 10981,E,76
3232,13-Jul-20,R$ 100.00,Pago com atraso da parcela n° 1 do atendimento 10970,E,76
3233,06-Jul-20,R$ 300.00,Pagamento de entrada. Atendimento N° 10983,E,76
3234,07-Jul-20,"R$ 1,280.00",Pago com sucesso no catão de crédito em 10 parcelas. Atendimento N° 10985,E,76
3235,08-Jul-20,R$ 600.00,Pago com sucesso no catão de crédito em 1 parcelas. Atendimento N° 10986,E,76
3236,12-Jun-20,R$ 550.00,Pago com sucesso em dinheiro. Atendimento N° 10955,E,74
3237,09-Jul-20,R$ 550.00,Pago com sucesso no catão de crédito em 5 parcelas. Atendimento N° 10989,E,76
3238,10-Jul-20,"R$ 1,120.00",Pago com sucesso no catão de crédito em 8 parcelas. Atendimento N° 10990,E,76
3239,14-Jul-20,R$ 700.00,Pago com sucesso no cartão de débito. Atendimento N° 10992,E,76
3240,15-Jul-20,R$ 240.00,Pago com sucesso no cartão de débito. Atendimento N° 10995,E,76
3241,15-Jul-20,R$ 550.00,Pago com sucesso no cartão de débito. Atendimento N° 10996,E,76
3242,24-Jul-20,R$ 100.00,Pago com atraso da parcela n° 1 do atendimento 10905,E,76
3243,16-Jul-20,R$ 170.00,Pago com atraso da parcela n° 5 do atendimento 10839,E,76
3244,13-Jul-20,R$ 170.00,Pago com atraso da parcela n° 1 do atendimento 10967,E,76
3245,06-Jul-20,R$ 150.46,BOLETO HOYA,S,76
3246,07-Jul-20,R$ 212.50,BOLETO HOYA,S,76
3247,07-Jul-20,"R$ 1,400.00",BOLETO ALUGUEL,S,76
3248,09-Jul-20,R$ 172.58,BOLETO LABO OPTICA,S,76
3249,09-Jul-20,R$ 237.02,BOLETO IPTU,S,76
3250,10-Jul-20,"R$ 1,094.08",BOLETO HOYA,S,76
3251,10-Jul-20,R$ 150.28,BOLETO NET,S,76
3252,13-Jul-20,R$ 28.00,BOLETO HOYA,S,76
3253,13-Jul-20,R$ 171.32,BOLETO LABO OPTICA,S,76
3254,14-Jul-20,R$ 52.00,BOLETO VIRTUAL X (NTA FISCAL ELETRONICA),S,76
3255,17-Jul-20,R$ 464.16,BOLETO HOYA,S,76
3256,20-Jul-20,R$ 17.80,BOLETO DARE (ICMS),S,76
3257,20-Jul-20,R$ 28.00,BOLEO HOYA,S,76
3258,20-Jul-20,R$ 537.68,BOLETO SIMPLES NACIONAL,S,76
3259,22-Jul-20,R$ 402.68,"BOLETO SIGNUS (FIAMMA, URBAN)",S,76
3260,24-Jul-20,R$ 400.00,BOLETO CONTADOR,S,76
3261,24-Jul-20,"R$ 1,438.00",BOLETO HOYA,S,76
3262,27-Jul-20,R$ 14.00,BOLETO HOYA,S,76
3263,28-Jul-20,R$ 230.00,Pago com atraso da parcela n° 3 do atendimento 10900,E,76
3264,10-Jun-20,R$ 100.00,Pago com atraso da parcela n° 3 do atendimento 10884,E,74
3265,04-Aug-20,R$ 230.00,Pago com atraso da parcela n° 3 do atendimento 10916,E,77
3266,03-Aug-20,R$ 216.00,Pago com sucesso da parcela n° 1 do atendimento 10945,E,77
3267,03-Aug-20,R$ 163.00,Pago com sucesso da parcela n° 5 do atendimento 10932,E,77
3268,03-Jul-20,R$ 163.00,Pago com sucesso da parcela n° 4 do atendimento 10932,E,76
3269,31-Jul-20,R$ 397.50,Pago com atraso da parcela n° 3 do atendimento 10935,E,76
3270,30-Jul-20,R$ 125.00,Pago com sucesso da parcela n° 1 do atendimento 10988,E,76
3271,30-Jul-20,R$ 125.00,Pago com atraso da parcela n° 1 do atendimento 10863,E,76
3272,03-Aug-20,R$ 150.00,Pago com atraso da parcela n° 1 do atendimento 10983,E,77
3273,03-Aug-20,R$ 100.00,Pago com sucesso da parcela n° 1 do atendimento 10994,E,77
3274,04-Aug-20,R$ 250.00,Pago com sucesso da parcela n° 8 do atendimento 10880,E,77
3275,30-Jun-20,R$ 0.01,Pago com sucesso em dinheiro. Atendimento N° 11002,E,74
3276,14-Jul-20,R$ 970.00,Pago com sucesso em dinheiro. Atendimento N° 10993,E,76
3277,16-Jul-20,"R$ 2,350.00",Pago com sucesso no catão de crédito em 12 parcelas. Atendimento N° 10997,E,76
3278,15-Jul-20,"R$ 1,940.00",Pago com sucesso no catão de crédito em 5 parcelas. Atendimento N° 10998,E,76
3279,15-Jul-20,R$ 510.00,Pagamento de entrada. Atendimento N° 10999,E,76
3280,24-Jul-20,R$ 600.00,Pago com sucesso no catão de crédito em 4 parcelas. Atendimento N° 11000,E,76
3281,27-Jul-20,R$ 120.00,Pagamento de entrada. Atendimento N° 11001,E,76
3282,27-Jul-20,R$ 180.00,Pago com sucesso no catão de crédito em 1 parcelas. Atendimento N° 11003,E,76
3283,28-Jul-20,"R$ 1,450.00",Pago com sucesso no catão de crédito em 10 parcelas. Atendimento N° 11004,E,76
3284,29-Jul-20,R$ 400.00,Pagamento de entrada. Atendimento N° 11005,E,76
3285,30-Jul-20,R$ 350.00,Pago com sucesso no catão de crédito em 1 parcelas. Atendimento N° 11011,E,76
3286,31-Jul-20,R$ 945.76,BOLETO HOYA,S,76
3287,31-Jul-20,R$ 157.00,BOLETO UNILAB,S,76
3288,31-Jul-20,"R$ 1,249.00",BOLETOS DIVERSOS,S,76
3289,06-Jul-20,R$ 160.00,Pago com atraso da parcela n° 4 do atendimento 10928,E,76
3290,11-Aug-20,R$ 200.00,Pago com atraso da parcela n° 1 do atendimento 11006,E,77
3291,06-Aug-20,R$ 150.00,Pago com atraso da parcela n° 3 do atendimento 10931,E,77
3292,11-Aug-20,R$ 170.00,Pago com atraso da parcela n° 2 do atendimento 10967,E,77
3293,07-Aug-20,R$ 160.00,Pago com atraso da parcela n° 5 do atendimento 10928,E,77
3294,05-Aug-20,R$ 100.00,Pago com sucesso da parcela n° 2 do atendimento 10950,E,77
3295,05-Aug-20,R$ 220.00,Pago com sucesso da parcela n° 3 do atendimento 10960,E,77
3296,05-Aug-20,R$ 220.00,Pago com sucesso da parcela n° 2 do atendimento 10960,E,77
3297,05-Aug-20,R$ 90.00,Pago com atraso da parcela n° 3 do atendimento 10923,E,77
3298,03-Aug-20,R$ 28.00,BOLETO HOYA,S,77
3299,04-Aug-20,R$ 150.45,BOLETO HOYA,S,77
3300,07-Aug-20,R$ 611.20,BOLETO HOYA,,0
3301,07-Aug-20,R$ 611.20,BOLETO HOYA,S,77
3302,07-Aug-20,"R$ 1,400.00",ALUGUEL LOJA,S,77
3303,10-Aug-20,R$ 34.00,BOLETO HOYA,S,77
3304,10-Aug-20,R$ 157.79,BOLETO ENERGIA,S,77
3305,10-Aug-20,R$ 118.88,BOLETO NET,S,77
3306,11-Aug-20,R$ 171.32,BOLETO LABO OPTICA,S,77
3307,11-Aug-20,R$ 75.92,BOLETO OI,S,77
3308,11-Aug-20,R$ 52.00,BOLETO VIRTUAL X,S,77
3309,12-Aug-20,R$ 175.00,Pago com atraso da parcela n° 2 do atendimento 10922,E,77
3310,15-Jul-20,R$ 145.00,Pago com atraso da parcela n° 4 do atendimento 10911,E,76
3311,12-Aug-20,R$ 140.00,Pago com atraso da parcela n° 1 do atendimento 10896,E,77
3312,12-Aug-20,R$ 140.00,Pago com atraso da parcela n° 2 do atendimento 10896,E,77
3313,17-Aug-20,R$ 100.00,Pago com atraso da parcela n° 1 do atendimento 10991,E,77
3314,15-Aug-20,R$ 510.00,Pago com sucesso da parcela n° 1 do atendimento 10999,E,77
3315,17-Aug-20,R$ 100.00,Pago com atraso da parcela n° 1 do atendimento 11001,E,77
3316,15-Aug-20,R$ 175.00,Pago com atraso da parcela n° 2 do atendimento 10975,E,77
3317,12-Aug-20,R$ 160.00,Pago com sucesso da parcela n° 6 do atendimento 10928,E,77
3318,30-Jul-20,R$ 430.00,Pago com sucesso em dinheiro. Atendimento N° 11009,E,76
3319,30-Jul-20,"R$ 1,000.00",Pago com sucesso no catão de crédito em 5 parcelas. Atendimento N° 11010,E,76
3320,01-Aug-20,"R$ 1,280.00",Pago com sucesso no catão de crédito em 2 parcelas. Atendimento N° 11007,E,77
3321,06-Aug-20,R$ 200.00,Pagamento de entrada. Atendimento N° 11014,E,77
3322,04-Aug-20,R$ 125.00,Pagamento de entrada. Atendimento N° 11013,E,77
3323,03-Aug-20,R$ 28.00,BOLETO HOYA,S,77
3324,04-Aug-20,R$ 150.45,BOLETO HOYA,S,77
3325,07-Aug-20,R$ 611.20,BOLETO HOYA,S,77
3326,07-Aug-20,"R$ 1,400.00",BOLETO ALUGUEL DA LOJA,S,77
3327,10-Aug-20,R$ 34.00,BOLETO HOYA,S,77
3328,10-Aug-20,R$ 157.79,BOLETO CONTA DE LUZ,S,77
3329,10-Aug-20,R$ 112.88,BOLETO NET,S,77
3330,10-Aug-20,R$ 171.32,BOLETO LABO OPTICA,S,77
3331,11-Aug-20,R$ 75.92,BOLETO TELEFONE OI,S,77
3332,11-Aug-20,R$ 52.00,BOLETO VIRTUAL X,S,77
3333,11-Aug-20,R$ 212.00,BOLETO LENTES DE CONTATO FRESHLOOK,S,77
3334,17-Aug-20,"R$ 1,447.56",BOLETO HOYA,S,77
3335,17-Aug-20,R$ 48.00,BOLETO HOYA,S,77
3336,10-Feb-20,R$ 95.00,Pago com sucesso da parcela n° 1 do atendimento 10892,E,71
3337,10-Feb-20,R$ 95.00,Pago com sucesso da parcela n° 2 do atendimento 10892,E,71
3338,10-Mar-20,R$ 95.00,Pago com sucesso da parcela n° 3 do atendimento 10892,E,72
3339,10-Mar-20,R$ 95.00,Pago com sucesso da parcela n° 4 do atendimento 10892,E,72
3340,10-Apr-20,R$ 95.00,Pago com sucesso da parcela n° 5 do atendimento 10892,E,73
3341,10-Apr-20,R$ 95.00,Pago com sucesso da parcela n° 6 do atendimento 10892,E,73
3342,11-May-20,R$ 95.00,Pago com sucesso da parcela n° 7 do atendimento 10892,E,75
3343,11-May-20,R$ 95.00,Pago com sucesso da parcela n° 8 do atendimento 10892,E,75
3344,10-Jun-20,R$ 95.00,Pago com sucesso da parcela n° 9 do atendimento 10892,E,74
3345,10-Jun-20,R$ 95.00,Pago com sucesso da parcela n° 10 do atendimento 10892,E,74
3346,07-Aug-20,R$ 800.00,Pago com sucesso em dinheiro. Atendimento N° 11015,E,77
3347,12-Aug-20,R$ 280.00,Pago com sucesso no catão de crédito em 2 parcelas. Atendimento N° 11020,E,77
3348,01-Aug-20,R$ 700.00,Pago com sucesso no catão de crédito em 3 parcelas. Atendimento N° 11012,E,77
3349,14-Aug-20,"R$ 1,200.00",Pago com sucesso no catão de crédito em 6 parcelas. Atendimento N° 11022,E,77
3350,27-Aug-20,R$ 130.00,Pago com atraso da parcela n° 4 do atendimento 10874,E,77
3351,27-Aug-20,R$ 150.00,Pago com sucesso da parcela n° 1 do atendimento 11014,E,77
3352,21-Aug-20,R$ 210.00,Pago com sucesso da parcela n° 1 do atendimento 10987,E,77
3353,21-Jul-20,R$ 200.00,Pago com sucesso da parcela n° 2 do atendimento 10941,E,76
3354,21-Aug-20,R$ 200.00,Pago com sucesso da parcela n° 3 do atendimento 10941,E,77
3355,14-Mar-20,R$ 250.00,Pago com atraso da parcela n° 1 do atendimento 10818,E,0
3356,28-Aug-20,R$ 125.00,Pago com atraso da parcela n° 2 do atendimento 10863,E,77
3357,28-Aug-20,R$ 397.50,Pago com sucesso da parcela n° 4 do atendimento 10935,E,77
3358,25-Aug-20,R$ 200.00,Pagamento de entrada. Atendimento N° 11037,E,77
3359,25-Aug-20,R$ 300.00,Pagamento de entrada. Atendimento N° 11038,E,77
3360,07-Aug-20,R$ 500.00,Pagamento de entrada. Atendimento N° 11016,E,77
3361,01-Aug-20,R$ 100.00,Pagamento de entrada. Atendimento N° 11008,E,77
3362,08-Aug-20,R$ 425.00,Pago com sucesso no catão de crédito em 2 parcelas. Atendimento N° 11017,E,77
3363,11-Aug-20,R$ 80.00,Pagamento de entrada. Atendimento N° 11018,E,77
3364,21-Aug-20,R$ 90.00,Pagamento de entrada. Atendimento N° 11032,E,77
3365,13-Aug-20,R$ 220.00,Pago com sucesso em dinheiro. Atendimento N° 11021,E,77
3366,14-Aug-20,R$ 290.00,Pago com sucesso no catão de crédito em 1 parcelas. Atendimento N° 11024,E,77
3367,14-Aug-20,R$ 750.00,Pago com sucesso no catão de crédito em 10 parcelas. Atendimento N° 11025,E,77
3368,15-Aug-20,R$ 400.00,Pago com sucesso em dinheiro. Atendimento N° 11026,E,77
3369,17-Aug-20,R$ 370.00,Pago com sucesso no catão de crédito em 3 parcelas. Atendimento N° 11027,E,77
3370,17-Aug-20,R$ 430.00,Pago com sucesso no cartão de débito. Atendimento N° 11028,E,77
3371,17-Aug-20,R$ 400.00,Pago com sucesso em dinheiro. Atendimento N° 11029,E,77
3372,18-Aug-20,R$ 250.00,Pago com sucesso no cartão de débito. Atendimento N° 11030,E,77
3373,24-Aug-20,R$ 200.00,Pago com sucesso em dinheiro. Atendimento N° 11034,E,77
3374,25-Aug-20,R$ 600.00,Pago com sucesso no catão de crédito em 6 parcelas. Atendimento N° 11035,E,77
3375,27-Aug-20,R$ 400.00,Pago com sucesso em dinheiro. Atendimento N° 11040,E,77
3376,28-Sep-20,R$ 395.00,Pago com sucesso no catão de crédito em 5 parcelas. Atendimento N° 11041,E,92
3377,26-Aug-20,R$ 400.00,Pago com sucesso no catão de crédito em 4 parcelas. Atendimento N° 11039,E,77
3378,02-Sep-20,R$ 390.00,Pago com sucesso no catão de crédito em 4 parcelas. Atendimento N° 11043,E,92
3379,14-Aug-20,R$ 120.00,Pagamento de entrada. Atendimento N° 11023,E,77
3380,21-Aug-20,R$ 350.00,Pago com sucesso em dinheiro. Atendimento N° 11033,E,77
3381,09-Sep-20,R$ 270.00,Pago com sucesso em dinheiro. Atendimento N° 11047,E,92
3382,21-Sep-20,R$ 80.00,Pago com sucesso da parcela n° 1 do atendimento 11018,E,92
3383,21-Sep-20,R$ 210.00,Pago com sucesso da parcela n° 2 do atendimento 10987,E,92
3384,21-Sep-20,R$ 200.00,Pago com sucesso da parcela n° 4 do atendimento 10941,E,92
3385,17-Sep-20,R$ 100.00,Pago com atraso da parcela n° 3 do atendimento 10950,E,92
3386,16-Sep-20,R$ 314.00,Pago com atraso da parcela n° 1 do atendimento 11038,E,92
3387,14-Sep-20,R$ 100.00,Pago com atraso da parcela n° 2 do atendimento 10991,E,92
3388,11-Sep-20,R$ 150.00,Pago com atraso da parcela n° 4 do atendimento 10931,E,92
3389,10-Sep-20,R$ 178.00,Pago com sucesso da parcela n° 1 do atendimento 11032,E,92
3390,09-Sep-20,R$ 200.00,Pago com sucesso da parcela n° 2 do atendimento 11006,E,92
3391,09-Sep-20,R$ 200.00,Pago com sucesso da parcela n° 3 do atendimento 11006,E,92
3392,09-Sep-20,R$ 200.00,Pago com sucesso da parcela n° 4 do atendimento 11006,E,92
3393,09-Sep-20,R$ 200.00,Pago com sucesso da parcela n° 5 do atendimento 11006,E,92
3394,09-Sep-20,R$ 200.00,Pago com sucesso da parcela n° 6 do atendimento 11006,E,92
3395,01-Jul-20,R$ 160.00,Pago com sucesso da parcela n° 1 do atendimento 10957,E,76
3396,05-Sep-20,R$ 160.00,Pago com atraso da parcela n° 2 do atendimento 10957,E,92
3397,05-Sep-20,R$ 160.00,Pago com atraso da parcela n° 3 do atendimento 10957,E,92
3398,09-Sep-20,R$ 216.00,Pago com atraso da parcela n° 2 do atendimento 10945,E,92
3399,28-Aug-20,R$ 150.00,Pago com sucesso da parcela n° 2 do atendimento 10983,E,77
3400,27-Aug-20,R$ 175.00,Pago com atraso da parcela n° 1 do atendimento 11005,E,77
3401,04-Sep-20,R$ 230.00,Pago com atraso da parcela n° 4 do atendimento 10916,E,92
3402,02-Sep-20,R$ 125.00,Pago com atraso da parcela n° 2 do atendimento 10988,E,92
3403,01-Sep-20,R$ 100.00,Pago com sucesso da parcela n° 2 do atendimento 10994,E,92
3404,09-Sep-20,R$ 174.00,Pago com sucesso da parcela n° 1 do atendimento 11037,E,92
3405,20-Aug-20,R$ 30.20,IMPOSTO SEFAZ (DARE),S,77
3406,20-Aug-20,R$ 642.53,IMPOSTO SIMPLES,S,77
3407,21-Aug-20,R$ 288.16,BOLETO HOYA,S,77
3408,21-Aug-20,R$ 705.54,BOLETO HOYA,S,77
3409,21-Aug-20,R$ 402.67,BOLETO SIGNUS,S,77
3412,24-Aug-20,R$ 34.00,BOLETO HOYA,S,77
3413,24-Aug-20,R$ 400.00,BOLETO CONTADOR,S,77
3414,28-Aug-20,R$ 828.76,BOLETO HOYA,S,77
3415,31-Aug-20,R$ 87.00,BOLETO HOYA,S,77
3416,03-Sep-20,R$ 150.46,BOLETO HOYA,S,92
3417,03-Sep-20,R$ 406.08,BOLETO SIGNUS (JEAN PIERRE / URBAN),S,92
3418,04-Sep-20,R$ 27.22,BOLETO HOYA,S,92
3419,09-Sep-20,R$ 32.00,BOLETO HOYA,S,92
3420,09-Sep-20,"R$ 1,400.00",BOLETO ALUGUEL,S,92
3421,10-Sep-20,R$ 410.67,BOLETO VISEL,S,92
3422,10-Sep-20,R$ 384.50,BOLETO FOCCO BRASIL (OBEN),S,92
3423,11-Sep-20,R$ 295.50,BOLETO HOYA,S,92
3424,11-Sep-20,R$ 52.00,BOLETO VIRTUAL X (NF ELERONICA),S,92
3425,14-Sep-20,R$ 141.79,BOLETO CEMAR,S,92
3426,14-Sep-20,R$ 66.00,BOLETO HOYA,S,92
3427,15-Sep-20,R$ 103.58,BOLETO HOYA,S,92
3428,15-Sep-20,R$ 562.50,BOLETO HOYA,S,92
3429,16-Sep-20,R$ 163.00,BOLETO LABO OPTICA,S,92
3430,17-Sep-20,R$ 306.93,BOLETO UNILAB,S,92
3431,17-Sep-20,R$ 101.54,BOLETO OI FIBRA,S,92
3432,18-Sep-20,R$ 133.28,BOLETO HOYA,S,92
3433,18-Sep-20,R$ 220.00,MANUTENÇÃO IMPRESSORA,S,92
3434,21-Sep-20,R$ 32.00,BOLETO HOYA,S,92
3435,21-Sep-20,R$ 21.74,BOLETO SEFAZ (DARE),S,92
3436,21-Sep-20,R$ 425.80,BOLETO SIMPLES (DAS),S,92
3437,22-Sep-20,R$ 400.00,BOLETO CONTADOR,S,92
3438,25-Sep-20,R$ 204.50,BOLETO HOYA,S,92
3439,28-Sep-20,R$ 16.00,BOLETO HOYA,S,92
3440,31-Aug-20,"R$ 1,040.00",BOLETOS LABORATÓRIOS DIVERSOS,S,77
3441,30-Sep-20,R$ 626.00,BOLETOS LABORATÓRIOS DIVERSOS,S,92
3442,20-Aug-20,R$ 90.00,Pagamento de entrada. Atendimento N° 11031,E,77
3443,21-Sep-20,R$ 90.00,Pago com atraso da parcela n° 1 do atendimento 11031,E,92
3444,04-Sep-20,R$ 125.00,Pago com sucesso da parcela n° 1 do atendimento 11013,E,92
3445,28-Aug-20,R$ 185.00,Pago com sucesso da parcela n° 1 do atendimento 11019,E,77
3446,28-Sep-20,R$ 185.00,Pago com sucesso da parcela n° 2 do atendimento 11019,E,92
3447,11-Sep-20,R$ 170.00,Pago com atraso da parcela n° 3 do atendimento 10967,E,92
3448,04-Sep-20,R$ 230.00,Pago com atraso da parcela n° 1 do atendimento 10984,E,92
3449,05-Oct-20,R$ 230.00,Pago com atraso da parcela n° 2 do atendimento 10984,E,93
3450,05-Oct-20,R$ 150.00,Pago com atraso da parcela n° 5 do atendimento 10931,E,93
3451,06-Oct-20,R$ 130.00,Pago com atraso da parcela n° 3 do atendimento 10886,E,93
3452,03-Oct-20,R$ 130.00,Pago com atraso da parcela n° 5 do atendimento 10874,E,93
3453,02-Oct-20,R$ 100.00,Pago com sucesso da parcela n° 3 do atendimento 10994,E,93
3454,02-Oct-20,R$ 216.00,Pago com sucesso da parcela n° 3 do atendimento 10945,E,93
3455,01-Oct-20,R$ 125.00,Pago com sucesso da parcela n° 1 do atendimento 11046,E,93
3456,01-Oct-20,R$ 150.00,Pago com sucesso da parcela n° 3 do atendimento 10983,E,93
3457,01-Oct-20,R$ 178.00,Pago com sucesso da parcela n° 2 do atendimento 11032,E,93
3458,02-Sep-20,R$ 50.00,Pagamento de entrada. Atendimento N° 11044,E,92
3459,29-Sep-20,R$ 125.00,Pago com sucesso da parcela n° 1 do atendimento 11044,E,92
3460,30-Sep-20,R$ 125.00,Pago com sucesso da parcela n° 3 do atendimento 10988,E,92
3461,17-Sep-20,R$ 300.00,Pago com sucesso no catão de crédito em 2 parcelas. Atendimento N° 11052,E,92
3462,17-Sep-20,R$ 400.00,Pago com sucesso no catão de crédito em 4 parcelas. Atendimento N° 11051,E,92
3463,14-Sep-20,R$ 300.00,Pago com sucesso em dinheiro. Atendimento N° 11049,E,92
3464,11-Sep-20,R$ 300.00,Pagamento de entrada. Atendimento N° 11048,E,92
3465,15-Sep-20,R$ 100.00,Pago com sucesso da parcela n° 2 do atendimento 11001,E,92
3466,01-Sep-20,R$ 190.00,Pago com atraso da parcela n° 4 do atendimento 10873,E,92
3467,01-Sep-20,R$ 190.00,Pago com atraso da parcela n° 5 do atendimento 10873,E,92
3468,06-Oct-20,R$ 100.00,Pago com atraso da parcela n° 2 do atendimento 10864,E,93
3469,07-Oct-20,R$ 220.00,Pago com atraso da parcela n° 4 do atendimento 10960,E,93
3470,07-Oct-20,R$ 100.00,Pago com atraso da parcela n° 1 do atendimento 11036,E,93
3471,08-Oct-20,R$ 100.00,Pago com atraso da parcela n° 5 do atendimento 10877,E,93
3472,06-Aug-20,R$ 163.00,Pago com sucesso da parcela n° 6 do atendimento 10932,E,77
3473,08-Oct-20,R$ 163.00,Pago com sucesso da parcela n° 7 do atendimento 10932,E,93
3474,08-Oct-20,R$ 174.00,Pago com sucesso da parcela n° 2 do atendimento 11037,E,93
3475,10-Jul-20,R$ 67.50,Pago com sucesso da parcela n° 1 do atendimento 10972,E,76
3476,09-Oct-20,R$ 67.50,Pago com atraso da parcela n° 2 do atendimento 10972,E,93
3477,08-Oct-20,R$ 185.00,Pago com atraso da parcela n° 2 do atendimento 10936,E,93
3478,13-Oct-20,R$ 115.00,Pago com sucesso da parcela n° 1 do atendimento 11048,E,93
3479,14-Oct-20,R$ 150.00,Pago com atraso da parcela n° 2 do atendimento 11014,E,93
3480,13-Oct-20,R$ 160.00,Pago com atraso da parcela n° 4 do atendimento 10957,E,93
3481,07-Oct-20,R$ 600.00,Pago com atraso da parcela n° 1 do atendimento 10108,E,93
3482,13-Oct-20,R$ 100.00,Pago com sucesso da parcela n° 3 do atendimento 11001,E,93
3483,15-Oct-20,R$ 175.00,Pago com atraso da parcela n° 2 do atendimento 11005,E,93
3484,16-Oct-20,R$ 175.00,Pago com atraso da parcela n° 3 do atendimento 10922,E,93
3485,16-Oct-20,R$ 100.00,Pago com atraso da parcela n° 3 do atendimento 10991,E,93
3486,16-Oct-20,R$ 314.00,Pago com atraso da parcela n° 2 do atendimento 11038,E,93
3487,21-Oct-20,R$ 80.00,Pago com sucesso da parcela n° 2 do atendimento 11018,E,93
3488,21-Oct-20,R$ 200.00,Pago com sucesso da parcela n° 5 do atendimento 10941,E,93
3489,21-Oct-20,R$ 210.00,Pago com sucesso da parcela n° 3 do atendimento 10987,E,93
3490,16-Sep-20,R$ 175.00,Pago com atraso da parcela n° 3 do atendimento 10975,E,92
3491,20-Oct-20,R$ 175.00,Pago com atraso da parcela n° 4 do atendimento 10975,E,93
3492,04-Sep-20,R$ 250.00,Pagamento de entrada. Atendimento N° 11054,E,92
3493,06-Oct-20,R$ 250.00,Pago com atraso da parcela n° 1 do atendimento 11054,E,93
3494,17-Sep-20,R$ 800.00,Pago com sucesso no catão de crédito em 8 parcelas. Atendimento N° 11055,E,92
3495,18-Sep-20,"R$ 1,500.00",Pago com sucesso em dinheiro. Atendimento N° 11056,E,92
3496,18-Sep-20,R$ 500.00,Pago com sucesso em dinheiro. Atendimento N° 11057,E,92
3497,24-Sep-20,"R$ 1,400.00",Pago com sucesso no catão de crédito em 10 parcelas. Atendimento N° 11059,E,92
3498,24-Sep-20,R$ 100.00,Pagamento de entrada. Atendimento N° 11060,E,92
3499,29-Sep-20,R$ 700.00,Pago com sucesso no catão de crédito em 2 parcelas. Atendimento N° 11062,E,92
3500,25-Sep-20,R$ 160.00,BOLETO CERTIFICADO DIGITAL(NF ELETRONICA),S,92
3501,05-Oct-20,R$ 16.00,BOLETO HOYA,S,93
3502,05-Oct-20,R$ 406.08,BOLETO SIGNUS,S,93
3503,05-Oct-20,"R$ 1,400.00",BOLETO ALUGUEL,S,93
3504,08-Oct-20,R$ 375.00,BOLETO FOCCO BRASIL (ARMAÇÃO OBEN),S,93
3505,08-Oct-20,R$ 206.67,BOLETO LABO OPTICA,S,93
3506,09-Oct-20,R$ 136.81,BOLETO CEMAR,S,93
3507,09-Oct-20,R$ 695.50,BOLETO HOYA,S,93
3508,13-Oct-20,R$ 32.00,BOLETO HOYA,S,93
3509,13-Oct-20,R$ 101.91,BOLETO TELEFONE / NET,S,93
3510,13-Oct-20,R$ 410.67,BOLETO VISEL,S,93
3511,14-Oct-20,R$ 52.00,BOLETO VIRTUAL X (NF ELETRONICA),S,93
3512,15-Oct-20,R$ 326.76,BOLETO SIGNUS (URBAN),S,93
3513,15-Oct-20,R$ 29.70,BOLETO HOYA,S,93
3514,16-Oct-20,R$ 163.00,BOLETO LABO OPTICA,S,93
3515,19-Oct-20,R$ 16.00,BOLETO HOYA,S,93
3516,20-Oct-20,R$ 19.01,BOLETO DARE (IMPOSTO ICMS),S,93
3517,20-Oct-20,R$ 219.23,BOLETO DAS (IMPOSTO SIMPLES),S,93
3518,23-Oct-20,R$ 400.00,BOLETO CONTADOR,S,93
3519,23-Oct-20,"R$ 1,154.76",BOLETO HOYA,S,93
3520,27-Oct-20,R$ 680.00,INTALAÇÃO AR CONDICIONADO (MATERIAL INST. E MÃO DE OBRA),S,93
3521,20-Nov-20,R$ 234.00,BOLETO AR CONDICIONADO (1ª PARCELA DE 10),S,94
3522,24-Oct-20,R$ 120.00,Pago com atraso da parcela n° 1 do atendimento 11023,E,93
3523,08-Oct-20,R$ 90.00,BOLETO CONSERTO VENTILADOR,S,93
3524,03-Nov-20,R$ 216.00,Pago com sucesso da parcela n° 4 do atendimento 10945,E,94
3525,03-Nov-20,R$ 150.00,Pago com atraso da parcela n° 4 do atendimento 10983,E,94
3526,03-Sep-20,R$ 245.00,Pago com atraso da parcela n° 3 do atendimento 10857,E,92
3527,03-Nov-20,R$ 245.00,Pago com atraso da parcela n° 4 do atendimento 10857,E,94
3528,08-Oct-20,R$ 375.00,BOLETO FOCCO BRASIL (OBEN),S,93
3529,30-Oct-20,R$ 554.09,BOLETO DIVERSOS,S,93
3530,03-Nov-20,R$ 406.09,BOLETO SIGNUS (FIAMMA URBAN),S,94
3531,03-Nov-20,R$ 32.00,BOLETO HOYA,S,94
3532,09-Oct-20,R$ 250.00,Pago com sucesso da parcela n° 1 do atendimento 11053,E,93
3533,31-Oct-20,R$ 130.00,Pago com atraso da parcela n° 6 do atendimento 10874,E,93
3534,05-Oct-20,R$ 100.00,Pago com sucesso da parcela n° 1 do atendimento 11008,E,93
3535,04-Nov-20,R$ 100.00,Pago com sucesso da parcela n° 2 do atendimento 11008,E,94
3536,05-Nov-20,R$ 100.00,Pago com sucesso da parcela n° 4 do atendimento 10994,E,94
3537,15-Jun-20,R$ 160.00,Pago com atraso da parcela n° 1 do atendimento 10699,E,74
3538,30-Oct-20,R$ 160.00,Pago com atraso da parcela n° 2 do atendimento 10699,E,93
3539,06-Nov-20,R$ 150.00,Pago com atraso da parcela n° 6 do atendimento 10931,E,94
3540,06-Nov-20,R$ 903.76,BOLETO HOYA,S,94
3541,05-Nov-20,R$ 125.00,Pago com atraso da parcela n° 2 do atendimento 11046,E,94
3542,06-Nov-20,R$ 163.00,Pago com sucesso da parcela n° 8 do atendimento 10932,E,94
3543,09-Nov-20,R$ 174.00,Pago com sucesso da parcela n° 3 do atendimento 11037,E,94
3544,10-Nov-20,R$ 110.00,Pago com atraso da parcela n° 1 do atendimento 11058,E,94
3545,10-Nov-20,R$ 110.00,Pago com sucesso da parcela n° 2 do atendimento 11058,E,94
3546,09-Nov-20,R$ 375.00,BOLETO FOCCO BRASIL(OBEN),S,94
3547,09-Nov-20,R$ 48.00,BOLETO HOYA,S,94
3548,09-Nov-20,"R$ 1,400.00",BOLETO ALUGUEL,S,94
3549,09-Nov-20,R$ 206.67,BOLETO LABO OPTICA,S,94
3550,10-Nov-20,R$ 482.38,BOLETO KEYPER,S,94
3551,10-Nov-20,R$ 410.66,BOLETO VISEL,S,94
3552,11-Nov-20,R$ 80.00,BOLETO VIRTUAL X NF ELETRÔNICA,S,94
3553,11-Nov-20,R$ 157.50,BOLETO CEMAR,S,94
3554,11-Nov-20,R$ 115.00,Pago com sucesso da parcela n° 2 do atendimento 11048,E,94
3555,12-Nov-20,R$ 100.00,Pago com atraso da parcela n° 2 do atendimento 11036,E,94
3556,10-Nov-20,R$ 178.00,Pago com sucesso da parcela n° 3 do atendimento 11032,E,94
3557,04-Nov-20,R$ 125.00,Pago com atraso da parcela n° 4 do atendimento 10988,E,94
3558,07-Nov-20,R$ 220.00,Pago com atraso da parcela n° 5 do atendimento 10960,E,94
3559,12-Nov-20,R$ 150.00,Pago com sucesso da parcela n° 3 do atendimento 11014,E,94
3560,12-Nov-20,R$ 250.00,Pago com atraso da parcela n° 2 do atendimento 11053,E,94
3561,05-Nov-20,R$ 250.00,Pago com atraso da parcela n° 2 do atendimento 11054,E,94
3562,03-Oct-20,R$ 200.00,Pago com sucesso em dinheiro. Atendimento N° 11065,E,93
3563,03-Oct-20,R$ 350.00,Pago com sucesso no catão de crédito em 3 parcelas. Atendimento N° 11066,E,93
3564,05-Oct-20,R$ 250.00,Pago com sucesso no catão de crédito em 1 parcelas. Atendimento N° 11067,E,93
3565,07-Oct-20,R$ 500.00,Pago com sucesso no catão de crédito em 3 parcelas. Atendimento N° 11070,E,93
3566,07-Oct-20,R$ 500.00,Pago com sucesso em dinheiro. Atendimento N° 11072,E,93
3567,16-Oct-20,R$ 570.00,Pago com sucesso em dinheiro. Atendimento N° 11075,E,93
3568,16-Oct-20,R$ 120.00,Pago com sucesso no cartão de débito. Atendimento N° 11076,E,93
3569,17-Oct-20,"R$ 2,350.00",Pago com sucesso no catão de crédito em 10 parcelas. Atendimento N° 11078,E,93
3570,20-Oct-20,"R$ 1,800.00",Pago com sucesso no catão de crédito em 10 parcelas. Atendimento N° 11080,E,93
3571,20-Oct-20,R$ 300.00,Pago com sucesso no catão de crédito em 3 parcelas. Atendimento N° 11081,E,93
3572,21-Oct-20,R$ 570.00,Pago com sucesso em dinheiro. Atendimento N° 11082,E,93
3573,22-Oct-20,"R$ 1,620.00",Pago com sucesso no catão de crédito em 6 parcelas. Atendimento N° 11083,E,93
3574,22-Oct-20,"R$ 1,100.00",Pago com sucesso no catão de crédito em 4 parcelas. Atendimento N° 11084,E,93
3575,16-Nov-20,R$ 175.00,Pago com atraso da parcela n° 5 do atendimento 10975,E,94
3576,16-Nov-20,"R$ 1,869.76",BOLETO HOYA,S,94
3577,16-Nov-20,R$ 163.00,BOLETO LABO OPTICA,S,94
3578,17-Nov-20,R$ 100.00,Pago com atraso da parcela n° 4 do atendimento 11001,E,94
3579,26-Oct-20,R$ 250.00,Pago com sucesso no catão de crédito em 3 parcelas. Atendimento N° 11085,E,93
3580,30-Nov-20,"R$ 1,650.00",Pago com sucesso em dinheiro. Atendimento N° 11086,E,94
3581,31-Oct-20,R$ 950.00,Pago com sucesso no catão de crédito em 10 parcelas. Atendimento N° 11087,E,93
3582,01-Oct-20,R$ 120.00,Pagamento de entrada. Atendimento N° 11063,E,93
3583,03-Nov-20,R$ 100.00,Pago com sucesso da parcela n° 1 do atendimento 11069,E,94
3584,05-Oct-20,R$ 500.00,Pagamento de entrada. Atendimento N° 11068,E,93
3585,18-Nov-20,R$ 170.00,Pago com atraso da parcela n° 4 do atendimento 10967,E,94
3586,18-Nov-20,R$ 190.00,Pago com atraso da parcela n° 1 do atendimento 11088,E,94
3587,20-Nov-20,R$ 638.26,BOLETO HOYA,S,94
3588,20-Nov-20,R$ 404.60,BOLETO IMPOSTO (DAS),S,94
3589,20-Nov-20,R$ 33.43,BOLETO IMPOSTO (DARE),S,94
3590,20-Dec-20,R$ 234.00,BOLETO AR CONDICIONADO (2 PARCELA DE 10),S,95
3591,23-Nov-20,R$ 16.00,BOLETO HOYA,S,94
3592,23-Nov-20,R$ 471.40,BOLETO AVH PARTICIPAÇÕES (SOLAR MAREZIA),S,94
3593,23-Nov-20,R$ 200.00,Pago com sucesso da parcela n° 6 do atendimento 10941,E,94
3594,23-Nov-20,R$ 210.00,Pago com sucesso da parcela n° 4 do atendimento 10987,E,94
3595,12-Nov-20,R$ 100.00,Pago com atraso da parcela n° 4 do atendimento 10884,E,94
3596,25-Nov-20,R$ 125.00,Pago com atraso da parcela n° 3 do atendimento 10739,E,94
3597,25-Nov-20,R$ 125.00,Pago com atraso da parcela n° 4 do atendimento 10739,E,94
3598,25-Nov-20,R$ 400.00,BOLETO CONTADOR,S,94
3599,25-Nov-20,R$ 100.00,Pago com sucesso da parcela n° 1 do atendimento 11095,E,94
3600,12-Nov-20,R$ 120.00,Pago com atraso da parcela n° 1 do atendimento 11063,E,94
3601,07-Oct-20,"R$ 2,130.00",Pago com sucesso no catão de crédito em 10 parcelas. Atendimento N° 11071,E,93
3602,10-Oct-20,R$ 200.00,Pagamento de entrada. Atendimento N° 11073,E,93
3603,24-Nov-20,R$ 150.00,Pago com sucesso da parcela n° 1 do atendimento 11073,E,94
3604,17-Oct-20,R$ 50.00,Pagamento de entrada. Atendimento N° 11079,E,93
3605,23-Nov-20,R$ 300.00,Pago com sucesso no catão de crédito em 2 parcelas. Atendimento N° 11109,E,94
3606,19-Nov-20,R$ 400.00,Pago com sucesso no catão de crédito em 2 parcelas. Atendimento N° 11107,E,94
3607,17-Nov-20,R$ 100.00,Pago com sucesso em dinheiro. Atendimento N° 11106,E,94
3608,11-Nov-20,R$ 600.00,Pago com sucesso no cartão de débito. Atendimento N° 11103,E,94
3609,10-Nov-20,R$ 100.00,Pago com sucesso no catão de crédito em 1 parcelas. Atendimento N° 11102,E,94
3610,10-Nov-20,R$ 700.00,Pago com sucesso no catão de crédito em 4 parcelas. Atendimento N° 11101,E,94
3611,10-Nov-20,R$ 850.00,Pago com sucesso no catão de crédito em 6 parcelas. Atendimento N° 11100,E,94
3612,09-Nov-20,R$ 80.00,Pago com sucesso em dinheiro. Atendimento N° 11099,E,94
3613,09-Nov-20,R$ 280.00,Pago com sucesso no catão de crédito em 4 parcelas. Atendimento N° 11097,E,94
3614,09-Nov-20,"R$ 1,100.00",Pago com sucesso no catão de crédito em 5 parcelas. Atendimento N° 11096,E,94
3615,05-Nov-20,R$ 250.00,Pago com sucesso no catão de crédito em 3 parcelas. Atendimento N° 11092,E,94
3616,04-Nov-20,R$ 450.00,Pago com sucesso no cartão de débito. Atendimento N° 11091,E,94
3617,27-Nov-20,R$ 232.50,BOLETO HOYA,S,94
3618,23-Nov-20,R$ 750.00,Pago com sucesso no catão de crédito em 6 parcelas. Atendimento N° 11108,E,94
3619,28-Nov-20,R$ 125.00,Pago com atraso da parcela n° 2 do atendimento 11044,E,94
3620,28-Nov-20,R$ 115.00,Pago com sucesso da parcela n° 3 do atendimento 11048,E,94
3621,30-Nov-20,R$ 100.00,Pago com atraso da parcela n° 2 do atendimento 10905,E,94
3622,30-Nov-20,R$ 150.00,Pago com sucesso da parcela n° 5 do atendimento 10983,E,94
3623,30-Nov-20,R$ 100.00,Pago com sucesso da parcela n° 2 do atendimento 11069,E,94
3624,24-Nov-20,R$ 200.00,Pagamento de entrada. Atendimento N° 11110,E,94
3625,30-Nov-20,R$ 230.00,Pago com atraso da parcela n° 4 do atendimento 10900,E,94
3626,01-Dec-20,R$ 130.00,Pago com atraso da parcela n° 4 do atendimento 10886,E,95
3627,01-Dec-20,R$ 100.00,Pago com sucesso da parcela n° 5 do atendimento 10994,E,95
3628,01-Dec-20,R$ 216.00,Pago com sucesso da parcela n° 5 do atendimento 10945,E,95
3629,02-Dec-20,R$ 200.00,Pago com sucesso da parcela n° 1 do atendimento 11110,E,95
3630,03-Dec-20,R$ 120.00,Pago com atraso da parcela n° 2 do atendimento 11023,E,95
3631,07-Dec-20,R$ 195.00,Pago com atraso da parcela n° 1 do atendimento 11061,E,95
3632,07-Dec-20,R$ 190.00,Pago com atraso da parcela n° 2 do atendimento 11088,E,95
3633,03-Dec-20,R$ 200.00,Pago com atraso da parcela n° 7 do atendimento 10452,E,95
3634,25-Nov-20,R$ 544.00,BOLETO LABO OPTICA,S,94
3635,30-Nov-20,"R$ 1,434.00",BOLETOS DIVERSOS,S,94
3636,01-Dec-20,R$ 66.00,BOLETO HOYA,S,95
3637,04-Dec-20,R$ 378.76,BOLETO HOYA,S,95
3638,07-Dec-20,R$ 206.66,BOLETO LABO OPTICA,S,95
3639,09-Dec-20,"R$ 1,400.00",BOLETO ALUGUEL DA LOJA,S,95
3640,27-Nov-20,"R$ 1,800.00",Pago com sucesso no catão de crédito em 10 parcelas. Atendimento N° 11114,E,94
3641,09-Dec-20,R$ 165.00,Pago com atraso da parcela n° 2 do atendimento 10907,E,95
3642,10-Dec-20,R$ 178.00,Pago com sucesso da parcela n° 4 do atendimento 11032,E,95
3643,01-Dec-20,R$ 100.00,Pago com sucesso da parcela n° 1 do atendimento 11090,E,95
3644,09-Dec-20,R$ 174.00,Pago com sucesso da parcela n° 4 do atendimento 11037,E,95
3645,30-Nov-20,R$ 100.00,Pago com sucesso em dinheiro. Atendimento N° 11116,E,94
3646,11-Dec-20,R$ 185.00,Pago com atraso da parcela n° 3 do atendimento 11019,E,95
3647,11-Dec-20,R$ 185.00,Pago com sucesso da parcela n° 4 do atendimento 11019,E,95
3648,10-Dec-20,R$ 125.00,Pago com atraso da parcela n° 5 do atendimento 10988,E,95
3649,24-Nov-20,"R$ 1,350.00",Pago com sucesso no catão de crédito em 6 parcelas. Atendimento N° 11112,E,94
3650,06-Nov-20,R$ 300.00,Pago com sucesso em dinheiro. Atendimento N° 11093,E,94
3651,03-Nov-20,R$ 400.00,Pago com sucesso em dinheiro. Atendimento N° 11094,E,94
3652,10-Dec-20,R$ 190.00,Pago com sucesso da parcela n° 2 do atendimento 11064,E,95
3653,10-Dec-20,R$ 190.00,Pago com atraso da parcela n° 1 do atendimento 11064,E,95
3654,24-Nov-20,R$ 200.00,Pagamento de entrada. Atendimento N° 11111,E,94
3655,30-Nov-20,"R$ 1,200.00",Pago com sucesso no catão de crédito em 4 parcelas. Atendimento N° 11115,E,94
3656,30-Nov-20,R$ 270.00,Pago com sucesso em dinheiro. Atendimento N° 11118,E,94
3657,14-Dec-20,R$ 314.00,Pago com atraso da parcela n° 3 do atendimento 11038,E,95
3658,14-Dec-20,R$ 250.00,Pago com atraso da parcela n° 3 do atendimento 11053,E,95
3659,15-Dec-20,R$ 150.00,Pago com atraso da parcela n° 4 do atendimento 11014,E,95
3660,10-Dec-20,R$ 482.38,BOLETO KEYPER,S,95
3661,10-Dec-20,R$ 80.00,BOLETO VIRTUAL X (NF ELETRÔNICA),S,95
3662,10-Dec-20,R$ 56.00,BOLETO LABO OPTICA,S,95
3663,11-Dec-20,R$ 214.39,BOLETO CEMAR,S,95
3664,14-Dec-20,R$ 32.00,BOLETO HOYA,S,95
3665,14-Sep-20,R$ 140.00,Pago com atraso da parcela n° 5 do atendimento 10671,E,92
3666,17-Dec-20,R$ 140.00,Pago com atraso da parcela n° 6 do atendimento 10671,E,95
3667,12-Nov-20,R$ 100.00,Pago com atraso da parcela n° 4 do atendimento 10991,E,94
3668,17-Dec-20,R$ 100.00,Pago com atraso da parcela n° 5 do atendimento 10991,E,95
3669,18-Dec-20,R$ 60.00,Pago com atraso da parcela n° 1 do atendimento 11123,E,95
3670,22-Dec-20,R$ 210.00,Pago com sucesso da parcela n° 5 do atendimento 10987,E,95
3671,22-Dec-20,R$ 100.00,Pago com atraso da parcela n° 1 do atendimento 11079,E,95
3672,22-Dec-20,R$ 100.00,Pago com sucesso da parcela n° 2 do atendimento 11079,E,95
3673,08-Oct-20,R$ 185.00,Pago com atraso da parcela n° 3 do atendimento 10936,E,93
3674,07-Dec-20,R$ 185.00,Pago com atraso da parcela n° 4 do atendimento 10936,E,95
3675,22-Dec-20,R$ 185.00,Pago com atraso da parcela n° 5 do atendimento 10936,E,95
3676,22-Dec-20,R$ 185.00,Pago com atraso da parcela n° 6 do atendimento 10936,E,95
3677,22-Dec-20,R$ 200.00,Pago com atraso da parcela n° 1 do atendimento 11016,E,95
3678,22-Dec-20,R$ 200.00,Pago com atraso da parcela n° 2 do atendimento 11016,E,95
3679,23-Dec-20,R$ 150.00,Pago com sucesso da parcela n° 2 do atendimento 11073,E,95
3680,04-Dec-20,R$ 600.00,Pago com sucesso no catão de crédito em 3 parcelas. Atendimento N° 11120,E,95
3681,04-Dec-20,R$ 500.00,Pago com sucesso no catão de crédito em 2 parcelas. Atendimento N° 11121,E,95
3682,18-Dec-20,R$ 352.50,BOLETO HOYA,S,95
3683,21-Dec-20,R$ 16.00,BOLETO HOYA,S,95
3684,21-Dec-20,R$ 413.15,BOLETO IMPOSTO DAS (SIMPLES NACIONAL),S,95
3685,21-Dec-20,R$ 7.40,BOLETO IMPOSTO DARE (ICMS),S,95
3686,23-Dec-20,R$ 471.40,BOLETO AVH PARTICIPAÇÕES (MAREZIA E VIZZANO),S,95
3687,07-Dec-20,R$ 750.00,Pago com sucesso no catão de crédito em 6 parcelas. Atendimento N° 11124,E,95
3688,07-Dec-20,R$ 350.00,Pago com sucesso em dinheiro. Atendimento N° 11125,E,95
3689,07-Dec-20,R$ 400.00,Pago com sucesso em dinheiro. Atendimento N° 11127,E,95
3690,08-Dec-20,R$ 180.00,Pago com sucesso em dinheiro. Atendimento N° 11128,E,95
3691,10-Dec-20,R$ 200.00,Pago com sucesso em dinheiro. Atendimento N° 11129,E,95
3692,16-Dec-20,R$ 60.00,Pago com sucesso em dinheiro. Atendimento N° 11130,E,95
3693,28-Dec-20,R$ 100.00,Pago com sucesso da parcela n° 6 do atendimento 10994,E,95
3694,28-Dec-20,R$ 100.00,Pago com atraso da parcela n° 2 do atendimento 11095,E,95
3695,23-Dec-20,R$ 400.00,BOLETO CONTADOR,S,95
3696,28-Dec-20,R$ 28.00,BOLETO HOYA,S,95
3697,28-Dec-20,R$ 849.02,BOLETO HOYA,S,95
3698,11-Dec-20,R$ 99.75,BOLETO OI FIBRA,S,95
3699,17-Dec-20,R$ 450.00,Pago com sucesso em dinheiro. Atendimento N° 11132,E,95
3700,30-Dec-20,R$ 120.00,Pago com atraso da parcela n° 2 do atendimento 11063,E,95
3701,30-Dec-20,R$ 150.00,Pago com sucesso da parcela n° 6 do atendimento 10983,E,95
3702,30-Nov-20,R$ 900.00,Pago com sucesso em dinheiro. Atendimento N° 11117,E,94
3703,21-Dec-20,R$ 500.00,Pago com sucesso em dinheiro. Atendimento N° 11135,E,95
3704,30-Dec-20,R$ 0.01,Pago com sucesso em dinheiro. Atendimento N° 11136,E,95
3705,04-Jan-21,R$ 314.00,Pago com atraso da parcela n° 4 do atendimento 11038,E,96
3706,04-Jan-21,R$ 175.00,Pago com atraso da parcela n° 4 do atendimento 10922,E,96
3707,05-Jan-21,R$ 100.00,Pago com sucesso da parcela n° 3 do atendimento 11069,E,96
3708,30-Dec-20,R$ 100.00,Pago com sucesso da parcela n° 1 do atendimento 11131,E,95
3709,04-Jan-21,R$ 100.00,Pago com atraso da parcela n° 3 do atendimento 10864,E,96
3710,05-Jan-21,R$ 125.00,Pago com atraso da parcela n° 6 do atendimento 10988,E,96
3711,04-Jan-21,R$ 190.00,Pago com sucesso da parcela n° 3 do atendimento 11088,E,96
3712,06-Jan-21,R$ 200.00,Pago com sucesso da parcela n° 2 do atendimento 11110,E,96
3713,30-Dec-20,R$ 496.00,BOLETO DIVERSOS,S,95
3714,29-Dec-20,R$ 97.50,Pago com atraso da parcela n° 3 do atendimento 10854,E,95
3715,06-Jan-21,R$ 97.50,Pago com atraso da parcela n° 4 do atendimento 10854,E,96
3716,07-Jan-21,R$ 95.00,Pago com sucesso da parcela n° 1 do atendimento 11122,E,96
3717,07-Dec-20,R$ 150.00,Pagamento de entrada. Atendimento N° 11126,E,95
3718,05-Jan-21,R$ 100.00,Pago com sucesso da parcela n° 1 do atendimento 11126,E,96
3719,08-Jan-21,R$ 120.00,Pago com atraso da parcela n° 3 do atendimento 11023,E,96
3720,05-Jan-21,R$ 120.00,Pago com sucesso da parcela n° 3 do atendimento 11063,E,96
3721,11-Jan-21,R$ 195.00,Pago com atraso da parcela n° 2 do atendimento 11061,E,96
3722,11-Jan-21,R$ 195.00,Pago com atraso da parcela n° 3 do atendimento 11061,E,96
3723,08-Jan-21,R$ 174.00,Pago com sucesso da parcela n° 5 do atendimento 11037,E,96
3724,12-Jan-21,R$ 178.00,Pago com atraso da parcela n° 5 do atendimento 11032,E,96
3725,13-Jan-21,R$ 150.00,Pago com atraso da parcela n° 5 do atendimento 11014,E,96
3726,14-Jan-21,R$ 100.00,Pago com atraso da parcela n° 2 do atendimento 11090,E,96
3727,13-Jan-21,R$ 175.00,Pago com atraso da parcela n° 1 do atendimento 11077,E,96
3728,13-Jan-21,R$ 175.00,Pago com atraso da parcela n° 2 do atendimento 11077,E,96
3729,03-Dec-20,R$ 200.00,Pagamento de entrada. Atendimento N° 11119,E,95
3730,18-Dec-20,R$ 720.00,Pago com sucesso no catão de crédito em 1 parcelas. Atendimento N° 11133,E,95
3731,19-Dec-20,R$ 750.00,Pagamento de entrada. Atendimento N° 11134,E,95
3732,02-Jan-21,R$ 400.00,Pago com sucesso em dinheiro. Atendimento N° 11137,E,96
3733,04-Jan-21,"R$ 1,200.00",Pago com sucesso no catão de crédito em 2 parcelas. Atendimento N° 11138,E,96
3734,11-Jan-21,R$ 70.00,Pago com sucesso em dinheiro. Atendimento N° 11143,E,96
3735,20-Jan-21,R$ 300.00,Pagamento de entrada. Atendimento N° 11144,E,96
3736,09-Jan-21,R$ 140.00,Pagamento de entrada. Atendimento N° 11142,E,96
3737,22-Jan-21,R$ 100.00,Pago com atraso da parcela n° 6 do atendimento 10991,E,96
3738,29-Jan-21,R$ 100.00,Pago com atraso da parcela n° 3 do atendimento 11079,E,96
3739,11-Jan-21,R$ 350.00,Pago com sucesso no catão de crédito em 1 parcelas. Atendimento N° 11145,E,96
3740,19-Jan-21,R$ 600.00,Pago com sucesso em dinheiro. Atendimento N° 11146,E,96
3741,20-Jan-21,R$ 140.00,Pagamento de entrada. Atendimento N° 11148,E,96
3742,01-Feb-21,R$ 150.00,Pago com sucesso da parcela n° 7 do atendimento 10983,E,97
3743,02-Feb-21,R$ 150.00,Pago com atraso da parcela n° 3 do atendimento 11073,E,97
3744,19-Dec-20,R$ 175.00,Pago com atraso da parcela n° 6 do atendimento 10975,E,95
3745,03-Feb-21,R$ 175.00,Pago com atraso da parcela n° 7 do atendimento 10975,E,97
3746,02-Feb-21,R$ 100.00,Pago com atraso da parcela n° 3 do atendimento 10905,E,97
3747,22-Jan-21,R$ 100.00,Pago com sucesso da parcela n° 3 do atendimento 11095,E,96
3748,21-Jan-21,R$ 250.00,Pago com atraso da parcela n° 4 do atendimento 11053,E,96
3749,20-Jan-21,R$ 210.00,Pago com sucesso da parcela n° 6 do atendimento 10987,E,96
3750,09-Sep-20,R$ 90.00,Pago com atraso da parcela n° 4 do atendimento 10923,E,0
3751,03-Feb-21,R$ 150.00,Pago com sucesso da parcela n° 1 do atendimento 11139,E,97
3752,03-Feb-21,"R$ 1,000.00",Pago com sucesso no catão de crédito em 10 parcelas. Atendimento N° 11149,E,97
3753,22-Jan-21,R$ 720.00,Pago com sucesso no cartão de débito. Atendimento N° 11150,E,96
3754,21-Dec-20,R$ 163.00,Pago com atraso da parcela n° 9 do atendimento 10932,E,95
3755,03-Feb-21,R$ 163.00,Pago com atraso da parcela n° 10 do atendimento 10932,E,97
3756,03-Feb-21,R$ 130.00,Pago com sucesso da parcela n° 1 do atendimento 11147,E,97
3757,03-Feb-21,R$ 200.00,Pago com atraso da parcela n° 1 do atendimento 11119,E,97
3758,03-Feb-21,R$ 200.00,Pago com sucesso da parcela n° 2 do atendimento 11119,E,97
3759,25-Jan-21,R$ 300.00,Pagamento de entrada. Atendimento N° 11151,E,96
3760,26-Jan-21,R$ 300.00,Pago com sucesso no catão de crédito em 3 parcelas. Atendimento N° 11152,E,96
3761,27-Jan-21,R$ 310.00,Pago com sucesso no catão de crédito em 2 parcelas. Atendimento N° 11153,E,96
3762,29-Jan-21,R$ 320.00,Pago com sucesso em dinheiro. Atendimento N° 11154,E,96
3763,05-Jan-21,R$ 393.18,"BOLETO SIGNUS (JEAN PIERRE, FIAMMA, URBAN, LAVORATO)",S,96
3764,05-Jan-21,"R$ 1,400.00",ALUGUEL DA LOJA,S,96
3765,08-Jan-21,R$ 165.76,BOLETO HOYA,S,96
3766,11-Feb-21,R$ 482.38,BOLETO KEYPER,S,97
3767,11-Jan-21,R$ 99.75,BOLETO OI FIBRA,S,96
3768,11-Jan-21,R$ 482.38,BOLETO KEYPER,S,96
3769,11-Jan-21,R$ 587.00,BOLETO UNILAB,S,96
3770,11-Jan-21,R$ 80.00,BOLETO VIRTUAL X (NF ELETRON.),S,96
3771,12-Jan-21,R$ 198.07,BOLETO CEMAR,S,96
3772,15-Jan-21,R$ 103.58,BOLETO HOYA,S,96
3773,18-Jan-21,R$ 48.00,BOLETO HOYA,S,96
3774,20-Jan-21,R$ 17.18,BOLETO IMPOSTO (DARE),S,96
3775,20-Jan-21,R$ 236.36,BOLETO IMPOSTO (DAS),S,96
3776,20-Jan-21,R$ 234.00,BOLETO AR CONDICIONADO (3ª PARCELA),S,96
3777,22-Jan-21,R$ 232.50,BOLETO HOYA,S,96
3778,22-Jan-21,R$ 471.40,BOLETO MAREZIA E VIZZANO,S,96
3779,23-Jan-21,R$ 50.00,BOLETO PACOTE OFFICE,S,96
3780,25-Jan-21,R$ 400.00,BOLETO CONTADOR,S,96
3781,25-Jan-21,R$ 688.82,BOLETO BNB GIRO,S,96
3782,25-Jan-21,R$ 894.15,BOLETO BNB INVESTIMENTO,S,96
3783,29-Jan-21,R$ 457.58,BOLETO HOYA,S,96
3784,30-Jan-21,R$ 553.00,BOLETOS DIVERSOS,S,96
3785,05-Feb-21,R$ 100.00,Pago com sucesso da parcela n° 2 do atendimento 11131,E,97
3786,09-Feb-21,R$ 200.00,Pago com sucesso da parcela n° 3 do atendimento 11110,E,97
3787,08-Feb-21,R$ 140.00,Pago com sucesso da parcela n° 1 do atendimento 11142,E,97
3788,08-Feb-21,R$ 100.00,Pago com atraso da parcela n° 3 do atendimento 11008,E,97
3789,05-Feb-21,R$ 174.00,Pago com sucesso da parcela n° 6 do atendimento 11037,E,97
3790,03-Feb-21,R$ 190.00,Pago com sucesso da parcela n° 4 do atendimento 11088,E,97
3791,30-Dec-20,R$ 70.00,Pago com sucesso em dinheiro. Atendimento N° 11155,E,95
3792,30-Jan-21,R$ 195.00,Pago com sucesso em dinheiro. Atendimento N° 11156,E,96
3793,10-Feb-21,R$ 100.00,Pago com atraso da parcela n° 1 do atendimento 11098,E,97
3794,01-Feb-21,R$ 18.00,BOLETO HOYA,S,97
3795,01-Feb-21,R$ 393.18,BOLETO SIGNUS,S,97
3796,01-Feb-21,R$ 310.00,BOLETO ARMAÇÕES JÚNIOR,S,97
3797,02-Feb-21,R$ 224.00,BOLETO FRESHLOOK,S,97
3798,05-Feb-21,R$ 362.04,BOLETO HOYA,S,97
3799,08-Feb-21,R$ 156.95,BOLETO CEMAR,S,97
3800,08-Feb-21,R$ 16.00,BOLETO HOYA,S,97
3801,10-Feb-21,R$ 80.00,BOLETO VIRTUAL X (NF ELETRÔNICA),S,97
3802,10-Feb-21,"R$ 1,400.00",BOLETO ALUGUEL LOJA,S,97
3803,17-Feb-21,R$ 313.63,BOLETO HOYA,S,97
3804,02-Feb-21,R$ 230.00,Pagamento de entrada. Atendimento N° 11157,E,97
3805,12-Feb-21,R$ 195.00,Pago com atraso da parcela n° 4 do atendimento 11061,E,97
3806,03-Feb-21,R$ 700.00,Pago com sucesso no catão de crédito em 2 parcelas. Atendimento N° 11158,E,97
3807,04-Feb-21,R$ 100.00,Pagamento de entrada. Atendimento N° 11159,E,97
3809,06-Feb-21,"R$ 1,600.00",Pago com sucesso no catão de crédito em 10 parcelas. Atendimento N° 11160,E,97
3810,17-Feb-21,R$ 48.00,BOLETO HOYA,S,97
3811,19-Feb-21,R$ 144.76,BOLETO HOYA,S,97
3812,10-Feb-21,R$ 99.75,BOLETO OI FIBRA,S,97
3813,22-Feb-21,R$ 140.00,Pago com atraso da parcela n° 1 do atendimento 11148,E,97
3814,08-Feb-21,"R$ 1,100.00",Pago com sucesso no catão de crédito em 5 parcelas. Atendimento N° 11161,E,97
3815,01-Mar-21,R$ 100.00,Pago com atraso da parcela n° 4 do atendimento 11069,E,98
3816,01-Mar-21,R$ 250.00,Pago com atraso da parcela n° 5 do atendimento 11053,E,98
3817,01-Mar-21,R$ 150.00,Pago com sucesso da parcela n° 8 do atendimento 10983,E,98
3818,02-Mar-21,R$ 175.00,Pago com atraso da parcela n° 8 do atendimento 10975,E,98
3819,02-Mar-21,R$ 230.00,Pago com sucesso da parcela n° 1 do atendimento 11157,E,98
3820,10-Feb-21,R$ 250.00,Pago com sucesso da parcela n° 2 do atendimento 11144,E,97
3821,10-Feb-21,R$ 250.00,Pago com sucesso da parcela n° 1 do atendimento 11144,E,97
3822,03-Mar-21,R$ 100.00,Pago com atraso da parcela n° 4 do atendimento 11095,E,98
3823,09-Feb-21,"R$ 1,100.00",Pago com sucesso no catão de crédito em 3 parcelas. Atendimento N° 11162,E,97
3824,12-Feb-21,R$ 160.00,Pago com sucesso no cartão de débito. Atendimento N° 11163,E,97
3825,04-Mar-21,R$ 130.00,Pago com atraso da parcela n° 5 do atendimento 10886,E,98
3826,04-Mar-21,R$ 200.00,Pago com sucesso da parcela n° 4 do atendimento 11110,E,98
3827,13-Feb-21,R$ 800.00,Pago com sucesso no catão de crédito em 4 parcelas. Atendimento N° 11164,E,97
3828,05-Mar-21,R$ 150.00,Pago com atraso da parcela n° 1 do atendimento 11151,E,98
3829,05-Mar-21,R$ 100.00,Pago com sucesso da parcela n° 3 do atendimento 11131,E,98
3830,05-Mar-21,R$ 150.00,Pago com sucesso da parcela n° 2 do atendimento 11139,E,98
3831,06-Mar-21,R$ 140.00,Pago com sucesso da parcela n° 2 do atendimento 11142,E,98
3832,08-Mar-21,R$ 190.00,Pago com atraso da parcela n° 5 do atendimento 11088,E,98
3833,01-Feb-21,R$ 100.00,Pago com sucesso da parcela n° 3 do atendimento 11090,E,97
3834,08-Mar-21,R$ 100.00,Pago com atraso da parcela n° 4 do atendimento 11090,E,98
3835,13-Feb-21,R$ 670.00,Pago com sucesso em dinheiro. Atendimento N° 11165,E,97
3836,01-Feb-21,R$ 175.00,Pago com atraso da parcela n° 5 do atendimento 10922,E,97
3837,08-Mar-21,R$ 175.00,Pago com atraso da parcela n° 6 do atendimento 10922,E,98
3838,09-Mar-21,R$ 300.00,Pago com atraso da parcela n° 1 do atendimento 11042,E,98
3840,25-Feb-21,R$ 100.00,Pago com sucesso da parcela n° 1 do atendimento 11166,E,97
3841,10-Mar-21,R$ 100.00,Pago com sucesso da parcela n° 2 do atendimento 11166,E,98
3842,23-Feb-21,R$ 350.00,Pagamento de entrada. Atendimento N° 11167,E,97
3843,11-Mar-21,R$ 200.00,Pago com sucesso da parcela n° 1 do atendimento 11167,E,98
3844,02-Feb-21,R$ 100.00,Pago com sucesso da parcela n° 2 do atendimento 11126,E,97
3845,11-Mar-21,R$ 100.00,Pago com atraso da parcela n° 3 do atendimento 11126,E,98
3846,24-Feb-21,"R$ 1,200.00",Pago com sucesso no catão de crédito em 10 parcelas. Atendimento N° 11168,E,97
3847,25-Feb-21,R$ 100.00,Pago com sucesso em dinheiro. Atendimento N° 11169,E,97
3848,20-Feb-21,R$ 234.00,BOLETO AR CONDICIONADO (4ª PARCELA),S,97
3849,22-Feb-21,R$ 32.00,BOLETO HOYA,S,97
3850,22-Feb-21,R$ 7.22,BOLETO IMPOSTO (DARE),S,97
3851,22-Feb-21,R$ 229.24,BOLETO IMPOSTO (DAS),S,97
3852,22-Feb-21,R$ 471.40,BOLETO MAREZIA / VIZZANO,S,97
3853,25-Feb-21,R$ 400.00,BOLETO CONTADOR,S,97
3854,25-Feb-21,R$ 575.66,BOLETO GIRO BNB,S,97
3855,25-Feb-21,R$ 908.14,BOLETO INVESTIMENTO BNB,S,97
3856,26-Feb-21,R$ 458.76,BOLETO HOYA,S,97
3857,26-Feb-21,R$ 345.00,BOLETO DESPESAS DIVERSAS,S,97
3858,13-Mar-21,R$ 100.00,Pago com atraso da parcela n° 4 do atendimento 10905,E,98
3859,27-Feb-21,R$ 500.00,Pago com sucesso no cartão de débito. Atendimento N° 11170,E,97
3860,04-Mar-21,R$ 185.00,Pago com atraso da parcela n° 5 do atendimento 11019,E,98
3861,05-Mar-21,R$ 100.00,Pagamento de entrada. Atendimento N° 11173,E,98
3862,05-Mar-21,R$ 300.00,Pago com sucesso no catão de crédito em 3 parcelas. Atendimento N° 11174,E,98
3863,16-Mar-21,R$ 350.00,Pago com sucesso em dinheiro. Atendimento N° 11177,E,98
3864,01-Mar-21,R$ 16.00,BOLETO HOYA,S,98
3865,01-Mar-21,R$ 393.18,"BOLETO SIGNUS (JEAN PIERRE, URBA, FIAMMA)",S,98
3866,05-Mar-21,R$ 946.08,BOLETO HOYA,S,98
3867,08-Mar-21,R$ 16.00,BOLETO HOYA,S,98
3868,09-Mar-21,"R$ 1,400.00",ALUGUEL LOJA,S,98
3869,10-Mar-21,R$ 138.57,BOLETO CEMAR,S,98
3870,10-Mar-21,R$ 482.38,BOLETO KEYPER,S,98
3871,10-Mar-21,R$ 80.00,BOLETO VIRTUAL X (NF ELETRONICA),S,98
3872,12-Mar-21,R$ 678.76,BOLETO HOYA,S,98
3873,15-Mar-21,R$ 16.00,BOLETO HOYA,S,98
3874,19-Mar-21,R$ 165.76,BOLETO HOYA,S,98
3875,19-Mar-21,R$ 0.01,Pago com sucesso em dinheiro. Atendimento N° 11179,E,98
3876,,R$ 16.00,BOLETO HOYA,,0
3877,22-Mar-21,R$ 234.00,BOLETO AR CONDIC. 5ª PARCELA,S,98
3878,22-Mar-21,R$ 16.00,BOLETO HOYA,S,98
3879,22-Mar-21,R$ 305.42,BOLETO IMPPOSTO DAS,S,98
3880,22-Mar-21,R$ 14.40,BOLETO IMPOSTO DARE,S,98
3881,22-Mar-21,R$ 210.00,Pago com sucesso da parcela n° 1 do atendimento 11172,E,98
3882,23-Mar-21,R$ 100.00,Pago com sucesso da parcela n° 5 do atendimento 11095,E,98
3883,23-Mar-21,R$ 471.42,BOLETO MARESIA E VIZZANO,S,98
3884,23-Mar-21,R$ 300.00,Pago com atraso da parcela n° 2 do atendimento 11042,E,98
3885,25-Mar-21,R$ 150.00,Pago com atraso da parcela n° 4 do atendimento 11073,E,98
3886,25-Mar-21,R$ 140.00,Pago com atraso da parcela n° 2 do atendimento 11148,E,98
3887,29-Mar-21,R$ 100.00,Pago com atraso da parcela n° 1 do atendimento 11159,E,98
3888,29-Mar-21,R$ 180.00,Pago com atraso da parcela n° 4 do atendimento 10523,E,98
3889,01-Feb-21,R$ 50.00,Pago com sucesso da parcela n° 1 do atendimento 11140,E,97
3890,29-Mar-21,R$ 50.00,Pago com atraso da parcela n° 2 do atendimento 11140,E,98
3891,26-Mar-21,R$ 235.00,BOLETO HOYA,S,98
3892,25-Mar-21,R$ 572.65,GIRO BNB,S,98
3893,25-Mar-21,R$ 894.35,INVESTIMENTO BNB,S,98
3894,29-Mar-21,R$ 16.00,BOLETO HOYA,S,98
3895,29-Mar-21,R$ 336.00,BOLETO UNILAB,S,98
3896,29-Mar-21,R$ 400.00,BOLETO CONTADOR,S,98
3897,29-Mar-21,"R$ 1,150.00",Pago com sucesso no catão de crédito em 10 parcelas. Atendimento N° 11182,E,98
3898,30-Mar-21,R$ 300.00,Pago com sucesso no cartão de débito. Atendimento N° 11183,E,98
3899,10-Mar-21,R$ 99.73,BOLETO OI FIBRA,S,98
3900,31-Mar-21,R$ 393.18,"BOLETO SIGNUS - FIAMMA, URBAN, J PIERRE LAVORATO",S,98
3901,31-Mar-21,R$ 100.00,Pago com atraso da parcela n° 1 do atendimento 11171,E,98
3902,25-Mar-21,R$ 200.00,Pago com atraso da parcela n° 3 do atendimento 11119,E,98
3903,31-Mar-21,R$ 150.00,Pago com sucesso da parcela n° 3 do atendimento 11139,E,98
3904,29-Mar-21,R$ 140.00,Pago com atraso da parcela n° 4 do atendimento 11063,E,98
3905,01-Apr-21,R$ 190.00,Pago com sucesso da parcela n° 6 do atendimento 11088,E,99
3906,05-Apr-21,R$ 65.00,Pago com atraso da parcela n° 1 do atendimento 11141,E,99
3907,05-Apr-21,R$ 65.00,Pago com atraso da parcela n° 2 do atendimento 11141,E,99
3908,05-Apr-21,R$ 65.00,Pago com sucesso da parcela n° 3 do atendimento 11141,E,99
3909,05-Apr-21,R$ 65.00,Pago com sucesso da parcela n° 4 do atendimento 11141,E,99
3910,05-Apr-21,R$ 100.00,Pago com atraso da parcela n° 1 do atendimento 11089,E,99
3911,05-Apr-21,R$ 230.00,Pago com atraso da parcela n° 2 do atendimento 11157,E,99
3912,06-Apr-21,R$ 136.00,Pago com sucesso da parcela n° 1 do atendimento 11175,E,99
3913,08-Apr-21,R$ 100.00,Pago com atraso da parcela n° 4 do atendimento 11131,E,99
3914,07-Apr-21,R$ 150.00,Pago com atraso da parcela n° 2 do atendimento 11151,E,99
3915,07-Apr-21,R$ 130.00,Pago com atraso da parcela n° 2 do atendimento 11147,E,99
3916,08-Apr-21,R$ 100.00,Pago com atraso da parcela n° 5 do atendimento 10905,E,99
3917,05-Apr-21,R$ 34.00,BOLETO HOYA,S,99
3918,31-Mar-21,R$ 134.50,BOLETOS LABORATORIOS DIVERSOS,S,98
3919,16-Mar-21,"R$ 1,400.00",Pago com sucesso no catão de crédito em 6 parcelas. Atendimento N° 11178,E,98
3920,22-Mar-21,R$ 160.00,Pagamento de entrada. Atendimento N° 11180,E,98
3921,12-Apr-21,R$ 140.00,Pago com sucesso da parcela n° 3 do atendimento 11142,E,99
3922,12-Apr-21,R$ 175.00,Pago com atraso da parcela n° 9 do atendimento 10975,E,99
3923,05-Apr-21,R$ 200.00,Pago com sucesso em dinheiro. Atendimento N° 11184,E,99
3924,06-Apr-21,R$ 285.00,Pago com sucesso no catão de crédito em 1 parcelas. Atendimento N° 11186,E,99
3925,03-Mar-21,R$ 130.00,Pago com sucesso da parcela n° 3 do atendimento 11147,E,98
3926,14-Apr-21,R$ 130.00,Pago com sucesso da parcela n° 4 do atendimento 11147,E,99
3927,14-Apr-21,R$ 130.00,Pago com sucesso da parcela n° 5 do atendimento 11147,E,99
3928,26-Feb-21,R$ 162.50,Pago com sucesso em dinheiro. Atendimento N° 11189,E,97
3929,31-Mar-21,R$ 70.00,Pago com sucesso em dinheiro. Atendimento N° 11190,E,98
3930,21-Apr-21,R$ 140.00,Pago com sucesso da parcela n° 3 do atendimento 11148,E,99
3931,22-Mar-21,R$ 150.00,Pago com atraso da parcela n° 1 do atendimento 10976,E,98
3932,22-Apr-21,R$ 150.00,Pago com atraso da parcela n° 2 do atendimento 10976,E,99
3933,22-Apr-21,R$ 185.00,Pago com atraso da parcela n° 6 do atendimento 11019,E,99
3934,21-Apr-21,R$ 100.00,Pago com sucesso da parcela n° 3 do atendimento 11166,E,99
3935,23-Apr-21,R$ 210.00,Pago com sucesso da parcela n° 2 do atendimento 11172,E,99
3936,12-Apr-21,R$ 250.00,Pago com atraso da parcela n° 1 do atendimento 11176,E,99
3937,23-Mar-21,R$ 900.00,Pago com sucesso em dinheiro. Atendimento N° 11181,E,98
3938,09-Apr-21,R$ 600.00,Pago com sucesso no catão de crédito em 1 parcelas. Atendimento N° 11187,E,99
3939,10-Apr-21,R$ 600.00,Pago com sucesso no catão de crédito em 3 parcelas. Atendimento N° 11188,E,99
3940,23-Apr-21,R$ 100.00,Pago com atraso da parcela n° 2 do atendimento 11089,E,99
3941,09-Apr-21,R$ 235.00,BOLETO HOYA,S,99
3942,12-Apr-21,R$ 80.00,BOLETO VIRTUAL X,S,99
3943,12-Apr-21,R$ 428.40,BOLETO SPEEL BOUND,S,99
3944,12-Apr-21,"R$ 1,400.00",BOLETO ALUGUEL DA LOJA,S,99
3945,13-Apr-21,R$ 146.77,BOLETO CEMAR,S,99
3946,14-Apr-21,R$ 428.40,BOLETO SIGNUS FIAMMA/ URBAN,S,99
3947,15-Apr-21,R$ 723.76,BOLETO HOYA,S,99
3948,19-Apr-21,R$ 32.00,BOLETO HOYA,S,99
3949,20-Apr-21,R$ 234.00,BOLETO AR CONDICIONADO (6ª PARCELA),S,99
3950,20-Apr-21,R$ 15.59,BOLETO IMPOSTO DARE,S,99
3951,20-Apr-21,R$ 142.26,BOLETO IMPOSTO DAS,S,99
3952,20-Apr-21,R$ 105.46,BOLETO LABO OPTICA,S,99
3953,23-Apr-21,R$ 232.50,BOLETO HOYA,S,99
3954,27-Apr-21,R$ 200.00,Pago com atraso da parcela n° 4 do atendimento 11119,E,99
3955,27-Apr-21,R$ 300.00,Pago com atraso da parcela n° 3 do atendimento 11042,E,99
3956,27-Apr-21,R$ 300.00,Pago com atraso da parcela n° 4 do atendimento 11042,E,99
3957,26-Apr-21,R$ 400.00,BOLETO CONTADOR,S,99
3958,26-Apr-21,R$ 573.30,BOLETO GIRO BNB,S,99
3959,26-Apr-21,R$ 897.74,BOLETO INVESTIMENTO BNB,S,99
3960,27-Apr-21,R$ 175.00,BOLETO REPARO GRADE DA PORTA,S,99
3961,28-Apr-21,R$ 160.00,Pago com sucesso da parcela n° 1 do atendimento 11180,E,99
3962,15-Apr-21,R$ 310.00,Pago com sucesso no cartão de débito. Atendimento N° 11191,E,99
3963,16-Apr-21,R$ 850.00,Pago com sucesso no catão de crédito em 1 parcelas. Atendimento N° 11192,E,99
3964,29-Apr-21,R$ 321.79,BOLETO UNILAB,S,99
3965,19-Apr-21,R$ 800.00,Pago com sucesso no catão de crédito em 5 parcelas. Atendimento N° 11195,E,99
3966,30-Apr-21,R$ 150.00,Pago com atraso da parcela n° 1 do atendimento 10097,E,99
3967,04-May-21,R$ 136.00,Pago com sucesso da parcela n° 2 do atendimento 11175,E,100
3968,29-Apr-21,R$ 100.00,Pago com atraso da parcela n° 5 do atendimento 11069,E,99
3969,03-May-21,R$ 230.00,Pago com atraso da parcela n° 3 do atendimento 11157,E,100
3970,17-Mar-21,R$ 195.00,Pago com atraso da parcela n° 5 do atendimento 11061,E,98
3971,14-Apr-21,R$ 195.00,Pago com atraso da parcela n° 6 do atendimento 11061,E,99
3972,16-Apr-21,R$ 200.00,Pagamento de entrada. Atendimento N° 11193,E,99
3973,06-May-21,R$ 150.00,Pago com atraso da parcela n° 4 do atendimento 11139,E,100
3974,06-May-21,R$ 200.00,Pago com atraso da parcela n° 1 do atendimento 11111,E,100
3975,06-May-21,R$ 200.00,Pago com atraso da parcela n° 3 do atendimento 11016,E,100
3976,06-May-21,R$ 200.00,Pago com atraso da parcela n° 4 do atendimento 11016,E,100
3977,17-Apr-21,R$ 300.00,Pagamento de entrada. Atendimento N° 11194,E,99
3978,07-May-21,R$ 235.00,Pago com atraso da parcela n° 1 do atendimento 11185,E,100
3979,05-May-21,R$ 190.00,Pago com sucesso da parcela n° 7 do atendimento 11088,E,100
3980,06-May-21,R$ 245.00,Pago com atraso da parcela n° 5 do atendimento 10857,E,100
3981,26-Apr-21,R$ 150.00,Pagamento de entrada. Atendimento N° 11200,E,99
3982,20-Apr-21,R$ 700.00,Pago com sucesso no catão de crédito em 1 parcelas. Atendimento N° 11197,E,99
3983,20-Apr-21,R$ 670.00,Pago com sucesso no catão de crédito em 1 parcelas. Atendimento N° 11196,E,99
3984,24-Apr-21,R$ 450.00,Pago com sucesso no catão de crédito em 5 parcelas. Atendimento N° 11198,E,99
3985,28-Apr-21,R$ 300.00,Pago com sucesso em dinheiro. Atendimento N° 11201,E,99
3986,29-Apr-21,R$ 100.00,Pago com sucesso no catão de crédito em 1 parcelas. Atendimento N° 11202,E,99
3987,10-May-21,R$ 100.00,Pago com atraso da parcela n° 3 do atendimento 11089,E,100
3988,10-May-21,R$ 100.00,Pago com atraso da parcela n° 4 do atendimento 11089,E,100
3989,08-May-21,R$ 100.00,Pago com atraso da parcela n° 3 do atendimento 11036,E,100
3990,08-May-21,R$ 100.00,Pago com atraso da parcela n° 4 do atendimento 11036,E,100
3991,12-May-21,R$ 300.00,Pago com atraso da parcela n° 5 do atendimento 11042,E,100
3992,13-May-21,R$ 140.00,Pago com atraso da parcela n° 4 do atendimento 11142,E,100
3993,14-May-21,R$ 200.00,Pago com atraso da parcela n° 2 do atendimento 11167,E,100
3994,19-May-21,R$ 250.00,Pago com atraso da parcela n° 2 do atendimento 11176,E,100
3995,21-May-21,R$ 140.00,Pago com sucesso da parcela n° 4 do atendimento 11148,E,100
3996,25-May-21,R$ 150.00,Pago com atraso da parcela n° 5 do atendimento 11073,E,100
3997,28-May-21,R$ 160.00,Pago com sucesso da parcela n° 2 do atendimento 11180,E,100
3998,30-Apr-21,R$ 705.00,BOLETOS LABORATORIOS DIVERSOS,S,99
3999,21-May-21,R$ 200.00,Pago com sucesso da parcela n° 1 do atendimento 11194,E,100
4000,21-May-21,R$ 210.00,Pago com sucesso da parcela n° 3 do atendimento 11172,E,100
4001,22-May-21,R$ 150.00,Pago com sucesso da parcela n° 1 do atendimento 11200,E,100
4002,10-May-21,R$ 55.00,BOLETO HOYA,S,100
4003,10-May-21,R$ 80.00,BOLETO VIRTUAL X (NFE),S,100
4004,11-May-21,"R$ 1,400.00",BOLETO ALUGUEL DA LOJA,S,100
4005,12-May-21,R$ 139.18,BOLETO CEMAR,S,100
4006,14-May-21,R$ 428.40,"BOLETO FIAMMA, URBAN",S,100
4007,17-May-21,"R$ 1,341.00",BOLETO HOYA,S,100
4008,17-May-21,R$ 16.00,BOLETO HOYA,S,100
4009,20-May-21,R$ 234.00,BOLETO AR CONDICIONADO 7ª PARC,S,100
4010,20-May-21,R$ 7.87,BOLETO IMPOSTO DARE,S,100
4011,20-May-21,R$ 291.52,BOLETO IMPOSTO DAS,S,100
4012,24-May-21,R$ 400.00,BOLETO CONTADOR,S,100
4013,25-May-21,R$ 571.58,BOLETO GIRO BNB,S,100
4014,25-May-21,R$ 890.01,BOLETO INVESTIMENTO BNB,S,100
4015,28-May-21,R$ 32.70,BOLETO HOYA,S,100
4016,28-May-21,R$ 321.50,BOLETO UNILAB,S,100
4017,28-May-21,R$ 336.00,BOLETO UNILAB,S,100
4018,31-May-21,R$ 100.00,Pago com atraso da parcela n° 6 do atendimento 11069,E,100
4019,31-May-21,R$ 18.00,BOLETO HOYA,S,100
4020,11-May-21,R$ 99.75,BOLETO OI FIBRA,S,100
4021,01-Jun-21,R$ 100.00,Pago com atraso da parcela n° 2 do atendimento 11098,E,101
4022,02-Jun-21,R$ 255.00,Pago com atraso da parcela n° 1 do atendimento 11204,E,101
4023,01-Jun-21,R$ 230.00,Pago com sucesso da parcela n° 4 do atendimento 11157,E,101
4024,02-Jun-21,R$ 100.00,Pago com atraso da parcela n° 2 do atendimento 11171,E,101
4025,02-Jun-21,R$ 100.00,Pago com atraso da parcela n° 3 do atendimento 11171,E,101
4026,02-Jun-21,R$ 190.00,Pago com sucesso da parcela n° 8 do atendimento 11088,E,101
4027,02-Jun-21,R$ 136.00,Pago com sucesso da parcela n° 3 do atendimento 11175,E,101
4028,04-Jun-21,R$ 100.00,Pago com atraso da parcela n° 6 do atendimento 10905,E,101
4029,04-Jun-21,R$ 135.00,Pago com sucesso da parcela n° 1 do atendimento 11209,E,101
4030,04-Jun-21,R$ 200.00,Pago com atraso da parcela n° 3 do atendimento 11167,E,101
4031,07-Jun-21,R$ 100.00,Pago com atraso da parcela n° 1 do atendimento 11104,E,101
4032,07-Jun-21,R$ 100.00,Pago com atraso da parcela n° 2 do atendimento 11104,E,101
4033,04-Jun-21,R$ 100.00,Pago com atraso da parcela n° 5 do atendimento 11131,E,101
4034,10-May-21,R$ 100.00,Pago com atraso da parcela n° 1 do atendimento 11173,E,100
4035,15-Dec-20,R$ 230.00,Pago com atraso da parcela n° 5 do atendimento 10916,E,95
4036,08-Jun-21,R$ 100.00,Pago com atraso da parcela n° 2 do atendimento 11159,E,101
4037,08-Jun-21,R$ 100.00,Pago com atraso da parcela n° 3 do atendimento 11159,E,101
4038,09-Jun-21,R$ 100.00,Pago com atraso da parcela n° 4 do atendimento 10864,E,101
4039,09-Jun-21,R$ 100.00,Pago com atraso da parcela n° 5 do atendimento 10864,E,101
4040,09-Jun-21,R$ 235.00,Pago com atraso da parcela n° 2 do atendimento 11185,E,101
4041,09-Jun-21,R$ 235.00,Pago com sucesso da parcela n° 3 do atendimento 11185,E,101
4042,11-Jun-21,R$ 100.00,Pago com atraso da parcela n° 4 do atendimento 11126,E,101
4043,02-Jun-21,R$ 135.00,Pagamento de entrada. Atendimento N° 11210,E,101
4044,04-May-21,R$ 200.00,Pagamento de entrada. Atendimento N° 11205,E,100
4045,11-Jun-21,R$ 170.00,Pago com atraso da parcela n° 1 do atendimento 11205,E,101
4046,06-May-21,R$ 250.00,Pago com sucesso no cartão de débito. Atendimento N° 11206,E,100
4047,24-Apr-21,R$ 370.00,Pago com sucesso no cartão de débito. Atendimento N° 11199,E,99
4048,12-Jun-21,R$ 100.00,Pago com atraso da parcela n° 5 do atendimento 11036,E,101
4049,31-May-21,R$ 794.00,LABORATORIOS DIVERSOS,S,100
4050,10-May-21,"R$ 2,380.00",Pago com sucesso no catão de crédito em 10 parcelas. Atendimento N° 11207,E,100
4051,16-Jun-21,R$ 300.00,Pago com atraso da parcela n° 1 do atendimento 11193,E,101
4052,08-Jun-21,R$ 100.00,Pago com sucesso da parcela n° 1 do atendimento 11212,E,101
4054,14-May-21,"R$ 1,100.00",Pago com sucesso em dinheiro. Atendimento N° 11213,E,100
4055,19-Jun-21,R$ 150.00,Pago com sucesso da parcela n° 2 do atendimento 11200,E,101
4056,21-Jun-21,R$ 100.00,Pago com atraso da parcela n° 3 do atendimento 11104,E,101
4057,21-Jun-21,R$ 100.00,Pago com atraso da parcela n° 4 do atendimento 11104,E,101
4058,13-May-21,R$ 650.00,Pago com sucesso no catão de crédito em 4 parcelas. Atendimento N° 11211,E,100
4059,20-May-21,R$ 240.00,Pago com sucesso em dinheiro. Atendimento N° 11215,E,100
4060,20-May-21,R$ 600.00,Pago com sucesso em dinheiro. Atendimento N° 11216,E,100
4061,22-Jun-21,R$ 200.00,Pago com sucesso da parcela n° 2 do atendimento 11194,E,101
4062,22-Jun-21,R$ 210.00,Pago com sucesso da parcela n° 4 do atendimento 11172,E,101
4063,25-May-21,R$ 650.00,Pago com sucesso em dinheiro. Atendimento N° 11218,E,100
4064,26-May-21,R$ 500.00,Pago com sucesso em dinheiro. Atendimento N° 11219,E,100
4065,09-Jun-21,R$ 148.00,Pago com atraso da parcela n° 1 do atendimento 11220,E,101
4066,28-May-21,R$ 600.00,Pago com sucesso no catão de crédito em 3 parcelas. Atendimento N° 11221,E,100
4067,04-Jun-21,R$ 200.00,Pagamento de entrada. Atendimento N° 11222,E,101
4068,04-Jun-21,R$ 970.00,Pago com sucesso em dinheiro. Atendimento N° 11223,E,101
4069,07-Jun-21,R$ 900.00,Pago com sucesso no catão de crédito em 6 parcelas. Atendimento N° 11224,E,101
4070,08-Jun-21,R$ 190.00,Pagamento de entrada. Atendimento N° 11225,E,101
4071,08-Jun-21,R$ 140.00,Pagamento de entrada. Atendimento N° 11226,E,101
4072,15-Jun-21,"R$ 1,140.00",Pago com sucesso no catão de crédito em 6 parcelas. Atendimento N° 11227,E,101
4073,17-Jun-21,R$ 350.00,Pago com sucesso no cartão de débito. Atendimento N° 11228,E,101
4074,18-Jun-21,R$ 600.00,Pago com sucesso em dinheiro. Atendimento N° 11230,E,101
4075,18-Jun-21,"R$ 1,000.00",Pago com sucesso no catão de crédito em 5 parcelas. Atendimento N° 11231,E,101
4076,30-Apr-21,R$ 185.00,Pago com sucesso em dinheiro. Atendimento N° 11232,E,99
4077,31-May-21,R$ 70.00,Pago com sucesso em dinheiro. Atendimento N° 11233,E,100
4078,28-Jun-21,R$ 160.00,Pago com sucesso da parcela n° 3 do atendimento 11180,E,101
4079,28-Jun-21,R$ 100.00,Pago com atraso da parcela n° 4 do atendimento 11008,E,101
4080,28-Jun-21,R$ 200.00,Pago com atraso da parcela n° 5 do atendimento 11016,E,101
4081,30-Jun-21,R$ 100.00,Pago com atraso da parcela n° 4 do atendimento 11171,E,101
4082,01-Jun-21,R$ 437.00,BOLETO LABO OPTICA,S,101
4083,04-Jun-21,R$ 719.26,BOLETO HOYA,S,101
4084,07-Jun-21,R$ 18.00,BOLETO HOYA,S,101
4085,09-Jun-21,R$ 131.40,BOLETO CEMAR,S,101
4086,10-Jun-21,R$ 80.00,BOLETO VIRTUAL X (NFE),S,101
4087,10-Jun-21,"R$ 1,400.00",BOLETO ALUGUEL LOJA,S,101
4088,11-Jun-21,R$ 99.95,BOLETO INTERNET LOJA,S,101
4089,15-Jun-21,R$ 32.70,BOLETO HOYA,S,101
4090,15-Jun-21,R$ 316.00,BOLETO VISEL,S,101
4091,21-Jun-21,R$ 3.92,BOLETO IMPOSTO (DARE),S,101
4092,21-Jun-21,R$ 175.47,BOLETO IMPOSTO (DAS),S,101
4093,21-Jun-21,R$ 234.00,BOLETO 8ª PARC. AR CONDICIONADO,S,101
4094,25-Jun-21,R$ 620.28,BOLETO HOYA,S,101
4095,25-Jun-21,R$ 400.00,BOLETO CONTADOR,S,101
4096,28-Jun-21,R$ 18.00,BOLETO HOYA,S,101
4097,25-Jun-21,"R$ 1,458.27",BOLETO INVESTIMENTO E GIRO BNB,S,101
4098,30-Jun-21,R$ 546.00,BOLETOS DIVERSOS,S,101
4099,25-Jun-21,R$ 100.00,Pagamento de entrada. Atendimento N° 11234,E,101
4100,26-Jul-21,R$ 100.00,Pagamento de entrada. Atendimento N° 11235,E,102
4101,28-Jun-21,R$ 900.00,Pago com sucesso no catão de crédito em 6 parcelas. Atendimento N° 11236,E,101
4102,30-Jun-21,R$ 170.00,Pago com sucesso em dinheiro. Atendimento N° 11240,E,101
4103,02-Jul-21,R$ 100.00,Pago com sucesso da parcela n° 1 do atendimento 11214,E,102
4104,01-Jul-21,R$ 255.00,Pago com sucesso da parcela n° 2 do atendimento 11204,E,102
4105,05-Jul-21,R$ 230.00,Pago com atraso da parcela n° 5 do atendimento 11157,E,102
4106,05-Jul-21,R$ 100.00,Pago com atraso da parcela n° 3 do atendimento 11098,E,102
4107,05-Jul-21,R$ 136.00,Pago com sucesso da parcela n° 4 do atendimento 11175,E,102
4108,06-Jul-21,R$ 80.00,Pago com sucesso da parcela n° 1 do atendimento 11234,E,102
4109,30-Jun-21,R$ 350.00,Pagamento de entrada. Atendimento N° 11238,E,101
4110,06-Jul-21,R$ 190.00,Pago com atraso da parcela n° 1 do atendimento 11225,E,102
4111,07-Jul-21,R$ 100.00,Pago com sucesso da parcela n° 2 do atendimento 11212,E,102
4112,09-Jul-21,R$ 170.00,Pago com sucesso da parcela n° 2 do atendimento 11205,E,102
4113,09-Jul-21,R$ 140.00,Pago com atraso da parcela n° 1 do atendimento 11226,E,102
4114,10-Jul-21,R$ 148.00,Pago com atraso da parcela n° 2 do atendimento 11220,E,102
4115,10-Jul-21,R$ 100.00,Pago com atraso da parcela n° 5 do atendimento 11126,E,102
4116,08-Jun-21,R$ 250.00,Pago com sucesso da parcela n° 3 do atendimento 11176,E,101
4117,12-Jul-21,R$ 250.00,Pago com atraso da parcela n° 4 do atendimento 11176,E,102
4118,15-Jul-21,R$ 200.00,Pago com atraso da parcela n° 4 do atendimento 11167,E,102
4119,28-Jun-21,"R$ 1,000.00",Pago com sucesso no catão de crédito em 10 parcelas. Atendimento N° 11237,E,101
4120,05-Jul-21,R$ 0.01,Pago com sucesso em dinheiro. Atendimento N° 11241,E,102
4121,05-Jul-21,R$ 900.00,Pago com sucesso no catão de crédito em 2 parcelas. Atendimento N° 11242,E,102
4122,07-Jul-21,R$ 150.00,Pago com sucesso em dinheiro. Atendimento N° 11243,E,102
4123,19-Jul-21,R$ 300.00,Pago com atraso da parcela n° 2 do atendimento 11193,E,102
4124,20-Jul-21,R$ 314.00,Pago com atraso da parcela n° 5 do atendimento 11038,E,102
4125,19-Jul-21,R$ 100.00,Pago com atraso da parcela n° 2 do atendimento 10970,E,102
4126,21-Jul-21,R$ 125.00,Pago com atraso da parcela n° 1 do atendimento 11105,E,102
4127,09-Jul-21,R$ 550.00,Pago com sucesso em dinheiro. Atendimento N° 11244,E,102
4128,08-Jul-21,R$ 300.00,Pago com sucesso em dinheiro. Atendimento N° 11246,E,102
4129,22-Jul-21,R$ 210.00,Pago com sucesso da parcela n° 5 do atendimento 11172,E,102
4130,22-Jul-21,R$ 200.00,Pago com sucesso da parcela n° 3 do atendimento 11194,E,102
4131,08-Jul-21,R$ 170.00,Pagamento de entrada. Atendimento N° 11245,E,102
4132,09-Jul-21,R$ 720.00,Pago com sucesso no catão de crédito em 3 parcelas. Atendimento N° 11247,E,102
4133,09-Jul-21,R$ 160.00,Pagamento de entrada. Atendimento N° 11248,E,102
4134,23-Jul-21,R$ 350.00,Pago com sucesso no catão de crédito em 3 parcelas. Atendimento N° 11249,E,102
4135,14-Jul-21,R$ 300.00,Pagamento de entrada. Atendimento N° 11250,E,102
4136,24-Jul-21,R$ 150.00,Pago com sucesso da parcela n° 3 do atendimento 11200,E,102
4137,14-Jul-21,"R$ 1,000.00",Pago com sucesso no catão de crédito em 6 parcelas. Atendimento N° 11251,E,102
4138,16-Jul-21,R$ 280.00,Pago com sucesso no catão de crédito em 6 parcelas. Atendimento N° 11253,E,102
4139,19-Jul-21,R$ 500.00,Pago com sucesso em dinheiro. Atendimento N° 11254,E,102
4140,27-Jul-21,R$ 100.00,Pago com atraso da parcela n° 2 do atendimento 11173,E,102
4141,22-Jul-21,R$ 700.00,Pago com sucesso no catão de crédito em 7 parcelas. Atendimento N° 11256,E,102
4142,22-Jul-21,R$ 690.00,Pago com sucesso no catão de crédito em 7 parcelas. Atendimento N° 11257,E,102
4143,27-Jul-21,R$ 500.00,Pago com sucesso em dinheiro. Atendimento N° 11258,E,102
4144,02-Jul-21,R$ 324.76,BOLETO HOYA,S,102
4145,05-Jul-21,R$ 18.00,BOLETO HOYA,S,102
4146,07-Jul-21,R$ 160.00,BOLETO CEMAR,S,102
4147,12-Jul-21,R$ 80.00,BOLETO VIRTUAL X (NFE),S,102
4148,12-Jul-21,"R$ 1,400.00",BOLETO ALUGUEL,S,102
4150,19-Jul-21,R$ 18.00,BOLETO HOYA,S,102
4151,20-Jul-21,R$ 4.73,BOLETO IMPOSTO DARE,S,102
4152,20-Jul-21,R$ 157.45,BOLETO IMPOSTO DAS,S,102
4153,20-Jul-21,R$ 380.00,BOLETO LABO OTICA,S,102
4154,20-Jul-21,R$ 234.00,BOLETO AR CONDICIONADO 9ª PARC.,S,102
4155,23-Jul-21,R$ 948.76,BOLETO HOYA,S,102
4156,26-Jul-21,R$ 18.00,BOLETO HOYA,S,102
4157,26-Jul-21,R$ 400.00,BOLETO CONTADOR,S,102
4158,26-Jul-21,"R$ 1,449.23",BOLETO INVESTIM. E GIRO BNB,S,102
4159,28-Jul-21,R$ 316.00,BOLETO VISEL,S,102
4160,29-Jul-21,R$ 110.00,Pago com sucesso da parcela n° 1 do atendimento 11238,E,102
4161,22-Jul-21,R$ 300.00,Pago com sucesso no catão de crédito em 2 parcelas. Atendimento N° 11255,E,102
4162,29-Jul-21,R$ 276.24,BOLETO UNILAB,S,102
4163,30-Jul-21,R$ 302.58,BOLETO HOYA,S,102
4164,31-Jul-21,"R$ 1,172.60",BOLETOS DIVERSOS,S,102
4165,02-Aug-21,R$ 230.00,Pago com atraso da parcela n° 6 do atendimento 10900,E,103
4166,02-Aug-21,R$ 230.00,Pago com atraso da parcela n° 5 do atendimento 10900,E,103
4167,28-Jul-21,R$ 200.00,Pago com sucesso no catão de crédito em 4 parcelas. Atendimento N° 11259,E,102
4168,28-Jul-21,R$ 120.00,Pago com sucesso no cartão de débito. Atendimento N° 11260,E,102
4169,31-Jul-21,R$ 135.00,Pago com sucesso em dinheiro. Atendimento N° 11261,E,102
4170,05-Aug-21,R$ 100.00,Pago com atraso da parcela n° 4 do atendimento 11159,E,103
4171,04-Aug-21,R$ 200.00,Pago com atraso da parcela n° 1 do atendimento 11250,E,103
4172,04-Aug-21,R$ 255.00,Pago com atraso da parcela n° 3 do atendimento 11204,E,103
4173,02-Aug-21,R$ 190.00,Pago com atraso da parcela n° 2 do atendimento 11225,E,103
4174,05-Aug-21,R$ 155.00,Pago com sucesso da parcela n° 1 do atendimento 11248,E,103
4175,09-Aug-21,R$ 140.00,Pago com atraso da parcela n° 2 do atendimento 11226,E,103
4176,09-Aug-21,R$ 148.00,Pago com atraso da parcela n° 3 do atendimento 11220,E,103
4177,05-Jul-21,R$ 135.00,Pago com sucesso da parcela n° 2 do atendimento 11209,E,102
4178,06-Aug-21,R$ 135.00,Pago com sucesso da parcela n° 3 do atendimento 11209,E,103
4179,10-Aug-21,R$ 250.00,Pago com sucesso da parcela n° 5 do atendimento 11176,E,103
4180,12-Aug-21,R$ 170.00,Pago com atraso da parcela n° 3 do atendimento 11205,E,103
4181,13-Aug-21,R$ 180.00,Pago com atraso da parcela n° 5 do atendimento 10523,E,103
4182,10-Aug-21,R$ 200.00,Pago com atraso da parcela n° 1 do atendimento 11222,E,103
4183,10-Aug-21,R$ 300.00,Pago com atraso da parcela n° 6 do atendimento 11042,E,103
4184,10-Aug-21,R$ 100.00,Pago com atraso da parcela n° 3 do atendimento 11212,E,103
4185,19-Aug-21,R$ 136.00,Pago com atraso da parcela n° 5 do atendimento 11175,E,103
4186,18-Aug-21,R$ 300.00,Pago com atraso da parcela n° 3 do atendimento 11193,E,103
4187,21-Aug-21,R$ 150.00,Pago com sucesso da parcela n° 4 do atendimento 11200,E,103
4188,17-Aug-21,R$ 100.00,Pago com atraso da parcela n° 7 do atendimento 10905,E,103
4189,25-Aug-21,R$ 200.00,Pago com atraso da parcela n° 4 do atendimento 11194,E,103
4190,25-Aug-21,R$ 210.00,Pago com atraso da parcela n° 6 do atendimento 11172,E,103
4191,02-Aug-21,"R$ 1,250.00",Pago com sucesso no catão de crédito em 6 parcelas. Atendimento N° 11262,E,103
4192,27-Aug-21,R$ 160.00,Pago com atraso da parcela n° 4 do atendimento 11180,E,103
4193,27-Aug-21,R$ 100.00,Pago com atraso da parcela n° 5 do atendimento 11171,E,103
4194,05-Aug-21,R$ 212.85,BOLETO CEMAR,S,103
4195,06-Aug-21,R$ 633.26,BOLETO HOYA,S,103
4196,06-Aug-21,R$ 150.00,BOLETO CONSERTO PORTA ROLO,S,103
4197,09-Aug-21,"R$ 1,400.00",BOLETO ALUGUEL,S,103
4198,10-Aug-21,R$ 80.00,BOLETO VIRTUAL X (NFE),S,103
4199,13-Aug-21,R$ 112.62,BOLETO OI FIBRA,S,103
4200,16-Aug-21,R$ 316.00,BOLETO VISEL,S,103
4201,16-Aug-21,R$ 18.00,BOLETO HOYA,S,103
4202,20-Aug-21,R$ 25.18,BOLETO IMPOSTO (DARE),S,103
4203,20-Aug-21,R$ 238.85,BOLETO IMPOSTO (DAS),S,103
4204,20-Aug-21,R$ 278.89,"BOLETO SIGNUS (FIAMMA, URBAN)",S,103
4205,20-Aug-21,R$ 234.00,BOLETO AR CONDICIONADO 10ª PARC,S,103
4206,23-Aug-21,R$ 18.00,BOLETO HOYA,S,103
4207,23-Aug-21,R$ 400.00,BOLETO CONTADOR,S,103
4208,26-Aug-21,"R$ 1,445.51",BOLETO INVEST. E GIRO BNB,S,103
4209,27-Aug-21,R$ 602.50,BOLETO HOYA,S,103
4210,30-Aug-21,R$ 125.00,Pago com atraso da parcela n° 2 do atendimento 11105,E,103
4211,31-Aug-21,R$ 110.00,Pago com atraso da parcela n° 2 do atendimento 11238,E,103
4212,02-Sep-21,R$ 155.00,Pago com sucesso da parcela n° 2 do atendimento 11248,E,104
4213,06-Sep-21,R$ 135.00,Pago com sucesso da parcela n° 4 do atendimento 11209,E,104
4214,06-Sep-21,R$ 190.00,Pago com atraso da parcela n° 3 do atendimento 11225,E,104
4215,03-Sep-21,R$ 200.00,Pago com atraso da parcela n° 2 do atendimento 11250,E,104
4216,31-Aug-21,R$ 275.00,Pago com atraso da parcela n° 1 do atendimento 11263,E,103
4217,04-Aug-21,R$ 50.00,Pagamento de entrada. Atendimento N° 11264,E,103
4218,03-Sep-21,R$ 50.00,Pago com sucesso da parcela n° 1 do atendimento 11264,E,104
4219,05-Aug-21,R$ 180.00,Pago com sucesso em dinheiro. Atendimento N° 11265,E,103
4220,10-Aug-21,R$ 350.00,Pagamento de entrada. Atendimento N° 11266,E,103
4221,10-Sep-21,R$ 300.00,Pago com atraso da parcela n° 7 do atendimento 11042,E,104
4222,10-Aug-21,R$ 650.00,Pago com sucesso no catão de crédito em 6 parcelas. Atendimento N° 11267,E,103
4223,11-Aug-21,R$ 980.00,Pago com sucesso no catão de crédito em 10 parcelas. Atendimento N° 11268,E,103
4224,12-Aug-21,R$ 100.00,Pagamento de entrada. Atendimento N° 11269,E,103
4225,13-Aug-21,R$ 900.00,Pago com sucesso no catão de crédito em 10 parcelas. Atendimento N° 11270,E,103
4226,14-Aug-21,"R$ 1,400.00",Pago com sucesso no catão de crédito em 5 parcelas. Atendimento N° 11271,E,103
4227,17-Aug-21,R$ 100.00,Pago com sucesso em dinheiro. Atendimento N° 11273,E,103
4228,17-Aug-21,"R$ 1,400.00",Pago com sucesso em dinheiro. Atendimento N° 11274,E,103
4229,19-Aug-21,R$ 200.00,Pago com sucesso em dinheiro. Atendimento N° 11275,E,103
4230,23-Aug-21,R$ 550.00,Pago com sucesso no catão de crédito em 2 parcelas. Atendimento N° 11276,E,103
4231,24-Aug-21,R$ 250.00,Pago com sucesso em dinheiro. Atendimento N° 11277,E,103
4232,27-Aug-21,R$ 220.00,Pago com sucesso em dinheiro. Atendimento N° 11278,E,103
4233,28-Aug-21,"R$ 1,300.00",Pago com sucesso no catão de crédito em 10 parcelas. Atendimento N° 11279,E,103
4234,10-Sep-21,R$ 250.00,Pago com sucesso da parcela n° 6 do atendimento 11176,E,104
4235,31-Aug-21,R$ 56.00,BOLETO HOYA,S,103
4236,31-Aug-21,R$ 271.00,DESPESAS DIVERSOS LABORATORIOS,S,103
4237,06-Sep-21,R$ 100.00,Pago com atraso da parcela n° 4 do atendimento 11098,E,104
4238,14-Sep-21,R$ 255.00,Pago com atraso da parcela n° 4 do atendimento 11204,E,104
4239,15-Sep-21,R$ 100.00,Pago com atraso da parcela n° 3 do atendimento 10970,E,104
4240,01-Feb-21,R$ 60.00,Pago com atraso da parcela n° 2 do atendimento 11123,E,97
4241,31-Mar-21,R$ 60.00,Pago com atraso da parcela n° 3 do atendimento 11123,E,98
4242,16-Sep-21,R$ 130.00,Pago com atraso da parcela n° 8 do atendimento 10742,E,104
4243,16-Sep-21,R$ 130.00,Pago com atraso da parcela n° 9 do atendimento 10742,E,104
4244,16-Sep-21,R$ 130.00,Pago com atraso da parcela n° 10 do atendimento 10742,E,104
4245,17-Sep-21,R$ 160.00,Pago com atraso da parcela n° 1 do atendimento 11266,E,104
4246,16-Sep-21,R$ 148.00,Pago com atraso da parcela n° 4 do atendimento 11220,E,104
4247,20-Sep-21,R$ 300.00,Pago com atraso da parcela n° 4 do atendimento 11193,E,104
4248,22-Sep-21,R$ 50.00,Pago com sucesso da parcela n° 2 do atendimento 11264,E,104
4249,26-Jul-21,R$ 200.00,Pago com atraso da parcela n° 6 do atendimento 11016,E,102
4250,28-Sep-21,R$ 200.00,Pago com atraso da parcela n° 7 do atendimento 11016,E,104
4251,28-Sep-21,R$ 150.00,Pago com atraso da parcela n° 1 do atendimento 11217,E,104
4252,05-Oct-21,R$ 190.00,Pago com atraso da parcela n° 4 do atendimento 11225,E,105
4253,30-Sep-21,R$ 110.00,Pago com sucesso da parcela n° 3 do atendimento 11238,E,104
4254,22-Sep-21,R$ 200.00,Pago com sucesso da parcela n° 5 do atendimento 11194,E,104
4255,05-Oct-21,R$ 135.00,Pago com sucesso da parcela n° 5 do atendimento 11209,E,105
4256,07-Oct-21,R$ 155.00,Pago com sucesso da parcela n° 3 do atendimento 11248,E,105
4257,05-Aug-21,R$ 280.00,Pago com sucesso da parcela n° 1 do atendimento 11252,E,103
4258,06-Sep-21,R$ 280.00,Pago com atraso da parcela n° 2 do atendimento 11252,E,104
4259,05-Oct-21,R$ 280.00,Pago com sucesso da parcela n° 3 do atendimento 11252,E,105
4260,08-Oct-21,R$ 148.00,Pago com sucesso da parcela n° 5 do atendimento 11220,E,105
4261,09-Oct-21,R$ 140.00,Pago com atraso da parcela n° 3 do atendimento 11226,E,105
4262,14-Oct-21,R$ 300.00,Pago com atraso da parcela n° 5 do atendimento 11193,E,105
4263,01-Sep-21,R$ 800.00,Pago com sucesso no catão de crédito em 8 parcelas. Atendimento N° 11280,E,104
4264,02-Sep-21,R$ 850.00,Pago com sucesso no catão de crédito em 10 parcelas. Atendimento N° 11281,E,104
4265,03-Sep-21,"R$ 1,200.00",Pago com sucesso no catão de crédito em 8 parcelas. Atendimento N° 11282,E,104
4266,04-Sep-21,R$ 120.00,Pago com sucesso no catão de crédito em 2 parcelas. Atendimento N° 11283,E,104
4267,09-Sep-21,R$ 100.00,Pagamento de entrada. Atendimento N° 11284,E,104
4268,07-Oct-21,R$ 100.00,Pago com sucesso da parcela n° 1 do atendimento 11284,E,105
4269,19-Oct-21,R$ 255.00,Pago com atraso da parcela n° 5 do atendimento 11204,E,105
4270,22-Oct-21,R$ 200.00,Pago com sucesso da parcela n° 6 do atendimento 11194,E,105
4271,09-Sep-21,"R$ 1,000.00",Pago com sucesso no catão de crédito em 10 parcelas. Atendimento N° 11285,E,104
4272,15-Sep-21,"R$ 2,000.00",Pago com sucesso no catão de crédito em 10 parcelas. Atendimento N° 11286,E,104
4273,15-Sep-21,"R$ 2,900.00",Pago com sucesso no catão de crédito em 10 parcelas. Atendimento N° 11287,E,104
4274,17-Sep-21,R$ 720.00,Pago com sucesso em dinheiro. Atendimento N° 11288,E,104
4275,06-Oct-21,R$ 200.00,Pago com sucesso da parcela n° 1 do atendimento 11289,E,105
4276,28-Sep-21,R$ 150.00,Pagamento de entrada. Atendimento N° 11290,E,104
4277,26-Oct-21,R$ 75.00,Pago com atraso da parcela n° 1 do atendimento 11291,E,105
4278,29-Sep-21,R$ 450.00,Pago com sucesso em dinheiro. Atendimento N° 11292,E,104
4279,29-Sep-21,R$ 600.00,Pago com sucesso no catão de crédito em 4 parcelas. Atendimento N° 11293,E,104
4280,04-Oct-21,R$ 400.00,Pagamento de entrada. Atendimento N° 11294,E,105
4281,08-Oct-21,"R$ 1,380.00",Pago com sucesso no catão de crédito em 4 parcelas. Atendimento N° 11295,E,105
4282,03-Sep-21,R$ 37.87,BOLETO CEMAR,S,104
4283,03-Sep-21,R$ 743.26,BOLETO HOYA,S,104
4284,06-Sep-21,R$ 20.00,BOLETO HOYA,S,104
4285,09-Sep-21,R$ 276.77,BOLETO PAULO CARRARO E VALENTINA,S,104
4286,10-Sep-21,R$ 694.70,BOLETO HOYA,S,104
4287,10-Sep-21,R$ 80.00,BOLETO VIRTUAL X (NF ELETRÔNICA),S,104
4288,10-Sep-21,"R$ 1,400.00",BOLETO ALUGUEL LOJA,S,104
4289,13-Sep-21,R$ 99.70,BOLETO OI FIBRA,S,104
4290,17-Sep-21,R$ 288.04,BOLETO MAXLINE,S,104
4291,20-Sep-21,R$ 36.00,BOLETO HOYA,S,104
4292,20-Sep-21,R$ 20.27,BOLETO IMPOSTO DARE,S,104
4293,20-Sep-21,R$ 255.86,BOLETO IMPOSTO DAS,S,104
4294,20-Sep-21,R$ 278.89,"BOLETO SIGNUS, URBAN, FIAMMA",S,104
4295,24-Sep-21,"R$ 1,032.02",BOLETO HOYA,S,104
4296,24-Sep-21,R$ 400.00,BOLETO CONTADOR,S,104
4297,27-Sep-21,R$ 36.00,BOLETO HOYA,S,104
4298,27-Sep-21,"R$ 1,439.12",BOLETO INVESTIMENTO/GIRO,S,104
4299,30-Sep-21,R$ 504.00,BOLETOS DIVERSOS,S,104
4300,14-Oct-21,"R$ 2,000.00",Pago com sucesso no catão de crédito em 10 parcelas. Atendimento N° 11299,E,105
4301,29-Oct-21,R$ 110.00,Pago com sucesso da parcela n° 4 do atendimento 11238,E,105
4302,11-Oct-21,"R$ 1,300.00",Pago com sucesso no catão de crédito em 10 parcelas. Atendimento N° 11296,E,105
4303,29-Oct-21,R$ 100.00,Pago com sucesso da parcela n° 1 do atendimento 11297,E,105
4304,15-Oct-21,R$ 650.00,Pago com sucesso no catão de crédito em 5 parcelas. Atendimento N° 11301,E,105
4305,16-Oct-21,"R$ 1,500.00",Pago com sucesso no catão de crédito em 3 parcelas. Atendimento N° 11302,E,105
4306,21-Oct-21,"R$ 2,000.00",Pago com sucesso no catão de crédito em 10 parcelas. Atendimento N° 11304,E,105
4307,03-Nov-21,R$ 190.00,Pago com atraso da parcela n° 5 do atendimento 11225,E,106
4308,22-Oct-21,"R$ 1,800.00",Pago com sucesso no catão de crédito em 10 parcelas. Atendimento N° 11306,E,105
4309,22-Oct-21,"R$ 1,100.00",Pago com sucesso no catão de crédito em 10 parcelas. Atendimento N° 11307,E,105
4310,23-Oct-21,R$ 200.00,Pago com sucesso em dinheiro. Atendimento N° 11308,E,105
4311,25-Oct-21,R$ 350.00,Pago com sucesso em dinheiro. Atendimento N° 11309,E,105
4312,28-Oct-21,R$ 400.00,Pago com sucesso em dinheiro. Atendimento N° 11310,E,105
4313,01-Oct-21,R$ 56.00,BOLETO HOYA,S,105
4314,01-Oct-21,R$ 459.00,BOLETO HOYA,S,105
4315,08-Oct-21,R$ 171.92,BOLETO CEMAR,S,105
4316,08-Oct-21,"R$ 1,298.00",BOLETO HOYA,S,105
4317,11-Oct-21,R$ 276.77,BOLETO PAULO CARRARA E VALENTINA,S,105
4318,11-Oct-21,R$ 95.34,BOLETO OI FIBRA,S,105
4319,11-Oct-21,R$ 80.00,BOLETO VIRTUAL X,S,105
4320,13-Oct-21,"R$ 1,400.00",BOLETO ALUGUEL LOJA,S,105
4321,15-Oct-21,R$ 324.76,BOLETO HOYA,S,105
4322,18-Oct-21,R$ 43.00,BOLETO HOYA,S,105
4323,18-Oct-21,R$ 288.00,BOLETO MAXLINE,S,105
4324,19-Oct-21,R$ 375.00,BOLETO SACOLAS PADRON. 50%,S,105
4325,19-Oct-21,R$ 278.89,BOLETO SIGNUS E FIAMMA,S,105
4326,08-Nov-21,R$ 255.00,Pago com atraso da parcela n° 6 do atendimento 11204,E,106
4327,08-Nov-21,R$ 200.00,Pago com atraso da parcela n° 2 do atendimento 11111,E,106
4328,08-Nov-21,R$ 200.00,Pago com atraso da parcela n° 3 do atendimento 11111,E,106
4329,08-Nov-21,R$ 200.00,Pago com atraso da parcela n° 4 do atendimento 11111,E,106
4330,08-Nov-21,R$ 100.00,Pago com sucesso da parcela n° 2 do atendimento 11284,E,106
4331,20-Oct-21,R$ 17.34,BOLETO IMPOSTO (DARE),S,105
4332,20-Oct-21,R$ 395.21,BOLETO IMPOSTO (DAS),S,105
4333,22-Oct-21,R$ 876.76,BOLETO HOYA,S,105
4334,25-Oct-21,R$ 36.00,BOLETO HOYA,S,105
4335,25-Oct-21,R$ 400.00,BOLETO CONTADOR,S,105
4336,25-Oct-21,"R$ 1,430.70",BOLETO INVEST. E GIRO BNB,S,105
4337,29-Oct-21,R$ 812.26,BOLETO HOYA,S,105
4338,29-Oct-21,R$ 433.84,BOLETO SIGNUS URBAN E FIAMMA,S,105
4339,29-Oct-21,R$ 416.50,BOLETO DIVERSOS LABORATORIOS,S,105
4340,08-Nov-21,R$ 140.00,Pago com atraso da parcela n° 4 do atendimento 11226,E,106
4341,09-Nov-21,R$ 155.00,Pago com sucesso da parcela n° 4 do atendimento 11248,E,106
4342,09-Nov-21,R$ 135.00,Pago com atraso da parcela n° 6 do atendimento 11209,E,106
4343,09-Sep-21,R$ 100.00,Pago com atraso da parcela n° 2 do atendimento 11214,E,104
4344,10-Nov-21,R$ 100.00,Pago com atraso da parcela n° 3 do atendimento 11214,E,106
4345,11-Oct-21,R$ 250.00,Pago com atraso da parcela n° 7 do atendimento 11176,E,105
4346,11-Nov-21,R$ 250.00,Pago com atraso da parcela n° 8 do atendimento 11176,E,106
4347,08-Nov-21,R$ 210.00,Pago com sucesso da parcela n° 1 do atendimento 11294,E,106
4348,14-Oct-21,R$ 800.00,Pago com sucesso em dinheiro. Atendimento N° 11300,E,105
4349,21-Oct-21,"R$ 2,100.00",Pago com sucesso no catão de crédito em 10 parcelas. Atendimento N° 11305,E,105
4350,06-Nov-21,R$ 70.00,Pago com atraso da parcela n° 1 do atendimento 11303,E,106
4351,12-Nov-21,R$ 150.00,Pago com atraso da parcela n° 1 do atendimento 11290,E,106
4352,05-Nov-21,R$ 100.00,Pago com sucesso em dinheiro. Atendimento N° 11311,E,106
4353,09-Nov-21,R$ 500.00,Pago com sucesso em dinheiro. Atendimento N° 11313,E,106
4354,09-Nov-21,R$ 300.00,Pago com sucesso no catão de crédito em 1 parcelas. Atendimento N° 11314,E,106
4355,09-Nov-21,"R$ 1,000.00",Pago com sucesso no catão de crédito em 1 parcelas. Atendimento N° 11315,E,106
4356,01-Nov-21,R$ 54.00,BOLETO HOYA,S,106
4357,05-Nov-21,R$ 147.85,BOLETO ATESTADO SANITÁRIO,S,106
4358,05-Nov-21,R$ 659.00,BOLETO HOYA,S,106
4359,08-Nov-21,R$ 20.00,BOLETO HOYA,S,106
4360,08-Nov-21,R$ 276.77,BOLETO PAULO CARRARA E VALENTINA,S,106
4361,08-Nov-21,R$ 197.15,BOLETO CEMAR,S,106
4362,09-Nov-21,R$ 410.00,BOLETO 50% SACOLAS PAPEL,S,106
4363,10-Nov-21,R$ 85.00,BOLETO VIRTUAL X (NFE),S,106
4364,11-Nov-21,R$ 95.34,BOLETO OI FIBRA,S,106
4365,11-Nov-21,"R$ 1,400.00",BOLETO ALUGUEL,S,106
4366,12-Nov-21,"R$ 2,274.00",BOLETO HOYA,S,106
4367,16-Nov-21,R$ 650.00,Pago com sucesso no catão de crédito em 5 parcelas. Atendimento N° 11316,E,106
4368,16-Nov-21,R$ 538.50,BOLETO HOYA,S,106
4369,16-Nov-21,R$ 274.83,BOLETO MAXLINE,S,106
4370,18-Nov-21,R$ 278.89,BOLETO SIGNUS URBAN FIAMMA,S,106
4371,19-Nov-21,R$ 300.00,Pago com atraso da parcela n° 6 do atendimento 11193,E,106
4372,22-Nov-21,R$ 200.00,Pago com sucesso da parcela n° 7 do atendimento 11194,E,106
4373,24-Nov-21,R$ 300.00,Pago com atraso da parcela n° 8 do atendimento 11042,E,106
4374,09-Dec-19,R$ 215.00,Pago com atraso da parcela n° 6 do atendimento 10613,E,0
4375,25-Nov-21,R$ 550.00,Pago com atraso da parcela n° 1 do atendimento 11298,E,106
4376,01-Dec-21,R$ 160.00,Pago com atraso da parcela n° 2 do atendimento 11266,E,107
4377,01-Dec-21,R$ 160.00,Pago com atraso da parcela n° 3 do atendimento 11266,E,107
4378,02-Dec-21,R$ 140.00,Pago com atraso da parcela n° 1 do atendimento 11208,E,107
4379,02-Dec-21,R$ 140.00,Pago com atraso da parcela n° 2 do atendimento 11208,E,107
4380,18-Nov-21,R$ 350.00,Pago com sucesso no cartão de débito. Atendimento N° 11317,E,106
4381,19-Nov-21,R$ 110.00,Pago com sucesso em dinheiro. Atendimento N° 11318,E,106
4382,03-Dec-21,R$ 210.00,Pago com sucesso da parcela n° 2 do atendimento 11294,E,107
4383,03-Dec-21,R$ 150.00,Pago com atraso da parcela n° 2 do atendimento 11290,E,107
4384,19-Nov-21,R$ 200.00,Pagamento de entrada. Atendimento N° 11319,E,106
4385,25-Nov-21,R$ 450.00,Pago com sucesso em dinheiro. Atendimento N° 11320,E,106
4386,26-Nov-21,R$ 730.00,Pago com sucesso em dinheiro. Atendimento N° 11321,E,106
4387,26-Nov-21,R$ 780.00,Pago com sucesso no catão de crédito em 1 parcelas. Atendimento N° 11322,E,106
4388,27-Nov-21,R$ 300.00,Pago com sucesso em dinheiro. Atendimento N° 11323,E,106
4389,29-Nov-21,R$ 900.00,Pago com sucesso no catão de crédito em 6 parcelas. Atendimento N° 11324,E,106
4390,29-Nov-21,R$ 220.00,Pago com sucesso no catão de crédito em 5 parcelas. Atendimento N° 11325,E,106
4391,22-Nov-21,R$ 33.88,BOLETO IMPOSTO (DARE),S,106
4392,22-Nov-21,R$ 473.21,BOLETO IMPOSTO (DAS),S,106
4393,22-Nov-21,R$ 446.26,BOLETO HOYA,S,106
4394,24-Nov-21,R$ 400.00,BOLETO CONTADOR,S,106
4395,25-Nov-21,"R$ 1,426.34",BOLETO INVEST. E GIRO BNB,S,106
4396,29-Nov-21,R$ 74.00,BOLETO HOYA,S,0
4397,29-Nov-21,R$ 74.00,BOLETO HOYA,S,106
4398,30-Nov-21,R$ 670.90,BOLETO DESPESAS DIVERSAS,S,106
4399,30-Nov-21,R$ 125.00,Pago com sucesso em dinheiro. Atendimento N° 11326,E,106
4400,06-Dec-21,R$ 75.00,Pago com atraso da parcela n° 2 do atendimento 11291,E,107
4401,30-Nov-21,R$ 410.00,BOLETO DESPESAS COM FUNCIONÁRIOS,S,106
4402,07-Dec-21,R$ 150.00,Pago com atraso da parcela n° 2 do atendimento 11217,E,107
4403,07-Dec-21,R$ 100.00,Pago com sucesso da parcela n° 3 do atendimento 11284,E,107
4404,07-Dec-21,R$ 70.00,Pago com atraso da parcela n° 2 do atendimento 11303,E,107
4405,07-Dec-21,R$ 200.00,Pago com atraso da parcela n° 2 do atendimento 11289,E,107
4406,30-Nov-21,R$ 90.00,Pago com sucesso em dinheiro. Atendimento N° 11327,E,106
4407,01-Dec-21,R$ 265.00,Pago com sucesso no catão de crédito em 5 parcelas. Atendimento N° 11328,E,107
4408,03-Dec-21,R$ 500.00,Pago com sucesso no catão de crédito em 5 parcelas. Atendimento N° 11329,E,107
4409,06-Dec-21,R$ 800.00,Pago com sucesso no catão de crédito em 10 parcelas. Atendimento N° 11330,E,107
4410,10-Dec-21,R$ 210.00,Pago com sucesso da parcela n° 1 do atendimento 11312,E,107
4411,06-Dec-21,R$ 100.00,Pago com sucesso no catão de crédito em 2 parcelas. Atendimento N° 11331,E,107
4412,13-Dec-21,R$ 165.00,Pago com atraso da parcela n° 3 do atendimento 10907,E,107
4413,13-Dec-21,R$ 165.00,Pago com atraso da parcela n° 4 do atendimento 10907,E,107
4414,10-Dec-21,R$ 300.00,Pago com sucesso em dinheiro. Atendimento N° 11334,E,107
4415,13-Dec-21,R$ 450.00,Pago com sucesso no catão de crédito em 3 parcelas. Atendimento N° 11335,E,107
4416,13-Dec-21,"R$ 1,000.00",Pago com sucesso no catão de crédito em 4 parcelas. Atendimento N° 11337,E,107
4417,15-Dec-21,R$ 100.00,Pago com atraso da parcela n° 4 do atendimento 10970,E,107
4418,11-Dec-21,R$ 530.00,Pago com sucesso em dinheiro. Atendimento N° 11332,E,107
4419,14-Dec-21,R$ 500.00,Pago com sucesso no catão de crédito em 5 parcelas. Atendimento N° 11339,E,107
4420,13-Dec-21,R$ 220.00,Pago com sucesso em dinheiro. Atendimento N° 11336,E,107
4421,17-Dec-21,R$ 314.00,Pago com atraso da parcela n° 6 do atendimento 11038,E,107
4422,01-Dec-21,R$ 25.00,BOLETO HOYA,S,107
4423,03-Dec-21,R$ 370.50,BOLETO HOYA,S,107
4424,06-Dec-21,R$ 56.00,BOLETO HOYA,S,107
4425,07-Dec-21,R$ 276.77,BOLETO PAULO CARRA E VALENTINA,S,107
4426,09-Dec-21,R$ 207.27,BOLETO CEMAR,S,107
4427,10-Dec-21,R$ 88.00,BOLETO VIRTUAL X (NF ELETRONICA),S,107
4428,10-Dec-21,"R$ 1,400.00",BOLETO ALUGUEL LOJA,S,107
4429,13-Dec-21,R$ 18.00,BOLETO HOYA,S,107
4430,13-Dec-21,R$ 95.34,BOLETO OI FIBRA,S,107
4431,15-Dec-21,R$ 113.08,BOLETO HOYA,S,107
4432,16-Dec-21,R$ 273.00,BOLETO MAXLINE,S,107
4433,17-Dec-21,R$ 377.50,BOLETO HOYA,S,107
4434,21-Dec-21,R$ 200.00,Pago com sucesso da parcela n° 8 do atendimento 11194,E,107
4435,20-Dec-21,R$ 2.42,BOLETO IMPOSTO DARE,S,107
4436,20-Dec-21,R$ 207.28,BOLETO IMPOSTO DAS,S,107
4437,20-Dec-21,R$ 278.88,BOLETO SIGNUS URBAN / FIAMMA,S,107
4438,21-Dec-21,R$ 392.25,BOLETO HOYA,S,107
4439,24-Dec-21,R$ 280.00,Pago com atraso da parcela n° 1 do atendimento 11235,E,107
4440,27-Dec-21,R$ 250.00,Pago com atraso da parcela n° 6 do atendimento 11053,E,107
4441,27-Dec-21,R$ 150.00,Pago com atraso da parcela n° 3 do atendimento 11217,E,107
4442,27-Dec-21,R$ 220.00,Pago com atraso da parcela n° 1 do atendimento 11333,E,107
4443,24-Dec-21,"R$ 1,600.00",Pago com sucesso em dinheiro. Atendimento N° 11341,E,107
4444,27-Dec-21,"R$ 1,500.00",Pago com sucesso no catão de crédito em 3 parcelas. Atendimento N° 11342,E,107
4445,28-Dec-21,R$ 800.00,Pago com sucesso no catão de crédito em 5 parcelas. Atendimento N° 11343,E,107
4446,30-Dec-21,R$ 600.00,Pago com sucesso em dinheiro. Atendimento N° 11344,E,107
4447,30-Dec-21,"R$ 1,250.00",Pago com sucesso em dinheiro. Atendimento N° 11345,E,107
4448,06-Jan-22,R$ 100.00,Pago com atraso da parcela n° 2 do atendimento 11297,E,108
4449,06-Jan-22,R$ 100.00,Pago com atraso da parcela n° 3 do atendimento 11297,E,108
4450,06-Jan-22,R$ 140.00,Pago com atraso da parcela n° 1 do atendimento 11319,E,108
4451,06-Jan-22,R$ 200.00,Pago com atraso da parcela n° 3 do atendimento 11250,E,108
4452,10-Jan-22,R$ 210.00,Pago com sucesso da parcela n° 2 do atendimento 11312,E,108
4453,08-Jan-22,R$ 220.00,Pago com sucesso da parcela n° 2 do atendimento 11333,E,108
4454,24-Dec-21,R$ 159.00,BOLETO HOYA,S,107
4455,24-Dec-21,R$ 400.00,BOLETO CONTADOR,S,107
4456,27-Dec-21,R$ 18.00,BOLETO HOYA,S,107
4457,27-Dec-21,"R$ 1,418.35",BOLETO INVEST E GIRO BNB,S,107
4458,31-Dec-21,R$ 159.48,BOLETO HOYA,S,107
4459,31-Dec-21,R$ 371.61,BOLETO HOYA,S,107
4460,31-Dec-21,R$ 521.00,BOLETO LABRATÓRIOS DIVERSOS,S,107
4461,31-Dec-21,"R$ 2,820.00",BOLETO DESPESAS MATERIAL EXPED. E FUNCIONÁRIOS,S,107
4462,12-Jan-22,R$ 200.00,Pago com atraso da parcela n° 3 do atendimento 11289,E,108
4463,12-Jan-22,R$ 550.00,Pago com atraso da parcela n° 2 do atendimento 11298,E,108
4464,13-Jan-22,R$ 210.00,Pago com sucesso da parcela n° 3 do atendimento 11294,E,108
4465,18-Jan-22,R$ 100.00,Pago com atraso da parcela n° 1 do atendimento 11340,E,108
4466,05-Jan-22,R$ 280.00,Pago com sucesso em dinheiro. Atendimento N° 11347,E,108
4467,06-Jan-22,R$ 810.00,Pago com sucesso no catão de crédito em 6 parcelas. Atendimento N° 11348,E,108
4468,07-Jan-22,R$ 552.76,BOLETO HOYA,S,108
4469,07-Jan-22,R$ 276.77,BOLETO PAULO CARRARA E VALENTINA,S,108
4470,07-Jan-22,R$ 210.89,BOLETO CEMAR,S,108
4471,10-Jan-22,R$ 600.00,Pago com sucesso no catão de crédito em 6 parcelas. Atendimento N° 11349,E,108
4472,14-Jan-22,R$ 300.00,Pagamento de entrada. Atendimento N° 11350,E,108
4473,20-Jan-22,R$ 600.00,Pago com sucesso em dinheiro. Atendimento N° 11352,E,108
4474,25-Jan-22,"R$ 1,700.00",Pago com sucesso no catão de crédito em 10 parcelas. Atendimento N° 11353,E,108
4475,10-Jan-22,R$ 18.00,BOLETO HOYA,S,108
4476,10-Jan-22,R$ 88.00,BOLETO VIRTUAL X (NFE),S,108
4477,11-Jan-22,"R$ 1,400.00",BOLETO ALUGUEL LOJA,S,108
4478,12-Jan-22,R$ 110.42,BOLETO OI FIBRA,S,108
4479,14-Jan-22,R$ 353.49,BOLETO SIGNUS FIAMMA / URBAN,S,108
4480,17-Jan-22,R$ 377.50,BOLETO HOYA,S,108
4481,17-Jan-22,R$ 273.00,BOLETO MAXLINE,S,108
4482,20-Jan-22,R$ 10.50,BOLETO IMPOSTO DARE,S,108
4483,20-Jan-22,R$ 303.35,BOLETO IMPOSTO DAS,S,108
4484,20-Jan-22,R$ 392.25,BOLETO HOYA,S,108
4485,21-Jan-22,R$ 598.20,BOLETO HOYA,S,108
4486,24-Jan-22,R$ 18.00,BOLETO HOYA,S,108
4487,24-Jan-22,R$ 400.00,BOLETO CONTADOR,S,108
4488,25-Jan-22,"R$ 1,413.57",BOLETO INVEST. E GIRO BNB,S,108
4489,29-Jan-22,R$ 150.00,Pago com atraso da parcela n° 4 do atendimento 11217,E,108
4490,31-Jan-22,R$ 100.00,Pago com sucesso da parcela n° 4 do atendimento 11297,E,108
4491,31-Jan-22,R$ 165.00,Pago com sucesso da parcela n° 1 do atendimento 11346,E,108
4492,31-Jan-22,R$ 36.00,BOLETO HOYA,S,108
4493,31-Jan-22,R$ 275.00,Pago com atraso da parcela n° 2 do atendimento 11263,E,108
4494,27-Jan-22,R$ 300.00,Pagamento de entrada. Atendimento N° 11354,E,108
4495,03-Feb-22,R$ 140.00,Pago com atraso da parcela n° 3 do atendimento 11208,E,110
4496,03-Feb-22,R$ 140.00,Pago com atraso da parcela n° 4 do atendimento 11208,E,110
4497,03-Feb-22,R$ 100.00,Pago com atraso da parcela n° 1 do atendimento 11338,E,110
4498,04-Feb-22,R$ 95.00,Pago com atraso da parcela n° 2 do atendimento 11122,E,110
4499,05-Jul-21,R$ 95.00,Pago com atraso da parcela n° 3 do atendimento 11122,E,102
4500,06-Aug-21,R$ 95.00,Pago com atraso da parcela n° 4 do atendimento 11122,E,103
4501,06-Sep-21,R$ 95.00,Pago com atraso da parcela n° 5 do atendimento 11122,E,104
4502,05-Oct-21,R$ 95.00,Pago com atraso da parcela n° 6 do atendimento 11122,E,105
4503,04-Feb-22,R$ 210.00,Pago com sucesso da parcela n° 3 do atendimento 11312,E,110
4504,04-Feb-22,R$ 125.00,Pago com atraso da parcela n° 1 do atendimento 11239,E,110
4505,04-Feb-22,R$ 125.00,Pago com atraso da parcela n° 2 do atendimento 11239,E,110
4506,04-Feb-22,R$ 150.00,Pago com atraso da parcela n° 3 do atendimento 11290,E,110
4507,07-Feb-22,R$ 140.00,Pago com atraso da parcela n° 2 do atendimento 11319,E,110
4508,14-Jan-22,"R$ 1,500.00",Pago com sucesso em dinheiro. Atendimento N° 11351,E,108
4509,31-Jan-22,"R$ 2,845.00",DESPESAS MATERIAL DE EXPEDIENTE/FUNCIONÁRIOS,S,108
4510,11-Feb-22,R$ 210.00,Pago com sucesso da parcela n° 4 do atendimento 11294,E,110
4511,12-Feb-22,R$ 220.00,Pago com sucesso da parcela n° 3 do atendimento 11333,E,110
4512,12-Feb-22,R$ 100.00,Pago com atraso da parcela n° 2 do atendimento 11340,E,110
4513,15-Feb-22,R$ 200.00,Pago com atraso da parcela n° 1 do atendimento 11350,E,110
4514,02-Feb-22,"R$ 2,070.00",Pago com sucesso no catão de crédito em 10 parcelas. Atendimento N° 11355,E,110
4515,31-Jan-22,R$ 530.00,BOLETO LABORATORIOS DIVERSOS,S,108
4516,31-Jan-22,R$ 210.00,Pago com sucesso em dinheiro. Atendimento N° 11356,E,108
4517,15-Feb-22,R$ 150.00,Pagamento de entrada. Atendimento N° 11357,E,110
4518,08-Feb-22,"R$ 1,150.00",Pago com sucesso no catão de crédito em 6 parcelas. Atendimento N° 11358,E,110
4519,16-Feb-22,R$ 150.00,Pago com atraso da parcela n° 1 do atendimento 11272,E,110
4520,22-Feb-22,R$ 150.00,Pago com atraso da parcela n° 2 do atendimento 11272,E,110
4521,23-Feb-22,R$ 550.00,Pago com atraso da parcela n° 3 do atendimento 11298,E,110
4522,19-Feb-22,R$ 150.00,Pago com atraso da parcela n° 1 do atendimento 11354,E,110
4523,08-Feb-22,"R$ 1,790.00",Pago com sucesso no catão de crédito em 8 parcelas. Atendimento N° 11359,E,110
4524,09-Feb-22,"R$ 1,320.00",Pago com sucesso no catão de crédito em 8 parcelas. Atendimento N° 11360,E,110
4525,09-Feb-22,R$ 950.00,Pago com sucesso no catão de crédito em 6 parcelas. Atendimento N° 11361,E,110
4526,09-Feb-22,R$ 500.00,Pago com sucesso no cartão de débito. Atendimento N° 11362,E,110
4527,10-Feb-22,R$ 550.00,Pago com sucesso no catão de crédito em 4 parcelas. Atendimento N° 11363,E,110
4528,10-Feb-22,"R$ 5,550.00",Pago com sucesso no cartão de débito. Atendimento N° 11364,E,110
4529,11-Feb-22,"R$ 1,600.00",Pago com sucesso no catão de crédito em 6 parcelas. Atendimento N° 11366,E,110
4530,12-Feb-22,R$ 750.00,Pago com sucesso no cartão de débito. Atendimento N° 11367,E,110
4531,14-Feb-22,R$ 500.00,Pago com sucesso no catão de crédito em 2 parcelas. Atendimento N° 11368,E,110
4532,16-Feb-22,R$ 850.00,Pago com sucesso no catão de crédito em 6 parcelas. Atendimento N° 11369,E,110
4533,16-Feb-22,"R$ 1,600.00",Pago com sucesso no catão de crédito em 6 parcelas. Atendimento N° 11370,E,110
4534,16-Feb-22,"R$ 1,300.00",Pago com sucesso no catão de crédito em 5 parcelas. Atendimento N° 11371,E,110
4535,25-Feb-22,"R$ 1,000.00",Pago com sucesso no catão de crédito em 10 parcelas. Atendimento N° 11372,E,110
4536,07-Feb-22,R$ 18.00,BOLETO HOYA,S,110
4537,07-Feb-22,R$ 276.77,BOLETO PAULO CARRARA E VALENTINA,S,110
4538,10-Feb-22,R$ 173.30,BOLETO CEMAR,S,110
4539,10-Feb-22,R$ 88.00,BOLETO VIRTUAL X,S,110
4540,11-Feb-22,R$ 115.91,BOLETO OI FIBRA,S,110
4541,14-Feb-22,R$ 18.00,BOLETO HOYA,S,110
4542,15-Feb-22,R$ 434.00,BOLETO HOYA,S,110
4543,21-Feb-22,R$ 5.16,BOLETO IMPOSTO DARE,S,110
4544,21-Feb-22,R$ 127.21,BOLETO IMPOSTO DAS,S,110
4545,24-Feb-22,R$ 400.00,BOLETO CONTADOR,S,110
4546,25-Feb-22,R$ 131.50,BOLETO HOYA,S,110
4547,25-Feb-22,R$ 303.50,BOLETO UNILAB,S,110
4548,26-Feb-22,"R$ 3,161.00",BOLETO DESPESAS LOJA,S,110
4549,26-Feb-22,"R$ 1,364.28",BOLETO LABORATÓRIOS DIVERSOS,S,110
4550,03-Mar-22,R$ 150.00,Pago com atraso da parcela n° 5 do atendimento 11217,E,111
4551,07-Mar-22,R$ 134.00,Pago com sucesso da parcela n° 1 do atendimento 11357,E,111
4552,07-Mar-22,R$ 140.00,Pago com atraso da parcela n° 3 do atendimento 11319,E,111
4553,07-Mar-22,R$ 210.00,Pago com sucesso da parcela n° 4 do atendimento 11312,E,111
4554,03-Mar-22,R$ 100.00,Pagamento de entrada. Atendimento N° 11373,E,111
4555,03-Mar-22,"R$ 1,100.00",Pago com sucesso em dinheiro. Atendimento N° 11374,E,111
4556,04-Mar-22,"R$ 1,000.00",Pago com sucesso no catão de crédito em 5 parcelas. Atendimento N° 11375,E,111
4557,04-Mar-22,"R$ 1,500.00",Pago com sucesso no catão de crédito em 5 parcelas. Atendimento N° 11376,E,111
4558,09-Mar-22,R$ 150.00,Pago com sucesso da parcela n° 2 do atendimento 11354,E,111
4559,03-Mar-22,R$ 165.00,Pago com sucesso da parcela n° 2 do atendimento 11346,E,111
4560,09-Mar-22,R$ 600.00,Pagamento de entrada. Atendimento N° 11377,E,111
4561,07-Mar-22,R$ 250.00,Pago com sucesso em dinheiro. Atendimento N° 11378,E,111
4562,08-Mar-22,R$ 650.00,Pago com sucesso em dinheiro. Atendimento N° 11379,E,111
4563,08-Mar-22,"R$ 2,600.00",Pago com sucesso no catão de crédito em 8 parcelas. Atendimento N° 11380,E,111
4564,04-Mar-22,"R$ 1,258.26",BOLETO HOYA,S,111
4565,04-Mar-22,R$ 374.85,BOLETO SIGNUS URBAN E FIAMMA,S,111
4566,07-Mar-22,R$ 20.00,BOLETO HOYA,S,111
4567,08-Mar-22,R$ 196.74,BOLETO CEMAR,S,111
4568,09-Mar-22,"R$ 1,400.00",BOLETO ALUGUEL,S,111
4569,10-Mar-22,R$ 88.00,BOLETO VIRTUAL X,S,111
4570,10-Mar-22,R$ 304.00,BOLETO ARMAÇÃO VISEL,S,111
4571,11-Mar-22,R$ 125.00,Pago com atraso da parcela n° 1 do atendimento 11269,E,111
4572,11-Mar-22,R$ 100.00,Pago com atraso da parcela n° 2 do atendimento 11338,E,111
4573,11-Mar-22,R$ 65.75,BOLETO HOYA,S,111
4574,11-Mar-22,R$ 280.00,Pago com sucesso no catão de crédito em 3 parcelas. Atendimento N° 11381,E,111
4575,08-Mar-22,R$ 350.00,Pago com sucesso em dinheiro. Atendimento N° 11382,E,111
4576,14-Mar-22,R$ 30.00,Pago com sucesso no cartão de débito. Atendimento N° 11383,E,111
4577,09-Mar-22,R$ 220.00,Pago com sucesso da parcela n° 4 do atendimento 11333,E,111
4578,15-Mar-22,R$ 265.00,Pago com sucesso da parcela n° 1 do atendimento 11365,E,111
4579,16-Mar-22,R$ 100.00,Pago com atraso da parcela n° 3 do atendimento 11340,E,111
4580,15-Mar-22,R$ 50.00,Pago com atraso da parcela n° 3 do atendimento 11264,E,111
4581,17-Mar-22,R$ 140.00,Pago com atraso da parcela n° 5 do atendimento 11208,E,111
4582,22-Mar-22,R$ 250.00,Pago com sucesso da parcela n° 1 do atendimento 11384,E,111
4583,19-Mar-22,"R$ 1,000.00",Pago com sucesso no catão de crédito em 1 parcelas. Atendimento N° 11385,E,111
4584,17-Mar-22,R$ 115.91,BOLETO OI FIBRA,S,111
4585,21-Mar-22,R$ 18.55,BOLETO IMPOSTO DARE,S,111
4586,21-Mar-22,R$ 565.01,BOLETO IMPOSTO DAS,S,111
4587,21-Mar-22,R$ 40.00,BOLETO HOYA,S,111
4588,21-Mar-22,R$ 494.50,BOLETO UNILAB,S,111
4589,21-Mar-22,R$ 298.00,BOLETO VISEL,S,111
4590,23-Mar-22,R$ 400.00,BOLETO CONTADOR,S,111
4591,28-Mar-22,R$ 550.00,Pago com atraso da parcela n° 4 do atendimento 11298,E,111
4592,23-Mar-22,R$ 40.00,Pago com sucesso em dinheiro. Atendimento N° 11388,E,111
4593,24-Mar-22,R$ 700.00,Pago com sucesso no catão de crédito em 5 parcelas. Atendimento N° 11389,E,111
4594,26-Mar-22,"R$ 1,700.00",Pago com sucesso no catão de crédito em 6 parcelas. Atendimento N° 11390,E,111
4595,29-Mar-22,"R$ 1,250.00",Pago com sucesso no catão de crédito em 6 parcelas. Atendimento N° 11391,E,111
4596,23-Mar-22,R$ 311.60,BOLETO LABO OPTICA,S,111
4597,25-Mar-22,R$ 716.26,BOLETO HOYA,S,111
4598,25-Mar-22,"R$ 1,397.81",BOLETO FINANC. E GIRO BNB,S,111
4599,28-Mar-22,R$ 80.00,BOLETO HOYA,S,111
4600,28-Mar-22,R$ 486.00,BOLETO UNILAB_3296,S,111
4601,30-Mar-22,R$ 305.50,BOLETO UNILAB,S,111
4602,30-Mar-22,R$ 200.00,Pagamento de entrada. Atendimento N° 11392,E,111
4603,30-Mar-22,R$ 800.00,Pago com sucesso em dinheiro. Atendimento N° 11393,E,111
4604,31-Mar-22,R$ 450.00,Pago com sucesso em dinheiro. Atendimento N° 11394,E,111
4605,31-Mar-22,R$ 300.00,Pago com sucesso em dinheiro. Atendimento N° 11395,E,111
4606,21-Mar-22,R$ 400.00,Pagamento de entrada. Atendimento N° 11386,E,111
4607,31-Mar-22,R$ 657.00,BOLETO LABORATORIOS DIVERSOS,S,111
4608,31-Mar-22,"R$ 3,161.00",BOLETO DESPESAS DIVERSAS,S,111
4609,04-Apr-22,R$ 100.00,Pago com atraso da parcela n° 4 do atendimento 11214,E,112
4610,02-Apr-22,R$ 850.00,Pago com sucesso no catão de crédito em 6 parcelas. Atendimento N° 11396,E,112
4611,05-Apr-22,R$ 165.00,Pago com sucesso da parcela n° 3 do atendimento 11346,E,112
4612,06-Nov-21,R$ 280.00,Pago com atraso da parcela n° 4 do atendimento 11252,E,0
4613,04-Dec-21,R$ 280.00,Pago com sucesso da parcela n° 5 do atendimento 11252,E,0
4614,06-Apr-22,R$ 125.00,Pago com atraso da parcela n° 2 do atendimento 11269,E,112
4615,06-Apr-22,R$ 100.00,Pago com atraso da parcela n° 1 do atendimento 11386,E,112
4616,06-Apr-22,R$ 100.00,Pago com sucesso da parcela n° 2 do atendimento 11386,E,112
4617,06-Apr-22,R$ 100.00,Pago com sucesso da parcela n° 3 do atendimento 11386,E,112
4618,06-Apr-22,R$ 100.00,Pago com sucesso da parcela n° 4 do atendimento 11386,E,112
4619,06-Apr-22,R$ 100.00,Pago com sucesso da parcela n° 5 do atendimento 11386,E,112
4620,06-Apr-22,R$ 100.00,Pago com sucesso da parcela n° 6 do atendimento 11386,E,112
4621,06-Apr-22,R$ 100.00,Pago com sucesso da parcela n° 7 do atendimento 11386,E,112
4622,06-Apr-22,R$ 100.00,Pago com sucesso da parcela n° 8 do atendimento 11386,E,112
4623,06-Apr-22,R$ 100.00,Pago com sucesso da parcela n° 9 do atendimento 11386,E,112
4624,06-Apr-22,R$ 100.00,Pago com sucesso da parcela n° 10 do atendimento 11386,E,112
4625,07-Apr-22,R$ 140.00,Pago com atraso da parcela n° 4 do atendimento 11319,E,112
4626,09-Apr-22,R$ 100.00,Pago com sucesso da parcela n° 4 do atendimento 11340,E,112
4627,07-Apr-22,"R$ 1,800.00",Pago com sucesso no catão de crédito em 4 parcelas. Atendimento N° 11398,E,112
4628,16-Apr-22,R$ 265.00,Pago com atraso da parcela n° 2 do atendimento 11365,E,112
4629,08-Apr-22,R$ 134.00,Pago com sucesso da parcela n° 2 do atendimento 11357,E,112
4630,06-Apr-22,R$ 250.00,Pago com sucesso da parcela n° 2 do atendimento 11384,E,112
4631,16-Apr-22,R$ 200.00,Pago com atraso da parcela n° 2 do atendimento 11350,E,112
4632,22-Apr-22,R$ 100.00,Pago com atraso da parcela n° 1 do atendimento 11373,E,112
4633,09-Apr-22,R$ 543.00,Pagamento de entrada. Atendimento N° 11399,E,112
4634,11-Apr-22,R$ 200.00,Pagamento de entrada. Atendimento N° 11402,E,112
4635,25-Apr-22,R$ 245.00,Pago com sucesso da parcela n° 1 do atendimento 11401,E,112
4636,11-Apr-22,R$ 150.00,Pago com sucesso da parcela n° 3 do atendimento 11354,E,112
4637,28-Apr-22,R$ 150.00,Pago com sucesso da parcela n° 4 do atendimento 11354,E,112
4638,22-Apr-22,"R$ 1,000.00",Pago com sucesso no cartão de débito. Atendimento N° 11404,E,112
4639,25-Apr-22,R$ 200.00,Pagamento de entrada. Atendimento N° 11406,E,112
4640,25-Apr-22,R$ 500.00,Pago com sucesso no catão de crédito em 1 parcelas. Atendimento N° 11408,E,112
4641,28-Apr-22,R$ 300.00,Pago com sucesso em dinheiro. Atendimento N° 11410,E,112
4642,01-Apr-22,"R$ 1,312.00",BOLETO HOYA,S,112
4643,04-Apr-22,R$ 374.85,BOLETO SIGNUS,S,112
4644,04-Apr-22,R$ 145.00,BOLETO OFICCE E ANTIVIRUS,S,112
4645,07-Apr-22,R$ 169.94,BOLETO CEMAR,S,112
4646,08-Apr-22,R$ 331.76,BOLETO HOYA,S,112
4647,11-Apr-22,R$ 304.00,BOLETO VISEL,S,112
4648,11-Apr-22,R$ 88.00,BOLETO VIRTUAL X (NFE),S,112
4649,13-Apr-22,"R$ 1,400.00",BOLETO ALUGUEL,S,112
4650,18-Apr-22,R$ 112.00,BOLETO HOYA,S,112
4651,18-Apr-22,R$ 488.50,BOLETO HOYA,S,112
4652,18-Apr-22,R$ 115.91,BOLETO OI FIBRA,S,112
4653,20-Apr-22,R$ 381.65,BOLETO IMPOSTO DAS,S,112
4654,20-Apr-22,R$ 494.50,BOLETO UNILAB,S,112
4655,22-Apr-22,R$ 807.78,BOLETO HOYA,S,112
4656,25-Apr-22,R$ 400.00,BOLETO CONTADOR,S,112
4657,25-Apr-22,"R$ 1,394.42",BOLETO FINANC. E GIRO BNB,S,112
4658,29-Apr-22,"R$ 1,430.28",BOLETO HOYA,S,112
4659,30-Apr-22,R$ 180.00,Pago com sucesso em dinheiro. Atendimento N° 11411,E,112
4660,30-Apr-22,"R$ 3,088.00",BOLETO DESPESAS DIVERSAS,S,112
4661,30-Apr-22,R$ 539.00,BOLETO DIVERSOS LABORATÓRIOS,S,112
4662,03-May-22,R$ 220.00,Pago com atraso da parcela n° 5 do atendimento 11333,E,113
4663,04-May-22,R$ 100.00,Pago com atraso da parcela n° 3 do atendimento 11338,E,113
4664,05-May-22,R$ 245.00,Pago com sucesso da parcela n° 2 do atendimento 11401,E,113
4665,05-May-22,R$ 200.00,Pago com atraso da parcela n° 4 do atendimento 11289,E,113
4666,02-May-22,R$ 400.00,Pago com atraso da parcela n° 1 do atendimento 11400,E,113
4667,29-Apr-22,R$ 165.00,Pago com sucesso da parcela n° 4 do atendimento 11346,E,112
4668,09-May-22,R$ 100.00,Pago com sucesso da parcela n° 5 do atendimento 11340,E,113
4669,12-May-22,R$ 200.00,Pago com sucesso da parcela n° 1 do atendimento 11402,E,113
4670,12-May-22,R$ 543.00,Pago com atraso da parcela n° 1 do atendimento 11399,E,113
4671,10-May-22,R$ 200.00,Pago com atraso da parcela n° 1 do atendimento 11403,E,113
4672,16-May-22,R$ 220.00,Pago com sucesso da parcela n° 6 do atendimento 11333,E,113
4673,06-May-22,R$ 330.00,Pago com sucesso no catão de crédito em 3 parcelas. Atendimento N° 11415,E,113
4674,04-May-22,R$ 100.00,Pago com sucesso em dinheiro. Atendimento N° 11413,E,113
4675,07-May-22,R$ 500.00,Pagamento de entrada. Atendimento N° 11416,E,113
4676,16-May-22,R$ 265.00,Pago com atraso da parcela n° 3 do atendimento 11365,E,113
4677,19-May-22,R$ 134.00,Pago com atraso da parcela n° 3 do atendimento 11357,E,113
4678,07-May-22,R$ 300.00,Pago com sucesso no cartão de débito. Atendimento N° 11417,E,113
4679,09-May-22,R$ 800.00,Pago com sucesso no catão de crédito em 3 parcelas. Atendimento N° 11418,E,113
4680,11-May-22,R$ 250.00,Pago com sucesso em dinheiro. Atendimento N° 11419,E,113
4681,02-May-22,R$ 20.00,BOLETO HOYA,S,113
4682,02-May-22,R$ 594.00,BOLETO UNILAB,S,113
4683,03-May-22,R$ 374.85,BOLETO SIGNUS URBAN FIAMMA,S,113
4684,06-May-22,R$ 400.50,BOLETO HOYA,S,113
4685,09-May-22,R$ 40.00,BOLETO HOYA,S,113
4686,10-May-22,R$ 160.85,BOLETO CEMAR,S,113
4687,10-May-22,R$ 88.00,BOLETO VIRTUAL X,S,113
4688,10-May-22,"R$ 1,400.00",BOLETO ALUGUEL,S,113
4689,12-May-22,R$ 294.85,BOLETO LUXOTICA,S,113
4690,12-May-22,R$ 118.46,BOLETO OI FIBRA,S,113
4691,12-May-22,R$ 393.00,BOLETO HOYA,S,113
4692,16-May-22,R$ 22.00,BOLETO HOYA,S,113
4693,16-May-22,R$ 193.00,BOLETO UNILAB,S,113
4694,17-May-22,R$ 510.45,BOLETO SIGNUS URBAN FIAMMA,S,113
4695,18-May-22,R$ 164.60,BOLETO LUXOTICA,S,113
4696,20-May-22,R$ 245.00,Pago com atraso da parcela n° 1 do atendimento 11405,E,113
4697,23-May-22,R$ 250.00,Pago com sucesso da parcela n° 1 do atendimento 11409,E,113
4698,25-May-22,R$ 400.00,Pago com sucesso da parcela n° 2 do atendimento 11400,E,113
4699,25-May-22,R$ 185.00,Pago com atraso da parcela n° 1 do atendimento 11414,E,113
4700,25-May-22,R$ 550.00,Pago com atraso da parcela n° 5 do atendimento 11298,E,113
4701,11-May-22,"R$ 1,250.00",Pago com sucesso no catão de crédito em 5 parcelas. Atendimento N° 11420,E,113
4702,11-May-22,R$ 450.00,Pago com sucesso no catão de crédito em 2 parcelas. Atendimento N° 11421,E,113
4703,16-May-22,R$ 170.00,Pago com sucesso em dinheiro. Atendimento N° 11422,E,113
4704,17-May-22,"R$ 1,700.00",Pago com sucesso no catão de crédito em 10 parcelas. Atendimento N° 11423,E,113
4705,20-May-22,R$ 400.00,Pago com sucesso no catão de crédito em 2 parcelas. Atendimento N° 11425,E,113
4706,30-May-22,R$ 100.00,Pago com sucesso da parcela n° 11 do atendimento 11386,E,113
4707,24-May-22,R$ 810.00,Pago com sucesso no catão de crédito em 7 parcelas. Atendimento N° 11428,E,113
4708,25-May-22,R$ 600.00,Pago com sucesso no catão de crédito em 10 parcelas. Atendimento N° 11429,E,113
4709,25-May-22,"R$ 1,300.00",Pago com sucesso no catão de crédito em 6 parcelas. Atendimento N° 11430,E,113
4710,31-May-22,R$ 900.00,Pago com sucesso no catão de crédito em 8 parcelas. Atendimento N° 11431,E,113
4711,20-May-22,R$ 333.01,BOLETO IMPOSTO DAS,S,113
4712,20-May-22,R$ 372.02,BOLETO HOYA,S,113
4713,20-May-22,R$ 494.50,"BOLETO UNILAB 3ª3276, 79 E 82",S,113
4714,23-May-22,R$ 40.00,BOLETO HOYA,S,113
4715,25-May-22,R$ 400.00,BOLETO CONTADOR,S,113
4716,25-May-22,"R$ 1,387.45",BOLETO FINANC. E GIRO BNB,S,113
4717,27-May-22,R$ 174.76,BOLETO HOYA,S,113
4718,30-May-22,R$ 40.00,BOLETO HOYA,S,113
4719,30-May-22,R$ 77.28,BOLETO LUXOTICA,S,113
4720,02-Jun-22,R$ 165.00,Pago com atraso da parcela n° 5 do atendimento 10907,E,114
4721,02-Jun-22,R$ 165.00,Pago com atraso da parcela n° 6 do atendimento 10907,E,114
4722,02-Jun-22,R$ 134.00,Pago com sucesso da parcela n° 4 do atendimento 11357,E,114
4723,03-Jun-22,R$ 100.00,Pago com atraso da parcela n° 4 do atendimento 11338,E,114
4724,31-May-22,"R$ 1,128.16",BOLETO LABORATÓRIOS DIVERSOS,S,113
4725,31-May-22,"R$ 3,088.00",BOLETO DESPESAS DIVERSAS,S,113
4726,04-Jun-22,R$ 245.00,Pago com sucesso da parcela n° 3 do atendimento 11401,E,114
4727,06-Jun-22,R$ 125.00,Pago com atraso da parcela n° 3 do atendimento 11269,E,114
4728,06-Jun-22,R$ 125.00,Pago com atraso da parcela n° 4 do atendimento 11269,E,114
4729,07-Jun-22,R$ 245.00,Pago com sucesso da parcela n° 2 do atendimento 11405,E,114
4730,07-Jun-22,R$ 100.00,Pago com sucesso da parcela n° 1 do atendimento 11424,E,114
4731,08-Jun-22,R$ 200.00,Pago com atraso da parcela n° 2 do atendimento 11403,E,114
4732,10-Jun-22,R$ 300.00,Pago com sucesso da parcela n° 1 do atendimento 11416,E,114
4733,11-Jun-22,R$ 100.00,Pago com atraso da parcela n° 6 do atendimento 11340,E,114
4734,11-May-22,R$ 491.16,BOLETO LOBO OPTICA OS3329,S,113
4735,14-Jun-22,R$ 200.00,Pago com atraso da parcela n° 2 do atendimento 11402,E,114
4736,14-Jun-22,R$ 100.00,Pago com atraso da parcela n° 1 do atendimento 11412,E,114
4737,13-Jun-22,R$ 100.00,Pago com atraso da parcela n° 1 do atendimento 11377,E,114
4738,18-Jun-22,R$ 543.00,Pago com atraso da parcela n° 2 do atendimento 11399,E,114
4739,01-Jun-22,"R$ 1,380.00",Pago com sucesso no catão de crédito em 7 parcelas. Atendimento N° 11432,E,114
4740,03-Jun-22,R$ 650.00,Pago com sucesso no cartão de débito. Atendimento N° 11433,E,114
4741,03-Jun-22,"R$ 1,100.00",Pago com sucesso no catão de crédito em 6 parcelas. Atendimento N° 11434,E,114
4742,03-Jun-22,R$ 300.00,Pagamento de entrada. Atendimento N° 11435,E,114
4743,04-Jun-22,"R$ 1,500.00",Pago com sucesso no catão de crédito em 5 parcelas. Atendimento N° 11436,E,114
4744,04-Jun-22,R$ 300.00,Pago com sucesso no catão de crédito em 3 parcelas. Atendimento N° 11437,E,114
4745,22-Jun-22,R$ 185.00,Pago com sucesso da parcela n° 2 do atendimento 11414,E,114
4746,09-Jun-22,"R$ 1,000.00",Pagamento de entrada. Atendimento N° 11438,E,114
4747,03-Jun-22,R$ 528.00,BOLETO HOYA,S,114
4748,06-Jun-22,R$ 20.00,BOLETO HOYA,S,114
4749,07-Jun-22,R$ 543.40,BOLETO LABO OPTICA,S,114
4750,08-Jun-22,R$ 228.68,BOLETO CEMAR,S,114
4751,10-Jun-22,R$ 36.00,BOLETO HOYA,S,114
4752,10-Jun-22,R$ 115.91,BOLETO OI FIBRA,S,114
4753,10-Jun-22,R$ 88.00,BOLETO VIRTUAL X (NFE),S,114
4754,10-Jun-22,"R$ 1,400.00",BOLETO ALUGUEL LOJA,S,114
4755,23-Jun-22,R$ 250.00,Pago com sucesso da parcela n° 2 do atendimento 11409,E,114
4756,13-Jun-22,R$ 700.00,Pagamento de entrada. Atendimento N° 11439,E,114
4757,16-Jun-22,R$ 220.00,Pago com sucesso em dinheiro. Atendimento N° 11440,E,114
4758,18-Jun-22,R$ 330.00,Pago com sucesso no cartão de débito. Atendimento N° 11441,E,114
4759,22-Jun-22,"R$ 1,000.00",Pago com sucesso em dinheiro. Atendimento N° 11442,E,114
4760,24-Jun-22,R$ 200.00,Pago com atraso da parcela n° 2 do atendimento 11222,E,114
4761,24-Jun-22,R$ 550.00,Pago com atraso da parcela n° 6 do atendimento 11298,E,114
4762,27-Jun-22,R$ 400.00,Pago com atraso da parcela n° 3 do atendimento 11400,E,114
4763,13-Jun-22,R$ 294.85,BOLETO LUXOTICA,S,114
4764,15-Jun-22,R$ 192.00,BOLETO HOYA,S,114
4765,17-Jun-22,R$ 164.60,BOLETO LUXOTICA,S,114
4766,17-Jun-22,R$ 510.45,BOLETO SIGNUS,S,114
4767,20-Jun-22,R$ 375.60,BOLETO IMPOSTO DAS,S,114
4768,20-Jun-22,R$ 20.00,BOLETO HOYA,S,114
4769,24-Jun-22,"R$ 1,284.75",BOLETO HOYA,S,114
4770,24-Jun-22,R$ 400.00,BOLETO CONTADOR,S,114
4771,27-Jun-22,R$ 21.98,BOLETO LUXOTICA,S,114
4772,30-Jun-22,R$ 150.00,Pago com sucesso em dinheiro. Atendimento N° 11444,E,114
4773,27-Jun-22,R$ 55.00,Pago com sucesso em dinheiro. Atendimento N° 11445,E,114
4774,27-Jun-22,R$ 350.00,Pago com sucesso no catão de crédito em 1 parcelas. Atendimento N° 11446,E,114
4775,29-Jun-22,R$ 265.00,Pago com atraso da parcela n° 4 do atendimento 11365,E,114
4776,28-Jun-22,R$ 700.00,Pago com sucesso no cartão de débito. Atendimento N° 11447,E,114
4777,30-Jun-22,R$ 100.00,Pagamento de entrada. Atendimento N° 11448,E,114
4778,30-Jun-22,R$ 450.00,Pago com sucesso em dinheiro. Atendimento N° 11449,E,114
4779,01-Jul-22,R$ 100.00,Pago com atraso da parcela n° 2 do atendimento 11373,E,115
4780,01-Jun-22,R$ 50.00,Pago com atraso da parcela n° 1 do atendimento 11427,E,114
4781,01-Jul-22,R$ 50.00,Pago com atraso da parcela n° 2 do atendimento 11427,E,115
4782,01-Jul-22,R$ 50.00,Pago com sucesso da parcela n° 3 do atendimento 11427,E,115
4783,01-Jul-22,R$ 140.00,Pago com atraso da parcela n° 5 do atendimento 11319,E,115
4784,06-Jul-22,R$ 245.00,Pago com sucesso da parcela n° 4 do atendimento 11401,E,115
4785,05-Jul-22,R$ 185.00,Pago com sucesso da parcela n° 1 do atendimento 11426,E,115
4786,07-Jul-22,R$ 245.00,Pago com sucesso da parcela n° 3 do atendimento 11405,E,115
4787,07-Jul-22,R$ 200.00,Pago com sucesso da parcela n° 3 do atendimento 11402,E,115
4788,11-Jul-22,R$ 100.00,Pago com atraso da parcela n° 2 do atendimento 11377,E,115
4789,11-Jul-22,R$ 300.00,Pago com atraso da parcela n° 2 do atendimento 11416,E,115
4790,11-Jul-22,R$ 280.00,Pago com atraso da parcela n° 1 do atendimento 11438,E,115
4791,18-Jul-22,R$ 543.00,Pago com atraso da parcela n° 3 do atendimento 11399,E,115
4792,04-Jul-22,R$ 275.00,Pago com atraso da parcela n° 3 do atendimento 11263,E,115
4793,21-Jul-22,R$ 250.00,Pago com sucesso da parcela n° 3 do atendimento 11409,E,115
4794,16-Sep-20,R$ 390.00,Pago com atraso da parcela n° 1 do atendimento 10630,E,0
4795,22-Mar-22,R$ 160.00,Pago com atraso da parcela n° 4 do atendimento 11266,E,111
4796,22-Mar-22,R$ 160.00,Pago com atraso da parcela n° 5 do atendimento 11266,E,111
4797,21-Jul-22,R$ 100.00,Pago com atraso da parcela n° 2 do atendimento 11424,E,115
4798,22-Jul-22,R$ 150.00,Pago com atraso da parcela n° 6 do atendimento 11217,E,115
4799,22-Jul-22,R$ 100.00,Pago com atraso da parcela n° 1 do atendimento 11229,E,115
4800,02-Jul-22,"R$ 3,400.00",Pago com sucesso no catão de crédito em 10 parcelas. Atendimento N° 11450,E,115
4801,07-Jul-22,R$ 170.00,Pago com sucesso no cartão de débito. Atendimento N° 11451,E,115
4802,07-Jul-22,"R$ 2,100.00",Pago com sucesso no catão de crédito em 6 parcelas. Atendimento N° 11452,E,115
4803,25-Jul-22,R$ 185.00,Pago com atraso da parcela n° 3 do atendimento 11414,E,115
4804,26-Jul-22,R$ 400.00,Pago com atraso da parcela n° 4 do atendimento 11400,E,115
4805,26-Jul-22,R$ 215.00,Pago com atraso da parcela n° 1 do atendimento 11453,E,115
4806,26-Jul-22,R$ 265.00,Pago com atraso da parcela n° 5 do atendimento 11365,E,115
4807,27-Jul-22,R$ 200.00,Pago com atraso da parcela n° 1 do atendimento 11392,E,115
4808,29-Jul-22,R$ 100.00,Pago com sucesso da parcela n° 1 do atendimento 11448,E,115
4809,28-Jun-22,R$ 77.28,BOLETO LUXOTICA,S,115
4810,28-Jun-22,"R$ 1,381.57",BOLETO FINANC E GIRO BNB,S,114
4811,28-Jun-22,R$ 77.28,BOLETO LUXOTICA,S,114
4812,28-Jun-22,R$ 193.00,BOLETO UNILAB,S,114
4813,30-Jun-22,R$ 888.00,BOLETO LABORATÓRIOS DIVERSOS,S,114
4814,30-Jun-22,"R$ 3,092.00",BOLETO DESPESAS DIVERSAS,S,114
4815,14-Jul-22,R$ 680.00,Pago com sucesso no catão de crédito em 4 parcelas. Atendimento N° 11455,E,115
4816,20-Jul-22,R$ 550.00,Pago com sucesso no catão de crédito em 2 parcelas. Atendimento N° 11458,E,115
4817,20-Jul-22,R$ 500.00,Pagamento de entrada. Atendimento N° 11459,E,115
4818,15-Jul-22,R$ 100.00,Pagamento de entrada. Atendimento N° 11456,E,115
4819,27-May-22,R$ 250.00,Pago com sucesso da parcela n° 3 do atendimento 11384,E,113
4820,05-Jul-22,R$ 250.00,Pago com sucesso da parcela n° 4 do atendimento 11384,E,115
4821,04-Aug-22,R$ 245.00,Pago com sucesso da parcela n° 5 do atendimento 11401,E,116
4822,22-Jul-22,R$ 650.00,Pago com sucesso no catão de crédito em 5 parcelas. Atendimento N° 11460,E,115
4823,28-Jul-22,R$ 300.00,Pagamento de entrada. Atendimento N° 11461,E,115
4824,28-Jul-22,R$ 320.00,Pago com sucesso em dinheiro. Atendimento N° 11462,E,115
4825,29-Aug-22,R$ 150.00,Pago com sucesso no catão de crédito em 2 parcelas. Atendimento N° 11463,E,116
4826,08-Aug-22,R$ 245.00,Pago com sucesso da parcela n° 4 do atendimento 11405,E,116
4827,08-Aug-22,R$ 200.00,Pago com atraso da parcela n° 3 do atendimento 11403,E,116
4828,05-Jul-22,R$ 300.00,Pago com sucesso da parcela n° 1 do atendimento 11439,E,115
4829,09-Aug-22,R$ 100.00,Pago com atraso da parcela n° 3 do atendimento 11377,E,116
4830,09-Aug-22,R$ 150.00,Pago com atraso da parcela n° 4 do atendimento 11290,E,116
4831,11-Aug-22,R$ 280.00,Pago com atraso da parcela n° 2 do atendimento 11438,E,116
4832,11-Aug-22,R$ 300.00,Pago com atraso da parcela n° 3 do atendimento 11416,E,116
4833,01-Jul-22,R$ 909.50,BOLETO HOYA,S,115
4834,04-Jul-22,R$ 20.00,BOLETO HOYA,S,115
4835,06-Jul-22,R$ 24.17,BOLETO LUXOTICA,S,115
4836,15-Aug-22,R$ 140.00,Pago com sucesso da parcela n° 1 do atendimento 11456,E,116
4837,11-Jul-22,R$ 157.45,BOLETO CEMAR,S,115
4838,11-Jul-22,R$ 20.00,BOLETO HOYA,S,115
4839,11-Jul-22,R$ 272.60,BOLETO IPTU,S,115
4840,11-Jul-22,R$ 294.85,BOLETO LUXOTICA,S,115
4841,11-Jul-22,R$ 88.00,BOLETO VIRTUAL X,S,115
4842,18-Jul-22,R$ 40.00,BOLETO HOYA,S,115
4843,18-Jul-22,R$ 164.60,BOLETO LUXOTICA,S,115
4844,18-Jul-22,R$ 115.91,BOLETO OI FIBRA,S,115
4845,20-Jul-22,R$ 225.80,BOLETO IMPOSTO DAS (SIMPLES),S,115
4846,22-Jul-22,R$ 950.26,BOLETO HOYA,S,115
4847,25-Jul-22,R$ 40.00,BOLETO HOYA,S,115
4848,25-Jul-22,R$ 435.72,BOLETO SIGNUS,S,115
4849,25-Jul-22,R$ 400.00,BOLETO CONTADOR,S,115
4850,25-Jul-22,R$ 819.65,BOLETO FINANC E GIRO BNB,S,115
4851,27-Jul-22,R$ 21.98,BOLETO LUXOTICA,S,115
4852,29-Jul-22,R$ 717.76,BOLETO HOYA,S,115
4853,29-Jul-22,R$ 50.00,BOLETO MIDIA DIGITAL,S,115
4854,30-Jul-22,R$ 200.00,BOLETO PLACA FRENTE LOJA,S,115
4855,30-Jul-22,R$ 500.00,BOLETO PINTURA FRENTE LOJA,S,115
4856,11-Jul-22,"R$ 1,400.00",BOLETO ALUGUEL LOJA,S,115
4857,22-Aug-22,R$ 265.00,Pago com atraso da parcela n° 6 do atendimento 11365,E,116
4858,23-Aug-22,R$ 543.00,Pago com atraso da parcela n° 4 do atendimento 11399,E,116
4859,23-Aug-22,R$ 165.00,Pago com atraso da parcela n° 5 do atendimento 11346,E,116
4860,24-Aug-22,R$ 212.50,Pago com sucesso da parcela n° 2 do atendimento 11453,E,116
4861,24-Aug-22,R$ 250.00,Pago com atraso da parcela n° 4 do atendimento 11409,E,116
4862,26-Aug-22,R$ 400.00,Pago com atraso da parcela n° 5 do atendimento 11400,E,116
4863,27-Aug-22,R$ 100.00,Pago com atraso da parcela n° 3 do atendimento 11373,E,116
4864,30-Jul-22,"R$ 1,031.00",DESPESAS LABORATÓRIOS DIVERSOS,S,115
4865,30-Jul-22,"R$ 3,092.00",DESPESAS DIVERSAS,S,115
4866,30-Jul-22,R$ 35.00,Pago com sucesso em dinheiro. Atendimento N° 11464,E,115
4867,01-Aug-22,R$ 250.00,Pagamento de entrada. Atendimento N° 11465,E,116
4868,03-Aug-22,R$ 400.00,Pago com sucesso no catão de crédito em 4 parcelas. Atendimento N° 11467,E,116
4869,06-Aug-22,R$ 450.00,Pago com sucesso no catão de crédito em 3 parcelas. Atendimento N° 11468,E,116
4870,06-Aug-22,"R$ 2,400.00",Pago com sucesso no catão de crédito em 8 parcelas. Atendimento N° 11469,E,116
4871,31-Aug-22,R$ 250.00,Pago com atraso da parcela n° 1 do atendimento 11461,E,116
4872,09-Aug-22,R$ 700.00,Pago com sucesso em dinheiro. Atendimento N° 11471,E,116
4873,09-Aug-22,"R$ 1,000.00",Pago com sucesso no catão de crédito em 10 parcelas. Atendimento N° 11472,E,116
4874,31-Aug-22,R$ 100.00,Pago com atraso da parcela n° 2 do atendimento 11229,E,116
4875,31-Aug-22,R$ 100.00,Pago com atraso da parcela n° 3 do atendimento 11229,E,116
4876,31-Aug-22,R$ 100.00,Pago com atraso da parcela n° 4 do atendimento 11229,E,116
4877,31-Aug-22,R$ 100.00,Pago com atraso da parcela n° 5 do atendimento 11229,E,116
4878,31-Aug-22,R$ 100.00,Pago com atraso da parcela n° 1 do atendimento 11397,E,116
4879,31-Aug-22,R$ 100.00,Pago com atraso da parcela n° 2 do atendimento 11397,E,116
4880,10-Aug-22,R$ 300.00,Pago com sucesso em dinheiro. Atendimento N° 11473,E,116
4881,15-Aug-22,R$ 900.00,Pago com sucesso no catão de crédito em 6 parcelas. Atendimento N° 11474,E,116
4882,17-Aug-22,R$ 550.00,Pago com sucesso em dinheiro. Atendimento N° 11475,E,116
4883,17-Aug-22,R$ 690.00,Pago com sucesso no catão de crédito em 5 parcelas. Atendimento N° 11476,E,116
4884,17-Aug-22,R$ 600.00,Pago com sucesso no catão de crédito em 6 parcelas. Atendimento N° 11477,E,116
4885,01-Sep-22,R$ 185.00,Pago com atraso da parcela n° 2 do atendimento 11426,E,117
4886,17-Aug-22,R$ 280.00,Pago com sucesso no catão de crédito em 3 parcelas. Atendimento N° 11479,E,116
4887,20-Aug-22,R$ 550.00,Pago com sucesso no catão de crédito em 3 parcelas. Atendimento N° 11480,E,116
4888,22-Aug-22,R$ 750.00,Pago com sucesso no catão de crédito em 5 parcelas. Atendimento N° 11481,E,116
4889,23-Sep-22,"R$ 1,700.00",Pago com sucesso no catão de crédito em 6 parcelas. Atendimento N° 11482,E,117
4890,26-Aug-22,R$ 700.00,Pago com sucesso em dinheiro. Atendimento N° 11483,E,116
4891,06-Sep-22,R$ 100.00,Pago com atraso da parcela n° 1 do atendimento 11454,E,117
4892,06-Sep-22,R$ 134.00,Pago com sucesso da parcela n° 1 do atendimento 11470,E,117
4893,29-Aug-22,"R$ 1,650.00",Pago com sucesso no catão de crédito em 6 parcelas. Atendimento N° 11486,E,116
4894,31-Aug-22,R$ 155.00,Pago com sucesso em dinheiro. Atendimento N° 11488,E,116
4895,05-Aug-22,"R$ 1,061.26",BOLETO HOYA,S,116
4896,05-Aug-22,R$ 24.17,BOLETO LUXOTICA,S,116
4897,08-Aug-22,R$ 170.37,BOLETO CEMAR,S,116
4898,10-Aug-22,R$ 294.85,BOLETO LUXOTICA,S,116
4899,10-Aug-22,R$ 118.46,BOLETO OI FIBRA,S,116
4900,10-Aug-22,R$ 88.00,BOLETO VIRTUAL X,S,116
4901,10-Aug-22,"R$ 1,400.00",BOLETO ALUGUEL LOJA,S,116
4902,15-Aug-22,R$ 20.00,BOLETO HOYA,S,116
4903,16-Aug-22,R$ 164.60,BOLETO LUXOTICA,S,116
4904,19-Aug-22,R$ 200.26,BOLETO HOYA,S,116
4905,22-Aug-22,R$ 68.00,BOLETO HOYA,S,116
4906,22-Aug-22,R$ 361.68,BOLETO IMPOSTO DAS,S,116
4907,22-Aug-22,R$ 609.83,BOLETO ROBSOL,S,116
4908,22-Aug-22,R$ 435.71,BOLETO SIGNUS,S,116
4909,25-Aug-22,R$ 400.00,BOLETO CONTADOR,S,116
4910,26-Aug-22,R$ 21.98,BOLETO LUXOTICA,S,116
4911,29-Aug-22,R$ 77.28,BOLETO LUXOTICA,S,116
4912,31-Aug-22,"R$ 1,677.00",BOLETO LAB DIVERSOS,S,116
4913,31-Aug-22,"R$ 3,092.00",DESPESAS DIVERSAS,S,116
4914,12-Sep-22,R$ 245.00,Pago com sucesso da parcela n° 6 do atendimento 11401,E,117
4915,10-Sep-22,R$ 300.00,Pago com sucesso da parcela n° 4 do atendimento 11416,E,117
4916,10-Sep-22,R$ 280.00,Pago com atraso da parcela n° 3 do atendimento 11438,E,117
4917,08-Sep-22,R$ 100.00,Pago com atraso da parcela n° 4 do atendimento 11377,E,117
4918,06-Sep-22,R$ 185.00,Pago com atraso da parcela n° 4 do atendimento 11414,E,117
4919,12-Sep-22,R$ 100.00,Pago com atraso da parcela n° 5 do atendimento 11338,E,117
4920,12-Sep-22,R$ 100.00,Pago com atraso da parcela n° 6 do atendimento 11338,E,117
4921,04-Aug-22,R$ 100.00,Pago com atraso da parcela n° 2 do atendimento 11412,E,116
4922,13-Sep-22,R$ 100.00,Pago com atraso da parcela n° 3 do atendimento 11412,E,117
4923,13-Sep-22,R$ 140.00,Pago com sucesso da parcela n° 2 do atendimento 11456,E,117
4924,13-Sep-22,R$ 245.00,Pago com sucesso da parcela n° 5 do atendimento 11405,E,117
4925,14-Sep-22,R$ 165.00,Pago com atraso da parcela n° 1 do atendimento 11465,E,117
4926,16-Sep-22,R$ 250.00,Pago com sucesso da parcela n° 1 do atendimento 11478,E,117
4927,06-Sep-22,R$ 600.00,Pago com sucesso no catão de crédito em 6 parcelas. Atendimento N° 11489,E,117
4928,09-Sep-22,"R$ 1,380.00",Pago com sucesso no catão de crédito em 5 parcelas. Atendimento N° 11490,E,117
4929,12-Sep-22,"R$ 1,200.00",Pago com sucesso no catão de crédito em 5 parcelas. Atendimento N° 11492,E,117
4930,12-Sep-22,R$ 380.00,Pago com sucesso em dinheiro. Atendimento N° 11493,E,117
4931,13-Sep-22,R$ 135.00,Pagamento de entrada. Atendimento N° 11496,E,117
4932,12-Sep-22,"R$ 2,600.00",Pago com sucesso no catão de crédito em 8 parcelas. Atendimento N° 11494,E,117
4933,20-Sep-22,R$ 212.50,Pago com sucesso da parcela n° 3 do atendimento 11453,E,117
4934,14-Sep-22,"R$ 2,000.00",Pago com sucesso no catão de crédito em 8 parcelas. Atendimento N° 11498,E,117
4935,15-Sep-22,R$ 400.00,Pago com sucesso em dinheiro. Atendimento N° 11499,E,117
4936,15-Sep-22,R$ 550.00,Pago com sucesso em dinheiro. Atendimento N° 11500,E,117
4937,22-Sep-22,R$ 125.00,Pago com sucesso da parcela n° 1 do atendimento 11491,E,117
4938,22-Sep-22,R$ 125.00,Pago com sucesso da parcela n° 2 do atendimento 11491,E,117
4939,22-Sep-22,R$ 100.00,Pago com atraso da parcela n° 3 do atendimento 11424,E,117
4940,22-Sep-22,R$ 250.00,Pago com sucesso da parcela n° 5 do atendimento 11409,E,117
4941,23-Sep-22,R$ 200.00,Pago com atraso da parcela n° 4 do atendimento 11403,E,117
4942,20-Sep-22,R$ 320.00,Pago com sucesso em dinheiro. Atendimento N° 11501,E,117
4943,20-Sep-22,"R$ 2,500.00",Pagamento de entrada. Atendimento N° 11502,E,117
4944,02-Sep-22,R$ 156.76,BOLETO HOYA,S,117
4945,05-Sep-22,R$ 24.17,BOLETO LUXOTICA,S,117
4946,09-Sep-22,R$ 432.00,BOLETO HOYA,S,117
4947,09-Sep-22,R$ 294.89,BOLETO LUXOTICA,S,117
4948,12-Sep-22,R$ 40.00,BOLETO HOYA,S,117
4949,12-Sep-22,R$ 115.91,BOLETO OI FIBRA,S,117
4950,12-Sep-22,R$ 88.00,BOLETO VIRTUAL X,S,117
4951,12-Sep-22,"R$ 1,400.00",BOLETO ALUGUEL LOJA,S,117
4952,13-Sep-22,R$ 184.73,BOLETO CEMAR,S,117
4953,15-Sep-22,R$ 164.62,BOLETO LUXOTICA,S,117
4954,20-Sep-22,R$ 461.23,BOLETO IMPOSTO DAS (SIMPLES),S,117
4955,21-Sep-22,R$ 609.83,BOLETO ROBSOL,S,117
4956,23-Sep-22,R$ 967.50,BOLETO HOYA,S,117
4957,26-Sep-22,R$ 550.00,Pago com atraso da parcela n° 7 do atendimento 11298,E,117
4958,28-Sep-22,R$ 100.00,Pago com atraso da parcela n° 2 do atendimento 11448,E,117
4959,28-Sep-22,R$ 100.00,Pago com sucesso da parcela n° 3 do atendimento 11448,E,117
4960,28-Sep-22,R$ 100.00,Pago com sucesso da parcela n° 4 do atendimento 11448,E,117
4961,22-Sep-22,"R$ 1,980.00",Pago com sucesso no catão de crédito em 8 parcelas. Atendimento N° 11505,E,117
4962,26-Sep-22,R$ 40.00,BOLETO HOYA,S,117
4963,26-Sep-22,R$ 21.98,BOLETO LUXOTICA,S,117
4964,26-Sep-22,R$ 77.36,BOLETO LUXOTICA,S,117
4965,26-Sep-22,R$ 400.00,BOLETO CONTADOR,S,117
4966,28-Sep-22,R$ 313.50,BOLETO UNILAB 1ª 3395,S,117
4967,29-Sep-22,R$ 265.00,Pago com atraso da parcela n° 7 do atendimento 11365,E,117
4968,27-Aug-22,R$ 470.00,Pago com sucesso em dinheiro. Atendimento N° 11484,E,116
4969,27-Sep-22,R$ 130.00,Pago com sucesso em dinheiro. Atendimento N° 11507,E,117
4970,28-Sep-22,R$ 450.00,Pago com sucesso no cartão de débito. Atendimento N° 11508,E,117
4971,30-Sep-22,R$ 192.00,BOLETO HOYA,S,117
4972,30-Sep-22,R$ 110.00,Pago com sucesso em dinheiro. Atendimento N° 11510,E,117
4973,30-Sep-22,"R$ 1,356.50",DESPESAS LABORATORIOS DIVERSOS,S,117
4974,30-Sep-22,R$ 57.00,BOLETO SURFAÇAGEM E MONTAGEM,S,117
4975,30-Sep-22,"R$ 3,092.00",BOLETO DESPESAS DIVERSAS,S,117
4976,03-Oct-22,R$ 180.00,BOLETO CERTIFICADO DIGITAL,S,118
4977,06-Sep-22,"R$ 1,680.00",Pago com sucesso no catão de crédito em 6 parcelas. Atendimento N° 11485,E,117
4978,04-Oct-22,R$ 100.00,Pago com atraso da parcela n° 1 do atendimento 11466,E,118
4979,04-Oct-22,R$ 24.17,BOLETO LUXOTICA,S,118
4980,03-Oct-22,R$ 155.00,Pago com atraso da parcela n° 1 do atendimento 11459,E,118
4981,03-Oct-22,R$ 155.00,Pago com atraso da parcela n° 2 do atendimento 11459,E,118
4982,07-Oct-22,R$ 100.00,Pago com atraso da parcela n° 7 do atendimento 11338,E,118
4983,07-Oct-22,R$ 100.00,Pago com atraso da parcela n° 8 do atendimento 11338,E,118
4984,07-Oct-22,R$ 100.00,Pago com atraso da parcela n° 9 do atendimento 11338,E,118
4985,07-Oct-22,R$ 100.00,Pago com atraso da parcela n° 4 do atendimento 11373,E,118
4986,07-Oct-22,R$ 250.00,Pago com sucesso da parcela n° 2 do atendimento 11478,E,118
4987,03-Oct-22,R$ 500.00,Pago com sucesso no catão de crédito em 4 parcelas. Atendimento N° 11511,E,118
4988,06-Oct-22,R$ 180.00,Pago com sucesso no catão de crédito em 1 parcelas. Atendimento N° 11514,E,118
4989,07-Oct-22,R$ 400.00,BOLETO HOYA,S,118
4990,10-Oct-22,R$ 100.00,Pago com atraso da parcela n° 2 do atendimento 11454,E,118
4991,10-Oct-22,R$ 134.00,Pago com atraso da parcela n° 2 do atendimento 11470,E,118
4992,10-Oct-22,R$ 220.00,Pago com atraso da parcela n° 1 do atendimento 11457,E,118
4993,10-Oct-22,R$ 220.00,Pago com atraso da parcela n° 2 do atendimento 11457,E,118
4994,10-Oct-22,R$ 190.24,BOLETO CEMAR,S,118
4995,10-Oct-22,R$ 88.00,BOLETO VIRTUAL X,S,118
4996,10-Oct-22,R$ 302.00,BOLETO VISEL,S,118
4997,10-Oct-22,"R$ 1,400.00",BOLETO ALUGUEL,S,118
4998,13-Oct-22,R$ 135.00,Pago com sucesso da parcela n° 1 do atendimento 11496,E,118
4999,13-Oct-22,R$ 140.00,Pago com sucesso da parcela n° 3 do atendimento 11456,E,118
5000,13-Oct-22,R$ 280.00,Pago com atraso da parcela n° 4 do atendimento 11438,E,118
5001,13-Oct-22,R$ 300.00,Pago com atraso da parcela n° 5 do atendimento 11416,E,118
5002,17-Oct-22,R$ 100.00,Pago com atraso da parcela n° 4 do atendimento 11424,E,118
5003,14-Oct-22,R$ 115.91,BOLETO OI FIBRA,S,118
5004,17-Oct-22,R$ 80.00,BOLETO HOYA,S,118
5005,17-Oct-22,R$ 312.50,BOLETO UNILAB 1ª 3405,S,118
5006,17-Oct-22,R$ 212.50,Pago com sucesso da parcela n° 4 do atendimento 11453,E,118
5007,11-Oct-22,"R$ 1,760.00",Pago com sucesso no catão de crédito em 10 parcelas. Atendimento N° 11516,E,118
5008,13-Oct-22,"R$ 2,100.00",Pago com sucesso no catão de crédito em 10 parcelas. Atendimento N° 11517,E,118
5009,25-Oct-22,R$ 250.00,Pago com atraso da parcela n° 6 do atendimento 11409,E,118
5010,25-Oct-22,R$ 165.00,Pago com atraso da parcela n° 2 do atendimento 11465,E,118
5011,18-Oct-22,"R$ 1,000.00",Pago com sucesso em dinheiro. Atendimento N° 11518,E,118
5012,25-Oct-22,"R$ 1,800.00",Pago com sucesso no catão de crédito em 10 parcelas. Atendimento N° 11521,E,118
5013,25-Oct-22,R$ 390.00,Pago com sucesso em dinheiro. Atendimento N° 11522,E,118
5014,19-Oct-22,R$ 210.00,BOLETO ARMAÇÕES ALADIN 2ª PARC,S,118
5015,20-Oct-22,R$ 527.21,BOLETO IMPOSTO DAS,S,118
5016,21-Oct-22,R$ 609.84,BOLETO ROB SOL,S,118
5017,25-Oct-22,R$ 21.99,BOLETO LUXOTICA,S,118
5018,25-Oct-22,R$ 382.23,BOLETO UNILAB 1ª_ 3408,S,118
5019,25-Oct-22,R$ 400.00,BOLETO CONTADOR,S,118
5020,27-Oct-22,R$ 125.00,Pago com sucesso da parcela n° 3 do atendimento 11491,E,118
5021,10-Oct-22,"R$ 1,050.00",Pago com sucesso em dinheiro. Atendimento N° 11515,E,118
5022,25-Oct-22,R$ 350.00,Pago com sucesso no cartão de débito. Atendimento N° 11523,E,118
5023,28-Oct-22,R$ 135.00,BOLETO HOYA,S,118
5024,28-Oct-22,R$ 449.00,BOLETO UNILAB 1ª_3416,S,118
5025,28-Oct-22,R$ 313.50,BOLETO UNILAB 2ª_ 3395,S,118
5026,18-Oct-22,R$ 300.00,Pagamento de entrada. Atendimento N° 11519,E,118
5027,31-Oct-22,R$ 20.00,BOLETO HOYA,S,118
5028,01-Nov-22,R$ 275.00,Pago com atraso da parcela n° 4 do atendimento 11263,E,119
5029,04-Nov-22,R$ 185.00,Pago com atraso da parcela n° 3 do atendimento 11426,E,119
5030,19-Oct-22,"R$ 4,000.00",Pago com sucesso no catão de crédito em 10 parcelas. Atendimento N° 11520,E,118
5031,08-Nov-22,R$ 175.00,Pago com sucesso da parcela n° 1 do atendimento 11519,E,119
5032,09-Nov-22,R$ 245.00,Pago com atraso da parcela n° 6 do atendimento 11405,E,119
5033,08-Nov-22,R$ 100.00,Pago com atraso da parcela n° 5 do atendimento 11214,E,119
5034,10-Nov-22,R$ 100.00,Pago com atraso da parcela n° 3 do atendimento 11454,E,119
5035,10-Nov-22,R$ 134.00,Pago com atraso da parcela n° 3 do atendimento 11470,E,119
5036,11-Nov-22,R$ 280.00,Pago com atraso da parcela n° 5 do atendimento 11438,E,119
5037,12-Nov-22,R$ 100.00,Pago com atraso da parcela n° 5 do atendimento 11377,E,119
5038,12-Nov-22,R$ 100.00,Pago com atraso da parcela n° 3 do atendimento 11397,E,119
5039,12-Nov-22,R$ 100.00,Pago com atraso da parcela n° 4 do atendimento 11397,E,119
5040,12-Nov-22,R$ 100.00,Pago com atraso da parcela n° 5 do atendimento 11397,E,119
5041,12-Nov-22,R$ 120.00,Pago com atraso da parcela n° 1 do atendimento 11407,E,119
5042,12-Nov-22,R$ 120.00,Pago com atraso da parcela n° 2 do atendimento 11407,E,119
5043,12-Nov-22,R$ 230.00,Pago com atraso da parcela n° 3 do atendimento 10984,E,119
5044,12-Nov-22,R$ 230.00,Pago com atraso da parcela n° 4 do atendimento 10984,E,119
5045,12-Nov-22,R$ 230.00,Pago com atraso da parcela n° 5 do atendimento 10984,E,119
5046,12-Nov-22,R$ 230.00,Pago com atraso da parcela n° 6 do atendimento 10984,E,119
5047,14-Nov-22,R$ 140.00,Pago com sucesso da parcela n° 4 do atendimento 11456,E,119
5048,14-Nov-22,R$ 135.00,Pago com sucesso da parcela n° 2 do atendimento 11496,E,119
5049,17-Nov-22,R$ 165.00,Pago com atraso da parcela n° 3 do atendimento 11465,E,119
5050,18-Nov-22,R$ 155.00,Pago com atraso da parcela n° 3 do atendimento 11459,E,119
5051,31-Oct-22,R$ 0.01,Pago com sucesso em dinheiro. Atendimento N° 11525,E,118
5052,31-Oct-22,"R$ 1,107.00",BOLETOS LABORATÓRIOS DIVERSOS,S,118
5053,31-Oct-22,"R$ 3,092.00",BOLETOS MATERIAL EXPEDIENTE E FUNCIONÁRIOS,S,118
5054,31-Oct-22,R$ 75.00,Pago com sucesso em dinheiro. Atendimento N° 11526,E,118
5055,01-Nov-22,"R$ 1,390.00",Pago com sucesso no catão de crédito em 5 parcelas. Atendimento N° 11527,E,119
5056,04-Nov-22,R$ 180.00,Pago com sucesso em dinheiro. Atendimento N° 11528,E,119
5057,22-Nov-22,R$ 250.00,Pago com sucesso da parcela n° 7 do atendimento 11409,E,119
5058,22-Nov-22,R$ 250.00,Pago com atraso da parcela n° 3 do atendimento 11478,E,119
5059,22-Nov-22,R$ 212.50,Pago com sucesso da parcela n° 5 do atendimento 11453,E,119
5060,10-Nov-22,R$ 585.00,Pago com sucesso em dinheiro. Atendimento N° 11529,E,119
5061,23-Nov-22,R$ 95.00,Pago com sucesso da parcela n° 1 do atendimento 11524,E,119
5062,16-Nov-22,R$ 650.00,Pago com sucesso no catão de crédito em 5 parcelas. Atendimento N° 11531,E,119
5063,16-Nov-22,R$ 250.00,Pago com sucesso no catão de crédito em 3 parcelas. Atendimento N° 11532,E,119
5064,21-Nov-22,R$ 600.00,Pago com sucesso no catão de crédito em 7 parcelas. Atendimento N° 11533,E,119
5065,21-Nov-22,R$ 200.00,Pagamento de entrada. Atendimento N° 11534,E,119
5066,22-Nov-22,R$ 100.00,Pago com sucesso em dinheiro. Atendimento N° 11535,E,119
5067,22-Nov-22,R$ 300.00,Pago com sucesso em dinheiro. Atendimento N° 11536,E,119
5068,03-Nov-22,R$ 24.19,BOLETO LUXOTICA,S,119
5069,04-Nov-22,R$ 926.26,BOLETO HOYA,S,119
5070,07-Nov-22,R$ 483.44,BOLETO AVODA MARESIA VIZZANO,S,119
5071,09-Nov-22,R$ 202.82,BOLETO CEMAR,S,119
5072,10-Nov-22,R$ 96.00,BOLETO VIRTUAL X NF ELETRONICA,S,119
5073,10-Nov-22,R$ 302.00,BOLETO VISEL,S,119
5074,10-Nov-22,"R$ 1,400.00",BOLETO ALUGUEL,S,119
5075,14-Nov-22,R$ 115.91,BOLETO OI FIBRA,S,119
5076,16-Nov-22,R$ 309.80,BOLETO HOYA,S,119
5077,16-Nov-22,R$ 312.50,BOLETO UNILAB 2ª 3405,S,119
5078,17-Nov-22,R$ 376.79,BOLETO SIGNUS,S,119
5079,21-Nov-22,R$ 20.00,BOLETO HOYA,S,119
5080,21-Nov-22,R$ 311.60,BOLETO IMPOSTO DAS,S,119
5081,23-Nov-22,R$ 400.00,BOLETO CONTADOR,S,119
5082,25-Nov-22,R$ 382.74,BOLETO UNILAB 2ª 3408,S,119
5083,28-Nov-22,R$ 449.00,BOLETO UNILAB 2ª_ 3416,S,119
5084,28-Nov-22,R$ 40.00,BOLETO HOYA,S,119
5085,29-Nov-22,R$ 125.00,Pago com sucesso da parcela n° 4 do atendimento 11491,E,119
5086,02-Nov-22,R$ 550.00,Pago com atraso da parcela n° 8 do atendimento 11298,E,119
5087,26-Nov-22,R$ 200.00,Pago com atraso da parcela n° 5 do atendimento 11403,E,119
5088,22-Oct-22,R$ 265.00,Pago com atraso da parcela n° 8 do atendimento 11365,E,118
5089,06-Oct-22,R$ 200.00,Pago com atraso da parcela n° 5 do atendimento 11167,E,118
5090,07-Dec-22,R$ 175.00,Pago com sucesso da parcela n° 2 do atendimento 11519,E,109
5091,30-Nov-22,"R$ 2,500.00",Pago com sucesso no catão de crédito em 1 parcelas. Atendimento N° 11537,E,119
5092,30-Nov-22,"R$ 2,900.00",Pago com sucesso no catão de crédito em 1 parcelas. Atendimento N° 11538,E,119
5093,10-Dec-22,R$ 134.00,Pago com atraso da parcela n° 4 do atendimento 11470,E,109
5094,10-Dec-22,R$ 100.00,Pago com atraso da parcela n° 4 do atendimento 11454,E,109
5095,12-Dec-22,R$ 160.00,Pago com sucesso da parcela n° 1 do atendimento 11534,E,109
5096,13-Dec-22,R$ 543.00,Pago com atraso da parcela n° 5 do atendimento 11399,E,109
5097,13-Dec-22,R$ 245.00,Pago com atraso da parcela n° 7 do atendimento 11405,E,109
5098,13-Dec-22,R$ 95.00,Pago com sucesso da parcela n° 2 do atendimento 11524,E,109
5099,14-Dec-22,R$ 140.00,Pago com sucesso da parcela n° 5 do atendimento 11456,E,109
5100,14-Dec-22,R$ 135.00,Pago com sucesso da parcela n° 3 do atendimento 11496,E,109
5101,03-Dec-22,R$ 550.00,Pago com sucesso no catão de crédito em 2 parcelas. Atendimento N° 11540,E,109
5102,05-Dec-22,R$ 800.00,Pago com sucesso em dinheiro. Atendimento N° 11541,E,109
5103,07-Dec-22,R$ 980.00,Pago com sucesso no catão de crédito em 8 parcelas. Atendimento N° 11542,E,109
5104,15-Dec-22,R$ 100.00,Pago com atraso da parcela n° 5 do atendimento 11424,E,109
5105,07-Dec-22,"R$ 1,100.00",Pago com sucesso no catão de crédito em 5 parcelas. Atendimento N° 11543,E,109
5106,07-Dec-22,R$ 200.00,Pagamento de entrada. Atendimento N° 11544,E,109
5107,19-Dec-22,R$ 212.50,Pago com sucesso da parcela n° 6 do atendimento 11453,E,109
5108,05-Dec-22,R$ 140.00,Pago com sucesso da parcela n° 1 do atendimento 11539,E,109
5109,21-Dec-22,R$ 125.00,Pago com atraso da parcela n° 2 do atendimento 10851,E,109
5110,22-Dec-22,R$ 250.00,Pago com sucesso da parcela n° 8 do atendimento 11409,E,109
5111,22-Dec-22,R$ 165.00,Pago com atraso da parcela n° 4 do atendimento 11465,E,109
5112,,R$ 0.00,DESPESA,,0
5113,30-Nov-22,"R$ 1,495.76",DESPESAS LABORATORIOS DIVERSOS,S,119
5114,30-Nov-22,"R$ 3,092.00",DESPESAS MATERIAL EXPEDIENTE E FUNCIONARIOS,S,119
5115,03-Jan-23,R$ 140.00,Pago com sucesso da parcela n° 2 do atendimento 11539,E,120
5116,12-Dec-22,R$ 650.00,Pago com sucesso em dinheiro. Atendimento N° 11545,E,109
5117,12-Dec-22,R$ 120.00,Pago com sucesso em dinheiro. Atendimento N° 11546,E,109
5118,12-Dec-22,R$ 135.00,Pago com sucesso em dinheiro. Atendimento N° 11547,E,109
5119,13-Dec-22,R$ 1.00,Pago com sucesso em dinheiro. Atendimento N° 11548,E,109
5120,13-Dec-22,R$ 1.00,Pago com sucesso em dinheiro. Atendimento N° 11549,E,109
5121,19-Dec-22,"R$ 1,290.00",Pago com sucesso no catão de crédito em 5 parcelas. Atendimento N° 11550,E,109
5122,22-Dec-22,R$ 400.00,Pago com sucesso no catão de crédito em 1 parcelas. Atendimento N° 11551,E,109
5123,23-Dec-22,R$ 400.00,Pago com sucesso no catão de crédito em 4 parcelas. Atendimento N° 11552,E,109
5124,06-Jan-23,R$ 100.00,Pago com sucesso da parcela n° 1 do atendimento 11544,E,120
5125,07-Jan-23,R$ 120.00,Pago com atraso da parcela n° 3 do atendimento 11407,E,120
5126,07-Jan-23,R$ 120.00,Pago com atraso da parcela n° 4 do atendimento 11407,E,120
5127,07-Jan-23,R$ 120.00,Pago com atraso da parcela n° 5 do atendimento 11407,E,120
5128,07-Jan-23,R$ 120.00,Pago com atraso da parcela n° 6 do atendimento 11407,E,120
5129,09-Jan-23,R$ 175.00,Pago com sucesso da parcela n° 3 do atendimento 11519,E,120
5130,26-Dec-22,R$ 950.00,Pago com sucesso no catão de crédito em 7 parcelas. Atendimento N° 11553,E,109
5131,29-Dec-22,R$ 350.00,Pagamento de entrada. Atendimento N° 11554,E,109
5132,30-Dec-22,R$ 610.00,Pago com sucesso em dinheiro. Atendimento N° 11555,E,109
5133,01-Dec-22,R$ 250.00,BOLETO KIT NATAL SHOW DE PREMIOS,S,109
5134,05-Dec-22,R$ 533.93,BOLETO UNILAB 1ª 3433,S,109
5135,07-Dec-22,R$ 483.44,BOLETO AVODA MARESIA / VIZZANO,S,109
5136,09-Dec-22,R$ 208.37,BOLETO CEMAR,S,109
5137,12-Dec-22,R$ 115.91,BOLETO OI FIBRA,S,109
5138,12-Dec-22,R$ 96.00,BOLETO VIRTUAL X,S,109
5139,13-Dec-22,R$ 48.05,BOLETO HOYA,S,109
5140,13-Dec-22,R$ 304.11,BLETO VISEL,S,109
5141,13-Dec-22,"R$ 1,400.00",BOLETO ALUGUEL LOJA,S,109
5142,19-Dec-22,R$ 376.79,BOLETO SIGNUS,S,109
5143,20-Dec-22,R$ 431.02,BOLETO IMPOSTO DAS,S,109
5144,23-Dec-22,"R$ 2,531.26",BOLETO HOYA,S,109
5145,23-Dec-22,R$ 400.00,BOLETO CONTADOR,S,109
5146,26-Dec-22,R$ 382.34,BOLETO UNILAB 3ª 3408,S,109
5147,27-Dec-22,R$ 449.00,BOLETO UNILAB 3ª 3416,S,109
5148,30-Dec-22,R$ 270.00,BOLETO HOYA,S,109
5149,30-Dec-22,"R$ 1,066.00",DESPESAS LABORAT DIVERSOS,S,109
5150,30-Dec-22,"R$ 3,092.00",DESPESAS MATERIAL EXPED. / FUNCION,S,109
5151,14-Jan-23,R$ 134.00,Pago com atraso da parcela n° 5 do atendimento 11470,E,120
5152,14-Jan-23,R$ 100.00,Pago com atraso da parcela n° 5 do atendimento 11454,E,120
5153,16-Jan-23,R$ 135.00,Pago com atraso da parcela n° 4 do atendimento 11496,E,120
5154,16-Jan-23,R$ 212.50,Pago com sucesso da parcela n° 7 do atendimento 11453,E,120
5155,16-Jan-23,R$ 212.50,Pago com sucesso da parcela n° 8 do atendimento 11453,E,120
5156,25-Nov-22,R$ 300.00,Pago com sucesso no catão de crédito em 3 parcelas. Atendimento N° 11556,E,119
5157,28-Jan-23,R$ 165.00,Pago com atraso da parcela n° 5 do atendimento 11465,E,120
5158,30-Jan-23,R$ 250.00,Pago com atraso da parcela n° 4 do atendimento 11478,E,120
5159,31-Jan-23,R$ 160.00,Pago com atraso da parcela n° 2 do atendimento 11534,E,120
5160,01-Feb-23,R$ 140.00,Pago com sucesso da parcela n° 3 do atendimento 11539,E,121
5161,02-Jan-23,"R$ 1,200.00",Pago com sucesso no catão de crédito em 6 parcelas. Atendimento N° 11557,E,120
5162,04-Feb-23,R$ 120.00,Pago com atraso da parcela n° 7 do atendimento 11407,E,121
5163,04-Feb-23,R$ 120.00,Pago com atraso da parcela n° 8 do atendimento 11407,E,121
5164,04-Feb-23,R$ 120.00,Pago com atraso da parcela n° 9 do atendimento 11407,E,121
5165,04-Feb-23,R$ 120.00,Pago com sucesso da parcela n° 10 do atendimento 11407,E,121
5166,04-Feb-23,R$ 100.00,Pago com atraso da parcela n° 1 do atendimento 11443,E,121
5167,04-Feb-23,R$ 100.00,Pago com atraso da parcela n° 2 do atendimento 11443,E,121
5168,04-Feb-23,R$ 100.00,Pago com atraso da parcela n° 3 do atendimento 11443,E,121
5169,04-Feb-23,R$ 100.00,Pago com atraso da parcela n° 4 do atendimento 11443,E,121
5170,04-Feb-23,R$ 100.00,Pago com atraso da parcela n° 5 do atendimento 11443,E,121
5171,03-Jan-23,R$ 450.00,Pago com sucesso no catão de crédito em 4 parcelas. Atendimento N° 11558,E,120
5172,02-Jan-23,R$ 150.00,Pago com atraso da parcela n° 1 do atendimento 11495,E,120
5173,02-Jan-23,R$ 150.00,Pago com atraso da parcela n° 2 do atendimento 11495,E,120
5174,02-Feb-23,R$ 150.00,Pago com atraso da parcela n° 3 do atendimento 11495,E,121
5175,26-Jan-23,R$ 100.00,Pago com atraso da parcela n° 1 do atendimento 11504,E,120
5176,18-Jan-23,R$ 100.00,Pago com atraso da parcela n° 5 do atendimento 10970,E,120
5177,06-Feb-23,R$ 95.00,Pago com atraso da parcela n° 3 do atendimento 11524,E,121
5178,06-Feb-23,R$ 185.00,Pago com atraso da parcela n° 4 do atendimento 11426,E,121
5179,10-Feb-23,R$ 100.00,Pago com atraso da parcela n° 1 do atendimento 11554,E,121
5180,10-Feb-23,R$ 175.00,Pago com sucesso da parcela n° 4 do atendimento 11519,E,121
5181,09-Feb-23,R$ 134.00,Pago com atraso da parcela n° 6 do atendimento 11470,E,121
5182,09-Feb-23,R$ 100.00,Pago com atraso da parcela n° 6 do atendimento 11454,E,121
5183,14-Feb-23,R$ 135.00,Pago com sucesso da parcela n° 5 do atendimento 11496,E,121
5184,14-Feb-23,R$ 100.00,Pago com atraso da parcela n° 2 do atendimento 11544,E,121
5185,28-Feb-23,R$ 160.00,Pago com sucesso da parcela n° 3 do atendimento 11534,E,121
5186,03-Jan-23,R$ 300.00,Pago com sucesso em dinheiro. Atendimento N° 11559,E,120
5187,05-Jan-23,R$ 650.00,Pago com sucesso em dinheiro. Atendimento N° 11560,E,120
5189,05-Jan-23,R$ 900.00,Pago com sucesso no catão de crédito em 6 parcelas. Atendimento N° 11562,E,120
5190,06-Jan-23,"R$ 1,300.00",Pago com sucesso no catão de crédito em 2 parcelas. Atendimento N° 11563,E,120
5191,06-Jan-23,R$ 900.00,Pago com sucesso no catão de crédito em 5 parcelas. Atendimento N° 11564,E,120
5192,17-Feb-23,R$ 165.00,Pago com sucesso da parcela n° 1 do atendimento 11565,E,121
5193,11-Jan-23,R$ 800.00,Pago com sucesso no catão de crédito em 4 parcelas. Atendimento N° 11566,E,120
5194,13-Jan-23,"R$ 2,560.00",Pago com sucesso no catão de crédito em 10 parcelas. Atendimento N° 11567,E,120
5196,06-Feb-23,R$ 150.00,Pago com sucesso da parcela n° 1 do atendimento 11569,E,121
5197,02-Mar-23,R$ 150.00,Pago com sucesso da parcela n° 2 do atendimento 11569,E,122
5198,06-Feb-23,R$ 150.00,Pago com sucesso da parcela n° 1 do atendimento 11570,E,121
5199,01-Mar-23,R$ 150.00,Pago com sucesso da parcela n° 2 do atendimento 11570,E,122
5200,16-Jan-23,R$ 390.00,Pago com sucesso no catão de crédito em 5 parcelas. Atendimento N° 11571,E,120
5201,06-Mar-23,R$ 140.00,Pago com atraso da parcela n° 4 do atendimento 11539,E,122
5202,07-Mar-23,R$ 100.00,Pago com atraso da parcela n° 1 do atendimento 11487,E,122
5203,07-Mar-23,R$ 100.00,Pago com atraso da parcela n° 2 do atendimento 11487,E,122
5204,07-Mar-23,R$ 100.00,Pago com atraso da parcela n° 3 do atendimento 11487,E,122
5205,07-Mar-23,R$ 100.00,Pago com atraso da parcela n° 4 do atendimento 11487,E,122
5206,07-Mar-23,R$ 100.00,Pago com atraso da parcela n° 5 do atendimento 11487,E,122
5207,07-Mar-23,R$ 100.00,Pago com atraso da parcela n° 1 do atendimento 11497,E,122
5208,07-Mar-23,R$ 100.00,Pago com atraso da parcela n° 2 do atendimento 11497,E,122
5209,07-Mar-23,R$ 100.00,Pago com atraso da parcela n° 3 do atendimento 11497,E,122
5210,07-Mar-23,R$ 100.00,Pago com atraso da parcela n° 4 do atendimento 11497,E,122
5211,07-Mar-23,R$ 100.00,Pago com atraso da parcela n° 5 do atendimento 11497,E,122
5212,05-Jan-23,R$ 120.00,Pago com sucesso em dinheiro. Atendimento N° 11572,E,120
5213,13-Jan-23,"R$ 1,000.00",Pago com sucesso em dinheiro. Atendimento N° 11573,E,120
5214,10-Feb-23,R$ 200.00,Pago com sucesso da parcela n° 1 do atendimento 11574,E,121
5215,20-Jan-23,"R$ 2,500.00",Pago com sucesso no catão de crédito em 5 parcelas. Atendimento N° 11575,E,120
5216,07-Mar-23,R$ 185.00,Pago com atraso da parcela n° 5 do atendimento 11426,E,122
5217,20-Jan-23,R$ 880.00,Pago com sucesso no catão de crédito em 5 parcelas. Atendimento N° 11576,E,120
5218,23-Jan-23,R$ 900.00,Pago com sucesso no catão de crédito em 5 parcelas. Atendimento N° 11577,E,120
5219,28-Feb-23,R$ 200.00,Pago com sucesso da parcela n° 1 do atendimento 11578,E,121
5220,11-Feb-23,R$ 230.00,Pago com atraso da parcela n° 1 do atendimento 11580,E,121
5221,04-Jan-23,R$ 533.93,BOLETO UNILAB 2ª_ 3433,S,120
5222,06-Jan-23,R$ 483.44,BOLETO AVODA MARESIA VIZZANO,S,120
5223,06-Jan-23,R$ 382.50,BOLETO HOYA,S,120
5224,09-Jan-23,R$ 209.26,BOLETO CEMAR,S,120
5225,10-Jan-23,R$ 96.00,BOLETO VIRTUAL X,S,120
5226,10-Jan-23,R$ 302.00,BOLETO VISEL,S,120
5227,10-Jan-23,"R$ 1,400.00",BOLETO ALUGUEL LOJA,S,120
5228,12-Jan-23,R$ 115.91,BOLETO OI FIBRA,S,120
5229,16-Jan-23,R$ 130.00,BOLETO HOYA,S,120
5230,16-Jan-23,R$ 376.79,BOLETO SIGNUS,S,120
5231,20-Jan-23,R$ 254.40,BOLETO IMPOSTO DAS,S,120
5232,23-Jan-23,R$ 400.00,BOLETO CONTADOR,S,120
5233,26-Jan-23,R$ 400.00,BOLETO MARKETING DIGITAL,S,120
5234,27-Jan-23,R$ 726.00,BOLETO HOYA,S,120
5235,30-Jan-23,R$ 28.00,BOLETO HOYA,S,120
5236,31-Jan-23,"R$ 2,549.00",BOLETO LABORAT. DIVERSOS,S,120
5237,31-Jan-23,"R$ 3,344.00",BOLETO MAT. EXPEDIENTE E FUNCIONARIOS,S,120
5238,31-Jan-23,R$ 460.00,Pago com sucesso em dinheiro. Atendimento N° 11581,E,120
5239,10-Mar-23,R$ 100.00,Pago com atraso da parcela n° 7 do atendimento 11454,E,122
5240,10-Feb-23,R$ 275.00,Pago com sucesso da parcela n° 1 do atendimento 11582,E,121
5241,08-Mar-23,R$ 275.00,Pago com sucesso da parcela n° 2 do atendimento 11582,E,122
5242,01-Feb-23,R$ 855.00,Pago com sucesso no catão de crédito em 3 parcelas. Atendimento N° 11583,E,121
5243,01-Feb-23,R$ 370.00,Pago com sucesso no catão de crédito em 2 parcelas. Atendimento N° 11584,E,121
5244,10-Mar-23,R$ 200.00,Pago com sucesso da parcela n° 2 do atendimento 11574,E,122
5245,07-Feb-23,R$ 800.00,Pago com sucesso em dinheiro. Atendimento N° 11585,E,121
5246,07-Mar-23,R$ 125.00,Pago com sucesso da parcela n° 1 do atendimento 11586,E,122
5247,07-Feb-23,"R$ 1,200.00",Pago com sucesso no catão de crédito em 6 parcelas. Atendimento N° 11587,E,121
5248,08-Feb-23,R$ 350.00,Pago com sucesso no catão de crédito em 4 parcelas. Atendimento N° 11588,E,121
5249,15-Mar-23,R$ 165.00,Pago com sucesso da parcela n° 2 do atendimento 11565,E,122
5250,27-Feb-23,R$ 185.00,Pago com sucesso da parcela n° 1 do atendimento 11589,E,121
5251,14-Feb-23,R$ 500.00,Pago com sucesso em dinheiro. Atendimento N° 11590,E,121
5252,14-Feb-23,R$ 650.00,Pago com sucesso no catão de crédito em 5 parcelas. Atendimento N° 11591,E,121
5253,14-Feb-23,R$ 500.00,Pago com sucesso no catão de crédito em 5 parcelas. Atendimento N° 11592,E,121
5254,15-Feb-23,R$ 150.00,Pago com sucesso em dinheiro. Atendimento N° 11593,E,121
5255,01-Mar-23,R$ 500.00,Pago com sucesso da parcela n° 1 do atendimento 11594,E,122
5256,16-Feb-23,R$ 350.00,Pago com sucesso no catão de crédito em 3 parcelas. Atendimento N° 11595,E,121
5257,28-Feb-23,R$ 900.00,Pago com sucesso em dinheiro. Atendimento N° 11596,E,121
5258,03-Feb-23,R$ 533.94,BOLETO UNILAB 3ª 3433,S,121
5259,06-Feb-23,R$ 483.44,BOLETO AVODA MARISIA VIZZANO,S,121
5260,06-Feb-23,R$ 404.00,BOLETO UNILAB 3462,S,121
5261,07-Feb-23,R$ 164.33,BOLETO CEMAR,S,121
5262,10-Feb-23,R$ 472.50,BOLETO HOYA,S,121
5263,10-Feb-23,R$ 960.00,BOLETO HOYA,S,121
5264,10-Feb-23,R$ 96.00,BOLETO VIRTUAL X,S,121
5265,13-Feb-23,"R$ 1,400.00",BOLETO ALUGUEL LOJA,S,121
5266,14-Feb-23,R$ 115.91,BOLETO OI FIBRA,S,121
5267,15-Feb-23,R$ 376.79,BOLETO SIGNUS,S,121
5268,22-Feb-23,R$ 388.66,BOLETO IMPOSTO DAS,S,121
5269,24-Feb-23,R$ 457.50,BOLETO HOYA,S,121
5270,24-Feb-23,R$ 400.00,BOLETO CONTADOR,S,121
5271,27-Feb-23,R$ 20.00,BOLETO HOYA,S,121
5272,27-Feb-23,R$ 60.00,BOLETO HOYA,S,121
5273,27-Feb-23,R$ 496.97,BOLETO TOB SOL ECKO,S,121
5274,28-Feb-23,R$ 437.50,BOLETO UNILAB 1ª 3472,S,121
5275,28-Feb-23,R$ 155.00,Pago com sucesso em dinheiro. Atendimento N° 11598,E,121
5276,23-Mar-23,R$ 230.00,Pago com atraso da parcela n° 2 do atendimento 11580,E,122
5277,28-Feb-23,"R$ 1,028.28",BOLETO LABORAT. DIVERSOS,S,121
5278,28-Feb-23,"R$ 3,944.00",DESPESAS MAT. EXPED. E FUNC.,S,121
5279,01-Mar-23,"R$ 2,000.00",Pago com sucesso no catão de crédito em 6 parcelas. Atendimento N° 11599,E,122
5280,03-Mar-23,R$ 630.00,Pago com sucesso no catão de crédito em 4 parcelas. Atendimento N° 11600,E,122
5281,04-Mar-23,R$ 200.00,Pagamento de entrada. Atendimento N° 11601,E,122
5282,24-Mar-23,R$ 95.00,Pago com atraso da parcela n° 4 do atendimento 11524,E,122
5283,06-Mar-23,"R$ 1,900.00",Pagamento de entrada. Atendimento N° 11603,E,122
5284,06-Mar-23,R$ 150.00,Pagamento de entrada. Atendimento N° 11604,E,122
5285,09-Mar-23,"R$ 1,450.00",Pago com sucesso no catão de crédito em 5 parcelas. Atendimento N° 11607,E,122
5286,13-Mar-23,R$ 200.00,Pagamento de entrada. Atendimento N° 11609,E,122
5287,13-Mar-23,R$ 100.00,Pago com sucesso em dinheiro. Atendimento N° 11610,E,122
5288,21-Mar-23,R$ 150.00,Pagamento de entrada. Atendimento N° 11612,E,122
5289,25-Mar-23,"R$ 1,800.00",Pago com sucesso no catão de crédito em 8 parcelas. Atendimento N° 11613,E,122
5290,27-Mar-23,R$ 250.00,Pago com sucesso em dinheiro. Atendimento N° 11614,E,122
5291,29-Mar-23,R$ 185.00,Pago com sucesso da parcela n° 2 do atendimento 11589,E,122
5292,03-Apr-23,R$ 295.00,Pago com sucesso da parcela n° 1 do atendimento 11603,E,123
5293,03-Apr-23,R$ 295.00,Pago com sucesso da parcela n° 2 do atendimento 11603,E,123
5294,31-Mar-23,R$ 500.00,Pago com sucesso da parcela n° 2 do atendimento 11594,E,122
5295,03-Apr-23,R$ 200.00,Pago com atraso da parcela n° 2 do atendimento 11578,E,123
5296,04-Apr-23,R$ 150.00,Pago com sucesso da parcela n° 3 do atendimento 11569,E,123
5297,04-Apr-23,R$ 150.00,Pago com sucesso da parcela n° 3 do atendimento 11570,E,123
5298,03-Apr-23,R$ 100.00,Pago com atraso da parcela n° 1 do atendimento 11503,E,123
5299,03-Apr-23,R$ 100.00,Pago com atraso da parcela n° 2 do atendimento 11503,E,123
5300,03-Apr-23,R$ 100.00,Pago com atraso da parcela n° 3 do atendimento 11503,E,123
5301,10-Apr-23,R$ 200.00,Pago com sucesso da parcela n° 3 do atendimento 11574,E,123
5302,10-Apr-23,R$ 140.00,Pago com atraso da parcela n° 5 do atendimento 11539,E,123
5303,10-Apr-23,R$ 167.00,Pago com atraso da parcela n° 1 do atendimento 11601,E,123
5304,10-Apr-23,R$ 125.00,Pago com sucesso da parcela n° 2 do atendimento 11586,E,123
5305,11-Apr-23,R$ 160.00,Pago com atraso da parcela n° 4 do atendimento 11534,E,123
5306,10-Apr-23,R$ 175.00,Pago com sucesso da parcela n° 1 do atendimento 11608,E,123
5307,11-Apr-23,R$ 262.50,Pago com atraso da parcela n° 1 do atendimento 11606,E,123
5308,13-Apr-23,R$ 185.00,Pago com atraso da parcela n° 5 do atendimento 11414,E,123
5309,11-Apr-23,R$ 543.00,Pago com atraso da parcela n° 6 do atendimento 11399,E,123
5310,14-Apr-23,R$ 165.00,Pago com sucesso da parcela n° 3 do atendimento 11565,E,123
5311,01-Mar-23,R$ 400.00,BOLETO MIDIA DIGITAL,S,122
5312,03-Mar-23,R$ 20.00,BOLETO HOYA,S,122
5313,03-Mar-23,R$ 697.50,BOLETO HOYA,S,122
5314,03-Mar-23,R$ 50.00,BOLETO OFERTA MINIST PURE LIFE,S,122
5315,06-Mar-23,R$ 378.81,BOLETO SIGNUS,S,122
5316,09-Mar-23,R$ 483.44,BOLETO AVODA MARISIA VIZZANO,S,122
5317,09-Mar-23,R$ 162.92,BOLETO CEMAR,S,122
5318,09-Mar-23,R$ 100.00,BOLETO TRAFEGO PAGO INSTAGRAN,S,122
5319,10-Mar-23,R$ 960.00,BOLETO HOYA,S,122
5320,10-Mar-23,R$ 96.00,BOLETO VIRTUAL X,S,122
5321,10-Mar-23,"R$ 1,400.00",BOLETO ALUGUEL LOJA,S,122
5322,13-Mar-23,R$ 20.00,BOLETO HOYA,S,122
5323,14-Mar-23,R$ 115.91,BOLETO OI FIBRA,S,122
5324,17-Mar-23,R$ 270.00,BOLETO HOYA,S,122
5325,17-Mar-23,R$ 376.80,BOLETO SIGNUS,S,122
5326,20-Apr-23,R$ 115.00,Pago com sucesso da parcela n° 1 do atendimento 11609,E,123
5327,20-Mar-23,R$ 20.00,BOLETO HOYA,S,122
5328,20-Mar-23,R$ 199.40,BOLETO IMPOSTO DAS,S,122
5329,27-Mar-23,R$ 20.00,BOLETO HOYA,S,122
5330,27-Mar-23,R$ 400.00,BOLETO CONTADOR,S,122
5331,29-Mar-23,R$ 496.97,BOLETO ROB SOL ECKÔ,S,122
5332,30-Mar-23,R$ 437.50,BOLETO UNILAB_2ª_3472,S,122
5333,31-Mar-23,R$ 20.00,BOLETO HOYA,S,122
5334,31-Mar-23,"R$ 1,177.38",DESPESAS LABORATORIOS DIVERSOS,S,122
5335,31-Mar-23,"R$ 3,344.00",DESPESAS MATERIAL EXPED. E FUNC.,S,122
5336,14-Mar-23,"R$ 1,950.00",Pago com sucesso no catão de crédito em 10 parcelas. Atendimento N° 11611,E,122
5337,13-Apr-23,R$ 275.00,Pago com atraso da parcela n° 5 do atendimento 11263,E,123
5338,23-Mar-23,R$ 250.00,Pago com atraso da parcela n° 5 do atendimento 11478,E,122
5339,31-Mar-23,R$ 950.00,Pago com sucesso no catão de crédito em 4 parcelas. Atendimento N° 11615,E,122
5340,21-Mar-23,R$ 100.00,Pago com sucesso da parcela n° 1 do atendimento 11602,E,122
5341,24-Apr-23,R$ 100.00,Pago com atraso da parcela n° 2 do atendimento 11602,E,123
5342,03-Apr-23,R$ 400.00,Pago com sucesso em dinheiro. Atendimento N° 11616,E,123
5343,26-Apr-23,R$ 160.00,Pago com atraso da parcela n° 1 do atendimento 11612,E,123
5344,04-Apr-23,R$ 350.00,Pago com sucesso no catão de crédito em 3 parcelas. Atendimento N° 11617,E,123
5345,05-Apr-23,R$ 420.00,Pago com sucesso no catão de crédito em 2 parcelas. Atendimento N° 11618,E,123
5346,08-Apr-23,R$ 300.00,Pago com sucesso no catão de crédito em 2 parcelas. Atendimento N° 11619,E,123
5347,10-Apr-23,R$ 200.00,Pagamento de entrada. Atendimento N° 11620,E,123
5348,13-Apr-23,R$ 680.00,Pago com sucesso no catão de crédito em 5 parcelas. Atendimento N° 11621,E,123
5349,13-Apr-23,R$ 200.00,Pagamento de entrada. Atendimento N° 11622,E,123
5350,15-Apr-23,R$ 400.00,Pagamento de entrada. Atendimento N° 11623,E,123
5351,17-Apr-23,"R$ 1,400.00",Pago com sucesso no catão de crédito em 6 parcelas. Atendimento N° 11624,E,123
5352,02-May-23,R$ 200.00,Pago com atraso da parcela n° 3 do atendimento 11578,E,124
5353,28-Apr-23,R$ 500.00,Pago com sucesso da parcela n° 3 do atendimento 11594,E,123
5354,03-May-23,R$ 200.00,Pago com sucesso da parcela n° 4 do atendimento 11574,E,124
5355,04-May-23,R$ 200.00,Pago com sucesso da parcela n° 1 do atendimento 11620,E,124
5356,05-May-23,R$ 145.00,Pago com sucesso da parcela n° 1 do atendimento 11622,E,124
5357,17-Apr-23,R$ 80.00,Pago com sucesso em dinheiro. Atendimento N° 11625,E,123
5358,18-Apr-23,R$ 500.00,Pagamento de entrada. Atendimento N° 11626,E,123
5359,06-May-23,R$ 100.00,Pago com atraso da parcela n° 4 do atendimento 11503,E,124
5360,06-May-23,R$ 100.00,Pago com atraso da parcela n° 5 do atendimento 11503,E,124
5361,06-May-23,R$ 100.00,Pago com atraso da parcela n° 1 do atendimento 11506,E,124
5362,09-May-23,R$ 165.00,Pago com atraso da parcela n° 1 do atendimento 11597,E,124
5363,09-May-23,R$ 167.00,Pago com atraso da parcela n° 2 do atendimento 11601,E,124
5364,09-May-23,R$ 167.00,Pago com sucesso da parcela n° 3 do atendimento 11601,E,124
5365,09-May-23,R$ 275.00,Pago com atraso da parcela n° 3 do atendimento 11582,E,124
5366,08-May-23,R$ 125.00,Pago com sucesso da parcela n° 3 do atendimento 11586,E,124
5367,08-May-23,R$ 200.00,Pago com atraso da parcela n° 3 do atendimento 11350,E,124
5368,10-Apr-23,R$ 230.00,Pago com sucesso da parcela n° 3 do atendimento 11580,E,123
5369,10-May-23,R$ 230.00,Pago com sucesso da parcela n° 4 do atendimento 11580,E,124
5370,20-Apr-23,R$ 280.00,Pago com sucesso em dinheiro. Atendimento N° 11627,E,123
5371,24-Apr-23,R$ 150.00,Pagamento de entrada. Atendimento N° 11628,E,123
5372,25-Apr-23,R$ 600.00,Pago com sucesso no catão de crédito em 6 parcelas. Atendimento N° 11629,E,123
5373,03-May-23,R$ 100.00,Pago com sucesso da parcela n° 1 do atendimento 11630,E,124
5374,03-Apr-23,R$ 378.81,BOLETO SIGNUS,S,123
5375,04-Apr-23,R$ 832.08,BOLETO HOYA,S,123
5376,04-Apr-23,R$ 400.00,BOLETO MIDIA DIGITAL,S,123
5377,10-Apr-23,R$ 22.00,BOLETO HOYA,S,123
5378,10-Apr-23,R$ 96.00,BOLETO VIRTUAL X NF ELETRONICA,S,123
5379,11-Apr-23,"R$ 1,400.00",BOLETO ALUGUEL LOJA,S,123
5380,11-Apr-23,R$ 168.70,BOLETO CEMAR,S,123
5381,14-Apr-23,R$ 115.91,BOLETO OI FIBRA,S,123
5382,17-Apr-23,"R$ 1,072.72",BOLETO HOYA,S,123
5383,17-Apr-23,R$ 20.00,BOLETO HOYA,S,123
5384,17-Apr-23,R$ 322.00,BOLETO UNILAB_3501,S,123
5385,20-Apr-23,R$ 455.56,BOLETO IMPOSTO DAS,S,123
5386,24-Apr-23,R$ 42.00,BOLETO HOYA,S,123
5387,24-Apr-23,R$ 387.00,BOLETO UNILAB_3505,S,123
5388,28-Apr-23,R$ 496.97,BOLETO ROB SOL ECKÔ,S,123
5389,29-Apr-23,"R$ 1,851.12",DESPESAS LABORAT. DIVERSOS,S,123
5390,29-Apr-23,"R$ 3,344.00",DESPESAS MATERIAL EXPEDIENTE,S,123
5391,11-May-23,R$ 140.00,Pago com atraso da parcela n° 6 do atendimento 11539,E,124
5392,28-Apr-23,R$ 850.00,Pago com sucesso em dinheiro. Atendimento N° 11631,E,123
5393,15-May-23,R$ 165.00,Pago com sucesso da parcela n° 4 do atendimento 11565,E,124
5394,17-May-23,R$ 185.00,Pago com atraso da parcela n° 6 do atendimento 11426,E,124
5395,17-May-23,R$ 150.00,Pago com atraso da parcela n° 1 do atendimento 11605,E,124
5396,02-May-23,"R$ 1,000.00",Pago com sucesso no catão de crédito em 5 parcelas. Atendimento N° 11632,E,124
5397,21-Apr-23,R$ 100.00,Pago com sucesso da parcela n° 1 do atendimento 11626,E,123
5398,03-May-23,R$ 220.00,Pago com sucesso em dinheiro. Atendimento N° 11633,E,124
5399,05-May-23,R$ 200.00,Pago com sucesso no cartão de débito. Atendimento N° 11635,E,124
5400,05-May-23,R$ 600.00,Pago com sucesso no catão de crédito em 1 parcelas. Atendimento N° 11636,E,124
5401,06-May-23,R$ 200.00,Pagamento de entrada. Atendimento N° 11637,E,124
5402,06-May-23,R$ 350.00,Pago com sucesso em dinheiro. Atendimento N° 11638,E,124
5403,20-May-23,R$ 115.00,Pago com sucesso da parcela n° 2 do atendimento 11609,E,124
5404,09-May-23,"R$ 1,000.00",Pago com sucesso no catão de crédito em 6 parcelas. Atendimento N° 11639,E,124
5405,10-May-23,R$ 300.00,Pagamento de entrada. Atendimento N° 11640,E,124
5406,10-May-23,R$ 600.00,Pago com sucesso em dinheiro. Atendimento N° 11641,E,124
5407,22-May-23,R$ 100.00,Pago com sucesso da parcela n° 3 do atendimento 11602,E,124
5408,10-May-23,"R$ 1,000.00",Pago com sucesso no catão de crédito em 5 parcelas. Atendimento N° 11642,E,124
5409,11-May-23,R$ 630.00,Pago com sucesso no catão de crédito em 5 parcelas. Atendimento N° 11643,E,124
5410,29-May-23,R$ 185.00,Pago com atraso da parcela n° 3 do atendimento 11589,E,124
5411,13-May-23,"R$ 1,600.00",Pago com sucesso no catão de crédito em 6 parcelas. Atendimento N° 11645,E,124
5412,16-May-23,R$ 110.00,Pago com sucesso em dinheiro. Atendimento N° 11646,E,124
5413,03-May-23,R$ 150.00,Pago com sucesso da parcela n° 4 do atendimento 11570,E,124
5414,31-May-23,R$ 150.00,Pago com sucesso da parcela n° 5 do atendimento 11570,E,124
5415,31-May-23,R$ 325.00,Pago com atraso da parcela n° 1 do atendimento 11502,E,124
5416,01-Jun-23,R$ 200.00,Pago com atraso da parcela n° 4 do atendimento 11578,E,125
5417,31-May-23,R$ 500.00,Pago com sucesso da parcela n° 4 do atendimento 11594,E,124
5418,18-May-23,R$ 480.00,Pago com sucesso no catão de crédito em 3 parcelas. Atendimento N° 11647,E,124
5419,22-May-23,R$ 500.00,Pago com sucesso no catão de crédito em 5 parcelas. Atendimento N° 11648,E,124
5420,02-Jun-23,R$ 140.00,Pago com sucesso da parcela n° 1 do atendimento 11649,E,125
5421,03-Jun-23,R$ 145.00,Pago com sucesso da parcela n° 2 do atendimento 11622,E,125
5422,24-May-23,R$ 600.00,Pago com sucesso em dinheiro. Atendimento N° 11650,E,124
5423,06-Jun-23,R$ 100.00,Pago com atraso da parcela n° 2 do atendimento 11630,E,125
5424,06-Jun-23,R$ 300.00,Pago com atraso da parcela n° 1 do atendimento 11623,E,125
5425,03-May-23,"R$ 1,370.00",Pago com sucesso no catão de crédito em 3 parcelas. Atendimento N° 11634,E,124
5426,06-Jun-23,R$ 170.00,Pago com atraso da parcela n° 4 do atendimento 11459,E,125
5427,29-May-23,R$ 100.00,Pago com sucesso em dinheiro. Atendimento N° 11652,E,124
5428,03-Jun-23,R$ 100.00,Pago com sucesso da parcela n° 1 do atendimento 11653,E,125
5430,30-May-23,R$ 300.00,Pago com sucesso em dinheiro. Atendimento N° 11654,E,124
5431,30-May-23,R$ 700.00,Pago com sucesso no catão de crédito em 7 parcelas. Atendimento N° 11655,E,124
5432,07-Jun-23,R$ 165.00,Pago com atraso da parcela n° 2 do atendimento 11597,E,125
5433,06-Jun-23,R$ 220.00,Pago com sucesso da parcela n° 1 do atendimento 11656,E,125
5434,08-Jun-23,R$ 125.00,Pago com sucesso da parcela n° 4 do atendimento 11586,E,125
5435,31-May-23,R$ 600.00,Pagamento de entrada. Atendimento N° 11657,E,124
5436,12-Jun-23,R$ 243.00,Pago com atraso da parcela n° 1 do atendimento 11651,E,125
5437,12-Jun-23,R$ 330.00,Pago com atraso da parcela n° 1 do atendimento 11637,E,125
5438,12-Jun-23,R$ 275.00,Pago com atraso da parcela n° 4 do atendimento 11582,E,125
5439,12-Jun-23,R$ 262.50,Pago com atraso da parcela n° 2 do atendimento 11606,E,125
5440,13-Jun-23,R$ 100.00,Pago com atraso da parcela n° 2 do atendimento 11506,E,125
5441,13-Jun-23,R$ 100.00,Pago com atraso da parcela n° 3 do atendimento 11506,E,125
5442,13-Jun-23,R$ 100.00,Pago com atraso da parcela n° 4 do atendimento 11506,E,125
5443,13-Jun-23,R$ 230.00,Pago com atraso da parcela n° 5 do atendimento 11580,E,125
5444,13-Jun-23,R$ 150.00,Pago com atraso da parcela n° 2 do atendimento 11605,E,125
5445,14-Jun-23,R$ 200.00,Pago com atraso da parcela n° 2 do atendimento 11620,E,125
5446,14-Jun-23,R$ 175.00,Pago com atraso da parcela n° 2 do atendimento 11608,E,125
5447,14-Jun-23,R$ 175.00,Pago com atraso da parcela n° 3 do atendimento 11608,E,125
5448,14-Jun-23,R$ 165.00,Pago com sucesso da parcela n° 5 do atendimento 11565,E,125
5449,15-Jun-23,R$ 200.00,Pago com atraso da parcela n° 5 do atendimento 11574,E,125
5450,02-May-23,R$ 40.00,BOLETO HOYA,S,124
5451,02-May-23,R$ 400.00,BOLETO MIDIA DIGITAL,S,124
5452,03-May-23,R$ 378.81,BOLETO SIGNUS,S,124
5453,09-May-23,R$ 163.30,BOLETO CEMAR,S,124
5454,10-May-23,R$ 96.00,BOLETO VIRTUAL X,S,124
5455,12-May-23,"R$ 1,400.00",BOLETO ALUGUEL,S,124
5456,15-May-23,R$ 118.12,BOLETO OI FIBRA,S,124
5457,22-May-23,R$ 204.40,BOLETO IMPOSTO DAS,S,124
5458,25-May-23,R$ 400.00,BOLETO CONTADOR,S,124
5459,26-May-23,R$ 653.26,BOLETO HOYA,S,124
5460,29-May-23,R$ 496.97,BOLETO ROB SOL ECKÔ,S,124
5461,31-May-23,"R$ 2,751.38",BOLETOS DIVERSOS,S,124
5462,31-May-23,"R$ 3,344.00",BOLETO MAT. EXP. E FUNCION.,S,124
5463,20-Jun-23,R$ 115.00,Pago com sucesso da parcela n° 3 do atendimento 11609,E,125
5464,21-Jun-23,R$ 100.00,Pago com sucesso da parcela n° 4 do atendimento 11602,E,125
5465,31-May-23,R$ 250.00,Pago com sucesso em dinheiro. Atendimento N° 11658,E,124
5466,02-Jun-23,R$ 350.00,Pagamento de entrada. Atendimento N° 11659,E,125
5467,22-Jun-23,R$ 100.00,Pago com sucesso da parcela n° 2 do atendimento 11653,E,125
5468,05-Jun-23,R$ 350.00,Pago com sucesso em dinheiro. Atendimento N° 11660,E,125
5469,06-Jun-23,R$ 300.00,Pagamento de entrada. Atendimento N° 11662,E,125
5470,07-Jun-23,R$ 300.00,Pago com sucesso no catão de crédito em 2 parcelas. Atendimento N° 11663,E,125
5471,06-Jun-23,R$ 290.00,Pago com sucesso no catão de crédito em 2 parcelas. Atendimento N° 11661,E,125
5472,08-Jun-23,R$ 450.00,Pago com sucesso em dinheiro. Atendimento N° 11664,E,125
5473,09-Jun-23,R$ 200.00,Pagamento de entrada. Atendimento N° 11665,E,125
5474,26-Jun-23,R$ 100.00,Pago com sucesso da parcela n° 1 do atendimento 11666,E,125
5475,28-Jun-23,R$ 100.00,Pago com atraso da parcela n° 3 do atendimento 11544,E,125
5476,28-Jun-23,R$ 185.00,Pago com atraso da parcela n° 4 do atendimento 11589,E,125
5477,28-Jun-23,R$ 284.00,Pago com atraso da parcela n° 1 do atendimento 11657,E,125
5478,05-Jun-23,R$ 275.00,Pago com atraso da parcela n° 6 do atendimento 11263,E,125
5479,29-Jun-23,R$ 145.00,Pago com sucesso da parcela n° 3 do atendimento 11622,E,125
5480,29-Jun-23,R$ 500.00,Pago com sucesso da parcela n° 5 do atendimento 11594,E,125
5481,13-Jun-23,R$ 300.00,Pago com sucesso em dinheiro. Atendimento N° 11667,E,125
5482,14-Jun-23,R$ 615.00,Pago com sucesso no catão de crédito em 1 parcelas. Atendimento N° 11668,E,125
5483,21-Jun-23,"R$ 3,000.00",Pago com sucesso em dinheiro. Atendimento N° 11671,E,125
5484,22-Jun-23,R$ 950.00,Pago com sucesso no cartão de débito. Atendimento N° 11672,E,125
5485,27-Jun-23,R$ 570.00,Pago com sucesso em dinheiro. Atendimento N° 11674,E,125
5486,27-Jun-23,R$ 800.00,Pago com sucesso no catão de crédito em 6 parcelas. Atendimento N° 11675,E,125
5487,28-Jun-23,R$ 500.00,Pago com sucesso em dinheiro. Atendimento N° 11676,E,125
5488,28-Jun-23,"R$ 3,610.00",Pago com sucesso no catão de crédito em 10 parcelas. Atendimento N° 11677,E,125
5489,01-Jul-23,R$ 100.00,Pago com sucesso da parcela n° 2 do atendimento 11666,E,126
5490,01-Jul-23,R$ 100.00,Pago com sucesso da parcela n° 3 do atendimento 11666,E,126
5491,02-Jun-23,R$ 378.81,BOLETO SIGNUS,S,125
5492,09-Jun-23,R$ 227.39,BOLETO CEMAR,S,125
5493,12-Jun-23,R$ 96.00,BOLETO VIRTUAL X (NF ELETRONICA),S,125
5494,12-Jun-23,"R$ 1,400.00",BOLETO ALUGUEL,S,125
5495,13-Jun-23,R$ 122.10,BOLETO OI FIBRA,S,125
5496,19-Jun-23,R$ 20.00,BOLETO HOYA,S,125
5497,20-Jun-23,R$ 299.60,BOLETO IMPOSTO DAS,S,125
5498,26-Jun-23,R$ 400.00,BOLETO CONTADOR,S,125
5499,27-Jun-23,R$ 496.97,BOLETO ROB SOL ECKÔ,S,125
5500,30-Jun-23,"R$ 3,067.66",BOLETOS LABORAT. DIVERSOS,S,125
5501,30-Jun-23,"R$ 3,344.00",BOLETOS MAT. EXP. E FUNCION.,S,125
5502,03-Jul-23,R$ 200.00,Pago com atraso da parcela n° 5 do atendimento 11578,E,126
5503,03-Jul-23,R$ 140.00,Pago com sucesso da parcela n° 2 do atendimento 11649,E,126
5504,03-Jul-23,R$ 200.00,Pago com atraso da parcela n° 1 do atendimento 11530,E,126
5505,05-Jul-23,R$ 100.00,Pago com sucesso da parcela n° 3 do atendimento 11630,E,126
5506,05-Jul-23,R$ 300.00,Pago com sucesso da parcela n° 2 do atendimento 11623,E,126
5507,06-Jul-23,R$ 175.00,Pago com sucesso da parcela n° 4 do atendimento 11608,E,126
5508,06-Jul-23,R$ 200.00,Pago com sucesso da parcela n° 3 do atendimento 11620,E,126
5509,06-May-23,R$ 150.00,Pago com atraso da parcela n° 4 do atendimento 11495,E,124
5510,06-Mar-23,R$ 100.00,Pago com atraso da parcela n° 2 do atendimento 11504,E,122
5511,06-Mar-23,R$ 100.00,Pago com sucesso da parcela n° 2 do atendimento 11554,E,122
5512,10-Jun-23,R$ 250.00,Pago com atraso da parcela n° 6 do atendimento 11478,E,125
5513,06-Jul-23,R$ 220.00,Pago com sucesso da parcela n° 2 do atendimento 11656,E,126
5514,07-Jul-23,R$ 125.00,Pago com sucesso da parcela n° 5 do atendimento 11586,E,126
5515,06-Jul-23,R$ 298.00,Pago com atraso da parcela n° 1 do atendimento 11640,E,126
5516,07-Jul-23,R$ 325.00,Pago com atraso da parcela n° 2 do atendimento 11502,E,126
5517,07-Jul-23,R$ 165.00,Pago com atraso da parcela n° 3 do atendimento 11597,E,126
5518,03-Jul-23,R$ 378.81,BOLETO SIGNUS,S,126
5519,10-Jul-23,R$ 166.56,BOLETO CEMAR,S,126
5520,10-Jul-23,R$ 200.00,Pago com sucesso da parcela n° 1 do atendimento 11670,E,126
5521,06-Jul-23,R$ 185.00,Pago com atraso da parcela n° 1 do atendimento 11673,E,126
5522,12-Jul-23,R$ 200.00,Pago com atraso da parcela n° 6 do atendimento 11574,E,126
5523,03-May-23,R$ 150.00,Pago com sucesso da parcela n° 4 do atendimento 11569,E,124
5524,31-May-23,R$ 150.00,Pago com sucesso da parcela n° 5 do atendimento 11569,E,124
5525,17-Jul-23,R$ 150.00,Pago com atraso da parcela n° 6 do atendimento 11569,E,126
5526,17-Jul-23,R$ 150.00,Pago com atraso da parcela n° 6 do atendimento 11570,E,126
5527,18-Jul-23,R$ 300.00,Pago com atraso da parcela n° 1 do atendimento 11659,E,126
5528,19-Jul-23,R$ 130.00,Pago com sucesso da parcela n° 1 do atendimento 11669,E,126
5529,21-Jul-23,R$ 115.00,Pago com sucesso da parcela n° 4 do atendimento 11609,E,126
5530,21-Jul-23,R$ 100.00,Pago com sucesso da parcela n° 5 do atendimento 11602,E,126
5531,05-Jul-23,R$ 130.00,Pagamento de entrada. Atendimento N° 11679,E,126
5532,25-Jul-23,R$ 130.00,Pago com sucesso da parcela n° 1 do atendimento 11679,E,126
5533,18-Jul-23,R$ 260.00,Pagamento de entrada. Atendimento N° 11685,E,126
5534,26-Jul-23,R$ 100.00,Pago com sucesso da parcela n° 3 do atendimento 11653,E,126
5535,05-May-23,R$ 150.00,Pago com atraso da parcela n° 1 do atendimento 11604,E,124
5536,03-Aug-23,R$ 150.00,Pago com atraso da parcela n° 2 do atendimento 11604,E,127
5537,03-Aug-23,R$ 150.00,Pago com atraso da parcela n° 3 do atendimento 11604,E,127
5538,03-Aug-23,R$ 200.00,Pago com atraso da parcela n° 6 do atendimento 11578,E,127
5539,03-Aug-23,R$ 145.00,Pago com sucesso da parcela n° 4 do atendimento 11622,E,127
5540,02-Aug-23,R$ 137.50,Pago com atraso da parcela n° 1 do atendimento 11665,E,127
5541,01-Aug-23,R$ 500.00,Pago com sucesso da parcela n° 6 do atendimento 11594,E,127
5542,29-Jul-23,R$ 140.00,Pago com atraso da parcela n° 1 do atendimento 11644,E,126
5543,26-Jul-23,R$ 284.00,Pago com sucesso da parcela n° 2 do atendimento 11657,E,126
5544,01-Aug-23,R$ 100.00,Pago com atraso da parcela n° 5 do atendimento 11506,E,127
5545,01-Aug-23,R$ 100.00,Pago com atraso da parcela n° 1 do atendimento 11509,E,127
5546,01-Aug-23,R$ 100.00,Pago com atraso da parcela n° 2 do atendimento 11509,E,127
5547,07-Aug-23,R$ 150.00,Pago com atraso da parcela n° 3 do atendimento 11605,E,127
5548,07-Aug-23,R$ 130.00,Pago com sucesso da parcela n° 2 do atendimento 11679,E,127
5549,07-Aug-23,R$ 175.00,Pago com atraso da parcela n° 1 do atendimento 11628,E,127
5550,07-Aug-23,R$ 175.00,Pago com atraso da parcela n° 2 do atendimento 11628,E,127
5551,05-Aug-23,R$ 185.00,Pago com sucesso da parcela n° 2 do atendimento 11673,E,127
5552,05-Aug-23,R$ 140.00,Pago com sucesso da parcela n° 3 do atendimento 11649,E,127
5553,08-Aug-23,R$ 200.00,Pago com sucesso da parcela n° 7 do atendimento 11574,E,127
5554,30-Jun-23,R$ 235.00,Pago com sucesso da parcela n° 1 do atendimento 11662,E,125
5555,08-Aug-23,R$ 235.00,Pago com atraso da parcela n° 2 do atendimento 11662,E,127
5556,10-Aug-23,R$ 200.00,Pago com sucesso da parcela n° 4 do atendimento 11620,E,127
5557,10-Aug-23,R$ 200.00,Pago com sucesso da parcela n° 2 do atendimento 11670,E,127
5558,08-Aug-23,R$ 262.50,Pago com atraso da parcela n° 3 do atendimento 11606,E,127
5559,08-Aug-23,R$ 175.00,Pago com sucesso da parcela n° 5 do atendimento 11608,E,127
5560,09-Aug-23,R$ 330.00,Pago com atraso da parcela n° 2 do atendimento 11637,E,127
5561,09-Aug-23,R$ 243.00,Pago com atraso da parcela n° 2 do atendimento 11651,E,127
5562,11-Aug-23,R$ 300.00,Pago com atraso da parcela n° 3 do atendimento 11623,E,127
5563,04-Jul-23,R$ 250.00,Pago com sucesso em dinheiro. Atendimento N° 11678,E,126
5564,11-Jul-23,R$ 350.00,Pago com sucesso em dinheiro. Atendimento N° 11681,E,126
5565,11-Jul-23,R$ 400.00,Pago com sucesso no catão de crédito em 4 parcelas. Atendimento N° 11682,E,126
5566,11-Jul-23,R$ 330.00,Pago com sucesso em dinheiro. Atendimento N° 11683,E,126
5567,17-Jul-23,R$ 400.00,Pago com sucesso no catão de crédito em 4 parcelas. Atendimento N° 11684,E,126
5568,19-Jul-23,R$ 290.00,Pago com sucesso no catão de crédito em 2 parcelas. Atendimento N° 11686,E,126
5569,21-Jul-23,"R$ 1,000.00",Pago com sucesso em dinheiro. Atendimento N° 11687,E,126
5570,25-Jul-23,"R$ 1,000.00",Pago com sucesso em dinheiro. Atendimento N° 11689,E,126
5571,26-Jul-23,R$ 380.00,Pago com sucesso em dinheiro. Atendimento N° 11691,E,126
5572,14-Aug-23,R$ 220.00,Pago com atraso da parcela n° 3 do atendimento 11656,E,127
5573,21-Aug-23,R$ 115.00,Pago com sucesso da parcela n° 5 do atendimento 11609,E,127
5574,21-Aug-23,R$ 100.00,Pago com sucesso da parcela n° 6 do atendimento 11602,E,127
5575,21-Aug-23,R$ 247.50,Pago com sucesso da parcela n° 1 do atendimento 11688,E,127
5576,21-Aug-23,R$ 298.00,Pago com atraso da parcela n° 2 do atendimento 11640,E,127
5577,23-Aug-23,R$ 145.00,Pago com sucesso da parcela n° 5 do atendimento 11622,E,127
5578,23-Aug-23,R$ 145.00,Pago com sucesso da parcela n° 6 do atendimento 11622,E,127
5579,23-Aug-23,R$ 145.00,Pago com sucesso da parcela n° 7 do atendimento 11622,E,127
5580,23-Aug-23,R$ 145.00,Pago com sucesso da parcela n° 8 do atendimento 11622,E,127
5581,24-Aug-23,R$ 130.00,Pago com atraso da parcela n° 2 do atendimento 11669,E,127
5582,10-Jul-23,R$ 96.00,BOLETO VIRTUAL X NFE,S,126
5583,11-Jul-23,"R$ 1,400.00",BOLETO ALUGUEL,S,126
5584,13-Jul-23,R$ 119.82,BOLETO OI FIBRA,S,126
5585,17-Jul-23,R$ 889.76,BOLETO HOYA,S,126
5586,20-Jul-23,R$ 303.88,BOLETO IMPOSTO DAS,S,126
5587,27-Jul-23,R$ 496.97,BOLETO ROBSOL ECKÔ,S,126
5588,28-Jul-23,R$ 976.61,BOLETO HOYA,S,126
5589,31-Jul-23,R$ 425.36,BOLETO FOCCO BRASIL OBEN,S,126
5590,31-Jul-23,R$ 20.00,BOLETO HOYA,S,126
5591,,R$ 0.00,Boleto,,0
5592,31-Jul-23,"R$ 1,897.88",BOLETO LABORATORIOS DIVERSOS,S,126
5593,31-Jul-23,"R$ 3,344.00",BOLETO MAT. EXP. E FUNC.,S,126
5594,01-Aug-23,"R$ 1,400.00",Pago com sucesso no catão de crédito em 10 parcelas. Atendimento N° 11694,E,127
5596,02-Aug-23,R$ 600.00,Pago com sucesso no catão de crédito em 3 parcelas. Atendimento N° 11696,E,127
5597,03-Aug-23,"R$ 1,790.00",Pago com sucesso no catão de crédito em 8 parcelas. Atendimento N° 11697,E,127
5598,04-Aug-23,R$ 100.00,Pagamento de entrada. Atendimento N° 11698,E,127
5599,07-Aug-23,R$ 500.00,Pago com sucesso no catão de crédito em 5 parcelas. Atendimento N° 11699,E,127
5600,25-Aug-23,R$ 150.00,Pago com sucesso da parcela n° 1 do atendimento 11700,E,127
5601,08-Aug-23,R$ 760.00,Pago com sucesso no cartão de débito. Atendimento N° 11701,E,127
5602,09-Aug-23,R$ 550.00,Pago com sucesso em dinheiro. Atendimento N° 11702,E,127
5603,09-Aug-23,R$ 360.00,Pago com sucesso em dinheiro. Atendimento N° 11703,E,127
5604,29-Aug-23,R$ 100.00,Pago com atraso da parcela n° 4 do atendimento 11544,E,127
5605,29-Aug-23,R$ 185.00,Pago com atraso da parcela n° 5 do atendimento 11589,E,127
5606,29-Aug-23,R$ 235.00,Pago com sucesso da parcela n° 3 do atendimento 11662,E,127
5607,30-Aug-23,R$ 150.00,Pago com atraso da parcela n° 7 do atendimento 11570,E,127
5608,30-Aug-23,R$ 150.00,Pago com atraso da parcela n° 7 do atendimento 11569,E,127
5609,09-Aug-23,"R$ 2,340.00",Pago com sucesso no catão de crédito em 10 parcelas. Atendimento N° 11704,E,127
5610,10-Aug-23,R$ 290.00,Pago com sucesso no catão de crédito em 2 parcelas. Atendimento N° 11705,E,127
5611,11-Aug-23,R$ 650.00,Pago com sucesso no catão de crédito em 6 parcelas. Atendimento N° 11706,E,127
5612,11-Aug-23,R$ 450.00,Pago com sucesso em dinheiro. Atendimento N° 11707,E,127
5613,11-Aug-23,R$ 800.00,Pago com sucesso em dinheiro. Atendimento N° 11708,E,127
5614,12-Aug-23,R$ 430.00,Pago com sucesso em dinheiro. Atendimento N° 11709,E,127
5615,21-Aug-23,R$ 600.00,Pago com sucesso no catão de crédito em 4 parcelas. Atendimento N° 11710,E,127
5616,30-Aug-23,R$ 158.00,Pago com sucesso da parcela n° 1 do atendimento 11711,E,127
5617,29-Aug-23,R$ 284.00,Pago com atraso da parcela n° 3 do atendimento 11657,E,127
5618,24-Aug-23,R$ 330.00,Pago com sucesso no catão de crédito em 3 parcelas. Atendimento N° 11712,E,127
5619,24-Aug-23,"R$ 1,400.00",Pago com sucesso no catão de crédito em 10 parcelas. Atendimento N° 11713,E,127
5620,24-Aug-23,"R$ 1,150.00",Pago com sucesso no catão de crédito em 6 parcelas. Atendimento N° 11714,E,127
5621,26-Jul-23,R$ 950.00,Pago com sucesso em dinheiro. Atendimento N° 11692,E,126
5622,29-Aug-23,"R$ 1,200.00",Pago com sucesso no catão de crédito em 6 parcelas. Atendimento N° 11716,E,127
5623,31-Aug-23,R$ 300.00,Pagamento de entrada. Atendimento N° 11717,E,127
5624,02-Sep-23,R$ 275.00,Pago com atraso da parcela n° 1 do atendimento 11685,E,128
5625,06-Sep-23,R$ 120.00,Pago com atraso da parcela n° 1 do atendimento 11698,E,128
5626,06-Sep-23,R$ 262.50,Pago com atraso da parcela n° 4 do atendimento 11606,E,128
5627,06-Sep-23,R$ 100.00,Pago com atraso da parcela n° 4 do atendimento 11653,E,128
5628,05-Sep-23,R$ 300.00,Pago com atraso da parcela n° 2 do atendimento 11659,E,128
5629,05-Sep-23,R$ 300.00,Pago com atraso da parcela n° 3 do atendimento 11659,E,128
5630,04-Sep-23,R$ 100.00,Pago com atraso da parcela n° 4 do atendimento 11630,E,128
5631,04-Sep-23,R$ 300.00,Pago com sucesso da parcela n° 4 do atendimento 11623,E,128
5632,04-Sep-23,R$ 200.00,Pago com atraso da parcela n° 7 do atendimento 11578,E,128
5633,11-Sep-23,R$ 200.00,Pago com atraso da parcela n° 8 do atendimento 11574,E,128
5634,01-Sep-23,R$ 100.00,Pago com atraso da parcela n° 3 do atendimento 11509,E,128
5635,01-Sep-23,R$ 100.00,Pago com atraso da parcela n° 4 do atendimento 11509,E,128
5636,01-Sep-23,R$ 100.00,Pago com atraso da parcela n° 5 do atendimento 11509,E,128
5637,22-Sep-23,R$ 100.00,Pago com sucesso da parcela n° 7 do atendimento 11602,E,128
5638,22-Sep-23,R$ 247.50,Pago com sucesso da parcela n° 2 do atendimento 11688,E,128
5639,20-Sep-23,R$ 100.00,Pago com atraso da parcela n° 5 do atendimento 11544,E,128
5640,20-Sep-23,R$ 185.00,Pago com atraso da parcela n° 6 do atendimento 11589,E,128
5641,21-Sep-23,R$ 140.00,Pago com atraso da parcela n° 2 do atendimento 11644,E,128
5642,13-Sep-23,R$ 185.00,Pago com atraso da parcela n° 3 do atendimento 11673,E,128
5643,13-Sep-23,R$ 140.00,Pago com atraso da parcela n° 4 do atendimento 11649,E,128
5644,13-Sep-23,R$ 220.00,Pago com atraso da parcela n° 4 do atendimento 11656,E,128
5645,14-Sep-23,R$ 175.00,Pago com atraso da parcela n° 6 do atendimento 11608,E,128
5646,11-Sep-23,R$ 200.00,Pago com atraso da parcela n° 3 do atendimento 11670,E,128
5647,08-Sep-23,R$ 243.00,Pago com atraso da parcela n° 3 do atendimento 11651,E,128
5648,08-Sep-23,R$ 330.00,Pago com atraso da parcela n° 3 do atendimento 11637,E,128
5649,09-Sep-23,R$ 200.00,Pago com sucesso da parcela n° 5 do atendimento 11620,E,128
5650,27-Sep-23,R$ 130.00,Pago com atraso da parcela n° 3 do atendimento 11669,E,128
5651,27-Sep-23,R$ 140.00,Pago com atraso da parcela n° 1 do atendimento 11715,E,128
5652,25-Sep-23,R$ 200.00,Pago com atraso da parcela n° 3 do atendimento 11222,E,128
5653,25-Sep-23,R$ 200.00,Pago com atraso da parcela n° 4 do atendimento 11222,E,128
5654,25-Sep-23,R$ 150.00,Pago com atraso da parcela n° 8 do atendimento 11569,E,128
5655,25-Sep-23,R$ 150.00,Pago com atraso da parcela n° 8 do atendimento 11570,E,128
5656,27-Sep-23,R$ 284.00,Pago com sucesso da parcela n° 4 do atendimento 11657,E,128
5657,02-Oct-23,R$ 200.00,Pago com atraso da parcela n° 8 do atendimento 11578,E,129
5658,25-Sep-23,R$ 200.00,Pagamento de entrada. Atendimento N° 11718,E,128
5659,30-Aug-23,R$ 137.50,Pago com sucesso da parcela n° 2 do atendimento 11665,E,127
5660,04-Oct-23,R$ 137.50,Pago com atraso da parcela n° 3 do atendimento 11665,E,129
5661,04-Oct-23,R$ 137.50,Pago com sucesso da parcela n° 4 do atendimento 11665,E,129
5662,05-Oct-23,R$ 275.00,Pago com atraso da parcela n° 2 do atendimento 11685,E,129
5663,05-Oct-23,R$ 180.00,Pago com sucesso da parcela n° 1 do atendimento 11718,E,129
5664,03-Oct-23,R$ 100.00,Pago com atraso da parcela n° 1 do atendimento 11513,E,129
5665,03-Oct-23,R$ 100.00,Pago com atraso da parcela n° 2 do atendimento 11513,E,129
5666,03-Oct-23,R$ 100.00,Pago com atraso da parcela n° 3 do atendimento 11513,E,129
5667,29-Sep-23,R$ 158.00,Pago com sucesso da parcela n° 2 do atendimento 11711,E,128
5668,06-Oct-23,R$ 120.00,Pago com atraso da parcela n° 2 do atendimento 11698,E,129
5669,07-Oct-23,R$ 165.00,Pago com atraso da parcela n° 4 do atendimento 11597,E,129
5670,10-Oct-23,R$ 200.00,Pago com sucesso da parcela n° 4 do atendimento 11670,E,129
5671,21-Sep-23,R$ 150.00,Pagamento de entrada. Atendimento N° 11719,E,128
5672,10-Oct-23,R$ 130.00,Pago com sucesso da parcela n° 1 do atendimento 11719,E,129
5673,11-Oct-23,R$ 150.00,Pago com atraso da parcela n° 4 do atendimento 11605,E,129
5674,13-Oct-23,R$ 100.00,Pago com atraso da parcela n° 5 do atendimento 11653,E,129
5675,12-Oct-23,R$ 300.00,Pago com atraso da parcela n° 4 do atendimento 11659,E,129
5676,02-Oct-23,R$ 300.00,Pago com sucesso da parcela n° 1 do atendimento 11722,E,129
5677,30-Sep-23,R$ 268.00,Pago com sucesso da parcela n° 1 do atendimento 11723,E,128
5678,06-Sep-23,R$ 80.00,Pago com sucesso em dinheiro. Atendimento N° 11724,E,128
5679,18-Sep-23,R$ 130.00,Pago com sucesso da parcela n° 1 do atendimento 11725,E,128
5680,05-Oct-23,R$ 130.00,Pago com sucesso da parcela n° 2 do atendimento 11725,E,129
5681,15-Sep-23,R$ 180.00,Pago com sucesso em dinheiro. Atendimento N° 11726,E,128
5682,23-Sep-23,R$ 540.00,Pago com sucesso em dinheiro. Atendimento N° 11727,E,128
5683,25-Sep-23,R$ 300.00,Pagamento de entrada. Atendimento N° 11729,E,128
5684,26-Sep-23,"R$ 1,100.00",Pago com sucesso no catão de crédito em 6 parcelas. Atendimento N° 11730,E,128
5685,16-Oct-23,R$ 220.00,Pago com atraso da parcela n° 5 do atendimento 11656,E,129
5686,24-Oct-23,R$ 247.50,Pago com sucesso da parcela n° 3 do atendimento 11688,E,129
5687,25-Sep-23,R$ 150.00,Pago com sucesso da parcela n° 2 do atendimento 11700,E,128
5688,25-Oct-23,R$ 150.00,Pago com sucesso da parcela n° 3 do atendimento 11700,E,129
5689,25-Oct-23,R$ 330.00,Pago com atraso da parcela n° 4 do atendimento 11637,E,129
5690,25-Oct-23,R$ 243.00,Pago com atraso da parcela n° 4 do atendimento 11651,E,129
5691,28-Oct-23,R$ 235.00,Pago com atraso da parcela n° 4 do atendimento 11662,E,129
5692,28-Oct-23,R$ 150.00,Pago com sucesso da parcela n° 1 do atendimento 11732,E,129
5693,28-Oct-23,R$ 325.00,Pago com atraso da parcela n° 3 do atendimento 11502,E,129
5694,28-Oct-23,R$ 140.00,Pago com atraso da parcela n° 2 do atendimento 11715,E,129
5695,26-Oct-23,R$ 284.00,Pago com sucesso da parcela n° 5 do atendimento 11657,E,129
5696,30-Oct-23,R$ 158.00,Pago com sucesso da parcela n° 3 do atendimento 11711,E,129
5697,30-Oct-23,R$ 268.00,Pago com sucesso da parcela n° 2 do atendimento 11723,E,129
5698,30-Oct-23,R$ 100.00,Pago com sucesso da parcela n° 1 do atendimento 11731,E,129
5699,31-Oct-23,R$ 275.00,Pago com atraso da parcela n° 3 do atendimento 11685,E,129
5700,07-Aug-23,R$ 145.00,Pago com sucesso da parcela n° 1 do atendimento 11680,E,127
5701,07-Sep-23,R$ 145.00,Pago com sucesso da parcela n° 2 do atendimento 11680,E,128
5702,06-Nov-23,R$ 150.00,Pago com atraso da parcela n° 1 do atendimento 11693,E,131
5703,07-Nov-23,R$ 120.00,Pago com atraso da parcela n° 3 do atendimento 11698,E,131
5704,07-Nov-23,R$ 130.00,Pago com sucesso da parcela n° 3 do atendimento 11725,E,131
5705,19-Oct-23,R$ 200.00,Pago com atraso da parcela n° 1 do atendimento 11717,E,129
5706,07-Nov-23,R$ 200.00,Pago com atraso da parcela n° 2 do atendimento 11717,E,131
5707,06-Nov-23,R$ 298.00,Pago com atraso da parcela n° 3 do atendimento 11640,E,131
5708,02-Oct-23,"R$ 1,300.00",Pagamento de entrada. Atendimento N° 11733,E,129
5709,06-Nov-23,R$ 250.00,Pago com sucesso da parcela n° 1 do atendimento 11733,E,131
5710,09-Nov-23,R$ 300.00,Pago com atraso da parcela n° 5 do atendimento 11623,E,131
5711,09-Nov-23,R$ 165.00,Pago com atraso da parcela n° 5 do atendimento 11597,E,131
5712,08-Nov-23,R$ 300.00,Pago com sucesso da parcela n° 2 do atendimento 11722,E,131
5713,08-Nov-23,R$ 180.00,Pago com atraso da parcela n° 2 do atendimento 11718,E,131
5714,05-Oct-23,R$ 185.00,Pago com sucesso da parcela n° 4 do atendimento 11673,E,129
5715,07-Nov-23,R$ 185.00,Pago com atraso da parcela n° 5 do atendimento 11673,E,131
5716,03-Nov-23,R$ 130.00,Pago com sucesso da parcela n° 1 do atendimento 11720,E,131
5717,10-Nov-23,R$ 200.00,Pago com sucesso da parcela n° 5 do atendimento 11670,E,131
5718,16-Oct-23,R$ 235.00,Pago com atraso da parcela n° 1 do atendimento 11721,E,129
5719,16-Nov-23,R$ 235.00,Pago com atraso da parcela n° 2 do atendimento 11721,E,131
5720,16-Nov-23,R$ 130.00,Pago com atraso da parcela n° 2 do atendimento 11719,E,131
5721,21-Nov-23,R$ 247.50,Pago com sucesso da parcela n° 4 do atendimento 11688,E,131
5722,24-Nov-23,R$ 150.00,Pago com sucesso da parcela n° 4 do atendimento 11700,E,131
5723,28-Nov-23,R$ 275.00,Pago com sucesso da parcela n° 4 do atendimento 11685,E,131
5724,28-Nov-23,R$ 140.00,Pago com atraso da parcela n° 3 do atendimento 11715,E,131
5725,29-Nov-23,R$ 150.00,Pago com sucesso da parcela n° 2 do atendimento 11732,E,131
5726,04-Oct-23,R$ 100.00,Pagamento de entrada. Atendimento N° 11734,E,129
5727,08-Nov-23,R$ 100.00,Pago com atraso da parcela n° 1 do atendimento 11734,E,131
5728,13-Nov-23,R$ 100.00,Pago com atraso da parcela n° 1 do atendimento 11735,E,131
5729,06-Oct-23,"R$ 1,100.00",Pago com sucesso em dinheiro. Atendimento N° 11736,E,129
5730,01-Dec-23,R$ 100.00,Pago com sucesso da parcela n° 2 do atendimento 11731,E,130
5731,30-Nov-23,R$ 140.00,Pago com atraso da parcela n° 3 do atendimento 11644,E,131
5732,25-Oct-23,R$ 387.00,Pago com sucesso da parcela n° 1 do atendimento 11737,E,129
5733,25-Oct-23,R$ 387.00,Pago com sucesso da parcela n° 2 do atendimento 11737,E,129
5734,02-Dec-23,R$ 268.00,Pago com atraso da parcela n° 3 do atendimento 11723,E,130
5735,04-Dec-23,R$ 330.00,Pago com atraso da parcela n° 5 do atendimento 11637,E,130
5736,04-Dec-23,R$ 243.00,Pago com atraso da parcela n° 5 do atendimento 11651,E,130
5737,06-Dec-23,R$ 180.00,Pago com atraso da parcela n° 3 do atendimento 11718,E,130
5738,07-Dec-23,R$ 100.00,Pago com atraso da parcela n° 2 do atendimento 11734,E,130
5739,07-Dec-23,R$ 300.00,Pago com sucesso da parcela n° 3 do atendimento 11722,E,130
5740,07-Dec-23,R$ 250.00,Pago com atraso da parcela n° 2 do atendimento 11733,E,130
5741,09-Dec-23,R$ 165.00,Pago com atraso da parcela n° 6 do atendimento 11597,E,130
5742,09-Dec-23,R$ 387.00,Pago com sucesso da parcela n° 3 do atendimento 11737,E,130
5743,09-Dec-23,R$ 387.00,Pago com sucesso da parcela n° 4 do atendimento 11737,E,130
5744,09-Dec-23,R$ 158.00,Pago com atraso da parcela n° 4 do atendimento 11711,E,130
5745,09-Dec-23,R$ 130.00,Pago com sucesso da parcela n° 3 do atendimento 11719,E,130
5746,11-Dec-23,R$ 330.00,Pago com atraso da parcela n° 6 do atendimento 11637,E,130
5747,11-Dec-23,R$ 243.00,Pago com atraso da parcela n° 6 do atendimento 11651,E,130
5748,12-Dec-23,R$ 130.00,Pago com sucesso da parcela n° 4 do atendimento 11725,E,130
5749,16-Nov-23,R$ 100.00,Pago com atraso da parcela n° 4 do atendimento 11513,E,131
5750,16-Nov-23,R$ 100.00,Pago com atraso da parcela n° 5 do atendimento 11513,E,131
5751,30-Nov-23,R$ 284.00,Pago com atraso da parcela n° 6 do atendimento 11657,E,131
5752,12-Dec-23,R$ 100.00,Pago com atraso da parcela n° 2 do atendimento 11735,E,130
5753,16-Oct-23,R$ 500.00,Pago com sucesso no catão de crédito em 1 parcelas. Atendimento N° 11738,E,129
5754,16-Oct-23,"R$ 1,380.00",Pago com sucesso no catão de crédito em 8 parcelas. Atendimento N° 11739,E,129
5755,25-Oct-23,"R$ 1,300.00",Pago com sucesso em dinheiro. Atendimento N° 11740,E,129
5756,31-Oct-23,R$ 590.00,Pago com sucesso em dinheiro. Atendimento N° 11741,E,129
5757,19-Oct-23,R$ 210.00,Pago com sucesso no catão de crédito em 1 parcelas. Atendimento N° 11742,E,129
5758,18-Dec-23,R$ 235.00,Pago com atraso da parcela n° 3 do atendimento 11721,E,130
5759,01-Nov-23,R$ 680.00,Pago com sucesso em dinheiro. Atendimento N° 11743,E,131
5760,03-Nov-23,R$ 250.00,Pago com sucesso em dinheiro. Atendimento N° 11744,E,131
5761,19-Dec-23,R$ 235.00,Pago com atraso da parcela n° 5 do atendimento 11662,E,130
5762,03-Nov-23,R$ 500.00,Pagamento de entrada. Atendimento N° 11745,E,131
5763,07-Nov-23,R$ 140.00,Pago com sucesso em dinheiro. Atendimento N° 11746,E,131
5764,07-Nov-23,R$ 690.00,Pago com sucesso em dinheiro. Atendimento N° 11747,E,131
5765,27-Jul-23,R$ 503.62,BOLEETO LABO OPTICA 3583,S,126
5766,09-Nov-23,"R$ 1,140.00",Pago com sucesso no catão de crédito em 6 parcelas. Atendimento N° 11748,E,131
5767,13-Nov-23,"R$ 2,350.00",Pago com sucesso no catão de crédito em 7 parcelas. Atendimento N° 11750,E,131
5768,16-Nov-23,R$ 750.00,Pago com sucesso em dinheiro. Atendimento N° 11751,E,131
5769,16-Nov-23,"R$ 1,500.00",Pago com sucesso no catão de crédito em 1 parcelas. Atendimento N° 11752,E,131
5770,17-Nov-23,"R$ 2,740.00",Pago com sucesso no catão de crédito em 1 parcelas. Atendimento N° 11753,E,131
5771,20-Nov-23,R$ 600.00,Pago com sucesso no cartão de débito. Atendimento N° 11754,E,131
5772,20-Nov-23,"R$ 1,500.00",Pago com sucesso no catão de crédito em 6 parcelas. Atendimento N° 11755,E,131
5773,22-Dec-23,R$ 0.01,Pago com sucesso em dinheiro. Atendimento N° 11756,E,130
5774,23-Dec-23,R$ 185.00,Pago com atraso da parcela n° 6 do atendimento 11673,E,130
5775,23-Dec-23,R$ 247.50,Pago com sucesso da parcela n° 5 do atendimento 11688,E,130
5776,26-Dec-23,R$ 150.00,Pago com sucesso da parcela n° 3 do atendimento 11732,E,130
5777,29-Dec-23,R$ 158.00,Pago com sucesso da parcela n° 5 do atendimento 11711,E,130
5778,29-Dec-23,R$ 268.00,Pago com sucesso da parcela n° 4 do atendimento 11723,E,130
5779,27-Nov-23,R$ 400.00,Pago com sucesso no catão de crédito em 4 parcelas. Atendimento N° 11758,E,131
5780,30-Dec-23,R$ 138.00,Pago com atraso da parcela n° 1 do atendimento 11728,E,130
5781,30-Dec-23,R$ 138.00,Pago com atraso da parcela n° 2 do atendimento 11728,E,130
5782,30-Dec-23,R$ 138.00,Pago com atraso da parcela n° 3 do atendimento 11728,E,130
5783,29-Dec-23,R$ 235.00,Pago com atraso da parcela n° 6 do atendimento 11662,E,130
5784,14-Jun-23,R$ 165.00,Pago com sucesso da parcela n° 6 do atendimento 11565,E,125
5785,05-Oct-23,R$ 140.00,Pago com sucesso da parcela n° 5 do atendimento 11649,E,129
5786,30-Jun-22,R$ 200.00,Pago com sucesso da parcela n° 1 do atendimento 11435,E,0
5787,29-Jul-22,R$ 200.00,Pago com sucesso da parcela n° 2 do atendimento 11435,E,0
5788,30-Aug-22,R$ 200.00,Pago com sucesso da parcela n° 3 do atendimento 11435,E,0
5789,03-Jan-24,R$ 298.00,Pago com atraso da parcela n° 4 do atendimento 11640,E,132
5790,03-Jan-24,R$ 100.00,Pago com sucesso da parcela n° 3 do atendimento 11731,E,132
5791,03-Jan-24,R$ 140.00,Pago com atraso da parcela n° 4 do atendimento 11715,E,132
5792,30-Nov-23,R$ 250.00,Pago com sucesso em dinheiro. Atendimento N° 11759,E,131
5793,05-Jan-24,R$ 120.00,Pago com atraso da parcela n° 4 do atendimento 11698,E,132
5794,30-Nov-23,R$ 200.00,Pago com sucesso em dinheiro. Atendimento N° 11760,E,131
5795,01-Dec-23,R$ 210.00,Pago com sucesso em dinheiro. Atendimento N° 11761,E,130
5796,05-Dec-23,R$ 250.00,Pago com sucesso em dinheiro. Atendimento N° 11762,E,130
5797,25-Dec-23,R$ 140.00,Pago com sucesso da parcela n° 1 do atendimento 11763,E,130
5798,08-Jan-24,R$ 250.00,Pago com atraso da parcela n° 3 do atendimento 11733,E,132
5799,27-Nov-23,R$ 800.00,Pago com sucesso em dinheiro. Atendimento N° 11757,E,131
5800,09-Jan-24,R$ 130.00,Pago com sucesso da parcela n° 5 do atendimento 11725,E,132
5801,09-Jan-24,R$ 150.00,Pago com atraso da parcela n° 2 do atendimento 11693,E,132
5802,09-Jan-24,R$ 243.00,Pago com atraso da parcela n° 7 do atendimento 11651,E,132
5803,09-Jan-24,R$ 330.00,Pago com atraso da parcela n° 7 do atendimento 11637,E,132
5804,07-Dec-23,R$ 850.00,Pago com sucesso no cartão de débito. Atendimento N° 11764,E,130
5805,14-Dec-23,R$ 50.00,Pagamento de entrada. Atendimento N° 11765,E,130
5806,30-Dec-23,R$ 50.00,Pago com sucesso da parcela n° 1 do atendimento 11765,E,130
5807,15-Dec-23,R$ 350.00,Pago com sucesso em dinheiro. Atendimento N° 11766,E,130
5808,16-Jan-24,R$ 130.00,Pago com atraso da parcela n° 4 do atendimento 11719,E,132
5809,11-Jan-24,R$ 250.00,Pago com atraso da parcela n° 1 do atendimento 11745,E,132
5810,11-Jan-24,R$ 250.00,Pago com atraso da parcela n° 2 do atendimento 11745,E,132
5811,16-Jan-24,R$ 235.00,Pago com atraso da parcela n° 4 do atendimento 11721,E,132
5812,12-Jan-24,R$ 250.00,Pago com atraso da parcela n° 1 do atendimento 11729,E,132
5813,13-Jan-24,R$ 50.00,Pago com sucesso da parcela n° 2 do atendimento 11765,E,132
5814,22-Jan-24,R$ 247.50,Pago com sucesso da parcela n° 6 do atendimento 11688,E,132
5815,11-Jan-24,R$ 100.00,Pago com atraso da parcela n° 1 do atendimento 11768,E,132
5816,26-Dec-23,R$ 900.00,Pago com sucesso no catão de crédito em 6 parcelas. Atendimento N° 11770,E,130
5817,26-Jan-24,R$ 50.00,Pago com sucesso da parcela n° 3 do atendimento 11765,E,132
5818,30-Dec-23,R$ 100.00,Pago com sucesso em dinheiro. Atendimento N° 11772,E,130
5819,30-Dec-23,R$ 200.00,Pagamento de entrada. Atendimento N° 11773,E,130
5820,03-Jan-24,R$ 400.00,Pago com sucesso em dinheiro. Atendimento N° 11774,E,132
5821,27-Jan-24,R$ 268.00,Pago com sucesso da parcela n° 5 do atendimento 11723,E,132
5822,30-Jan-24,R$ 100.00,Pago com sucesso da parcela n° 4 do atendimento 11731,E,132
5823,30-Jan-24,R$ 158.00,Pago com sucesso da parcela n° 6 do atendimento 11711,E,132
5824,30-Jan-24,R$ 100.00,Pago com atraso da parcela n° 1 do atendimento 11749,E,132
5825,14-Dec-23,R$ 100.00,Pago com atraso da parcela n° 1 do atendimento 11512,E,130
5826,14-Dec-23,R$ 100.00,Pago com atraso da parcela n° 2 do atendimento 11512,E,130
5827,14-Dec-23,R$ 100.00,Pago com atraso da parcela n° 3 do atendimento 11512,E,130
5828,29-Jan-24,R$ 100.00,Pago com atraso da parcela n° 4 do atendimento 11512,E,132
5829,29-Jan-24,R$ 100.00,Pago com atraso da parcela n° 5 do atendimento 11512,E,132
5830,29-Jan-24,R$ 380.00,Pago com atraso da parcela n° 1 do atendimento 11579,E,132
5831,05-Jan-24,R$ 500.00,Pago com sucesso em dinheiro. Atendimento N° 11775,E,132
5832,31-Jan-24,R$ 300.00,Pago com atraso da parcela n° 4 do atendimento 11722,E,132
5833,01-Feb-24,R$ 140.00,Pago com atraso da parcela n° 2 do atendimento 11763,E,133
5834,01-Feb-24,R$ 150.00,Pago com atraso da parcela n° 4 do atendimento 11732,E,133
5835,08-Jan-24,R$ 150.00,Pago com sucesso em dinheiro. Atendimento N° 11776,E,132
5836,09-Jan-24,R$ 170.00,Pago com sucesso em dinheiro. Atendimento N° 11777,E,132
5838,10-Jan-24,R$ 250.00,Pago com sucesso em dinheiro. Atendimento N° 11779,E,132
5839,12-Jan-24,R$ 800.00,Pago com sucesso no catão de crédito em 8 parcelas. Atendimento N° 11780,E,132
5840,12-Jan-24,"R$ 1,100.00",Pago com sucesso no catão de crédito em 8 parcelas. Atendimento N° 11781,E,132
5841,13-Jan-24,R$ 300.00,Pagamento de entrada. Atendimento N° 11782,E,132
5842,15-Jan-24,R$ 125.00,Pago com sucesso em dinheiro. Atendimento N° 11783,E,132
5843,15-Jan-24,"R$ 3,000.00",Pago com sucesso no catão de crédito em 10 parcelas. Atendimento N° 11784,E,132
5844,06-Feb-24,R$ 250.00,Pago com sucesso da parcela n° 4 do atendimento 11733,E,133
5845,06-Feb-24,R$ 120.00,Pago com atraso da parcela n° 5 do atendimento 11698,E,133
5846,06-Feb-24,R$ 50.00,Pago com sucesso da parcela n° 4 do atendimento 11765,E,133
5847,09-Jan-24,R$ 100.00,Pago com sucesso da parcela n° 3 do atendimento 11735,E,132
5848,15-Feb-24,R$ 100.00,Pago com atraso da parcela n° 4 do atendimento 11735,E,133
5849,09-Feb-24,R$ 300.00,Pago com atraso da parcela n° 5 do atendimento 11659,E,133
5850,16-Feb-24,R$ 130.00,Pago com atraso da parcela n° 5 do atendimento 11719,E,133
5851,16-Feb-24,R$ 50.00,Pago com sucesso da parcela n° 5 do atendimento 11765,E,133
5852,16-Feb-24,R$ 100.00,Pago com atraso da parcela n° 2 do atendimento 11768,E,133
5853,21-Feb-24,R$ 247.50,Pago com sucesso da parcela n° 7 do atendimento 11688,E,133
5854,16-Jan-24,R$ 300.00,Pagamento de entrada. Atendimento N° 11785,E,132
5855,17-Jan-24,R$ 100.00,Pago com sucesso em dinheiro. Atendimento N° 11786,E,132
5856,17-Jan-24,R$ 250.00,Pago com sucesso no catão de crédito em 3 parcelas. Atendimento N° 11788,E,132
5857,18-Jan-24,R$ 135.00,Pago com sucesso em dinheiro. Atendimento N° 11789,E,132
5858,18-Jan-24,R$ 150.00,Pago com sucesso em dinheiro. Atendimento N° 11790,E,132
5859,19-Jan-24,R$ 800.00,Pago com sucesso em dinheiro. Atendimento N° 11791,E,132
5860,19-Jan-24,"R$ 2,100.00",Pago com sucesso no catão de crédito em 8 parcelas. Atendimento N° 11792,E,132
5861,19-Jan-24,"R$ 1,080.00",Pago com sucesso no catão de crédito em 8 parcelas. Atendimento N° 11793,E,132
5862,22-Jan-24,R$ 200.00,Pago com sucesso em dinheiro. Atendimento N° 11794,E,132
5863,23-Jan-24,R$ 600.00,Pago com sucesso no catão de crédito em 5 parcelas. Atendimento N° 11795,E,132
5864,29-Feb-24,R$ 150.00,Pago com sucesso da parcela n° 5 do atendimento 11732,E,133
5865,29-Feb-24,R$ 268.00,Pago com sucesso da parcela n° 6 do atendimento 11723,E,133
5866,29-Feb-24,R$ 100.00,Pago com atraso da parcela n° 2 do atendimento 11749,E,133
5867,01-Mar-24,R$ 300.00,Pago com atraso da parcela n° 1 do atendimento 11773,E,134
5868,25-Jan-24,R$ 750.00,Pago com sucesso no catão de crédito em 1 parcelas. Atendimento N° 11797,E,132
5869,27-Jan-24,R$ 250.00,Pago com sucesso em dinheiro. Atendimento N° 11798,E,132
5870,29-Jan-24,R$ 85.00,Pago com sucesso em dinheiro. Atendimento N° 11799,E,132
5871,30-Jan-24,R$ 100.00,Pagamento de entrada. Atendimento N° 11800,E,132
5872,06-Feb-24,R$ 110.00,Pago com atraso da parcela n° 1 do atendimento 11800,E,133
5873,31-Jan-24,R$ 180.00,Pago com sucesso no catão de crédito em 2 parcelas. Atendimento N° 11801,E,132
5874,31-Jan-24,R$ 200.00,Pagamento de entrada. Atendimento N° 11802,E,132
5875,04-Mar-24,R$ 100.00,Pago com sucesso da parcela n° 5 do atendimento 11731,E,134
5876,05-Mar-24,R$ 110.00,Pago com sucesso da parcela n° 2 do atendimento 11800,E,134
5877,17-Jan-24,R$ 200.00,Pago com sucesso da parcela n° 1 do atendimento 11787,E,132
5878,06-Mar-24,R$ 200.00,Pago com atraso da parcela n° 2 do atendimento 11787,E,134
5879,08-Mar-24,R$ 140.00,Pago com atraso da parcela n° 4 do atendimento 11644,E,134
5880,08-Mar-24,R$ 100.00,Pago com sucesso da parcela n° 5 do atendimento 11735,E,134
5881,01-Feb-24,R$ 375.00,Pagamento de entrada. Atendimento N° 11803,E,133
5882,11-Mar-24,R$ 250.00,Pago com atraso da parcela n° 5 do atendimento 11733,E,134
5883,11-Mar-24,R$ 250.00,Pago com atraso da parcela n° 1 do atendimento 11802,E,134
5884,11-Mar-24,R$ 100.00,Pago com atraso da parcela n° 3 do atendimento 11768,E,134
5885,12-Mar-24,R$ 540.00,Pago com atraso da parcela n° 1 do atendimento 11782,E,134
5886,04-Mar-24,R$ 130.00,Pago com atraso da parcela n° 2 do atendimento 11720,E,134
5887,29-Jan-24,R$ 130.00,Pago com atraso da parcela n° 3 do atendimento 11720,E,132
5888,02-Mar-24,R$ 130.00,Pago com atraso da parcela n° 4 do atendimento 11720,E,134
5889,31-Jan-24,R$ 140.00,Pago com sucesso da parcela n° 1 do atendimento 11767,E,132
5890,06-Mar-24,R$ 140.00,Pago com atraso da parcela n° 2 do atendimento 11767,E,134
5891,01-Feb-24,"R$ 1,550.00",Pago com sucesso no catão de crédito em 7 parcelas. Atendimento N° 11804,E,133
5892,05-Feb-24,"R$ 1,680.00",Pago com sucesso no catão de crédito em 7 parcelas. Atendimento N° 11805,E,133
5893,15-Feb-24,R$ 750.00,Pago com sucesso no cartão de débito. Atendimento N° 11810,E,133
5894,16-Feb-24,R$ 750.00,Pago com sucesso no catão de crédito em 6 parcelas. Atendimento N° 11811,E,133
5895,19-Feb-24,R$ 670.00,Pago com sucesso no catão de crédito em 5 parcelas. Atendimento N° 11812,E,133
5896,20-Feb-24,R$ 450.00,Pago com sucesso no catão de crédito em 4 parcelas. Atendimento N° 11814,E,133
5897,23-Feb-24,"R$ 1,365.00",Pago com sucesso no catão de crédito em 7 parcelas. Atendimento N° 11815,E,133
5898,24-Feb-24,R$ 400.00,Pago com sucesso em dinheiro. Atendimento N° 11816,E,133
5899,29-Feb-24,R$ 960.00,Pago com sucesso em dinheiro. Atendimento N° 11817,E,133
5900,29-Feb-24,"R$ 1,100.00",Pago com sucesso em dinheiro. Atendimento N° 11818,E,133
5901,28-Feb-24,R$ 210.00,Pago com sucesso no catão de crédito em 1 parcelas. Atendimento N° 11819,E,133
5902,20-Mar-24,R$ 164.00,Pago com sucesso da parcela n° 1 do atendimento 11813,E,134
5903,20-Mar-24,R$ 235.00,Pago com atraso da parcela n° 5 do atendimento 11721,E,134
5904,29-Feb-24,"R$ 3,500.00",Pago com sucesso no catão de crédito em 10 parcelas. Atendimento N° 11820,E,133
5905,11-Mar-24,R$ 190.00,Pago com sucesso da parcela n° 1 do atendimento 11785,E,134
5906,01-Mar-24,R$ 552.00,Pago com sucesso no catão de crédito em 6 parcelas. Atendimento N° 11821,E,134
5907,01-Mar-24,R$ 100.00,Pagamento de entrada. Atendimento N° 11823,E,134
5908,04-Mar-24,R$ 400.00,Pago com sucesso em dinheiro. Atendimento N° 11824,E,134
5909,21-Mar-24,R$ 247.50,Pago com sucesso da parcela n° 8 do atendimento 11688,E,134
5910,02-Mar-24,R$ 50.00,Pagamento de entrada. Atendimento N° 11825,E,134
5911,05-Mar-24,"R$ 1,700.00",Pago com sucesso no catão de crédito em 10 parcelas. Atendimento N° 11827,E,134
5912,06-Mar-24,"R$ 1,400.00",Pago com sucesso no catão de crédito em 4 parcelas. Atendimento N° 11828,E,134
5913,01-Aug-23,R$ 378.81,BOLETO SIGNUS,S,127
5914,04-Aug-23,R$ 150.00,PODCAST LAERTE / TONY,S,127
5915,07-Aug-23,R$ 20.00,BOLETO HOYA,S,127
5916,09-Aug-23,R$ 36.88,BOLETO CEMAR,S,127
5917,10-Aug-23,R$ 96.00,BOLETO VIRTUAL X,S,127
5918,11-Aug-23,R$ 525.00,BOLETO HOYA,S,127
5919,14-Aug-23,R$ 40.00,BOLETO HOYA,S,127
5920,14-Aug-23,R$ 520.02,BOLETO MARESIA NF1987,S,127
5921,14-Aug-23,R$ 119.82,BOLETO OI FIBRA,S,127
5922,16-Aug-23,"R$ 1,400.00",BOLETO ALUGUEL LOJA,S,127
5923,21-Aug-23,R$ 202.41,BOLETO IMPOSTO DAS,S,127
5924,25-Aug-23,R$ 400.00,BOLETO CONTADOR,S,127
5925,28-Aug-23,R$ 425.36,BOLETO FOCCO BRASIL OBEN,S,127
5926,28-Aug-23,R$ 9.90,BOLETO HOYA,S,127
5927,31-Aug-23,R$ 279.98,BOLETO HAYTEK 3593 NF2351756,S,127
5928,31-Aug-23,"R$ 1,897.88",BOLETO LABORATORIOS DIVERSOS,,0
5929,31-Aug-23,"R$ 2,171.50",BOLETO LABORATORIOS DIVERSOS,S,127
5930,31-Aug-23,"R$ 3,344.00",BOLETO DESPESAS DIVERSAS,S,127
5931,04-Sep-23,R$ 9.90,BOLETO HOYA,S,128
5932,09-Sep-23,R$ 217.50,BOLETO HOYA 3612,S,128
5933,09-Sep-23,R$ 9.90,BOLETO HOYA 3612M,S,128
5934,11-Sep-23,R$ 20.64,BOLETO CEMAR,S,128
5935,11-Sep-23,R$ 50.26,BOLETO HOYA,S,128
5936,11-Sep-23,R$ 96.00,BOLETO VIRTUAL X,S,128
5937,12-Sep-23,R$ 520.02,BOLETO MARESIA NF 1987,S,128
5938,12-Sep-23,R$ 122.26,BOLETO OI FIBRA,S,128
5939,12-Sep-23,R$ 369.76,BOLETO HOYA 3611A,S,128
5941,14-Sep-23,"R$ 1,400.00",BOLETO ALUGUEL LOJA,S,128
5942,18-Sep-23,R$ 469.96,"BOLETO HAYTEK 3604, 3606",S,128
5943,18-Sep-23,R$ 155.65,BOLETO ENCARGO GIRO BNB FNE,S,128
5944,18-Sep-23,R$ 469.96,"BOLETO HAYTEK 3604, 3606",S,128
5945,20-Sep-23,R$ 316.89,BOLETO IMPOSTO DAS,S,128
5946,25-Sep-23,R$ 400.00,BOLETO CONTADOR,S,128
5947,27-Sep-23,R$ 425.36,BOLETO FOCCO BRASIL OBEN NF 4542,S,128
5948,26-Mar-24,R$ 100.00,Pago com atraso da parcela n° 3 do atendimento 11749,E,134
5949,26-Mar-24,R$ 280.00,Pago com atraso da parcela n° 1 do atendimento 11809,E,134
5950,26-Mar-24,R$ 268.00,Pago com sucesso da parcela n° 7 do atendimento 11723,E,134
5951,28-Sep-23,R$ 326.87,IMPOSTO DAS DIFERENÇA,S,128
5952,29-Sep-23,R$ 636.00,BOLETO ARMAÇÃO SOL&MAR,S,128
5953,30-Sep-23,R$ 401.00,BOLETO DESPESA LAB. DIVERSOS,S,128
5954,30-Sep-23,"R$ 3,344.00",BOLETO MATERIAL EXPEDIENTE E FUNCION,S,128
5955,06-Mar-24,R$ 400.00,Pagamento de entrada. Atendimento N° 11829,E,134
5956,01-Apr-24,R$ 375.00,Pago com atraso da parcela n° 1 do atendimento 11803,E,135
5957,02-Oct-23,R$ 899.96,"BOLETO HAYTEK 3609, 3614",S,129
5958,02-Oct-23,R$ 9.90,BOLETO HOYA,S,129
5959,02-Oct-23,R$ 190.00,BOLETO CERTIFICADO DIGITAL,S,129
5960,09-Oct-23,R$ 55.08,BOLETO CEMAR LOJA,S,129
5961,10-Oct-23,R$ 96.00,BOLETO VIRTUAL X,S,129
5962,11-Oct-23,"R$ 1,400.00",BOLETO ALUGUEL LOJA,S,129
5963,12-Oct-23,R$ 369.76,BOLETO HOYA 3611,S,129
5964,12-Oct-23,R$ 9.90,BOLETO HOYA 3611M,S,129
5965,12-Oct-23,R$ 99.00,BOLETO HOYA 3613,S,129
5966,12-Oct-23,R$ 9.90,BOLETO HOYA 3613M,S,129
5967,13-Oct-23,R$ 520.02,BOLETO MARESIA NF 1987,S,129
5968,16-Oct-23,R$ 279.98,BOLETO HAYTEK 3622,S,129
5969,16-Oct-23,R$ 119.01,BOLETO OI FIBRA,S,129
5970,17-Oct-23,R$ 198.06,BOLETO BNB ENCARGOS GIRO FNE,S,129
5971,20-Oct-23,R$ 295.60,BOLETO IMPOSTO DAS,S,129
5972,24-Oct-23,R$ 400.00,BOLETO CONTADOR,S,129
5973,25-Oct-23,R$ 574.91,BOLETO LABO OPTICA 3630,S,129
5974,27-Oct-23,R$ 425.36,BOLETO FOCCO BRASIL OBEN NF 4542,S,129
5975,30-Oct-23,R$ 475.65,BOLETO LABO OPTICA 3625,S,129
5976,30-Oct-23,R$ 185.03,BOLETO LABO OPTICA 3632,S,129
5977,31-Oct-23,R$ 329.98,BOLETO HAYTEK 3631,S,129
5978,31-Oct-23,R$ 538.00,BOLETO LABORAT DIVERSOS,S,129
5979,31-Oct-23,"R$ 3,344.00",BOLETO MATERIAL EXPED E FUNCION,S,129
5980,03-Apr-24,R$ 250.00,Pago com atraso da parcela n° 1 do atendimento 11771,E,135
5981,04-Apr-24,R$ 200.00,Pago com atraso da parcela n° 3 do atendimento 11787,E,135
5982,04-Apr-24,R$ 140.00,Pago com atraso da parcela n° 5 do atendimento 11644,E,135
5983,09-Nov-23,R$ 43.49,BOLETO CEMAR,S,131
5984,09-Nov-23,R$ 145.50,BOLETO HOYA 3641,S,131
5985,09-Nov-23,R$ 9.90,BOLETO HOYA 3641M,S,131
5986,10-Nov-23,R$ 105.00,BOLETO VIRTUAL X,S,131
5987,13-Nov-23,R$ 345.13,BOLETO LUXOTICA NF8111884,S,131
5988,13-Nov-23,R$ 520.02,BOLETO MARESIA NF 19874-4,S,131
5989,14-Nov-23,"R$ 1,400.00",BOLETO ALUGUEL LOJA,S,131
5990,16-Nov-23,R$ 599.96,"BOLETO HAYTEK 3633, 3634",S,131
5991,16-Nov-23,R$ 119.75,BOLETO OI FIBRA,S,131
5992,17-Nov-23,R$ 775.39,BOLETO GIRO BNB FNE 1ª,S,131
5993,20-Nov-23,R$ 280.72,BOLETO LUXOTICA NF 8132945,S,131
5994,20-Nov-23,R$ 216.79,BOLETO IMPOSTO DAS,S,131
5995,20-Nov-23,R$ 569.50,BOLETO HOYA 3644,S,131
5996,20-Nov-23,R$ 9.90,BOLETO HOYA 3644M,S,131
5997,20-Nov-23,R$ 239.00,BOLETO HOYA 3645,S,131
5998,20-Nov-23,R$ 9.90,BOLETO HOYA 3645M,S,131
5999,21-Nov-23,R$ 219.76,BOLETO HOYA 3652,S,131
6000,21-Nov-23,R$ 9.90,BOLETO HOYA 3652M,S,131
6001,21-Nov-23,R$ 422.26,BOLETO HOYA 3653,S,131
6002,21-Nov-23,R$ 9.90,BOLETO HOYA 3653M,S,131
6003,08-Apr-24,R$ 110.00,Pago com atraso da parcela n° 3 do atendimento 11800,E,135
6004,06-Apr-24,R$ 140.00,Pago com sucesso da parcela n° 1 do atendimento 11823,E,135
6005,06-Apr-24,R$ 140.00,Pago com sucesso da parcela n° 2 do atendimento 11823,E,135
6006,06-Apr-24,R$ 140.00,Pago com sucesso da parcela n° 3 do atendimento 11823,E,135
6007,08-Apr-24,R$ 125.00,Pago com atraso da parcela n° 1 do atendimento 11695,E,135
6008,08-Apr-24,R$ 125.00,Pago com atraso da parcela n° 2 do atendimento 11695,E,135
6009,10-Apr-24,R$ 540.00,Pago com atraso da parcela n° 2 do atendimento 11782,E,135
6010,09-Apr-24,R$ 205.00,Pago com atraso da parcela n° 1 do atendimento 11769,E,135
6011,09-Apr-24,R$ 205.00,Pago com atraso da parcela n° 2 do atendimento 11769,E,135
6012,29-Mar-24,R$ 150.00,Pago com atraso da parcela n° 5 do atendimento 11495,E,134
6013,12-Mar-24,R$ 130.00,Pago com atraso da parcela n° 1 do atendimento 11796,E,134
6014,12-Apr-24,R$ 130.00,Pago com atraso da parcela n° 2 do atendimento 11796,E,135
6015,13-Mar-24,"R$ 1,000.00",Pago com sucesso em dinheiro. Atendimento N° 11830,E,134
6016,15-Mar-24,R$ 150.00,Pago com sucesso em dinheiro. Atendimento N° 11831,E,134
6017,16-Apr-24,R$ 250.00,Pago com sucesso da parcela n° 1 do atendimento 11829,E,135
6018,18-Apr-24,R$ 300.00,Pago com atraso da parcela n° 5 do atendimento 11722,E,135
6019,18-Apr-24,R$ 300.00,Pago com atraso da parcela n° 6 do atendimento 11722,E,135
6020,20-Apr-24,R$ 164.00,Pago com sucesso da parcela n° 2 do atendimento 11813,E,135
6021,22-Apr-24,R$ 250.00,Pago com atraso da parcela n° 2 do atendimento 11802,E,135
6022,08-Apr-24,R$ 300.00,Pagamento de entrada. Atendimento N° 11832,E,135
6023,26-Feb-24,R$ 320.00,Pago com atraso da parcela n° 1 do atendimento 11808,E,133
6024,24-Apr-24,R$ 320.00,Pago com atraso da parcela n° 2 do atendimento 11808,E,135
6025,24-Apr-24,R$ 270.00,Pago com sucesso da parcela n° 1 do atendimento 11832,E,135
6026,25-Apr-24,R$ 280.00,Pago com sucesso da parcela n° 2 do atendimento 11809,E,135
6027,19-Mar-24,R$ 50.00,Pago com sucesso da parcela n° 6 do atendimento 11765,E,134
6028,18-Mar-24,R$ 390.00,Pago com sucesso no catão de crédito em 4 parcelas. Atendimento N° 11834,E,134
6029,18-Mar-24,R$ 874.00,Pago com sucesso no catão de crédito em 2 parcelas. Atendimento N° 11835,E,134
6030,23-Mar-24,"R$ 3,700.00",Pago com sucesso no catão de crédito em 10 parcelas. Atendimento N° 11836,E,134
6031,30-Mar-24,R$ 300.00,Pago com sucesso em dinheiro. Atendimento N° 11837,E,134
6032,29-Apr-24,R$ 140.00,Pago com atraso da parcela n° 5 do atendimento 11715,E,135
6033,04-May-24,R$ 300.00,Pago com atraso da parcela n° 1 do atendimento 11833,E,136
6034,04-May-24,R$ 165.00,Pago com sucesso da parcela n° 1 do atendimento 11838,E,136
6035,06-May-24,R$ 200.00,Pago com atraso da parcela n° 4 do atendimento 11787,E,136
6036,28-Apr-24,R$ 268.00,Pago com sucesso da parcela n° 8 do atendimento 11723,E,135
6037,07-May-24,R$ 110.00,Pago com atraso da parcela n° 4 do atendimento 11800,E,136
6038,10-May-24,R$ 250.00,Pago com sucesso da parcela n° 2 do atendimento 11829,E,136
6039,02-Apr-24,"R$ 1,000.00",Pago com sucesso no catão de crédito em 10 parcelas. Atendimento N° 11839,E,135
6040,11-May-24,R$ 140.00,Pago com atraso da parcela n° 3 do atendimento 11763,E,136
6041,11-May-24,R$ 140.00,Pago com atraso da parcela n° 4 do atendimento 11763,E,136
6042,14-May-24,R$ 375.00,Pago com atraso da parcela n° 2 do atendimento 11803,E,136
6043,11-May-24,R$ 205.00,Pago com atraso da parcela n° 3 do atendimento 11769,E,136
6044,15-May-24,R$ 130.00,Pago com atraso da parcela n° 3 do atendimento 11796,E,136
6045,15-May-24,R$ 540.00,Pago com atraso da parcela n° 3 do atendimento 11782,E,136
6046,06-Apr-24,"R$ 1,000.00",Pagamento de entrada. Atendimento N° 11840,E,135
6047,06-Apr-24,R$ 0.01,Pago com sucesso em dinheiro. Atendimento N° 11841,E,135
6048,06-Apr-24,R$ 40.00,Pagamento de entrada. Atendimento N° 11842,E,135
6049,10-Apr-24,"R$ 3,140.00",Pago com sucesso no catão de crédito em 10 parcelas. Atendimento N° 11843,E,135
6050,20-May-24,R$ 164.00,Pago com sucesso da parcela n° 3 do atendimento 11813,E,136
6051,11-Apr-24,R$ 290.00,Pago com sucesso em dinheiro. Atendimento N° 11844,E,135
6052,13-Apr-24,R$ 800.00,Pago com sucesso no catão de crédito em 6 parcelas. Atendimento N° 11847,E,135
6053,15-Apr-24,"R$ 1,500.00",Pago com sucesso em dinheiro. Atendimento N° 11848,E,135
6054,16-Apr-24,R$ 85.00,Pago com sucesso em dinheiro. Atendimento N° 11849,E,135
6055,20-Apr-24,R$ 250.00,Pago com sucesso no catão de crédito em 1 parcelas. Atendimento N° 11851,E,135
6056,23-Apr-24,R$ 250.00,Pago com sucesso em dinheiro. Atendimento N° 11852,E,135
6057,30-Apr-24,R$ 140.00,Pago com sucesso em dinheiro. Atendimento N° 11854,E,135
6058,24-Apr-24,R$ 400.00,Pago com sucesso da parcela n° 1 do atendimento 11840,E,135
6059,22-May-24,R$ 250.00,Pago com atraso da parcela n° 3 do atendimento 11802,E,136
6060,03-May-24,R$ 700.00,Pago com sucesso em dinheiro. Atendimento N° 11855,E,136
6061,03-May-24,R$ 750.00,Pago com sucesso em dinheiro. Atendimento N° 11856,E,136
6062,07-May-24,R$ 740.00,Pago com sucesso no catão de crédito em 1 parcelas. Atendimento N° 11857,E,136
6063,24-Nov-23,R$ 33.82,BOLETO LUXOTICA NF 8147243,S,131
6064,25-Nov-23,R$ 400.00,BOLETO CONTADOR,S,131
6065,27-Nov-23,R$ 425.38,BOLETO FOCCO BRASIL OBEN NF4542,S,131
6066,27-Nov-23,R$ 239.40,BOLETO LABO OPTICA 3647,S,131
6067,28-Nov-23,R$ 350.00,BOLETO CALENDARIOS 50%,S,131
6068,30-Nov-23,R$ 704.45,BOLETO LABORATORIOS DIVERSOS,S,131
6069,30-Nov-23,"R$ 3,344.00",BOLETO MATERIAL EXPED E FUNCION,S,131
6070,17-May-24,R$ 96.00,Pago com atraso da parcela n° 1 do atendimento 11690,E,136
6071,17-May-24,R$ 96.00,Pago com atraso da parcela n° 2 do atendimento 11690,E,136
6072,17-May-24,R$ 96.00,Pago com atraso da parcela n° 3 do atendimento 11690,E,136
6073,17-May-24,R$ 96.00,Pago com atraso da parcela n° 4 do atendimento 11690,E,136
6074,25-May-24,R$ 280.00,Pago com sucesso da parcela n° 3 do atendimento 11809,E,136
6075,15-May-24,R$ 700.00,Pago com sucesso em dinheiro. Atendimento N° 11860,E,136
6076,27-May-24,R$ 400.00,Pago com atraso da parcela n° 2 do atendimento 11840,E,136
6077,29-May-24,R$ 268.00,Pago com sucesso da parcela n° 9 do atendimento 11723,E,136
6078,29-May-24,R$ 387.00,Pago com atraso da parcela n° 5 do atendimento 11737,E,136
6079,29-May-24,R$ 387.00,Pago com atraso da parcela n° 6 do atendimento 11737,E,136
6080,29-May-24,R$ 387.00,Pago com atraso da parcela n° 7 do atendimento 11737,E,136
6081,29-May-24,R$ 387.00,Pago com atraso da parcela n° 8 do atendimento 11737,E,136
6082,20-May-24,R$ 100.00,Pagamento de entrada. Atendimento N° 11863,E,136
6083,22-May-24,"R$ 2,200.00",Pago com sucesso no catão de crédito em 10 parcelas. Atendimento N° 11864,E,136
6084,31-May-24,R$ 70.00,Pago com atraso da parcela n° 1 do atendimento 11842,E,136
6085,23-May-24,R$ 350.00,Pago com sucesso em dinheiro. Atendimento N° 11865,E,136
6086,29-May-24,R$ 748.00,Pago com sucesso no catão de crédito em 2 parcelas. Atendimento N° 11868,E,136
6087,31-May-24,"R$ 1,000.00",Pago com sucesso no catão de crédito em 5 parcelas. Atendimento N° 11869,E,136
6088,31-May-24,R$ 235.00,Pago com atraso da parcela n° 6 do atendimento 11721,E,136
6089,03-Jun-24,R$ 340.00,Pago com atraso da parcela n° 3 do atendimento 11808,E,137
6090,03-Jun-24,R$ 165.00,Pago com sucesso da parcela n° 2 do atendimento 11838,E,137
6091,04-Jun-24,R$ 325.00,Pago com atraso da parcela n° 4 do atendimento 11502,E,137
6092,04-Jun-24,R$ 200.00,Pago com atraso da parcela n° 5 do atendimento 11787,E,137
6093,10-May-24,R$ 312.50,Pago com sucesso da parcela n° 1 do atendimento 11853,E,136
6094,04-Jun-24,R$ 312.50,Pago com sucesso da parcela n° 2 do atendimento 11853,E,137
6095,04-Jun-24,R$ 250.00,Pago com sucesso da parcela n° 1 do atendimento 11862,E,137
6096,04-Jun-24,R$ 900.00,Pago com sucesso no catão de crédito em 6 parcelas. Atendimento N° 11870,E,137
6097,01-Dec-23,R$ 119.98,BOLETO HAYTEK 3638,S,130
6098,01-Dec-23,R$ 199.03,BOLETO LABO OPTICA 3650,S,130
6099,06-Dec-23,R$ 273.13,BOLETO LABO OPTICA 3654,S,130
6100,11-Dec-23,R$ 345.13,BOLETO UXOTICA NF 8111884,S,130
6101,11-Dec-23,R$ 520.04,BOLETO MARESIA NF 1987-5,S,130
6102,11-Dec-23,R$ 105.00,BOLETO VIRTUAL X NF ELETRONICA,S,130
6103,12-Dec-23,R$ 356.25,BOLETO CEMAR LOJA,S,130
6104,13-Dec-23,R$ 122.19,BOLETO OI FIBRA,S,130
6105,14-Dec-23,"R$ 1,400.00",BOLETO ALUGUEL LOJA,S,130
6106,15-Dec-23,R$ 104.53,BOLETO LUXOTICA NF 8204241,S,130
6107,15-Dec-23,R$ 888.41,BOLETO SIGNUS NF 64254,S,130
6108,06-Jun-24,R$ 300.00,Pago com atraso da parcela n° 2 do atendimento 11833,E,137
6109,06-Jun-24,R$ 270.00,Pago com sucesso da parcela n° 2 do atendimento 11832,E,137
6110,15-Dec-23,R$ 217.50,BOLETO HOYA 3661,S,130
6111,15-Dec-23,R$ 20.00,BOLETO HOYA 3661M,S,130
6112,18-Dec-23,R$ 349.96,"BOLETO HAYTEK 3646, 3656",S,130
6113,18-Dec-23,R$ 761.08,BOLETO GIRO FNE BNB 2ª,S,130
6114,19-Dec-23,R$ 280.72,BOLETO LUXOTICA NF 8132945,S,130
6115,20-Dec-23,R$ 472.36,BOLETO IMPOSTO DAS,S,130
6116,21-Dec-23,R$ 66.90,BOLETO LUXOTICA NF 8234358,S,130
6117,26-Dec-23,R$ 33.82,BOLETO LUXOTICA NF 8147243,S,130
6118,26-Dec-23,R$ 400.00,BOLETO CONTADOR,S,130
6119,30-Dec-23,R$ 20.85,BOLETO LUXOTICA NF 8279207,S,130
6120,30-Dec-23,R$ 246.00,BOLETO LABORAT. DIVERSOS,S,130
6121,30-Dec-23,"R$ 3,344.00",BOLETO MATERIAL EXP. E FUNCIONARIOS,S,130
6122,07-Jun-24,R$ 150.00,Pago com atraso da parcela n° 1 do atendimento 11807,E,137
6123,06-Jun-24,R$ 200.00,Pagamento de entrada. Atendimento N° 11871,E,137
6124,29-May-24,R$ 125.00,Pago com atraso da parcela n° 1 do atendimento 11822,E,136
6125,30-Apr-24,R$ 165.00,Pago com sucesso da parcela n° 1 do atendimento 11850,E,135
6126,01-Jun-24,R$ 165.00,Pago com sucesso da parcela n° 2 do atendimento 11850,E,137
6127,12-Jun-24,R$ 540.00,Pago com atraso da parcela n° 4 do atendimento 11782,E,137
6128,13-Apr-24,R$ 250.00,Pago com sucesso da parcela n° 1 do atendimento 11845,E,135
6129,17-May-24,R$ 250.00,Pago com sucesso da parcela n° 2 do atendimento 11845,E,136
6130,12-Jun-24,R$ 250.00,Pago com sucesso da parcela n° 3 do atendimento 11845,E,137
6131,08-Jun-24,R$ 573.76,BOLETO HOYA 3757,S,137
6132,08-Jun-24,R$ 9.90,BOLETO HOYA 3757M,S,137
6133,10-Jun-24,R$ 300.91,BOLETO CEMAR LOJA,S,137
6134,10-Jun-24,R$ 105.00,BOLETO VIRTUAL (NFE),S,137
6135,11-Jun-24,"R$ 1,400.00",BOLETO ALUGUEL LOJA,S,137
6136,12-Jun-24,R$ 122.68,BOLETO OI FIBRA,S,137
6138,09-Jan-24,R$ 325.00,BOLETO FOLHINHA 2ª PARC,S,132
6139,10-Jan-24,R$ 345.13,BOLETO LUXOTICA NF 8111884 3ª PARC,S,132
6140,10-Jan-24,R$ 105.00,BOLETO VIRTUAL X (NFE),S,132
6141,10-Jan-24,R$ 145.50,BOLETO HOYA 3672,S,132
6142,10-Jan-24,R$ 20.00,BOLETO HOYA 3672M,S,132
6143,12-Jan-24,R$ 318.19,BOLETO CEMAR LOJA,S,132
6144,12-Jan-24,R$ 119.75,BOLETO OI FIBRA,S,132
6145,15-Jan-24,R$ 104.53,BOLETO LUXOTICA NF 8204241,S,132
6146,15-Jan-24,R$ 888.41,BOLETO SIGNUS NF 164254 2ª PARC,S,132
6147,16-Jan-24,R$ 422.26,BOLETO HOYA 3676,S,132
6148,16-Jan-24,R$ 9.90,BOLETO HOYA 3676M,S,132
6149,16-Jan-24,R$ 592.50,BOLETO HOYA 3677,S,132
6150,16-Jan-24,R$ 9.90,BOLETO HOYA 3677M,S,132
6151,16-Jan-24,R$ 437.50,BOLETO HOYA 3678,S,132
6152,16-Jan-24,R$ 9.90,BOLETO HOYA 3678M,S,132
6153,16-Jan-24,R$ 217.50,BOLETO HOYA 3679,S,132
6154,16-Jan-24,R$ 9.90,BOLETO HOYA 3679M,S,132
6155,17-Jan-24,"R$ 1,089.59","BOLETO HAYTEK 3662, 3663, 3664, 3665",S,132
6156,17-Jan-24,R$ 763.25,BOLETO GIRO FNE BNB 3ª PARC,S,132
6157,18-Jan-24,R$ 280.72,BOLETO LUXOTICA NF 8132945,S,132
6158,22-Jan-24,R$ 133.80,BOLETO IMPOSTO DAS,S,132
6159,22-Jan-24,R$ 66.90,BOLETO LUXOTICA NF 8234358,S,132
6160,22-Jan-24,R$ 18.25,BOLETO LUXOTICA NF 8361979,S,132
6161,22-Jan-24,"R$ 1,400.00",BOLETO ALUGUEL LOJA,S,132
6162,22-Jan-24,R$ 217.50,BOLETO HOYA 3679,S,132
6163,22-Jan-24,R$ 20.00,BOLETO HOYA 3679M,S,132
6164,22-Jan-24,R$ 613.50,BOLETO HOYA 3683,S,132
6165,22-Jan-24,R$ 9.90,BOLETO HOYA 3683M,S,132
6166,23-Jan-24,R$ 33.82,BOLETO LUXOTICA NF 8147243,S,132
6167,25-Jan-24,R$ 400.00,BOLETO CONTADOR,S,132
6168,29-Jan-24,R$ 20.85,BOLETO LUXOTICA NF 8279207,S,132
6169,31-Jan-24,R$ 303.64,"BOLETO HAYTEK 3669, 3674",S,132
6170,31-Jan-24,"R$ 1,269.95",BOLETO LABORAT DIVERSOS,S,132
6171,31-Jan-24,"R$ 3,344.00",BOLETO MATERIAL EXPED E FUNCION.,S,132
6172,13-Jun-24,R$ 130.00,Pago com atraso da parcela n° 4 do atendimento 11796,E,137
6173,14-Jun-24,R$ 250.00,Pago com sucesso da parcela n° 1 do atendimento 11859,E,137
6174,02-Apr-24,R$ 130.00,Pago com atraso da parcela n° 5 do atendimento 11720,E,135
6175,01-Feb-24,R$ 696.76,BOLETO HOYA 3692,S,133
6176,01-Feb-24,R$ 9.90,BOLETO HOYA 3692M,S,133
6177,06-Feb-24,R$ 513.00,BOLETO HOYA 3693,S,133
6178,06-Feb-24,R$ 9.90,BOLETO HOYA 3693M,S,133
6179,08-Feb-24,R$ 313.85,BOLETO CEMAR LOJA,S,133
6180,08-Feb-24,R$ 573.00,BOLETO HOYA 3699,S,133
6181,08-Feb-24,R$ 9.90,BOLETO HOYA 3699M,S,133
6182,09-Feb-24,R$ 104.53,BOLETO LUXOTICA NF 8204241,S,133
6183,09-Feb-24,R$ 345.13,BOLETO LUXOTICA NF 8111884,S,133
6184,09-Feb-24,R$ 888.41,BOLETO SIGNUS NF164254 3ª,S,133
6185,09-Feb-24,R$ 105.00,BOLETO VIRTUAL X,S,133
6186,15-Feb-24,R$ 119.75,BOLETO OI FIBRA,S,133
6187,15-Feb-24,"R$ 1,400.00",BOLETO ALUGUEL LOJA,S,133
6188,16-Feb-24,R$ 509.28,"BOLETO HAYTEK 3673, 3680, 3681, 3691",S,133
6189,16-Feb-24,R$ 180.00,BOLETO OFFICE E ANTIVIRUS,S,133
6190,19-Feb-24,R$ 280.72,BOLETO LUXOTICA NF 8132945,S,133
6191,19-Feb-24,R$ 751.58,BOLETO GIRO FNE BNB 4ª,S,133
6192,20-Feb-24,R$ 269.21,BOLETO IMPOSTO DAS (NFE),S,133
6193,20-Feb-24,R$ 66.90,BOLETO LUXOTICA NF 8234358,S,133
6194,20-Feb-24,R$ 18.25,BOLETO LUXOTICA NF 8361979,S,133
6195,22-Feb-24,R$ 33.82,BOLETO LUXOTICA NF 8147243,S,133
6196,26-Feb-24,R$ 400.00,BOLETO CONTADOR,S,133
6197,28-Feb-24,R$ 20.85,BOLETO LUXOTICA NF 8279207,S,133
6198,29-Feb-24,R$ 786.45,BOLETO DESPESAS LABORATORIOS DIVERSOS,S,133
6199,29-Feb-24,"R$ 3,344.00",BOLETO MATERIAL EXPEDIENTE/FUNCION,S,133
6200,17-Jun-24,R$ 250.00,Pago com sucesso da parcela n° 3 do atendimento 11829,E,137
6201,25-May-24,R$ 250.00,Pagamento de entrada. Atendimento N° 11866,E,136
6202,10-Jun-24,R$ 950.00,Pago com sucesso no catão de crédito em 6 parcelas. Atendimento N° 11874,E,137
6203,15-Jun-24,R$ 600.00,Pago com sucesso em dinheiro. Atendimento N° 11875,E,137
6204,17-Jun-24,R$ 300.00,Pago com sucesso no catão de crédito em 1 parcelas. Atendimento N° 11877,E,137
6205,20-Jun-24,R$ 164.00,Pago com sucesso da parcela n° 4 do atendimento 11813,E,137
6206,06-Jun-24,R$ 200.00,Pago com sucesso da parcela n° 1 do atendimento 11858,E,137
6207,21-Jun-24,R$ 300.00,Pago com atraso da parcela n° 1 do atendimento 11863,E,137
6208,17-Jun-24,"R$ 1,440.00",Pago com sucesso no catão de crédito em 5 parcelas. Atendimento N° 11878,E,137
6209,21-Jun-24,R$ 250.00,Pago com sucesso da parcela n° 1 do atendimento 11872,E,137
6210,17-Jun-24,R$ 419.00,BOLETO HB VISION TOP CLUB NF 4067 2ª,S,137
6211,18-Jun-24,R$ 528.60,BOLETO HOYA 3761,S,137
6212,18-Jun-24,R$ 9.90,BOLETO HOYA 3761M,S,137
6213,19-Jun-24,R$ 18.25,BOLETO LUXOTICA NF 8361979,S,137
6214,19-Jun-24,R$ 318.50,BOLETO UNILAB 3728 2ª,S,137
6215,20-Jun-24,R$ 318.00,BOLETO IMPOSTO DAS,S,137
6216,20-Jun-24,R$ 747.60,BOLETO HOYA 3764,S,137
6217,20-Jun-24,R$ 9.90,BOLETO HOYA 3764M,S,137
6218,01-Mar-24,R$ 262.50,BOLETO HOYA 3708L,S,134
6219,,R$ 0.00,BOLETO,,0
6220,24-Jun-24,R$ 320.00,Pago com atraso da parcela n° 4 do atendimento 11808,E,137
6221,24-Jun-24,R$ 70.00,Pago com atraso da parcela n° 2 do atendimento 11842,E,137
6222,11-Oct-24,R$ 575.00,Pago com atraso da parcela n° 1 do atendimento 11880,E,146
6223,13-Nov-24,R$ 575.00,Pago com atraso da parcela n° 2 do atendimento 11880,E,145
6224,11-Dec-24,R$ 575.00,Pago com atraso da parcela n° 3 do atendimento 11880,E,141
6225,25-Jun-24,"R$ 3,000.00",Pago com sucesso no catão de crédito em 1 parcelas. Atendimento N° 11881,E,137
6226,25-Jun-24,"R$ 1,000.00",Pago com sucesso em dinheiro. Atendimento N° 11882,E,137
6227,25-Jun-24,"R$ 1,000.00",Pagamento de entrada. Atendimento N° 11883,E,137
6228,26-Jun-24,R$ 1.00,Pago com sucesso em dinheiro. Atendimento N° 11884,E,137
6229,02-Jul-24,R$ 230.00,Pagamento de entrada. Atendimento N° 11885,E,139
6230,03-Jul-24,R$ 350.00,Pago com sucesso em dinheiro. Atendimento N° 11886,E,139
6231,04-Jul-24,R$ 1.00,Pago com sucesso em dinheiro. Atendimento N° 11887,E,139
6232,09-Jul-24,R$ 1.00,Pago com sucesso em dinheiro. Atendimento N° 11890,E,139
6233,10-Jul-24,R$ 400.00,Pagamento de entrada. Atendimento N° 11891,E,139
6234,11-Jul-24,"R$ 1,900.00",Pago com sucesso no catão de crédito em 8 parcelas. Atendimento N° 11892,E,139
6235,11-Jul-24,"R$ 1,750.00",Pago com sucesso no catão de crédito em 6 parcelas. Atendimento N° 11893,E,139
6236,12-Jul-24,R$ 400.00,Pago com sucesso no catão de crédito em 3 parcelas. Atendimento N° 11894,E,139
6237,13-Jul-24,R$ 700.00,Pago com sucesso no catão de crédito em 1 parcelas. Atendimento N° 11895,E,139
6238,13-Jul-24,R$ 240.00,Pagamento de entrada. Atendimento N° 11896,E,139
6239,15-Jul-24,R$ 600.00,Pago com sucesso em dinheiro. Atendimento N° 11897,E,139
6240,17-Jul-24,R$ 440.00,Pago com sucesso no catão de crédito em 1 parcelas. Atendimento N° 11898,E,139
6241,09-Jan-25,R$ 250.00,Pago com sucesso em dinheiro. Atendimento N° 11899,E,138
6242,24-Jul-24,R$ 700.00,Pago com sucesso em dinheiro. Atendimento N° 11901,E,139
6243,30-Jul-24,R$ 600.00,Pagamento de entrada. Atendimento N° 11902,E,139
6244,31-Jul-24,"R$ 1,000.00",Pagamento de entrada. Atendimento N° 11903,E,139
6245,01-Aug-24,R$ 150.00,Pagamento de entrada. Atendimento N° 11904,E,148
6246,06-Aug-24,R$ 1.00,Pago com sucesso em dinheiro. Atendimento N° 11906,E,148
6247,09-Aug-24,R$ 800.00,Pago com sucesso no catão de crédito em 4 parcelas. Atendimento N° 11907,E,148
6248,09-Aug-24,"R$ 1,300.00",Pago com sucesso em dinheiro. Atendimento N° 11908,E,148
6249,09-Aug-24,"R$ 3,000.00",Pago com sucesso em dinheiro. Atendimento N° 11909,E,148
6250,20-Aug-24,R$ 880.00,Pago com sucesso no catão de crédito em 6 parcelas. Atendimento N° 11910,E,148
6251,26-Aug-24,R$ 960.00,Pago com sucesso no catão de crédito em 6 parcelas. Atendimento N° 11912,E,148
6252,30-Aug-24,R$ 120.00,Pago com sucesso em dinheiro. Atendimento N° 11913,E,148
6253,03-Sep-24,R$ 200.00,Pagamento de entrada. Atendimento N° 11915,E,147
6254,04-Sep-24,R$ 330.00,Pago com sucesso em dinheiro. Atendimento N° 11916,E,147
6255,04-Sep-24,R$ 900.00,Pago com sucesso em dinheiro. Atendimento N° 11917,E,147
6256,06-Sep-24,R$ 140.00,Pagamento de entrada. Atendimento N° 11918,E,147
6257,09-Sep-24,R$ 900.00,Pago com sucesso no catão de crédito em 6 parcelas. Atendimento N° 11920,E,147
6258,13-Sep-24,R$ 100.00,Pagamento de entrada. Atendimento N° 11921,E,147
6259,13-Sep-24,R$ 400.00,Pago com sucesso no catão de crédito em 1 parcelas. Atendimento N° 11922,E,147
6260,14-Sep-24,R$ 300.00,Pago com sucesso no catão de crédito em 2 parcelas. Atendimento N° 11923,E,147
6261,16-Sep-24,R$ 200.00,Pagamento de entrada. Atendimento N° 11925,E,147
6262,17-Sep-24,"R$ 3,380.00",Pago com sucesso no catão de crédito em 6 parcelas. Atendimento N° 11926,E,147
6263,17-Sep-24,R$ 350.00,Pago com sucesso no catão de crédito em 3 parcelas. Atendimento N° 11927,E,147
6264,17-Sep-24,R$ 950.00,Pago com sucesso no catão de crédito em 3 parcelas. Atendimento N° 11928,E,147
6265,17-Sep-24,R$ 240.00,Pago com sucesso no catão de crédito em 2 parcelas. Atendimento N° 11929,E,147
6266,20-Sep-24,R$ 700.00,Pago com sucesso no catão de crédito em 5 parcelas. Atendimento N° 11930,E,147
6267,23-Sep-24,R$ 700.00,Pago com sucesso no catão de crédito em 6 parcelas. Atendimento N° 11931,E,147
6268,24-Sep-24,"R$ 1,700.00",Pagamento de entrada. Atendimento N° 11932,E,147
6269,24-Sep-24,R$ 220.00,Pago com sucesso no catão de crédito em 1 parcelas. Atendimento N° 11934,E,147
6270,30-Sep-24,"R$ 1,000.00",Pago com sucesso no catão de crédito em 1 parcelas. Atendimento N° 11935,E,147
6271,30-Sep-24,R$ 960.00,Pago com sucesso no catão de crédito em 6 parcelas. Atendimento N° 11936,E,147
6272,02-Oct-24,R$ 700.00,Pago com sucesso no catão de crédito em 5 parcelas. Atendimento N° 11937,E,146
6273,04-Oct-24,R$ 300.00,Pago com sucesso no catão de crédito em 2 parcelas. Atendimento N° 11938,E,146
6274,05-Oct-24,R$ 150.00,Pago com sucesso em dinheiro. Atendimento N° 11939,E,146
6275,11-Oct-24,R$ 550.00,Pago com sucesso no catão de crédito em 5 parcelas. Atendimento N° 11942,E,146
6276,14-Oct-24,R$ 900.00,Pago com sucesso no catão de crédito em 3 parcelas. Atendimento N° 11943,E,146
6278,18-Oct-24,R$ 300.00,Pago com sucesso em dinheiro. Atendimento N° 11946,E,146
6279,24-Oct-24,"R$ 1,450.00",Pago com sucesso no catão de crédito em 6 parcelas. Atendimento N° 11949,E,146
6280,28-Oct-24,R$ 700.00,Pago com sucesso no catão de crédito em 4 parcelas. Atendimento N° 11950,E,146
6281,28-Oct-24,R$ 500.00,Pago com sucesso em dinheiro. Atendimento N° 11951,E,146
6282,29-Oct-24,R$ 590.00,Pago com sucesso no catão de crédito em 3 parcelas. Atendimento N° 11953,E,146
6283,29-Oct-24,"R$ 1,000.00",Pagamento de entrada. Atendimento N° 11954,E,146
6284,01-Nov-24,R$ 340.00,Pagamento de entrada. Atendimento N° 11956,E,145
6285,04-Nov-24,R$ 150.00,Pago com sucesso em dinheiro. Atendimento N° 11957,E,145
6286,04-Nov-24,R$ 200.00,Pago com sucesso no catão de crédito em 2 parcelas. Atendimento N° 11958,E,145
6287,11-Nov-24,"R$ 1,400.00",Pago com sucesso em dinheiro. Atendimento N° 11959,E,145
6288,14-Nov-24,R$ 600.00,Pagamento de entrada. Atendimento N° 11960,E,145
6289,21-Nov-24,R$ 280.00,Pago com sucesso no catão de crédito em 1 parcelas. Atendimento N° 11962,E,145
6290,21-Nov-24,R$ 795.00,Pago com sucesso em dinheiro. Atendimento N° 11963,E,145
6291,21-Jan-25,R$ 250.00,Pago com sucesso da parcela n° 8 do atendimento 11872,E,138
6292,22-Nov-24,R$ 500.00,Pago com sucesso em dinheiro. Atendimento N° 11964,E,145
6293,25-Nov-24,R$ 700.00,Pago com sucesso em dinheiro. Atendimento N° 11965,E,145
6294,26-Nov-24,R$ 300.00,Pagamento de entrada. Atendimento N° 11966,E,145
6295,26-Nov-24,R$ 300.00,Pago com sucesso em dinheiro. Atendimento N° 11967,E,145
6296,28-Nov-24,R$ 990.00,Pago com sucesso no catão de crédito em 6 parcelas. Atendimento N° 11969,E,145
6297,02-Dec-24,R$ 225.00,Pagamento de entrada. Atendimento N° 11970,E,141
6298,03-Dec-24,R$ 300.00,Pago com sucesso no cartão de débito. Atendimento N° 11972,E,141
6299,06-Dec-24,"R$ 1,160.00",Pago com sucesso no catão de crédito em 5 parcelas. Atendimento N° 11973,E,141
6300,06-Dec-24,"R$ 1,100.00",Pago com sucesso no catão de crédito em 5 parcelas. Atendimento N° 11974,E,141
6301,12-Dec-24,R$ 230.00,Pagamento de entrada. Atendimento N° 11976,E,141
6302,11-Dec-24,R$ 460.00,Pago com sucesso em dinheiro. Atendimento N° 11978,E,141
6303,13-Dec-24,R$ 400.00,Pago com sucesso em dinheiro. Atendimento N° 11979,E,141
6304,13-Dec-24,"R$ 1,400.00",Pago com sucesso no catão de crédito em 6 parcelas. Atendimento N° 11980,E,141
6305,17-Dec-24,R$ 345.00,Pago com sucesso em dinheiro. Atendimento N° 11981,E,141
6306,20-Dec-24,R$ 155.00,Pago com sucesso no catão de crédito em 1 parcelas. Atendimento N° 11984,E,141
6307,23-Dec-24,R$ 505.00,Pago com sucesso no catão de crédito em 1 parcelas. Atendimento N° 11985,E,141
6308,28-Dec-24,R$ 250.00,Pago com sucesso no cartão de débito. Atendimento N° 11986,E,141
6309,02-Jan-25,"R$ 1,000.00",Pago com sucesso no catão de crédito em 5 parcelas. Atendimento N° 11988,E,138
6310,03-Jan-25,"R$ 1,000.00",Pago com sucesso em dinheiro. Atendimento N° 11989,E,138
6311,08-Jan-25,R$ 200.00,Pagamento de entrada. Atendimento N° 11991,E,138
6312,09-Jan-25,R$ 250.00,Pago com sucesso em dinheiro. Atendimento N° 11993,E,138
6313,10-Jan-25,R$ 910.00,Pago com sucesso no catão de crédito em 5 parcelas. Atendimento N° 11994,E,138
6314,11-Jan-25,R$ 950.00,Pago com sucesso no catão de crédito em 5 parcelas. Atendimento N° 11995,E,138
6315,13-Jan-25,R$ 300.00,Pagamento de entrada. Atendimento N° 11996,E,138
6316,01-Mar-24,R$ 28.00,BOLETO HOYA 3708M,S,134
6317,01-Mar-24,R$ 262.50,BOLETO HOYA 3709L,S,134
6318,,R$ 0.00,BOLETO HOYA 3709,,0
6319,01-Mar-24,R$ 28.00,BOLETO HOYA 3709M,S,134
6320,04-Mar-24,R$ 292.50,BOLETO HOYA 3706L,S,134
6321,04-Mar-24,R$ 20.00,BOLETO HOYA 3706M,S,134
6322,04-Mar-24,"R$ 1,267.50",BOLETO HOYA 3710L,S,134
6323,04-Mar-24,R$ 9.90,BOLETO HOYA 3710M,S,134
6324,04-Mar-24,R$ 239.00,BOLETO HOYA 3711L,S,134
6325,04-Mar-24,R$ 9.90,BOLETO HOYA 3711M,S,134
6326,04-Mar-24,R$ 127.00,BOLETO HOYA 3713L,S,134
6327,04-Mar-24,R$ 9.90,BOLETO HOYA 3713M,S,134
6328,07-Mar-24,R$ 864.44,"BOLETO HAYTEK 3696, 3697, 3700",S,134
6329,07-Mar-24,R$ 397.00,BOLETO HOYA 3717,S,134
6330,07-Mar-24,R$ 20.00,BOLETO HOYA 3717M,S,134
6331,11-Mar-24,R$ 302.45,BOLETO CEMAR LOJA,S,134
6332,11-Mar-24,R$ 615.00,BOLETO H VISION TOP CLUB NF 3875-1,S,134
6333,11-Mar-24,R$ 345.13,BOLETO LUXOTICA NF 8111884,S,134
6334,11-Mar-24,R$ 105.00,BOLETO VIRTUAL X,S,134
6335,13-Mar-24,"R$ 1,400.00",BOLETO ALUGUEL,S,134
6336,14-Mar-24,R$ 104.53,BOLETO LUXOTICA NF 8204241,S,134
6337,14-Mar-24,R$ 888.41,BOLETO SIGNUS NF 164254 4ª,S,134
6338,15-Mar-24,R$ 122.68,BOLETO OI FIBRA,S,134
6339,18-Mar-24,R$ 280.72,BOLETO LUXOTICA NF 8132945,S,134
6340,18-Mar-24,R$ 741.61,BOLETO GIRO NFE 5ª BNB,S,134
6341,19-Mar-24,R$ 282.50,BOLETO LABO OPTICA 3719,S,134
6342,20-Mar-24,R$ 354.40,BOLETO IMPOSTA DAS,S,134
6343,21-Mar-24,R$ 18.25,BOLETO LUXOTICA 3ª NF 8361979,S,134
6344,21-Mar-24,R$ 66.90,BOLETO LUXOTICA 4ª NF 8234358,S,134
6345,25-Mar-24,R$ 33.82,BOLETO LUXOTICA 5ª NF 8147243,S,134
6346,19-Nov-24,R$ 170.00,Pago com sucesso da parcela n° 1 do atendimento 11919,E,145
6347,30-Nov-24,R$ 170.00,Pago com sucesso da parcela n° 2 do atendimento 11919,E,145
6348,24-Dec-24,R$ 170.00,Pago com sucesso da parcela n° 3 do atendimento 11919,E,141
6349,29-Jan-25,R$ 170.00,Pago com sucesso da parcela n° 4 do atendimento 11919,E,138
6350,19-Nov-24,R$ 287.50,Pago com sucesso da parcela n° 1 do atendimento 11955,E,145
6351,24-Dec-24,R$ 287.50,Pago com sucesso da parcela n° 2 do atendimento 11955,E,141
6352,29-Jan-25,R$ 287.50,Pago com sucesso da parcela n° 3 do atendimento 11955,E,138
6353,07-Sep-24,R$ 218.75,Pago com atraso da parcela n° 1 do atendimento 11900,E,147
6354,11-Oct-24,R$ 218.75,Pago com atraso da parcela n° 2 do atendimento 11900,E,146
6355,28-Nov-24,R$ 218.75,Pago com atraso da parcela n° 3 do atendimento 11900,E,145
6356,29-Jan-25,R$ 218.75,Pago com atraso da parcela n° 4 do atendimento 11900,E,138
6357,28-Aug-24,R$ 325.00,Pago com atraso da parcela n° 1 do atendimento 11903,E,148
6358,02-Oct-24,R$ 325.00,Pago com atraso da parcela n° 2 do atendimento 11903,E,146
6359,21-Nov-24,R$ 325.00,Pago com atraso da parcela n° 3 do atendimento 11903,E,145
6360,02-Jan-25,R$ 325.00,Pago com atraso da parcela n° 4 do atendimento 11903,E,138
6361,30-Jan-25,R$ 325.00,Pago com atraso da parcela n° 5 do atendimento 11903,E,138
6362,25-Mar-24,R$ 400.00,BOLETO CONTADOR,S,134
6363,25-Mar-24,"R$ 1,062.00",BOLETO HOYA 3722,S,134
6364,25-Mar-24,R$ 9.90,BOLETO HOYA 3722M,S,134
6365,25-Mar-24,R$ 217.54,BOLETO LABO OPTICA 3721,S,134
6366,04-Dec-24,R$ 325.00,Pago com sucesso da parcela n° 6 do atendimento 11903,E,141
6367,31-Jan-25,R$ 325.00,Pago com sucesso da parcela n° 7 do atendimento 11903,E,138
6368,10-Jul-24,R$ 285.00,Pago com sucesso da parcela n° 1 do atendimento 11876,E,139
6369,12-Aug-24,R$ 285.00,Pago com atraso da parcela n° 2 do atendimento 11876,E,148
6370,02-Sep-24,R$ 285.00,Pago com sucesso da parcela n° 3 do atendimento 11876,E,147
6371,04-Nov-24,R$ 285.00,Pago com atraso da parcela n° 4 do atendimento 11876,E,145
6372,02-Dec-24,R$ 285.00,Pago com atraso da parcela n° 5 do atendimento 11876,E,141
6373,04-Dec-24,R$ 285.00,Pago com sucesso da parcela n° 6 do atendimento 11876,E,141
6374,31-Jan-25,R$ 285.00,Pago com atraso da parcela n° 7 do atendimento 11876,E,138
6375,17-Jan-25,"R$ 1,950.00",Pago com sucesso no catão de crédito em 4 parcelas. Atendimento N° 11998,E,138
6376,20-Jan-25,"R$ 2,100.00",Pago com sucesso no catão de crédito em 1 parcelas. Atendimento N° 11999,E,138
6377,28-Mar-24,R$ 397.00,BOLETO UNILAB 3694,S,134
6378,29-Mar-24,R$ 20.85,BOLETO LUXOTICA 4ª NF 8279207,S,134
6379,29-Mar-24,R$ 349.98,BOLETO HAYTEK 3716,S,134
6380,29-Mar-24,R$ 371.00,BOLETO LABORATORIOS DIVERSOS,S,134
6381,29-Mar-24,"R$ 3,344.00",BOLETO MATERIAL EXPED. E FUNCION.,S,134
6382,25-Apr-24,R$ 140.00,Pago com sucesso da parcela n° 5 do atendimento 11763,E,135
6383,13-Dec-24,R$ 130.00,Pago com atraso da parcela n° 1 do atendimento 11944,E,141
6384,04-Feb-25,R$ 130.00,Pago com atraso da parcela n° 2 do atendimento 11944,E,140
6385,04-Feb-25,R$ 326.00,Pago com sucesso da parcela n° 1 do atendimento 11987,E,140
6386,04-Feb-25,R$ 335.00,Pago com sucesso da parcela n° 1 do atendimento 11997,E,140
6387,24-Jan-25,R$ 340.00,Pagamento de entrada. Atendimento N° 12000,E,138
6388,28-Jan-25,R$ 330.00,Pago com sucesso em dinheiro. Atendimento N° 12001,E,138
6389,28-Jan-25,R$ 250.00,Pago com sucesso no catão de crédito em 2 parcelas. Atendimento N° 12002,E,138
6390,30-Jan-25,R$ 200.00,Pagamento de entrada. Atendimento N° 12003,E,138
6391,31-Jan-25,"R$ 2,000.00",Pago com sucesso no catão de crédito em 6 parcelas. Atendimento N° 12005,E,138
6392,29-Jan-25,R$ 240.00,Pago com sucesso no catão de crédito em 2 parcelas. Atendimento N° 12006,E,138
6393,05-Dec-24,R$ 140.00,Pago com sucesso da parcela n° 1 do atendimento 11961,E,141
6394,06-Jan-25,R$ 140.00,Pago com sucesso da parcela n° 2 do atendimento 11961,E,138
6395,05-Feb-25,R$ 140.00,Pago com sucesso da parcela n° 3 do atendimento 11961,E,140
6396,06-Feb-25,R$ 140.00,Pago com atraso da parcela n° 1 do atendimento 11948,E,140
6397,10-Dec-24,R$ 200.00,Pago com sucesso da parcela n° 1 do atendimento 11960,E,141
6398,08-Jan-25,R$ 200.00,Pago com sucesso da parcela n° 2 do atendimento 11960,E,138
6399,07-Feb-25,R$ 200.00,Pago com sucesso da parcela n° 3 do atendimento 11960,E,140
6400,22-Jul-24,R$ 250.00,Pago com sucesso da parcela n° 2 do atendimento 11872,E,139
6401,21-Aug-24,R$ 250.00,Pago com sucesso da parcela n° 3 do atendimento 11872,E,148
6402,23-Sep-24,R$ 250.00,Pago com sucesso da parcela n° 4 do atendimento 11872,E,147
6403,21-Oct-24,R$ 250.00,Pago com sucesso da parcela n° 5 do atendimento 11872,E,146
6404,21-Nov-24,R$ 250.00,Pago com sucesso da parcela n° 6 do atendimento 11872,E,145
6405,23-Dec-24,R$ 250.00,Pago com sucesso da parcela n° 7 do atendimento 11872,E,141
6406,27-Sep-24,R$ 200.00,Pago com sucesso da parcela n° 1 do atendimento 11915,E,147
6407,24-Oct-24,R$ 200.00,Pago com sucesso da parcela n° 2 do atendimento 11915,E,146
6408,25-Nov-24,R$ 200.00,Pago com sucesso da parcela n° 3 do atendimento 11915,E,145
6409,26-Dec-24,R$ 200.00,Pago com sucesso da parcela n° 4 do atendimento 11915,E,141
6410,31-Jan-25,R$ 200.00,Pago com sucesso da parcela n° 5 do atendimento 11915,E,138
6411,22-Jan-25,R$ 225.00,Pago com atraso da parcela n° 1 do atendimento 11970,E,138
6412,05-Feb-25,R$ 230.00,Pago com sucesso da parcela n° 1 do atendimento 11976,E,140
6413,12-Oct-24,R$ 160.00,Pago com sucesso da parcela n° 1 do atendimento 11921,E,146
6414,14-Nov-24,R$ 160.00,Pago com sucesso da parcela n° 2 do atendimento 11921,E,145
6415,13-Dec-24,R$ 160.00,Pago com sucesso da parcela n° 3 do atendimento 11921,E,141
6416,11-Jan-25,R$ 160.00,Pago com sucesso da parcela n° 4 do atendimento 11921,E,138
6417,10-Feb-25,R$ 160.00,Pago com sucesso da parcela n° 5 do atendimento 11921,E,140
6418,01-Aug-24,R$ 380.00,Pago com atraso da parcela n° 2 do atendimento 11579,E,148
6419,01-Nov-24,R$ 380.00,Pago com atraso da parcela n° 3 do atendimento 11579,E,145
6420,07-Feb-25,R$ 380.00,Pago com atraso da parcela n° 4 do atendimento 11579,E,140
6421,30-Nov-24,R$ 550.00,Pago com atraso da parcela n° 1 do atendimento 11947,E,145
6422,07-Feb-25,R$ 550.00,Pago com atraso da parcela n° 2 do atendimento 11947,E,140
6423,07-Feb-25,R$ 550.00,Pago com atraso da parcela n° 3 do atendimento 11947,E,140
6424,10-Feb-25,R$ 200.00,Pago com atraso da parcela n° 1 do atendimento 11991,E,140
6425,10-Feb-25,R$ 225.00,Pago com atraso da parcela n° 2 do atendimento 11970,E,140
6426,11-Nov-24,R$ 200.00,Pago com atraso da parcela n° 1 do atendimento 11933,E,145
6427,13-Jan-25,R$ 200.00,Pago com atraso da parcela n° 2 do atendimento 11933,E,138
6428,13-Jan-25,R$ 200.00,Pago com atraso da parcela n° 3 do atendimento 11933,E,138
6429,11-Feb-25,R$ 200.00,Pago com atraso da parcela n° 4 do atendimento 11933,E,140
6430,28-Jun-24,R$ 268.00,Pago com sucesso da parcela n° 10 do atendimento 11723,E,137
6431,12-Oct-24,R$ 160.00,Pago com sucesso da parcela n° 1 do atendimento 11924,E,146
6432,19-Nov-24,R$ 160.00,Pago com atraso da parcela n° 2 do atendimento 11924,E,145
6433,11-Dec-24,R$ 160.00,Pago com sucesso da parcela n° 3 do atendimento 11924,E,141
6434,31-Jan-25,R$ 160.00,Pago com atraso da parcela n° 4 do atendimento 11924,E,138
6435,15-Feb-25,R$ 160.00,Pago com atraso da parcela n° 5 do atendimento 11924,E,140
6436,11-Jul-24,R$ 130.00,Pago com atraso da parcela n° 5 do atendimento 11796,E,139
6437,15-Jul-24,R$ 250.00,Pago com atraso da parcela n° 2 do atendimento 11859,E,139
6438,13-Aug-24,R$ 250.00,Pago com sucesso da parcela n° 3 do atendimento 11859,E,148
6439,16-Sep-24,R$ 250.00,Pago com atraso da parcela n° 4 do atendimento 11859,E,147
6440,14-Oct-24,R$ 250.00,Pago com sucesso da parcela n° 5 do atendimento 11859,E,146
6441,14-Nov-24,R$ 250.00,Pago com sucesso da parcela n° 6 do atendimento 11859,E,145
6442,16-Dec-24,R$ 250.00,Pago com atraso da parcela n° 7 do atendimento 11859,E,141
6443,14-Jan-25,R$ 250.00,Pago com sucesso da parcela n° 8 do atendimento 11859,E,138
6444,14-Feb-25,R$ 250.00,Pago com sucesso da parcela n° 9 do atendimento 11859,E,140
6445,01-Feb-25,R$ 180.00,Pagamento de entrada. Atendimento N° 12007,E,140
6446,27-Jun-24,R$ 400.00,Pago com atraso da parcela n° 3 do atendimento 11840,E,137
6447,25-Jul-24,R$ 400.00,Pago com sucesso da parcela n° 4 do atendimento 11840,E,139
6448,27-Aug-24,R$ 400.00,Pago com atraso da parcela n° 5 do atendimento 11840,E,148
6449,26-Sep-24,R$ 400.00,Pago com sucesso da parcela n° 6 do atendimento 11840,E,147
6450,25-Oct-24,R$ 400.00,Pago com sucesso da parcela n° 7 do atendimento 11840,E,146
6451,26-Nov-24,R$ 400.00,Pago com sucesso da parcela n° 8 do atendimento 11840,E,145
6452,26-Dec-24,R$ 400.00,Pago com sucesso da parcela n° 9 do atendimento 11840,E,141
6453,28-Jan-25,R$ 400.00,Pago com atraso da parcela n° 10 do atendimento 11840,E,138
6454,08-Aug-24,R$ 230.00,Pago com sucesso da parcela n° 1 do atendimento 11885,E,148
6455,10-Sep-24,R$ 230.00,Pago com sucesso da parcela n° 2 do atendimento 11885,E,147
6456,10-Oct-24,R$ 230.00,Pago com sucesso da parcela n° 3 do atendimento 11885,E,146
6457,08-Nov-24,R$ 230.00,Pago com sucesso da parcela n° 4 do atendimento 11885,E,145
6458,06-Dec-24,R$ 230.00,Pago com sucesso da parcela n° 5 do atendimento 11885,E,141
6459,08-Jan-25,R$ 230.00,Pago com sucesso da parcela n° 6 do atendimento 11885,E,138
6460,27-Jun-24,R$ 280.00,Pago com atraso da parcela n° 4 do atendimento 11809,E,137
6461,26-Jul-24,R$ 280.00,Pago com atraso da parcela n° 5 do atendimento 11809,E,139
6462,28-Aug-24,R$ 280.00,Pago com atraso da parcela n° 6 do atendimento 11809,E,148
6463,25-Sep-24,R$ 280.00,Pago com sucesso da parcela n° 7 do atendimento 11809,E,147
6464,24-Oct-24,R$ 280.00,Pago com sucesso da parcela n° 8 do atendimento 11809,E,146
6465,06-Dec-24,R$ 280.00,Pago com atraso da parcela n° 9 do atendimento 11809,E,141
6466,21-Feb-25,R$ 280.00,Pago com atraso da parcela n° 10 do atendimento 11809,E,140
6467,04-Feb-25,"R$ 3,000.00",Pagamento de entrada. Atendimento N° 12008,E,140
6468,04-Feb-25,R$ 330.00,Pago com sucesso no catão de crédito em 4 parcelas. Atendimento N° 12009,E,140
6469,12-Feb-25,R$ 800.00,Pago com sucesso no catão de crédito em 2 parcelas. Atendimento N° 12011,E,140
6470,14-Feb-25,R$ 960.00,Pago com sucesso em dinheiro. Atendimento N° 12012,E,140
6471,26-Feb-25,R$ 287.50,Pago com sucesso da parcela n° 4 do atendimento 11955,E,140
6472,28-Feb-25,R$ 190.00,Pago com sucesso da parcela n° 1 do atendimento 12003,E,140
6473,21-Dec-24,R$ 340.00,Pago com sucesso da parcela n° 1 do atendimento 11956,E,141
6474,28-Jan-25,R$ 340.00,Pago com sucesso da parcela n° 2 do atendimento 11956,E,138
6475,28-Feb-25,R$ 340.00,Pago com sucesso da parcela n° 3 do atendimento 11956,E,140
6476,28-Jan-25,R$ 110.00,Pago com atraso da parcela n° 1 do atendimento 11968,E,138
6477,28-Feb-25,R$ 575.00,Pago com atraso da parcela n° 4 do atendimento 11880,E,140
6478,28-Feb-25,R$ 575.00,Pago com atraso da parcela n° 5 do atendimento 11880,E,140
6479,11-Jul-24,R$ 540.00,Pago com atraso da parcela n° 5 do atendimento 11782,E,139
6480,13-Aug-24,R$ 540.00,Pago com atraso da parcela n° 6 do atendimento 11782,E,148
6481,10-Sep-24,R$ 540.00,Pago com atraso da parcela n° 7 do atendimento 11782,E,147
6482,15-Feb-25,"R$ 3,350.00",Pago com sucesso no catão de crédito em 4 parcelas. Atendimento N° 12013,E,140
6483,15-Feb-25,R$ 200.00,Pagamento de entrada. Atendimento N° 12014,E,140
6484,17-Feb-25,R$ 260.00,Pagamento de entrada. Atendimento N° 12016,E,140
6485,05-Mar-25,R$ 200.00,Pago com sucesso da parcela n° 5 do atendimento 11933,E,144
6486,05-Mar-25,R$ 285.00,Pago com atraso da parcela n° 8 do atendimento 11876,E,144
6487,27-Dec-24,R$ 175.00,Pago com sucesso da parcela n° 1 do atendimento 11932,E,141
6488,01-Mar-25,R$ 175.00,Pago com atraso da parcela n° 2 do atendimento 11932,E,144
6489,05-Mar-25,R$ 140.00,Pago com sucesso da parcela n° 4 do atendimento 11961,E,144
6490,31-Oct-24,R$ 150.00,Pago com sucesso da parcela n° 1 do atendimento 11952,E,146
6491,30-Nov-24,R$ 150.00,Pago com sucesso da parcela n° 2 do atendimento 11952,E,145
6492,06-Mar-25,R$ 326.00,Pago com atraso da parcela n° 2 do atendimento 11987,E,144
6493,06-Mar-25,R$ 335.00,Pago com atraso da parcela n° 2 do atendimento 11997,E,144
6494,07-Mar-25,R$ 230.00,Pago com atraso da parcela n° 2 do atendimento 11976,E,144
6495,08-Mar-25,R$ 200.00,Pago com sucesso da parcela n° 4 do atendimento 11960,E,144
6496,11-Mar-25,R$ 260.00,Pago com sucesso da parcela n° 1 do atendimento 12016,E,144
6497,11-Mar-25,R$ 330.00,Pago com atraso da parcela n° 1 do atendimento 12000,E,144
6498,12-Mar-25,R$ 90.00,Pago com sucesso da parcela n° 1 do atendimento 11990,E,144
6499,22-Jul-24,R$ 200.00,Pago com sucesso da parcela n° 1 do atendimento 11888,E,139
6500,30-Jul-24,R$ 200.00,Pago com sucesso da parcela n° 2 do atendimento 11888,E,139
6501,27-Aug-24,R$ 200.00,Pago com sucesso da parcela n° 3 do atendimento 11888,E,148
6502,14-Oct-24,R$ 200.00,Pago com sucesso da parcela n° 4 do atendimento 11888,E,146
6503,06-Nov-24,R$ 200.00,Pago com sucesso da parcela n° 5 do atendimento 11888,E,145
6504,02-Jan-25,R$ 200.00,Pago com atraso da parcela n° 6 do atendimento 11888,E,138
6505,10-Mar-25,R$ 100.00,Pago com atraso da parcela n° 1 do atendimento 12008,E,144
6506,10-Mar-25,R$ 200.00,Pago com sucesso da parcela n° 1 do atendimento 12014,E,144
6507,27-Feb-25,R$ 364.00,Pago com sucesso da parcela n° 1 do atendimento 12010,E,140
6508,23-Jan-25,R$ 175.00,Pago com atraso da parcela n° 1 do atendimento 11982,E,138
6509,07-Mar-25,R$ 175.00,Pago com atraso da parcela n° 2 do atendimento 11982,E,144
6510,08-Mar-25,R$ 435.00,Pago com atraso da parcela n° 1 do atendimento 12004,E,144
6511,07-Jan-25,R$ 135.00,Pago com atraso da parcela n° 1 do atendimento 11966,E,138
6512,03-Feb-25,R$ 135.00,Pago com atraso da parcela n° 2 do atendimento 11966,E,140
6513,13-Mar-25,R$ 135.00,Pago com atraso da parcela n° 3 do atendimento 11966,E,144
6514,14-Mar-25,R$ 250.00,Pago com sucesso da parcela n° 10 do atendimento 11859,E,144
6515,18-Mar-25,R$ 120.00,Pago com atraso da parcela n° 1 do atendimento 11996,E,144
6516,18-Mar-25,R$ 120.00,Pago com atraso da parcela n° 2 do atendimento 11996,E,144
6517,18-Mar-25,R$ 120.00,Pago com sucesso da parcela n° 3 do atendimento 11996,E,144
6518,07-Mar-24,R$ 216.00,Pago com sucesso da parcela n° 1 do atendimento 11806,E,134
6519,08-Apr-24,R$ 216.00,Pago com atraso da parcela n° 2 do atendimento 11806,E,135
6520,07-May-24,R$ 216.00,Pago com sucesso da parcela n° 3 do atendimento 11806,E,136
6521,07-Jun-24,R$ 216.00,Pago com sucesso da parcela n° 4 do atendimento 11806,E,137
6522,08-Jul-24,R$ 216.00,Pago com atraso da parcela n° 5 do atendimento 11806,E,139
6523,14-Jan-25,R$ 250.00,Pago com atraso da parcela n° 1 do atendimento 11975,E,138
6524,10-Mar-25,R$ 250.00,Pago com atraso da parcela n° 2 do atendimento 11975,E,144
6525,14-Jan-25,R$ 240.00,Pago com atraso da parcela n° 1 do atendimento 11977,E,138
6526,10-Mar-25,R$ 240.00,Pago com atraso da parcela n° 2 do atendimento 11977,E,144
6527,29-Jul-24,R$ 250.00,Pago com sucesso da parcela n° 1 do atendimento 11889,E,139
6528,10-Sep-24,R$ 250.00,Pago com sucesso da parcela n° 2 do atendimento 11889,E,147
6529,18-Oct-24,R$ 250.00,Pago com atraso da parcela n° 3 do atendimento 11889,E,146
6530,23-Dec-24,R$ 250.00,Pago com atraso da parcela n° 4 do atendimento 11889,E,141
6531,31-Dec-24,R$ 250.00,Pago com atraso da parcela n° 5 do atendimento 11889,E,141
6532,25-Mar-25,R$ 250.00,Pago com atraso da parcela n° 6 do atendimento 11889,E,144
6533,25-Mar-25,R$ 225.00,Pago com atraso da parcela n° 3 do atendimento 11970,E,144
6534,25-Mar-25,R$ 200.00,Pago com atraso da parcela n° 2 do atendimento 11991,E,144
6535,28-Mar-25,R$ 287.50,Pago com sucesso da parcela n° 5 do atendimento 11955,E,144
6536,28-Mar-25,R$ 110.00,Pago com sucesso da parcela n° 1 do atendimento 12015,E,144
6537,28-Mar-25,R$ 130.00,Pago com atraso da parcela n° 1 do atendimento 12007,E,144
6538,29-Mar-25,R$ 364.00,Pago com sucesso da parcela n° 2 do atendimento 12010,E,144
6539,02-Apr-25,R$ 230.00,Pago com sucesso da parcela n° 3 do atendimento 11976,E,142
6540,02-Apr-25,R$ 135.00,Pago com atraso da parcela n° 4 do atendimento 11966,E,142
6542,08-Mar-25,R$ 400.00,Pago com sucesso no catão de crédito em 3 parcelas. Atendimento N° 12018,E,144
6543,08-Mar-25,R$ 250.00,Pago com sucesso em dinheiro. Atendimento N° 12019,E,144
6544,12-Mar-25,R$ 430.00,Pago com sucesso no catão de crédito em 4 parcelas. Atendimento N° 12020,E,144
6545,15-Mar-25,R$ 950.00,Pago com sucesso no catão de crédito em 5 parcelas. Atendimento N° 12021,E,144
6546,03-Apr-25,R$ 326.00,Pago com sucesso da parcela n° 3 do atendimento 11987,E,142
6547,04-Apr-25,R$ 330.00,Pago com sucesso da parcela n° 2 do atendimento 12000,E,142
6548,18-Mar-25,R$ 550.00,Pago com sucesso em dinheiro. Atendimento N° 12023,E,144
6549,24-Mar-25,R$ 550.00,Pago com sucesso no catão de crédito em 5 parcelas. Atendimento N° 12025,E,144
6550,05-Apr-25,R$ 140.00,Pago com sucesso da parcela n° 5 do atendimento 11961,E,142
6551,04-Nov-24,R$ 200.00,Pago com sucesso da parcela n° 1 do atendimento 11941,E,145
6552,13-Dec-24,R$ 200.00,Pago com atraso da parcela n° 2 do atendimento 11941,E,141
6553,14-Jan-25,R$ 200.00,Pago com atraso da parcela n° 3 do atendimento 11941,E,138
6554,07-Apr-25,R$ 200.00,Pago com atraso da parcela n° 4 do atendimento 11941,E,142
6555,08-Apr-25,R$ 200.00,Pago com sucesso da parcela n° 5 do atendimento 11960,E,142
6556,08-Apr-25,R$ 175.00,Pago com atraso da parcela n° 3 do atendimento 11982,E,142
6557,21-Apr-24,R$ 205.00,Pago com sucesso da parcela n° 4 do atendimento 11769,E,135
6558,21-May-24,R$ 205.00,Pago com sucesso da parcela n° 5 do atendimento 11769,E,136
6559,05-Mar-25,R$ 209.98,BOLETO HAYTEK LIGHT FOTO 3870,S,144
6560,06-Mar-25,R$ 152.77,BOLETO LUXOTICA 3ª NF 9224832,S,144
6561,10-Mar-25,R$ 115.00,BOLETO VIRTUAL X,S,144
6562,12-Mar-25,R$ 178.41,BOLETO CEMAR LOJA,S,144
6563,14-Apr-25,"R$ 1,400.00",BOLETO ALUGUEL LOJA,S,144
6564,17-Mar-25,R$ 349.97,BOLETO HAYTEK SMART FOTO AR 3873,S,144
6565,17-Mar-25,R$ 100.00,BOLETO SINOPTICA,S,144
6566,17-Mar-25,R$ 665.22,BOLETO BNB GIRO FNE 17º,S,144
6567,17-Mar-25,R$ 248.40,BOLETO HOYA VS AR LL-BC 3879,S,144
6568,18-Mar-25,R$ 253.66,BOLETO HOYA AMPLUS CINZA 85% 3881,S,144
6569,19-Mar-25,R$ 124.84,BOLETO OI FIBRA,S,144
6570,20-Mar-25,R$ 309.96,BOLETO IMPOSTO DAS,S,144
6571,24-Mar-25,"R$ 1,059.90",BOLETO DAYNAMIC SENSITY AR CE 3882,S,144
6572,25-Mar-25,R$ 400.00,BOLETO CONTADOR,S,144
6573,31-Mar-25,R$ 114.26,BOLETO HAYTEK VS 1.67 AR 3878,S,144
6574,31-Mar-25,R$ 734.50,BOLETO HOYA DAYNAMIC AR NR-BC 3883,S,144
6575,11-Apr-25,R$ 200.00,Pago com sucesso da parcela n° 2 do atendimento 12014,E,142
6576,11-Apr-25,R$ 200.00,Pago com sucesso da parcela n° 3 do atendimento 12014,E,142
6577,31-Mar-25,R$ 124.00,BOLETO LABORAT DIVERSOS,S,144
6578,31-Mar-25,"R$ 3,344.00",BOLETO MATERIAL EXPED E SALARIOS,S,144
6579,11-Apr-25,R$ 250.00,Pago com atraso da parcela n° 3 do atendimento 11975,E,142
6580,11-Apr-25,R$ 240.00,Pago com atraso da parcela n° 3 do atendimento 11977,E,142
6581,15-Apr-25,R$ 575.00,Pago com atraso da parcela n° 6 do atendimento 11880,E,142
6582,09-Apr-25,R$ 435.00,Pago com atraso da parcela n° 2 do atendimento 12004,E,142
6583,14-Apr-25,R$ 200.00,Pago com atraso da parcela n° 6 do atendimento 11933,E,142
6584,15-Apr-25,R$ 130.00,Pago com atraso da parcela n° 3 do atendimento 11944,E,142
6585,31-Mar-25,"R$ 2,100.00",Pago com sucesso no catão de crédito em 5 parcelas. Atendimento N° 12026,E,144
6586,02-Apr-25,"R$ 1,700.00",Pago com sucesso em dinheiro. Atendimento N° 12027,E,142
6587,05-Apr-25,R$ 100.00,Pagamento de entrada. Atendimento N° 12028,E,142
6588,07-Apr-25,"R$ 1,000.00",Pago com sucesso no catão de crédito em 10 parcelas. Atendimento N° 12029,E,142
6589,09-Apr-25,R$ 170.00,Pago com sucesso em dinheiro. Atendimento N° 12030,E,142
6590,22-Apr-25,R$ 90.00,Pago com sucesso da parcela n° 2 do atendimento 11990,E,142
6591,23-Apr-25,R$ 340.00,Pago com atraso da parcela n° 1 do atendimento 12024,E,142
6592,25-Apr-25,R$ 110.00,Pago com atraso da parcela n° 2 do atendimento 11968,E,142
6593,25-Apr-25,R$ 340.00,Pago com atraso da parcela n° 4 do atendimento 11956,E,142
6594,28-Apr-25,R$ 335.00,Pago com atraso da parcela n° 3 do atendimento 11997,E,142
6595,28-Apr-25,R$ 110.00,Pago com sucesso da parcela n° 2 do atendimento 12015,E,142
6596,02-Jul-24,R$ 140.00,Pago com sucesso da parcela n° 4 do atendimento 11823,E,139
6597,02-Jul-24,R$ 140.00,Pago com sucesso da parcela n° 5 do atendimento 11823,E,139
6598,01-Oct-24,R$ 140.00,Pago com atraso da parcela n° 6 do atendimento 11823,E,146
6599,28-Apr-25,R$ 260.00,Pago com sucesso da parcela n° 2 do atendimento 12016,E,142
6600,28-Apr-25,R$ 364.00,Pago com sucesso da parcela n° 3 do atendimento 12010,E,142
6601,29-Apr-25,R$ 287.50,Pago com sucesso da parcela n° 6 do atendimento 11955,E,142
6602,30-Apr-25,R$ 326.00,Pago com sucesso da parcela n° 4 do atendimento 11987,E,142
6603,02-May-25,R$ 130.00,Pago com atraso da parcela n° 2 do atendimento 12007,E,143
6604,02-May-25,R$ 325.00,Pago com atraso da parcela n° 8 do atendimento 11903,E,143
6605,05-May-25,R$ 150.00,Pago com sucesso da parcela n° 1 do atendimento 12028,E,143
6606,06-May-25,R$ 230.00,Pago com atraso da parcela n° 4 do atendimento 11976,E,143
6607,05-May-25,R$ 135.00,Pago com atraso da parcela n° 5 do atendimento 11966,E,143
6608,06-May-25,R$ 196.00,Pago com sucesso da parcela n° 1 do atendimento 12031,E,143
6609,05-May-25,R$ 200.00,Pago com sucesso da parcela n° 1 do atendimento 12034,E,143
6610,05-May-25,R$ 200.00,Pago com sucesso da parcela n° 2 do atendimento 12034,E,143
6611,12-Apr-25,"R$ 1,000.00",Pagamento de entrada. Atendimento N° 12033,E,142
6612,15-Apr-25,R$ 370.00,Pago com sucesso no catão de crédito em 2 parcelas. Atendimento N° 12035,E,142
6613,15-Apr-25,"R$ 1,040.00",Pago com sucesso no catão de crédito em 6 parcelas. Atendimento N° 12036,E,142
6614,23-Apr-25,"R$ 1,000.00",Pago com sucesso no cartão de débito. Atendimento N° 12037,E,142
6615,25-Apr-25,R$ 0.01,Pago com sucesso em dinheiro. Atendimento N° 12038,E,142
6616,25-Apr-25,"R$ 1,280.00",Pago com sucesso no catão de crédito em 7 parcelas. Atendimento N° 12039,E,142
6617,29-Apr-25,R$ 300.00,Pago com sucesso no catão de crédito em 3 parcelas. Atendimento N° 12040,E,142
6618,30-Apr-25,"R$ 2,340.00",Pago com sucesso no catão de crédito em 7 parcelas. Atendimento N° 12041,E,142
6619,08-May-25,R$ 200.00,Pago com sucesso da parcela n° 6 do atendimento 11960,E,143
6620,09-May-25,R$ 200.00,Pago com sucesso da parcela n° 4 do atendimento 12014,E,143
6621,12-May-25,R$ 90.00,Pago com sucesso da parcela n° 3 do atendimento 11990,E,143
6622,10-May-25,R$ 435.00,Pago com atraso da parcela n° 3 do atendimento 12004,E,143
6623,12-May-25,R$ 300.00,Pago com atraso da parcela n° 1 do atendimento 12022,E,143
6624,15-May-25,R$ 250.00,Pago com atraso da parcela n° 4 do atendimento 11975,E,143
6625,15-May-25,R$ 240.00,Pago com atraso da parcela n° 4 do atendimento 11977,E,143
6626,16-May-25,R$ 550.00,Pago com atraso da parcela n° 4 do atendimento 11947,E,143
6627,23-Apr-25,"R$ 1,360.00",Pago com sucesso no catão de crédito em 5 parcelas. Atendimento N° 12032,E,142
6628,21-May-25,R$ 340.00,Pago com sucesso da parcela n° 2 do atendimento 12024,E,143
6629,02-May-25,R$ 240.00,Pago com sucesso no catão de crédito em 2 parcelas. Atendimento N° 12043,E,143
6630,28-May-25,R$ 364.00,Pago com sucesso da parcela n° 4 do atendimento 12010,E,143
6631,07-Nov-24,R$ 200.00,Pago com atraso da parcela n° 1 do atendimento 11925,E,145
6632,26-Dec-24,R$ 200.00,Pago com atraso da parcela n° 2 do atendimento 11925,E,141
6633,28-May-25,R$ 200.00,Pago com atraso da parcela n° 3 do atendimento 11925,E,143
6634,28-May-25,R$ 196.00,Pago com sucesso da parcela n° 2 do atendimento 12031,E,143
6635,28-May-25,R$ 90.00,Pago com sucesso da parcela n° 4 do atendimento 11990,E,143
6636,29-May-25,R$ 340.00,Pago com atraso da parcela n° 5 do atendimento 11956,E,143
6637,30-May-25,R$ 326.00,Pago com sucesso da parcela n° 5 do atendimento 11987,E,143
6638,30-May-25,R$ 335.00,Pago com atraso da parcela n° 4 do atendimento 11997,E,143
6639,07-May-25,R$ 700.00,Pago com sucesso em dinheiro. Atendimento N° 12045,E,143
6640,03-Jun-25,R$ 230.00,Pago com sucesso da parcela n° 5 do atendimento 11976,E,149
6641,03-Jun-25,R$ 260.00,Pago com atraso da parcela n° 3 do atendimento 12016,E,149
6642,03-Jun-25,R$ 110.00,Pago com atraso da parcela n° 3 do atendimento 12015,E,149
6643,04-Jun-25,R$ 150.00,Pago com sucesso da parcela n° 2 do atendimento 12028,E,149
6644,22-Apr-25,R$ 275.00,Pago com sucesso da parcela n° 1 do atendimento 12033,E,142
6645,20-May-25,R$ 275.00,Pago com sucesso da parcela n° 2 do atendimento 12033,E,143
6646,06-Jun-25,R$ 275.00,Pago com sucesso da parcela n° 3 do atendimento 12033,E,149
6647,06-Jun-25,R$ 200.00,Pago com sucesso da parcela n° 3 do atendimento 12034,E,149
6648,06-Jun-25,R$ 200.00,Pago com sucesso da parcela n° 4 do atendimento 12034,E,149
6649,06-Jun-25,R$ 135.00,Pago com atraso da parcela n° 6 do atendimento 11966,E,149
6650,08-May-25,R$ 350.00,Pago com sucesso em dinheiro. Atendimento N° 12046,E,143
6651,09-May-25,"R$ 1,100.00",Pago com sucesso no catão de crédito em 6 parcelas. Atendimento N° 12047,E,143
6652,09-Jun-25,R$ 435.00,Pago com atraso da parcela n° 4 do atendimento 12004,E,149
6653,13-May-25,R$ 750.00,Pago com sucesso no catão de crédito em 5 parcelas. Atendimento N° 12049,E,143
6654,13-Jun-25,R$ 350.00,Pago com atraso da parcela n° 1 do atendimento 12042,E,149
6655,10-Jul-24,R$ 312.50,Pago com sucesso da parcela n° 3 do atendimento 11853,E,139
6656,10-Aug-24,R$ 312.50,Pago com sucesso da parcela n° 4 do atendimento 11853,E,148
6657,10-Sep-24,R$ 312.50,Pago com sucesso da parcela n° 5 do atendimento 11853,E,147
6658,10-Oct-24,R$ 312.50,Pago com sucesso da parcela n° 6 do atendimento 11853,E,146
6659,11-Nov-24,R$ 312.50,Pago com atraso da parcela n° 7 do atendimento 11853,E,145
6660,10-Dec-24,R$ 312.50,Pago com sucesso da parcela n° 8 do atendimento 11853,E,141
6661,13-May-25,R$ 670.00,Pago com sucesso em dinheiro. Atendimento N° 12050,E,143
6662,15-May-25,"R$ 1,600.00",Pago com sucesso no catão de crédito em 5 parcelas. Atendimento N° 12051,E,143
6663,16-May-25,R$ 350.00,Pago com sucesso no catão de crédito em 4 parcelas. Atendimento N° 12052,E,143
6664,17-May-25,"R$ 1,100.00",Pago com sucesso no catão de crédito em 3 parcelas. Atendimento N° 12053,E,143
6665,23-May-25,R$ 800.00,Pago com sucesso em dinheiro. Atendimento N° 12054,E,143
6666,03-May-25,R$ 350.00,Pagamento de entrada. Atendimento N° 12044,E,143
6667,11-Jun-25,R$ 200.00,Pago com sucesso da parcela n° 5 do atendimento 12014,E,149
6668,20-Jun-25,R$ 200.00,Pago com atraso da parcela n° 3 do atendimento 11991,E,149
6669,23-May-25,"R$ 1,340.00",Pago com sucesso no catão de crédito em 6 parcelas. Atendimento N° 12055,E,143
6670,24-Jun-25,R$ 340.00,Pago com atraso da parcela n° 3 do atendimento 12024,E,149
6671,25-Jun-25,R$ 275.00,Pago com sucesso da parcela n° 4 do atendimento 12033,E,149
6672,27-May-25,"R$ 1,750.00",Pago com sucesso no catão de crédito em 6 parcelas. Atendimento N° 12057,E,143
6673,30-May-25,R$ 200.00,Pagamento de entrada. Atendimento N° 12058,E,143
6674,11-Jun-25,R$ 200.00,Pago com sucesso da parcela n° 1 do atendimento 12058,E,149
6675,27-May-25,R$ 287.50,Pago com sucesso da parcela n° 7 do atendimento 11955,E,143
6676,26-Jun-25,R$ 287.50,Pago com sucesso da parcela n° 8 do atendimento 11955,E,149
6677,26-Jun-25,R$ 250.00,Pago com atraso da parcela n° 5 do atendimento 11975,E,149
6678,26-Jun-25,R$ 240.00,Pago com atraso da parcela n° 5 do atendimento 11977,E,149
6679,26-Jun-25,R$ 364.00,Pago com sucesso da parcela n° 5 do atendimento 12010,E,149
6680,26-Jun-25,R$ 300.00,Pago com sucesso da parcela n° 1 do atendimento 12044,E,149
6681,12-Sep-24,R$ 250.00,Pago com sucesso da parcela n° 1 do atendimento 11911,E,147
6682,30-Oct-24,R$ 250.00,Pago com atraso da parcela n° 2 do atendimento 11911,E,146
6683,08-May-25,R$ 250.00,Pago com atraso da parcela n° 3 do atendimento 11911,E,143
6684,27-Jun-25,R$ 380.00,Pago com atraso da parcela n° 5 do atendimento 11579,E,149
6685,27-Jun-25,R$ 100.00,Pago com atraso da parcela n° 1 do atendimento 11905,E,149
6686,27-Jun-25,R$ 100.00,Pago com atraso da parcela n° 2 do atendimento 11905,E,149
6687,03-Jun-25,"R$ 3,390.00",Pago com sucesso no catão de crédito em 8 parcelas. Atendimento N° 12060,E,149
6688,30-Jun-25,R$ 260.00,Pago com atraso da parcela n° 4 do atendimento 12016,E,149
6689,30-Jun-25,R$ 110.00,Pago com atraso da parcela n° 4 do atendimento 12015,E,149
6690,02-Jun-25,R$ 220.00,Pago com sucesso no cartão de débito. Atendimento N° 12061,E,149
6691,06-Jun-25,R$ 350.00,Pago com sucesso em dinheiro. Atendimento N° 12062,E,149
6692,02-Jul-25,R$ 150.00,Pago com sucesso da parcela n° 3 do atendimento 12028,E,150
6693,06-Jun-25,R$ 200.00,Pagamento de entrada. Atendimento N° 12063,E,149
6694,01-Jul-25,R$ 200.00,Pago com sucesso da parcela n° 1 do atendimento 12063,E,150
6695,14-Jun-25,R$ 400.00,Pago com sucesso no catão de crédito em 3 parcelas. Atendimento N° 12065,E,149
6696,17-Jun-25,R$ 500.00,Pago com sucesso no catão de crédito em 3 parcelas. Atendimento N° 12066,E,149
6697,21-Jun-25,R$ 150.00,Pagamento de entrada. Atendimento N° 12067,E,149
6698,03-Jul-25,R$ 350.00,Pago com atraso da parcela n° 2 do atendimento 12042,E,150
6699,03-Jul-25,R$ 335.00,Pago com atraso da parcela n° 5 do atendimento 11997,E,150
6700,04-Jul-25,R$ 130.00,Pago com atraso da parcela n° 3 do atendimento 12007,E,150
6701,05-Jul-25,R$ 200.00,Pago com sucesso da parcela n° 5 do atendimento 12034,E,150
6702,09-Jun-25,R$ 120.00,Pago com atraso da parcela n° 1 do atendimento 12048,E,149
6703,07-Jul-25,R$ 184.00,Pago com atraso da parcela n° 1 do atendimento 12064,E,150
6704,03-Jun-25,R$ 140.00,Pago com atraso da parcela n° 3 do atendimento 11767,E,149
6705,02-Jul-24,R$ 140.00,Pago com atraso da parcela n° 4 do atendimento 11767,E,139
6706,06-Aug-24,R$ 140.00,Pago com atraso da parcela n° 5 do atendimento 11767,E,148
6707,05-Nov-24,R$ 140.00,Pago com atraso da parcela n° 6 do atendimento 11767,E,145
6708,12-Dec-24,R$ 140.00,Pago com atraso da parcela n° 7 do atendimento 11767,E,141
6709,07-Jan-25,R$ 140.00,Pago com atraso da parcela n° 8 do atendimento 11767,E,138
6710,07-Feb-25,R$ 140.00,Pago com atraso da parcela n° 9 do atendimento 11767,E,140
6711,10-Mar-25,R$ 140.00,Pago com atraso da parcela n° 10 do atendimento 11767,E,144
6712,08-Jul-25,R$ 600.00,Pago com sucesso da parcela n° 1 do atendimento 12068,E,150
6713,25-Jun-24,R$ 387.00,Pago com sucesso da parcela n° 9 do atendimento 11737,E,137
6714,25-Jul-24,R$ 387.00,Pago com sucesso da parcela n° 10 do atendimento 11737,E,139
6715,01-Jul-25,R$ 196.00,Pago com sucesso da parcela n° 3 do atendimento 12031,E,150
6716,30-Jan-25,R$ 100.00,Pago com atraso da parcela n° 1 do atendimento 11983,E,138
6717,07-Mar-25,R$ 100.00,Pago com atraso da parcela n° 2 do atendimento 11983,E,144
6718,10-May-25,R$ 100.00,Pago com atraso da parcela n° 3 do atendimento 11983,E,143
6719,08-Jul-25,R$ 340.00,Pago com atraso da parcela n° 1 do atendimento 12056,E,150
6720,09-Jul-25,R$ 200.00,Pago com sucesso da parcela n° 2 do atendimento 12058,E,150
6721,10-Jul-25,R$ 200.00,Pago com sucesso da parcela n° 6 do atendimento 12014,E,150
6722,02-Jul-25,R$ 550.00,Pago com sucesso em dinheiro. Atendimento N° 12069,E,150
6723,03-Jul-25,R$ 100.00,Pagamento de entrada. Atendimento N° 12070,E,150
6724,03-Jul-25,R$ 100.00,Pagamento de entrada. Atendimento N° 12071,E,150
6725,03-Jul-25,R$ 900.00,Pago com sucesso no catão de crédito em 2 parcelas. Atendimento N° 12072,E,150
6726,09-Jul-25,R$ 300.00,Pagamento de entrada. Atendimento N° 12073,E,150
6727,21-Jul-25,R$ 340.00,Pago com sucesso da parcela n° 4 do atendimento 12024,E,150
6728,21-Jul-25,R$ 90.00,Pago com sucesso da parcela n° 5 do atendimento 11990,E,150
6729,30-Jul-25,R$ 110.00,Pago com atraso da parcela n° 5 do atendimento 12015,E,150
6730,30-Jul-25,R$ 260.00,Pago com atraso da parcela n° 5 do atendimento 12016,E,150
6731,29-Jul-25,R$ 200.00,Pago com sucesso da parcela n° 2 do atendimento 12063,E,150
6732,29-Jul-25,R$ 326.00,Pago com atraso da parcela n° 6 do atendimento 11987,E,150
6733,01-Aug-25,R$ 130.00,Pago com atraso da parcela n° 4 do atendimento 12007,E,151
6734,04-Aug-25,R$ 335.00,Pago com atraso da parcela n° 6 do atendimento 11997,E,151
6735,04-Aug-25,R$ 600.00,Pago com sucesso da parcela n° 2 do atendimento 12068,E,151
6736,29-Jul-25,R$ 340.00,Pago com atraso da parcela n° 6 do atendimento 11956,E,150
6737,28-Feb-25,R$ 110.00,Pago com sucesso da parcela n° 3 do atendimento 11968,E,140
6738,25-Apr-25,R$ 110.00,Pago com atraso da parcela n° 4 do atendimento 11968,E,142
6739,28-Jul-25,R$ 364.00,Pago com sucesso da parcela n° 6 do atendimento 12010,E,150
6740,05-Aug-25,R$ 196.00,Pago com sucesso da parcela n° 4 do atendimento 12031,E,151
6741,05-Aug-25,R$ 150.00,Pago com sucesso da parcela n° 4 do atendimento 12028,E,151
6742,06-Aug-25,R$ 200.00,Pago com sucesso da parcela n° 6 do atendimento 12034,E,151
6743,06-Aug-25,R$ 435.00,Pago com atraso da parcela n° 5 do atendimento 12004,E,151
6744,18-Jul-25,R$ 435.00,Pago com atraso da parcela n° 6 do atendimento 12004,E,150
6745,08-Aug-25,R$ 200.00,Pago com sucesso da parcela n° 7 do atendimento 12014,E,151
6746,07-Aug-25,R$ 250.00,Pago com atraso da parcela n° 6 do atendimento 11975,E,151
6747,07-Aug-25,R$ 240.00,Pago com atraso da parcela n° 6 do atendimento 11977,E,151
6748,11-Aug-25,R$ 100.00,Pago com atraso da parcela n° 3 do atendimento 11905,E,151
6749,11-Aug-25,R$ 100.00,Pago com atraso da parcela n° 4 do atendimento 11905,E,151
6750,13-Aug-25,R$ 140.00,Pago com atraso da parcela n° 2 do atendimento 11948,E,151
6751,14-Aug-25,R$ 200.00,Pago com sucesso da parcela n° 3 do atendimento 12058,E,151
6752,15-Aug-25,R$ 350.00,Pago com atraso da parcela n° 3 do atendimento 12042,E,151
6753,09-Jul-25,R$ 350.00,Pago com sucesso em dinheiro. Atendimento N° 12075,E,150
6754,09-Jul-25,R$ 290.00,Pago com sucesso em dinheiro. Atendimento N° 12076,E,150
6755,14-Jul-25,R$ 200.00,Pagamento de entrada. Atendimento N° 12078,E,150
6756,11-Aug-25,R$ 340.00,Pago com atraso da parcela n° 2 do atendimento 12056,E,151
6757,21-Aug-25,R$ 340.00,Pago com sucesso da parcela n° 5 do atendimento 12024,E,151
6758,18-Jul-25,"R$ 1,000.00",Pago com sucesso no catão de crédito em 6 parcelas. Atendimento N° 12079,E,150
6759,18-Jul-25,R$ 200.00,Pagamento de entrada. Atendimento N° 12080,E,150
6760,26-Aug-25,R$ 260.00,Pago com sucesso da parcela n° 6 do atendimento 12016,E,151
6761,19-Jul-25,R$ 450.00,Pago com sucesso em dinheiro. Atendimento N° 12081,E,150
6762,28-Aug-25,R$ 200.00,Pago com sucesso da parcela n° 3 do atendimento 12063,E,151
6763,28-Aug-25,R$ 326.00,Pago com atraso da parcela n° 7 do atendimento 11987,E,151
6764,23-Jul-25,R$ 900.00,Pago com sucesso no catão de crédito em 6 parcelas. Atendimento N° 12083,E,150
6765,23-Jul-25,R$ 950.00,Pago com sucesso no catão de crédito em 7 parcelas. Atendimento N° 12084,E,150
6766,24-Jul-25,R$ 200.00,Pagamento de entrada. Atendimento N° 12085,E,150
6767,25-Aug-25,R$ 200.00,Pago com atraso da parcela n° 1 do atendimento 12085,E,151
6768,22-Jul-25,"R$ 1,100.00",Pago com sucesso em dinheiro. Atendimento N° 12082,E,150
6769,25-Jul-25,R$ 500.00,Pagamento de entrada. Atendimento N° 12086,E,150
6770,25-Aug-25,R$ 200.00,Pago com sucesso da parcela n° 1 do atendimento 12087,E,151
6771,30-Aug-25,R$ 200.00,Pago com atraso da parcela n° 4 do atendimento 11925,E,151
6772,01-Sep-25,R$ 110.00,Pago com atraso da parcela n° 5 do atendimento 11968,E,152
6773,01-Sep-25,R$ 200.00,Pago com sucesso da parcela n° 4 do atendimento 12058,E,152
6774,02-Sep-25,R$ 196.00,Pago com sucesso da parcela n° 5 do atendimento 12031,E,152
6775,15-Aug-25,R$ 150.00,Pago com sucesso da parcela n° 1 do atendimento 12088,E,151
6776,15-Aug-25,R$ 210.00,Pago com atraso da parcela n° 1 do atendimento 12089,E,151
6777,02-Sep-25,R$ 150.00,Pago com sucesso da parcela n° 5 do atendimento 12028,E,152
6778,02-Sep-25,R$ 100.00,Pago com atraso da parcela n° 1 do atendimento 12078,E,152
6779,02-Sep-25,R$ 184.00,Pago com atraso da parcela n° 2 do atendimento 12064,E,152
6780,09-Jul-25,R$ 200.00,Pagamento de entrada. Atendimento N° 12074,E,150
6781,01-Aug-25,"R$ 1,400.00",Pago com sucesso em dinheiro. Atendimento N° 12090,E,151
6782,03-Sep-25,R$ 100.00,Pago com atraso da parcela n° 5 do atendimento 11905,E,152
6783,03-Sep-25,R$ 130.00,Pago com atraso da parcela n° 1 do atendimento 11940,E,152
6784,03-Sep-25,R$ 130.00,Pago com atraso da parcela n° 2 do atendimento 11940,E,152
6785,11-Aug-25,R$ 150.00,Pagamento de entrada. Atendimento N° 12091,E,151
6786,12-Aug-25,R$ 600.00,Pago com sucesso em dinheiro. Atendimento N° 12092,E,151
6787,09-Sep-25,R$ 260.00,Pago com sucesso da parcela n° 7 do atendimento 12016,E,152
6788,09-Sep-25,R$ 200.00,Pago com atraso da parcela n° 4 do atendimento 11991,E,152
6789,05-Sep-25,R$ 258.00,Pago com atraso da parcela n° 1 do atendimento 12071,E,152
6790,07-Aug-25,R$ 250.00,Pago com sucesso da parcela n° 1 do atendimento 12070,E,151
6791,05-Sep-25,R$ 250.00,Pago com sucesso da parcela n° 2 do atendimento 12070,E,152
6792,12-Sep-25,R$ 700.00,Pago com atraso da parcela n° 1 do atendimento 12086,E,152
6793,12-Sep-25,R$ 340.00,Pago com atraso da parcela n° 3 do atendimento 12056,E,152
6794,15-Sep-25,R$ 150.00,Pago com sucesso da parcela n° 2 do atendimento 12088,E,152
6795,15-Sep-25,R$ 184.00,Pago com sucesso da parcela n° 1 do atendimento 12091,E,152
6796,18-Aug-25,R$ 120.00,Pago com sucesso da parcela n° 1 do atendimento 12073,E,151
6797,13-Sep-25,R$ 120.00,Pago com sucesso da parcela n° 2 do atendimento 12073,E,152
6798,15-Sep-25,R$ 210.00,Pago com atraso da parcela n° 2 do atendimento 12089,E,152
6799,19-Sep-25,R$ 350.00,Pago com atraso da parcela n° 4 do atendimento 12042,E,152
6800,19-Sep-25,R$ 350.00,Pago com sucesso da parcela n° 5 do atendimento 12042,E,152
6801,14-Aug-25,R$ 900.00,Pago com sucesso em dinheiro. Atendimento N° 12095,E,151
6802,18-Aug-25,"R$ 3,080.00",Pago com sucesso no catão de crédito em 8 parcelas. Atendimento N° 12096,E,151
6803,19-Aug-25,R$ 980.00,Pagamento de entrada. Atendimento N° 12097,E,151
6804,22-Sep-25,R$ 200.00,Pago com atraso da parcela n° 5 do atendimento 11941,E,152
6805,22-Sep-25,R$ 200.00,Pago com atraso da parcela n° 1 do atendimento 12067,E,152
6806,22-Aug-25,R$ 500.00,Pagamento de entrada. Atendimento N° 12098,E,151
6807,23-Aug-25,R$ 350.00,Pago com sucesso em dinheiro. Atendimento N° 12099,E,151
6808,25-Aug-25,"R$ 1,050.00",Pago com sucesso no catão de crédito em 2 parcelas. Atendimento N° 12100,E,151
6809,23-Sep-25,R$ 200.00,Pago com sucesso da parcela n° 2 do atendimento 12085,E,152
6810,10-Jul-25,R$ 285.00,Pago com sucesso em dinheiro. Atendimento N° 12077,E,150
6811,14-Aug-25,R$ 350.00,Pago com sucesso em dinheiro. Atendimento N° 12094,E,151
6812,25-Aug-25,R$ 150.00,Pago com sucesso em dinheiro. Atendimento N° 12101,E,151
6813,28-Aug-25,"R$ 1,900.00",Pago com sucesso no catão de crédito em 6 parcelas. Atendimento N° 12104,E,151
6814,29-Sep-25,R$ 326.00,Pago com atraso da parcela n° 8 do atendimento 11987,E,152
6815,29-Sep-25,R$ 130.00,Pago com atraso da parcela n° 3 do atendimento 11940,E,152
6816,29-Sep-25,R$ 130.00,Pago com atraso da parcela n° 4 do atendimento 11940,E,152
6817,29-Sep-25,R$ 130.00,Pago com atraso da parcela n° 5 do atendimento 11940,E,152
6818,29-Sep-25,R$ 200.00,Pago com atraso da parcela n° 2 do atendimento 12087,E,152
6819,30-Sep-25,R$ 600.00,Pago com atraso da parcela n° 3 do atendimento 12068,E,152
6820,29-Sep-25,R$ 200.00,Pago com sucesso da parcela n° 4 do atendimento 12063,E,152
6821,01-Oct-25,R$ 120.00,Pago com atraso da parcela n° 1 do atendimento 12102,E,154
6822,02-Oct-25,R$ 210.00,Pago com sucesso da parcela n° 3 do atendimento 12089,E,154
6823,02-Sep-25,"R$ 1,700.00",Pago com sucesso em dinheiro. Atendimento N° 12105,E,152
6824,05-Mar-24,R$ 250.00,Pago com sucesso da parcela n° 2 do atendimento 11771,E,134
6825,03-Oct-25,R$ 120.00,Pago com atraso da parcela n° 2 do atendimento 12048,E,154
6826,03-Oct-25,R$ 120.00,Pago com atraso da parcela n° 3 do atendimento 12048,E,154
6827,03-Oct-25,R$ 120.00,Pago com atraso da parcela n° 4 do atendimento 12048,E,154
6828,02-Oct-25,R$ 150.00,Pago com sucesso da parcela n° 6 do atendimento 12028,E,154
6829,03-Sep-25,"R$ 3,400.00",Pago com sucesso no catão de crédito em 5 parcelas. Atendimento N° 12106,E,152
6830,04-Sep-25,R$ 480.00,Pago com sucesso no catão de crédito em 4 parcelas. Atendimento N° 12107,E,152
6831,09-Sep-25,R$ 240.00,Pago com sucesso no catão de crédito em 1 parcelas. Atendimento N° 12108,E,152
6832,11-Sep-25,"R$ 1,450.00",Pago com sucesso no catão de crédito em 6 parcelas. Atendimento N° 12109,E,152
6833,31-Aug-25,R$ 300.00,Pago com atraso da parcela n° 2 do atendimento 12044,E,151
6834,08-Oct-25,R$ 300.00,Pago com atraso da parcela n° 3 do atendimento 12044,E,154
6835,25-Jun-24,R$ 320.00,Pago com sucesso da parcela n° 5 do atendimento 11808,E,0
6836,25-Jul-24,R$ 320.00,Pago com sucesso da parcela n° 6 do atendimento 11808,E,0
6837,26-Aug-24,R$ 320.00,Pago com atraso da parcela n° 7 do atendimento 11808,E,0
6838,10-Oct-24,R$ 140.00,Pago com sucesso da parcela n° 1 do atendimento 11918,E,146
6839,10-Nov-24,R$ 140.00,Pago com sucesso da parcela n° 2 do atendimento 11918,E,145
6840,10-Dec-24,R$ 140.00,Pago com sucesso da parcela n° 3 do atendimento 11918,E,141
6841,10-Jan-25,R$ 140.00,Pago com sucesso da parcela n° 4 do atendimento 11918,E,138
6842,07-Oct-25,R$ 250.00,Pago com sucesso da parcela n° 3 do atendimento 12070,E,154
6843,07-Oct-25,R$ 258.00,Pago com atraso da parcela n° 2 do atendimento 12071,E,154
6844,12-Sep-25,"R$ 3,300.00",Pago com sucesso em dinheiro. Atendimento N° 12110,E,152
6845,16-Sep-25,R$ 550.00,Pago com sucesso no catão de crédito em 5 parcelas. Atendimento N° 12111,E,152
6846,17-Sep-25,R$ 400.00,Pago com sucesso em dinheiro. Atendimento N° 12112,E,152
6847,18-Sep-25,R$ 250.00,Pago com sucesso em dinheiro. Atendimento N° 12113,E,152
6848,10-Oct-25,R$ 150.00,Pago com atraso da parcela n° 1 do atendimento 12103,E,154
6849,13-Oct-25,R$ 150.00,Pago com sucesso da parcela n° 3 do atendimento 12088,E,154
6850,11-Oct-25,R$ 550.00,Pago com atraso da parcela n° 5 do atendimento 11947,E,154
6851,11-Oct-25,R$ 175.00,Pago com atraso da parcela n° 1 do atendimento 11971,E,154
6852,11-Oct-25,R$ 175.00,Pago com atraso da parcela n° 2 do atendimento 11971,E,154
6853,14-Oct-25,R$ 184.00,Pago com sucesso da parcela n° 2 do atendimento 12091,E,154
6854,03-Oct-25,R$ 400.00,Pago com atraso da parcela n° 1 do atendimento 12097,E,154
6855,25-Sep-25,"R$ 1,400.00",Pago com sucesso no catão de crédito em 6 parcelas. Atendimento N° 12117,E,152
6856,25-Sep-25,R$ 180.00,Pago com sucesso em dinheiro. Atendimento N° 12118,E,152
6857,09-Oct-25,R$ 250.00,Pago com atraso da parcela n° 1 do atendimento 12119,E,154
6858,03-Oct-25,R$ 184.00,Pago com atraso da parcela n° 3 do atendimento 12064,E,154
6859,17-Oct-25,R$ 200.00,Pago com atraso da parcela n° 2 do atendimento 12067,E,154
6860,18-Oct-25,R$ 100.00,Pago com atraso da parcela n° 2 do atendimento 12078,E,154
6861,01-Oct-25,R$ 400.00,Pago com sucesso no catão de crédito em 3 parcelas. Atendimento N° 12121,E,154
6862,02-Oct-25,R$ 470.00,Pago com sucesso no catão de crédito em 3 parcelas. Atendimento N° 12122,E,154
6863,04-Oct-25,"R$ 1,400.00",Pago com sucesso no catão de crédito em 5 parcelas. Atendimento N° 12123,E,154
6864,06-Oct-25,"R$ 1,000.00",Pago com sucesso no catão de crédito em 6 parcelas. Atendimento N° 12124,E,154
6865,07-Oct-25,"R$ 1,000.00",Pago com sucesso no catão de crédito em 5 parcelas. Atendimento N° 12125,E,154
6866,21-Oct-25,R$ 340.00,Pago com atraso da parcela n° 6 do atendimento 12024,E,154
6867,08-Oct-25,"R$ 1,450.00",Pago com sucesso no catão de crédito em 6 parcelas. Atendimento N° 12126,E,154
6868,14-Oct-25,R$ 600.00,Pagamento de entrada. Atendimento N° 12127,E,154
6869,18-Oct-25,"R$ 2,050.00",Pago com sucesso em dinheiro. Atendimento N° 12129,E,154
6870,23-Oct-25,R$ 200.00,Pago com sucesso da parcela n° 3 do atendimento 12085,E,154
6871,23-Oct-25,R$ 100.00,Pago com atraso da parcela n° 1 do atendimento 12093,E,154
6872,23-Oct-25,R$ 100.00,Pago com sucesso da parcela n° 2 do atendimento 12093,E,154
6873,25-Oct-25,R$ 200.00,Pago com sucesso da parcela n° 3 do atendimento 12087,E,154
6874,16-Oct-25,R$ 120.00,Pago com sucesso da parcela n° 3 do atendimento 12073,E,154
6875,16-Oct-25,R$ 340.00,Pago com atraso da parcela n° 4 do atendimento 12056,E,154
6876,10-Oct-25,R$ 280.00,Pago com sucesso da parcela n° 1 do atendimento 12116,E,154
6877,27-Oct-25,R$ 300.00,Pago com atraso da parcela n° 4 do atendimento 12044,E,154
6878,28-Oct-25,R$ 200.00,Pago com sucesso da parcela n° 5 do atendimento 12063,E,154
6879,29-Oct-25,R$ 600.00,Pago com atraso da parcela n° 4 do atendimento 12068,E,154
6880,29-Oct-25,R$ 326.00,Pago com atraso da parcela n° 9 do atendimento 11987,E,154
6881,03-Nov-25,R$ 184.00,Pago com atraso da parcela n° 4 do atendimento 12064,E,153
6882,03-Nov-25,R$ 400.00,Pago com atraso da parcela n° 2 do atendimento 12097,E,153
6883,05-Nov-25,R$ 120.00,Pago com atraso da parcela n° 5 do atendimento 12048,E,153
6884,05-Nov-25,R$ 120.00,Pago com sucesso da parcela n° 6 do atendimento 12048,E,153
6885,04-Nov-25,R$ 150.00,Pago com sucesso da parcela n° 7 do atendimento 12028,E,153
6886,07-Nov-25,R$ 258.00,Pago com atraso da parcela n° 3 do atendimento 12071,E,153
6887,03-Nov-25,R$ 182.00,Pago com atraso da parcela n° 1 do atendimento 12098,E,153
6888,03-Nov-25,R$ 182.00,Pago com atraso da parcela n° 2 do atendimento 12098,E,153
6889,15-Oct-25,R$ 750.00,Pago com sucesso em dinheiro. Atendimento N° 12128,E,154
6890,10-Nov-25,R$ 250.00,Pago com atraso da parcela n° 2 do atendimento 12119,E,153
6891,17-Nov-25,R$ 120.00,Pago com sucesso da parcela n° 4 do atendimento 12073,E,153
6892,17-Nov-25,R$ 120.00,Pago com atraso da parcela n° 2 do atendimento 12102,E,153
6893,17-Nov-25,R$ 700.00,Pago com atraso da parcela n° 2 do atendimento 12086,E,153
6894,07-Nov-25,R$ 340.00,Pago com atraso da parcela n° 5 do atendimento 12056,E,153
6895,29-Oct-25,R$ 114.00,Pago com atraso da parcela n° 1 do atendimento 12080,E,154
6896,29-Oct-25,R$ 114.00,Pago com atraso da parcela n° 2 do atendimento 12080,E,154
6897,29-Oct-25,R$ 114.00,Pago com atraso da parcela n° 3 do atendimento 12080,E,154
6898,29-Oct-25,R$ 114.00,Pago com sucesso da parcela n° 4 do atendimento 12080,E,154
6899,29-Oct-25,R$ 114.00,Pago com sucesso da parcela n° 5 do atendimento 12080,E,154
6900,25-Oct-25,R$ 156.00,Pago com sucesso da parcela n° 1 do atendimento 12130,E,154
6901,07-Nov-25,R$ 156.00,Pago com sucesso da parcela n° 2 do atendimento 12130,E,153
6902,21-Nov-25,R$ 340.00,Pago com atraso da parcela n° 7 do atendimento 12024,E,153
6903,06-Nov-25,R$ 269.00,Pago com atraso da parcela n° 1 do atendimento 12131,E,153
6904,08-Dec-25,R$ 269.00,Pago com atraso da parcela n° 2 do atendimento 12131,E,155
6905,07-Jan-26,R$ 269.00,Pago com atraso da parcela n° 3 do atendimento 12131,E,156
6906,28-Nov-25,R$ 156.00,Pago com sucesso da parcela n° 3 do atendimento 12130,E,153
6907,29-Dec-25,R$ 156.00,Pago com sucesso da parcela n° 4 do atendimento 12130,E,155
6908,07-Jan-26,R$ 230.00,Pago com atraso da parcela n° 1 do atendimento 12132,E,156
6909,04-Nov-25,R$ 210.00,Pago com sucesso da parcela n° 4 do atendimento 12089,E,153
6910,08-Dec-25,R$ 210.00,Pago com sucesso da parcela n° 5 do atendimento 12089,E,155
6911,05-Jan-26,R$ 210.00,Pago com sucesso da parcela n° 6 do atendimento 12089,E,156
6912,08-Dec-25,R$ 258.00,Pago com atraso da parcela n° 4 do atendimento 12071,E,155
6913,08-Jan-26,R$ 258.00,Pago com atraso da parcela n° 5 do atendimento 12071,E,156
6914,06-Jan-26,R$ 120.00,Pago com atraso da parcela n° 7 do atendimento 12048,E,156
6915,23-Oct-25,"R$ 1,880.00",Pago com sucesso no catão de crédito em 6 parcelas. Atendimento N° 12133,E,154
6916,23-Oct-25,R$ 340.00,Pago com sucesso em dinheiro. Atendimento N° 12134,E,154
6917,23-Oct-25,R$ 150.00,Pago com sucesso no catão de crédito em 1 parcelas. Atendimento N° 12135,E,154
6918,29-Oct-25,R$ 800.00,Pago com sucesso no catão de crédito em 5 parcelas. Atendimento N° 12136,E,154
6919,31-Oct-25,R$ 50.00,Pago com sucesso em dinheiro. Atendimento N° 12137,E,154
6920,04-Nov-25,R$ 300.00,Pago com sucesso em dinheiro. Atendimento N° 12139,E,153
6921,06-Nov-25,"R$ 1,260.00",Pago com sucesso no catão de crédito em 7 parcelas. Atendimento N° 12140,E,153
6922,11-Nov-25,R$ 400.00,Pago com sucesso em dinheiro. Atendimento N° 12141,E,153
6923,09-Dec-25,R$ 225.00,Pago com atraso da parcela n° 1 do atendimento 12142,E,155
6924,06-Jan-26,R$ 225.00,Pago com atraso da parcela n° 2 do atendimento 12142,E,156
6925,17-Nov-25,R$ 580.00,Pago com sucesso em dinheiro. Atendimento N° 12143,E,153
6926,18-Nov-25,R$ 1.00,Pago com sucesso em dinheiro. Atendimento N° 12144,E,153
6927,26-Nov-25,R$ 300.00,Pago com sucesso em dinheiro. Atendimento N° 12145,E,153
6928,28-Nov-25,R$ 230.00,Pago com sucesso em dinheiro. Atendimento N° 12147,E,0
6929,03-Dec-25,R$ 400.00,Pagamento de entrada. Atendimento N° 12148,E,0
6930,11-Nov-25,R$ 600.00,Pago com atraso da parcela n° 5 do atendimento 12068,E,0
6931,16-Jan-26,R$ 600.00,Pago com atraso da parcela n° 6 do atendimento 12068,E,0
6932,06-Dec-25,R$ 240.00,Pago com sucesso no catão de crédito em 2 parcelas. Atendimento N° 12149,E,0
6933,16-Dec-25,R$ 400.00,Pago com sucesso no catão de crédito em 1 parcelas. Atendimento N° 12151,E,0
6934,18-Dec-25,R$ 200.00,Pago com sucesso em dinheiro. Atendimento N° 12152,E,0
6935,18-Dec-25,R$ 200.00,Pago com sucesso em dinheiro. Atendimento N° 12153,E,0
6936,23-Dec-25,R$ 400.00,Pago com sucesso em dinheiro. Atendimento N° 12155,E,0
6937,29-Dec-25,"R$ 1,200.00",Pago com sucesso no cartão de débito. Atendimento N° 12156,E,0
6938,31-Dec-25,R$ 700.00,Pago com sucesso em dinheiro. Atendimento N° 12157,E,0